codigo_ibge;cidade;uf;cobertura;referencia;total_principal;total_principal_ou_secundaria;bares_principal;bares_principal_ou_secundaria;restaurantes_principal;restaurantes_principal_ou_secundaria;lanchonetes_principal;lanchonetes_principal_ou_secundaria;bares_sem_principal;bares_sem_principal_ou_secundaria;bares_com_principal;bares_com_principal_ou_secundaria;bares_legado_principal;bares_legado_principal_ou_secundaria;noturnas_principal;noturnas_principal_ou_secundaria;eventos_principal;eventos_principal_ou_secundaria;cinemas_principal;cinemas_principal_ou_secundaria;artes_principal;artes_principal_ou_secundaria;clubes_principal;clubes_principal_ou_secundaria;parques_principal;parques_principal_ou_secundaria;boliche_principal;boliche_principal_ou_secundaria;sinuca_principal;sinuca_principal_ou_secundaria;jogos_principal;jogos_principal_ou_secundaria;outros_principal;outros_principal_ou_secundaria
1200013;Acrelândia;AC;Mapeado;2026-09;70;133;26;52;15;59;28;105;12;37;14;29;0;0;0;1;0;5;0;1;0;0;0;1;0;1;0;1;0;4;0;1;1;4
1200054;Assis Brasil;AC;Mapeado;2026-09;41;84;7;19;12;37;21;57;0;8;7;12;0;0;0;1;0;1;0;0;0;0;0;0;0;0;0;0;0;0;0;0;1;3
1200104;Brasiléia;AC;Mapeado;2026-09;123;271;36;94;41;143;40;166;13;59;23;54;0;0;0;2;2;25;0;0;0;5;1;3;2;2;0;0;0;2;0;3;1;10
1200138;Bujari;AC;Mapeado;2026-09;26;64;11;26;8;29;6;39;2;14;9;16;0;0;0;0;1;9;0;1;0;3;0;1;0;0;0;0;0;3;0;3;0;6
1200179;Capixaba;AC;Mapeado;2026-09;18;39;6;10;8;18;3;25;2;6;4;7;0;0;0;0;0;4;0;0;0;0;0;0;0;0;0;0;0;0;0;2;1;2
1200203;Cruzeiro do Sul;AC;Mapeado;2026-09;370;790;109;263;114;354;117;410;39;142;70;160;0;0;2;20;9;68;1;2;1;10;5;16;0;2;1;1;0;10;2;9;9;58
1200252;Epitaciolândia;AC;Mapeado;2026-09;74;180;14;49;36;106;20;121;4;33;10;24;0;0;0;4;1;25;0;1;0;5;2;3;1;2;0;1;0;3;0;5;0;7
1200302;Feijó;AC;Mapeado;2026-09;51;153;15;34;20;75;11;77;6;19;9;21;0;0;0;2;4;20;0;0;0;1;1;5;0;0;0;0;0;2;0;1;0;12
1200328;Jordão;AC;Mapeado;2026-09;6;35;4;11;1;20;1;13;3;9;1;2;0;0;0;0;0;4;0;0;0;0;0;2;0;0;0;0;0;0;0;0;0;3
1200344;Manoel Urbano;AC;Mapeado;2026-09;37;84;12;28;12;35;13;46;1;7;11;23;0;0;0;0;0;3;0;0;0;0;0;0;0;0;0;0;0;3;0;1;0;1
1200351;Marechal Thaumaturgo;AC;Mapeado;2026-09;9;47;3;15;2;23;2;20;1;7;2;13;0;0;0;3;0;7;0;0;0;0;0;0;0;0;0;0;0;2;0;1;2;10
1200336;Mâncio Lima;AC;Mapeado;2026-09;38;74;22;33;11;34;3;32;3;11;19;24;0;0;0;0;2;3;0;0;0;0;0;1;0;0;0;0;0;0;0;0;0;2
1200385;Plácido de Castro;AC;Mapeado;2026-09;38;92;10;25;16;45;9;55;3;18;7;14;0;0;0;1;0;9;0;0;0;0;3;4;0;0;0;0;0;0;0;1;0;4
1200807;Porto Acre;AC;Mapeado;2026-09;47;104;17;43;15;39;14;58;7;23;10;21;0;0;0;0;0;8;0;0;0;0;1;1;0;0;0;0;0;6;0;0;0;2
1200393;Porto Walter;AC;Mapeado;2026-09;7;33;3;12;3;16;0;17;1;8;2;10;0;0;0;1;1;3;0;0;0;0;0;1;0;0;0;0;0;0;0;0;0;3
1200401;Rio Branco;AC;Mapeado;2026-09;1739;3723;253;860;620;1642;751;2275;129;600;124;410;0;0;2;47;35;348;1;58;1;79;40;109;0;12;1;5;3;52;2;61;30;276
1200427;Rodrigues Alves;AC;Mapeado;2026-09;24;58;13;31;6;17;3;24;4;23;9;20;0;0;0;1;1;1;0;0;0;0;1;2;0;1;0;0;0;1;0;0;0;3
1200435;Santa Rosa do Purus;AC;Mapeado;2026-09;9;32;2;11;4;22;2;17;0;6;2;6;0;0;0;0;0;2;0;0;0;0;0;0;0;0;0;0;1;3;0;0;0;1
1200500;Sena Madureira;AC;Mapeado;2026-09;84;234;19;60;33;114;27;144;4;30;15;34;0;0;0;2;1;18;0;2;0;0;2;3;0;2;0;0;0;4;1;6;1;13
1200450;Senador Guiomard;AC;Mapeado;2026-09;65;144;12;38;19;60;27;90;11;31;1;18;0;0;0;0;0;9;0;0;0;3;4;5;3;3;0;0;0;2;0;9;0;5
1200609;Tarauacá;AC;Mapeado;2026-09;66;207;5;35;24;110;35;146;3;19;2;21;0;0;1;1;0;14;0;1;0;0;1;4;0;1;0;0;0;1;0;6;0;8
1200708;Xapuri;AC;Mapeado;2026-09;34;124;4;39;18;65;7;84;1;27;3;24;0;0;0;0;3;15;0;0;0;0;2;7;0;0;0;0;0;2;0;3;0;10
2700201;Anadia;AL;Mapeado;2026-09;20;30;6;10;9;16;3;8;2;8;4;6;0;0;0;0;0;3;0;0;0;1;2;2;0;0;0;0;0;0;0;0;0;3
2700300;Arapiraca;AL;Mapeado;2026-09;922;1459;74;215;358;617;428;893;35;135;39;112;0;0;0;3;21;76;1;10;1;6;13;18;6;8;0;1;2;9;1;11;17;87
2700409;Atalaia;AL;Mapeado;2026-09;58;84;6;15;21;27;28;57;4;12;2;4;0;0;0;0;0;1;0;1;0;0;1;1;0;0;0;0;0;0;0;0;2;4
2700508;Barra de Santo Antônio;AL;Mapeado;2026-09;59;93;2;16;37;51;17;42;0;9;2;10;0;0;0;0;3;8;0;0;0;0;0;1;0;0;0;0;0;0;0;0;0;8
2700607;Barra de São Miguel;AL;Mapeado;2026-09;97;155;10;40;45;79;26;64;7;24;3;21;0;0;0;0;3;10;0;0;0;0;5;5;0;0;0;0;0;0;2;3;6;13
2700706;Batalha;AL;Mapeado;2026-09;25;40;5;8;6;20;12;20;3;5;2;4;0;0;1;1;0;3;0;0;0;1;1;1;0;0;0;0;0;0;0;0;0;1
2700904;Belo Monte;AL;Mapeado;2026-09;4;10;0;2;3;4;1;5;0;1;0;2;0;0;0;0;0;2;0;0;0;0;0;0;0;0;0;0;0;0;0;0;0;0
2700805;Belém;AL;Mapeado;2026-09;11;19;1;4;7;11;3;10;0;0;1;4;0;0;0;0;0;2;0;0;0;0;0;0;0;0;0;0;0;0;0;1;0;0
2701001;Boca da Mata;AL;Mapeado;2026-09;51;76;7;13;13;22;26;45;2;6;5;9;0;0;0;0;0;4;0;0;0;0;4;4;0;1;0;0;0;0;0;0;1;4
2701100;Branquinha;AL;Mapeado;2026-09;8;12;2;3;2;3;3;6;1;1;1;2;0;0;0;0;0;1;0;0;0;0;1;1;0;0;0;0;0;0;0;0;0;0
2701209;Cacimbinhas;AL;Mapeado;2026-09;19;30;0;4;5;11;13;25;0;4;0;0;0;0;0;0;1;1;0;0;0;0;0;0;0;0;0;0;0;0;0;0;0;1
2701308;Cajueiro;AL;Mapeado;2026-09;37;59;7;13;9;13;18;38;4;7;3;7;0;0;0;0;1;5;0;0;0;0;1;1;0;0;0;0;0;3;0;0;1;1
2701357;Campestre;AL;Mapeado;2026-09;4;12;0;1;0;6;4;10;0;0;0;1;0;0;0;0;0;0;0;0;0;1;0;0;0;0;0;0;0;0;0;0;0;1
2701407;Campo Alegre;AL;Mapeado;2026-09;96;131;21;34;20;35;54;80;8;15;13;21;0;0;0;0;1;5;0;0;0;0;0;0;0;0;0;0;0;0;0;0;0;0
2701506;Campo Grande;AL;Mapeado;2026-09;6;14;1;4;3;6;1;7;1;2;0;2;0;0;0;0;1;4;0;0;0;0;0;0;0;0;0;0;0;0;0;0;0;1
2701605;Canapi;AL;Mapeado;2026-09;9;24;0;5;4;8;3;14;0;4;0;1;0;0;0;0;2;3;0;0;0;0;0;0;0;0;0;0;0;0;0;0;0;2
2701704;Capela;AL;Mapeado;2026-09;33;60;4;15;13;15;15;32;3;14;1;1;0;0;0;0;1;4;0;0;0;1;0;0;0;0;0;0;0;0;0;1;0;1
2701803;Carneiros;AL;Mapeado;2026-09;6;15;0;1;3;6;2;6;0;1;0;0;0;0;0;0;1;2;0;0;0;0;0;0;0;0;0;0;0;0;0;0;0;0
2701902;Chã Preta;AL;Mapeado;2026-09;9;18;0;5;7;10;2;10;0;4;0;4;0;0;0;0;0;3;0;0;0;0;0;0;0;0;0;0;0;1;0;0;0;1
2702009;Coité do Nóia;AL;Mapeado;2026-09;6;24;2;4;2;9;2;14;0;1;2;3;0;0;0;0;0;1;0;0;0;1;0;0;0;0;0;0;0;0;0;0;0;4
2702108;Colônia Leopoldina;AL;Mapeado;2026-09;28;44;7;13;11;23;9;24;3;8;4;6;0;0;0;0;0;3;0;0;0;1;0;0;0;0;0;0;0;0;0;0;1;3
2702207;Coqueiro Seco;AL;Mapeado;2026-09;22;29;4;6;6;7;9;16;2;3;2;3;0;0;0;0;3;3;0;0;0;1;0;0;0;0;0;0;0;0;0;0;0;0
2702306;Coruripe;AL;Mapeado;2026-09;185;282;45;84;61;110;69;147;24;36;21;50;0;0;0;0;5;16;0;0;0;0;3;3;0;0;0;0;1;2;0;1;1;10
2702355;Craíbas;AL;Mapeado;2026-09;28;49;4;6;12;20;10;29;3;5;1;2;0;0;0;0;0;1;0;0;0;0;1;1;1;1;0;0;0;1;0;0;0;1
2702405;Delmiro Gouveia;AL;Mapeado;2026-09;225;336;40;75;76;134;98;203;26;52;14;31;0;0;0;0;3;14;1;1;0;0;6;7;0;1;0;0;0;1;0;1;1;16
2702504;Dois Riachos;AL;Mapeado;2026-09;16;18;1;4;5;6;10;14;1;3;0;1;0;0;0;0;0;1;0;0;0;0;0;1;0;0;0;0;0;0;0;0;0;0
2702553;Estrela de Alagoas;AL;Mapeado;2026-09;14;23;3;6;5;9;6;16;2;4;1;2;0;0;0;0;0;1;0;0;0;0;0;0;0;0;0;0;0;0;0;0;0;0
2702603;Feira Grande;AL;Mapeado;2026-09;18;27;1;5;6;12;10;19;0;4;1;3;0;0;0;0;1;1;0;0;0;0;0;0;0;0;0;0;0;0;0;0;0;0
2702702;Feliz Deserto;AL;Mapeado;2026-09;10;17;0;1;3;6;6;12;0;1;0;0;0;0;0;0;1;1;0;0;0;0;0;0;0;0;0;0;0;0;0;0;0;1
2702801;Flexeiras;AL;Mapeado;2026-09;13;26;2;8;4;13;7;19;2;8;0;5;0;0;0;0;0;2;0;0;0;0;0;0;0;0;0;0;0;0;0;0;0;2
2702900;Girau do Ponciano;AL;Mapeado;2026-09;50;77;9;14;12;21;26;49;5;5;4;9;0;0;0;0;2;3;0;0;0;0;0;0;0;1;0;0;0;0;0;0;1;6
2703007;Ibateguara;AL;Mapeado;2026-09;23;33;7;8;9;12;5;14;1;1;6;7;0;0;0;0;1;6;0;0;0;0;0;0;1;1;0;0;0;0;0;0;0;0
2703106;Igaci;AL;Mapeado;2026-09;20;31;3;6;7;11;7;20;1;5;2;3;0;0;0;0;0;4;0;0;0;0;2;2;0;0;0;0;0;1;0;0;1;2
2703205;Igreja Nova;AL;Mapeado;2026-09;11;23;1;5;6;7;3;10;0;3;1;3;0;0;0;0;0;3;0;1;0;0;0;1;0;0;0;0;0;0;0;0;1;2
2703304;Inhapi;AL;Mapeado;2026-09;20;33;0;5;9;17;9;21;0;3;0;2;0;0;0;0;2;4;0;0;0;1;0;0;0;0;0;0;0;0;0;0;0;1
2703403;Jacaré dos Homens;AL;Mapeado;2026-09;5;10;0;1;1;3;3;7;0;1;0;0;0;0;0;0;1;2;0;0;0;0;0;0;0;0;0;0;0;0;0;0;0;1
2703502;Jacuípe;AL;Mapeado;2026-09;8;11;0;0;4;5;4;7;0;0;0;0;0;0;0;0;0;0;0;0;0;0;0;0;0;0;0;0;0;1;0;0;0;0
2703601;Japaratinga;AL;Mapeado;2026-09;83;149;8;29;47;97;27;51;2;18;6;17;0;0;0;0;0;6;0;0;0;0;0;0;0;0;0;0;0;0;0;0;1;6
2703700;Jaramataia;AL;Mapeado;2026-09;3;5;0;3;1;3;2;3;0;2;0;1;0;0;0;0;0;1;0;0;0;0;0;0;0;0;0;0;0;0;0;0;0;0
2703759;Jequiá da Praia;AL;Mapeado;2026-09;34;58;4;10;18;34;10;26;1;4;3;7;0;0;0;0;0;1;0;0;0;0;1;1;0;0;0;0;0;1;0;0;1;2
2703809;Joaquim Gomes;AL;Mapeado;2026-09;23;35;2;5;11;13;8;14;0;1;2;4;0;0;0;0;1;4;0;0;0;0;0;0;0;0;0;0;0;0;0;0;1;2
2703908;Jundiá;AL;Mapeado;2026-09;9;18;1;7;4;6;4;13;1;6;0;1;0;0;0;0;0;0;0;0;0;0;0;0;0;0;0;0;0;0;0;0;0;1
2704005;Junqueiro;AL;Mapeado;2026-09;53;88;9;14;13;34;25;51;3;6;6;8;0;0;0;0;1;5;0;0;0;0;4;4;0;0;0;0;1;1;0;1;0;5
2704104;Lagoa da Canoa;AL;Mapeado;2026-09;22;27;3;5;8;16;9;14;0;2;3;3;0;0;0;0;0;1;0;0;0;0;2;2;0;0;0;0;0;0;0;0;0;0
2704203;Limoeiro de Anadia;AL;Mapeado;2026-09;28;57;7;16;9;14;11;42;2;11;5;12;0;0;0;0;0;6;0;0;0;0;0;0;1;1;0;0;0;2;0;1;0;1
2704302;Maceió;AL;Mapeado;2026-09;5775;8521;330;1059;2251;3393;2851;5164;193;769;137;440;0;0;3;11;142;494;9;58;2;69;77;102;9;27;0;0;2;17;7;37;92;499
2704401;Major Isidoro;AL;Mapeado;2026-09;32;41;1;3;11;15;13;26;1;2;0;1;0;0;0;0;3;4;0;0;0;0;2;2;0;0;0;0;0;0;2;2;0;0
2704906;Mar Vermelho;AL;Mapeado;2026-09;11;24;2;5;4;12;5;12;1;2;1;3;0;0;0;0;0;1;0;0;0;0;0;0;0;0;0;0;0;0;0;0;0;3
2704500;Maragogi;AL;Mapeado;2026-09;310;497;25;87;177;301;99;212;7;43;18;56;0;0;0;0;3;24;0;0;0;2;1;1;0;0;0;0;0;1;0;0;5;20
2704609;Maravilha;AL;Mapeado;2026-09;11;20;1;2;2;6;7;15;0;0;1;2;0;0;0;0;0;1;0;0;0;0;1;1;0;0;0;0;0;0;0;0;0;1
2704708;Marechal Deodoro;AL;Mapeado;2026-09;469;638;42;143;228;329;175;344;23;101;19;57;0;0;0;0;12;29;0;2;0;3;3;5;0;0;0;0;0;0;0;0;9;24
2704807;Maribondo;AL;Mapeado;2026-09;36;61;7;16;13;20;13;35;4;8;3;9;0;0;0;0;2;5;0;0;0;0;1;2;0;0;0;0;0;0;0;0;0;1
2705002;Mata Grande;AL;Mapeado;2026-09;23;34;5;6;5;15;13;24;3;4;2;2;0;0;0;0;0;1;0;0;0;0;0;0;0;0;0;0;0;0;0;0;0;0
2705101;Matriz de Camaragibe;AL;Mapeado;2026-09;42;80;2;3;12;29;24;50;1;3;1;2;0;0;0;0;2;4;0;0;0;1;2;2;0;0;0;0;0;0;0;1;0;4
2705200;Messias;AL;Mapeado;2026-09;30;51;6;10;10;15;12;27;4;5;2;5;0;0;0;0;2;6;0;0;0;0;0;0;0;0;0;0;0;0;0;0;0;3
2705309;Minador do Negrão;AL;Mapeado;2026-09;5;9;0;3;2;5;3;5;0;3;0;0;0;0;0;0;0;0;0;0;0;0;0;0;0;0;0;0;0;0;0;0;0;0
2705408;Monteirópolis;AL;Mapeado;2026-09;8;15;0;5;6;8;2;4;0;3;0;2;0;0;0;0;0;2;0;0;0;0;0;0;0;0;0;0;0;0;0;0;0;0
2705507;Murici;AL;Mapeado;2026-09;59;94;6;16;13;25;33;69;3;11;3;7;0;0;0;0;1;6;0;0;0;0;2;2;1;1;0;0;0;0;0;0;3;4
2705606;Novo Lino;AL;Mapeado;2026-09;18;23;2;4;6;9;10;16;1;2;1;3;0;0;0;0;0;1;0;0;0;1;0;1;0;0;0;0;0;1;0;0;0;0
2705903;Olho d'Água Grande;AL;Mapeado;2026-09;1;1;0;0;1;1;0;0;0;0;0;0;0;0;0;0;0;0;0;0;0;0;0;0;0;0;0;0;0;0;0;0;0;0
2705705;Olho d'Água das Flores;AL;Mapeado;2026-09;55;87;8;14;19;32;20;46;5;8;3;8;0;0;0;0;1;7;0;0;0;0;3;3;0;0;0;0;1;3;1;1;2;4
2705804;Olho d'Água do Casado;AL;Mapeado;2026-09;21;29;1;6;12;19;7;13;0;4;1;2;0;0;0;0;0;1;0;0;0;0;1;1;0;0;0;0;0;0;0;0;0;1
2706000;Olivença;AL;Mapeado;2026-09;5;13;0;0;2;4;3;9;0;0;0;0;0;0;0;0;0;0;0;0;0;0;0;0;0;0;0;0;0;0;0;0;0;1
2706109;Ouro Branco;AL;Mapeado;2026-09;27;39;1;7;8;15;15;28;1;2;0;5;0;0;0;0;1;1;0;0;0;0;0;1;0;0;0;0;0;0;0;0;2;2
2706208;Palestina;AL;Mapeado;2026-09;16;20;3;4;6;7;6;9;1;2;2;2;0;0;0;1;1;3;0;0;0;0;0;0;0;0;0;0;0;0;0;0;0;2
2706307;Palmeira dos Índios;AL;Mapeado;2026-09;219;338;23;64;65;137;115;225;14;47;9;25;0;0;0;1;7;14;0;4;0;3;6;7;1;2;0;0;2;3;0;0;0;15
2706422;Pariconha;AL;Mapeado;2026-09;13;21;2;8;7;11;2;13;1;4;1;5;0;0;0;0;2;3;0;0;0;0;0;0;0;0;0;0;0;1;0;0;0;0
2706448;Paripueira;AL;Mapeado;2026-09;82;128;9;26;39;65;27;52;6;18;3;11;0;0;0;0;5;11;0;0;0;0;0;0;0;0;0;0;0;0;0;0;2;13
2706505;Passo de Camaragibe;AL;Mapeado;2026-09;53;107;7;25;24;46;21;60;7;20;0;9;0;0;0;0;1;9;0;1;0;0;0;0;0;0;0;0;0;0;0;0;0;4
2706604;Paulo Jacinto;AL;Mapeado;2026-09;20;29;2;5;6;11;10;18;1;2;1;4;0;0;0;0;1;1;0;0;0;1;0;0;1;1;0;0;0;0;0;0;0;0
2706703;Penedo;AL;Mapeado;2026-09;192;311;10;48;72;121;96;197;7;42;3;12;0;0;0;0;3;20;0;0;0;0;7;10;1;1;0;0;0;0;1;1;2;19
2706802;Piaçabuçu;AL;Mapeado;2026-09;28;53;2;11;17;26;9;29;1;7;1;5;0;0;0;0;0;2;0;0;0;2;0;2;0;0;0;0;0;0;0;0;0;4
2706901;Pilar;AL;Mapeado;2026-09;120;190;5;22;52;88;52;105;2;13;3;12;0;0;0;0;5;15;0;0;0;0;0;1;0;0;0;0;0;1;0;1;6;11
2707008;Pindoba;AL;Mapeado;2026-09;4;4;0;0;0;1;4;4;0;0;0;0;0;0;0;0;0;0;0;0;0;0;0;0;0;0;0;0;0;0;0;0;0;0
2707107;Piranhas;AL;Mapeado;2026-09;91;154;3;23;61;107;23;72;0;19;3;11;0;0;0;0;1;16;0;0;0;0;0;0;1;2;0;0;0;0;0;0;2;6
2707305;Porto Calvo;AL;Mapeado;2026-09;70;116;9;16;15;46;40;73;4;11;5;10;0;0;0;1;4;14;0;0;0;1;1;1;0;0;0;0;0;2;0;0;1;5
2707503;Porto Real do Colégio;AL;Mapeado;2026-09;22;41;1;4;11;17;4;19;0;1;1;3;0;0;0;0;0;2;0;0;0;1;2;2;2;2;0;0;0;1;0;0;2;6
2707404;Porto de Pedras;AL;Mapeado;2026-09;72;123;2;15;48;91;20;52;1;10;1;8;0;0;0;1;0;11;0;0;0;1;2;3;0;0;0;0;0;0;0;0;0;4
2707206;Poço das Trincheiras;AL;Mapeado;2026-09;10;21;0;6;5;10;4;13;0;3;0;4;0;0;0;0;0;0;0;0;0;0;1;1;0;0;0;0;0;0;0;0;0;1
2706406;Pão de Açúcar;AL;Mapeado;2026-09;71;104;12;28;26;44;28;55;6;13;6;18;0;0;0;0;3;9;0;0;0;0;1;1;0;1;0;0;0;1;0;0;1;5
2707602;Quebrangulo;AL;Mapeado;2026-09;17;38;4;11;5;14;8;23;3;8;1;4;0;0;0;0;0;4;0;0;0;0;0;0;0;0;0;0;0;1;0;0;0;2
2707701;Rio Largo;AL;Mapeado;2026-09;322;457;29;63;93;170;182;318;18;44;11;22;0;0;0;0;13;30;0;0;0;0;2;2;0;0;0;0;1;1;0;2;2;11
2707800;Roteiro;AL;Mapeado;2026-09;49;54;2;19;29;31;16;27;1;15;1;6;0;0;0;0;0;0;0;0;0;0;0;0;0;0;0;0;0;0;0;0;2;6
2707909;Santa Luzia do Norte;AL;Mapeado;2026-09;18;32;2;6;5;9;9;15;1;5;1;1;0;0;0;0;2;7;0;0;0;0;0;0;0;0;0;0;0;0;0;1;0;1
2708006;Santana do Ipanema;AL;Mapeado;2026-09;127;178;15;36;42;67;62;121;5;21;10;20;0;0;0;0;1;7;0;0;0;0;4;4;0;1;0;0;0;1;0;0;3;7
2708105;Santana do Mundaú;AL;Mapeado;2026-09;13;22;3;5;3;9;6;17;1;3;2;2;0;0;0;0;1;2;0;0;0;0;0;0;0;0;0;0;0;1;0;0;0;0
2708907;Satuba;AL;Mapeado;2026-09;78;114;2;10;27;47;44;73;0;7;2;4;0;0;0;0;2;6;0;0;0;0;1;2;0;0;0;0;0;0;1;1;1;6
2708956;Senador Rui Palmeira;AL;Mapeado;2026-09;8;17;1;2;2;3;5;13;0;1;1;1;0;0;0;0;0;0;0;0;0;0;0;0;0;0;0;0;0;0;0;0;0;0
2708204;São Brás;AL;Mapeado;2026-09;5;12;1;4;3;7;1;6;0;4;1;3;0;0;0;0;0;1;0;0;0;0;0;0;0;0;0;0;0;0;0;0;0;1
2708303;São José da Laje;AL;Mapeado;2026-09;49;66;14;17;12;20;15;26;9;11;5;8;0;0;0;0;3;7;0;1;0;0;5;5;0;1;0;0;0;2;0;1;0;3
2708402;São José da Tapera;AL;Mapeado;2026-09;55;93;6;23;25;42;15;54;4;16;2;13;0;0;0;0;1;5;0;0;0;0;7;8;0;0;0;0;0;1;0;1;1;2
2708501;São Luís do Quitunde;AL;Mapeado;2026-09;42;72;3;7;12;21;23;44;1;5;2;6;0;0;0;0;3;4;0;0;0;0;1;1;0;0;0;0;0;0;0;0;0;2
2708600;São Miguel dos Campos;AL;Mapeado;2026-09;190;250;16;30;66;102;99;174;10;20;6;13;0;0;0;0;2;14;0;0;0;0;5;7;1;1;0;0;0;0;0;0;1;8
2708709;São Miguel dos Milagres;AL;Mapeado;2026-09;110;182;11;48;76;135;20;58;9;30;2;27;0;0;0;2;0;10;0;1;0;3;2;2;0;0;0;0;0;0;0;1;1;10
2708808;São Sebastião;AL;Mapeado;2026-09;48;74;9;20;24;35;12;39;1;8;8;15;0;0;0;0;2;5;0;0;0;0;1;1;0;1;0;0;0;2;0;0;0;2
2709004;Tanque d'Arca;AL;Mapeado;2026-09;7;13;2;6;0;3;5;8;1;5;1;2;0;0;0;0;0;1;0;0;0;0;0;0;0;0;0;0;0;0;0;0;0;0
2709103;Taquarana;AL;Mapeado;2026-09;32;47;6;11;10;15;11;27;3;6;3;6;0;0;0;0;2;2;0;0;0;1;1;1;1;1;0;0;0;0;0;0;1;2
2709152;Teotônio Vilela;AL;Mapeado;2026-09;78;123;7;14;29;42;33;67;1;5;6;10;0;0;0;0;7;14;0;1;0;2;2;4;0;0;0;0;0;1;0;0;0;4
2709202;Traipu;AL;Mapeado;2026-09;18;26;3;6;5;12;9;17;3;5;0;1;0;0;0;0;1;2;0;0;0;1;0;0;0;0;0;0;0;0;0;0;0;1
2709301;União dos Palmares;AL;Mapeado;2026-09;151;283;11;32;47;94;81;168;2;17;9;20;0;0;0;1;3;22;0;0;0;4;4;4;0;0;0;0;0;1;0;1;5;34
2709400;Viçosa;AL;Mapeado;2026-09;73;104;11;20;26;43;31;57;5;12;6;11;0;0;0;0;1;8;0;0;0;0;3;5;0;0;0;0;0;0;1;2;0;3
2700102;Água Branca;AL;Mapeado;2026-09;23;49;3;14;10;28;9;26;2;8;1;8;0;0;0;0;1;7;0;0;0;3;0;0;0;1;0;0;0;0;0;0;0;4
1300029;Alvarães;AM;Mapeado;2026-09;16;46;2;8;9;27;5;25;0;1;2;7;0;0;0;0;0;5;0;0;0;1;0;0;0;0;0;0;0;1;0;0;0;1
1300060;Amaturá;AM;Mapeado;2026-09;13;34;1;11;3;17;3;21;1;6;0;7;0;0;1;3;3;7;0;0;0;0;0;0;0;0;0;0;0;0;0;0;2;4
1300086;Anamã;AM;Mapeado;2026-09;7;19;0;2;3;9;3;8;0;1;0;1;0;0;0;1;1;2;0;0;0;0;0;0;0;0;0;0;0;0;0;0;0;1
1300102;Anori;AM;Mapeado;2026-09;5;38;0;3;2;17;3;18;0;2;0;2;0;0;0;0;0;6;0;0;0;3;0;0;0;0;0;0;0;0;0;0;0;4
1300144;Apuí;AM;Mapeado;2026-09;37;112;4;34;17;54;11;59;1;20;3;17;0;0;0;0;0;16;0;0;0;1;4;7;0;0;0;0;0;2;1;2;0;4
1300201;Atalaia do Norte;AM;Mapeado;2026-09;15;59;3;10;9;33;2;30;1;3;2;8;0;0;1;2;0;7;0;1;0;0;0;1;0;1;0;0;0;0;0;1;0;6
1300300;Autazes;AM;Mapeado;2026-09;62;160;7;28;27;93;25;91;3;17;4;18;0;0;0;1;3;18;0;1;0;1;0;2;0;0;0;0;0;2;0;1;0;10
1300409;Barcelos;AM;Mapeado;2026-09;27;98;4;29;12;45;9;51;2;11;2;22;0;0;1;1;0;8;0;0;0;1;1;1;0;0;0;0;0;0;0;0;0;16
1300508;Barreirinha;AM;Mapeado;2026-09;17;75;3;19;7;34;5;41;2;11;1;10;0;0;0;2;1;14;0;1;0;2;1;2;0;0;0;0;0;2;0;1;0;8
1300607;Benjamin Constant;AM;Mapeado;2026-09;59;170;15;59;21;87;16;87;3;25;12;46;0;0;3;11;2;23;0;2;0;2;0;2;1;2;0;0;0;0;0;2;1;15
1300631;Beruri;AM;Mapeado;2026-09;10;70;0;10;3;44;6;37;0;7;0;5;0;0;0;1;0;9;0;0;0;2;1;4;0;0;0;0;0;1;0;0;0;7
1300680;Boa Vista do Ramos;AM;Mapeado;2026-09;21;57;3;13;7;26;10;30;2;7;1;8;0;0;0;0;0;9;0;0;0;0;0;2;1;1;0;0;0;0;0;0;0;2
1300706;Boca do Acre;AM;Mapeado;2026-09;44;134;6;12;16;64;21;88;0;5;6;9;0;0;0;0;1;8;0;0;0;0;0;0;0;4;0;0;0;0;0;1;0;1
1300805;Borba;AM;Mapeado;2026-09;23;64;1;11;12;37;9;40;0;4;1;8;0;0;0;1;0;9;0;0;0;3;1;1;0;0;0;0;0;0;0;0;0;5
1300839;Caapiranga;AM;Mapeado;2026-09;9;28;0;5;4;17;4;19;0;4;0;2;0;0;0;0;0;3;0;0;0;0;1;1;0;0;0;0;0;0;0;0;0;0
1300904;Canutama;AM;Mapeado;2026-09;8;35;0;4;3;27;5;21;0;2;0;4;0;0;0;0;0;5;0;0;0;0;0;0;0;0;0;0;0;0;0;0;0;1
1301001;Carauari;AM;Mapeado;2026-09;24;87;1;10;10;48;10;51;0;4;1;7;0;0;0;2;2;8;0;0;0;2;0;1;0;1;0;0;0;0;0;3;1;7
1301100;Careiro;AM;Mapeado;2026-09;36;121;5;25;15;66;14;70;1;16;4;11;0;0;0;0;1;9;0;0;0;2;1;4;0;0;0;0;0;0;0;0;0;13
1301159;Careiro da Várzea;AM;Mapeado;2026-09;15;52;0;6;9;30;4;29;0;4;0;2;0;0;0;0;1;11;0;0;0;0;1;1;0;0;0;0;0;0;0;0;0;2
1301209;Coari;AM;Mapeado;2026-09;80;334;7;74;35;200;30;153;4;44;3;40;0;0;0;7;2;41;0;0;0;8;4;16;0;1;0;2;0;4;1;7;1;15
1301308;Codajás;AM;Mapeado;2026-09;31;86;11;24;10;35;5;38;2;16;9;17;0;0;1;3;2;18;0;2;1;4;1;1;0;0;0;0;0;1;0;0;0;3
1301407;Eirunepé;AM;Mapeado;2026-09;10;48;0;6;5;25;5;29;0;3;0;4;0;0;0;0;0;7;0;0;0;0;0;2;0;1;0;0;0;0;0;0;0;4
1301506;Envira;AM;Mapeado;2026-09;4;32;0;14;0;17;2;16;0;8;0;8;0;0;0;3;2;11;0;0;0;1;0;1;0;1;0;0;0;1;0;0;0;1
1301605;Fonte Boa;AM;Mapeado;2026-09;9;42;0;13;5;16;3;25;0;9;0;4;0;0;0;0;1;4;0;1;0;1;0;1;0;0;0;0;0;0;0;1;0;0
1301654;Guajará;AM;Mapeado;2026-09;8;19;1;2;2;11;3;11;0;2;1;1;0;0;0;0;1;1;0;0;0;0;1;1;0;0;0;0;0;0;0;0;0;0
1301704;Humaitá;AM;Mapeado;2026-09;186;426;42;144;54;166;73;240;6;64;36;106;0;0;0;10;4;46;0;0;0;4;8;16;0;1;0;0;0;8;0;4;5;25
1301803;Ipixuna;AM;Mapeado;2026-09;9;19;1;1;4;11;4;12;0;0;1;1;0;0;0;0;0;2;0;0;0;0;0;0;0;0;0;0;0;0;0;0;0;1
1301852;Iranduba;AM;Mapeado;2026-09;144;425;16;92;78;233;36;233;1;45;15;57;0;0;0;2;6;59;0;3;0;6;3;9;0;0;0;0;0;3;0;1;5;38
1301902;Itacoatiara;AM;Mapeado;2026-09;260;543;41;148;102;274;89;276;6;80;35;100;0;0;0;1;5;37;2;5;0;8;13;19;1;1;0;0;1;5;0;3;6;23
1301951;Itamarati;AM;Mapeado;2026-09;2;16;0;1;1;7;1;11;0;0;0;1;0;0;0;0;0;1;0;0;0;2;0;0;0;0;0;0;0;0;0;0;0;1
1302009;Itapiranga;AM;Mapeado;2026-09;54;146;6;37;29;86;17;87;2;21;4;22;0;0;0;1;2;17;0;1;0;2;0;0;0;0;0;0;0;2;0;0;0;3
1302108;Japurá;AM;Mapeado;2026-09;11;43;1;7;5;26;5;22;0;3;1;5;0;0;0;0;0;5;0;0;0;0;0;0;0;0;0;0;0;0;0;1;0;3
1302207;Juruá;AM;Mapeado;2026-09;10;38;0;5;1;18;1;10;0;3;0;2;0;0;0;0;7;12;0;0;0;0;1;2;0;0;0;0;0;1;0;1;0;4
1302306;Jutaí;AM;Mapeado;2026-09;19;55;0;11;9;29;10;35;0;5;0;10;0;0;0;1;0;2;0;0;0;0;0;0;0;0;0;0;0;0;0;2;0;2
1302405;Lábrea;AM;Mapeado;2026-09;51;105;18;34;12;49;18;55;7;20;11;22;0;0;0;1;3;11;0;0;0;1;0;0;0;0;0;0;0;0;0;1;0;2
1302504;Manacapuru;AM;Mapeado;2026-09;203;707;31;126;77;401;71;373;6;78;25;77;0;0;1;7;12;118;1;2;0;30;5;12;1;3;0;1;0;4;1;5;3;63
1302553;Manaquiri;AM;Mapeado;2026-09;26;68;10;22;11;35;5;35;3;12;7;13;0;0;0;0;0;13;0;0;0;1;0;0;0;0;0;0;0;1;0;1;0;9
1302603;Manaus;AM;Mapeado;2026-09;10798;21146;644;3429;4850;10336;4702;12829;219;2077;425;1939;0;0;14;114;159;1867;10;242;15;506;110;224;21;65;0;6;4;150;33;183;236;1348
1302702;Manicoré;AM;Mapeado;2026-09;96;264;22;94;35;125;31;164;3;54;19;72;0;0;1;4;1;37;0;1;0;0;6;6;0;0;0;0;0;8;0;1;0;10
1302801;Maraã;AM;Mapeado;2026-09;8;34;2;12;1;16;4;21;0;4;2;10;0;0;0;1;0;2;0;0;0;0;0;0;0;0;0;0;0;0;0;0;1;2
1302900;Maués;AM;Mapeado;2026-09;54;215;6;54;27;114;19;129;1;34;5;31;0;0;0;2;0;28;0;3;0;6;1;2;0;0;0;0;0;3;0;0;1;18
1303007;Nhamundá;AM;Mapeado;2026-09;58;98;29;52;11;31;13;34;0;5;29;47;0;0;0;1;0;4;0;0;0;2;1;1;0;0;0;0;0;4;1;1;3;11
1303106;Nova Olinda do Norte;AM;Mapeado;2026-09;29;108;0;16;9;55;9;57;0;10;0;11;0;0;0;0;0;11;0;1;0;0;0;0;0;0;0;0;0;0;0;1;11;17
1303205;Novo Airão;AM;Mapeado;2026-09;68;195;21;63;21;113;22;115;3;28;18;46;0;0;0;2;2;38;0;0;1;2;0;0;0;0;0;0;0;3;0;1;1;23
1303304;Novo Aripuanã;AM;Mapeado;2026-09;24;66;0;19;7;24;16;42;0;5;0;17;0;0;0;1;0;2;0;0;0;0;1;2;0;0;0;0;0;0;0;0;0;0
1303403;Parintins;AM;Mapeado;2026-09;272;634;64;179;124;337;71;308;22;87;42;110;0;0;0;10;1;76;0;6;2;19;4;12;0;4;1;2;0;12;1;8;4;55
1303502;Pauini;AM;Mapeado;2026-09;5;38;0;4;3;28;1;20;0;1;0;4;0;0;0;1;1;6;0;0;0;0;0;1;0;1;0;0;0;1;0;0;0;0
1303536;Presidente Figueiredo;AM;Mapeado;2026-09;188;458;17;100;77;277;87;281;2;41;15;69;0;0;0;0;2;34;0;4;0;3;3;4;1;1;0;0;0;1;0;3;1;22
1303569;Rio Preto da Eva;AM;Mapeado;2026-09;105;258;19;63;50;146;33;137;7;30;12;44;0;0;0;7;1;31;0;2;0;2;1;2;0;1;0;0;0;0;0;2;1;14
1303601;Santa Isabel do Rio Negro;AM;Mapeado;2026-09;16;54;3;16;4;14;9;28;0;7;3;10;0;0;0;0;0;8;0;1;0;0;0;0;0;0;0;0;0;0;0;0;0;2
1303700;Santo Antônio do Içá;AM;Mapeado;2026-09;17;68;1;19;10;38;4;38;0;9;1;13;0;0;0;6;1;9;0;0;0;0;1;3;0;0;0;0;0;0;0;0;0;2
1304005;Silves;AM;Mapeado;2026-09;40;77;3;16;15;43;9;36;2;8;1;9;0;0;0;1;0;7;0;1;0;1;13;15;0;0;0;0;0;0;0;0;0;3
1303809;São Gabriel da Cachoeira;AM;Mapeado;2026-09;95;226;44;96;18;107;26;132;17;56;27;57;0;0;1;5;5;26;0;2;0;4;1;2;0;1;0;1;0;4;0;4;0;7
1303908;São Paulo de Olivença;AM;Mapeado;2026-09;20;84;1;25;9;46;9;62;0;11;1;17;0;0;1;2;0;14;0;1;0;0;0;1;0;0;0;1;0;0;0;2;0;3
1303957;São Sebastião do Uatumã;AM;Mapeado;2026-09;13;41;4;7;6;25;2;22;1;5;3;6;0;0;0;0;0;3;0;0;0;0;0;0;0;0;0;0;0;0;0;0;1;3
1304062;Tabatinga;AM;Mapeado;2026-09;147;378;56;142;51;207;31;219;24;91;32;107;0;0;2;6;3;37;0;8;0;4;3;10;0;1;0;0;1;2;0;6;0;20
1304104;Tapauá;AM;Mapeado;2026-09;9;27;0;1;7;19;2;17;0;0;0;1;0;0;0;0;0;2;0;0;0;1;0;0;0;0;0;0;0;0;0;0;0;1
1304203;Tefé;AM;Mapeado;2026-09;98;369;10;99;35;197;44;219;2;40;8;77;0;0;1;5;4;38;0;4;0;3;1;3;0;0;0;3;0;1;0;4;3;22
1304237;Tonantins;AM;Mapeado;2026-09;9;53;0;15;1;33;6;29;0;12;0;6;0;0;0;0;0;11;0;0;0;0;2;2;0;0;0;0;0;0;0;0;0;1
1304260;Uarini;AM;Mapeado;2026-09;7;30;0;7;2;20;4;13;0;1;0;7;0;0;0;0;0;3;0;0;0;0;0;0;0;0;0;0;0;0;0;0;1;3
1304302;Urucará;AM;Mapeado;2026-09;14;58;0;3;2;29;11;34;0;3;0;1;0;0;0;0;1;11;0;0;0;1;0;1;0;1;0;0;0;0;0;0;0;3
1304401;Urucurituba;AM;Mapeado;2026-09;14;41;4;5;2;21;6;25;1;3;3;4;0;0;0;0;0;3;0;0;0;1;2;2;0;0;0;0;0;0;0;3;0;0
1600105;Amapá;AP;Mapeado;2026-09;9;17;0;2;5;10;2;9;0;0;0;2;0;0;0;0;0;2;0;0;0;0;2;2;0;0;0;0;0;0;0;1;0;1
1600204;Calçoene;AP;Mapeado;2026-09;24;57;3;18;14;32;3;28;0;10;3;11;0;0;0;1;0;2;0;0;0;0;1;1;0;1;0;0;0;0;0;0;3;4
1600212;Cutias;AP;Mapeado;2026-09;6;11;1;3;4;6;0;4;0;2;1;1;0;0;0;0;0;0;0;0;0;0;1;1;0;0;0;0;0;0;0;0;0;0
1600238;Ferreira Gomes;AP;Mapeado;2026-09;25;45;4;11;17;35;3;15;2;6;2;7;0;0;0;0;0;5;0;0;0;0;1;1;0;0;0;0;0;0;0;0;0;1
1600253;Itaubal;AP;Mapeado;2026-09;7;18;0;7;5;10;0;6;0;2;0;5;0;0;0;0;0;1;0;0;0;0;1;1;0;0;0;0;0;0;0;0;1;2
1600279;Laranjal do Jari;AP;Mapeado;2026-09;102;242;34;105;29;125;25;114;9;65;25;68;0;0;1;10;3;30;0;2;0;2;8;11;0;0;0;0;0;5;0;0;2;14
1600303;Macapá;AP;Mapeado;2026-09;2313;4216;223;854;1056;2087;822;2091;85;439;138;530;0;0;19;61;71;344;3;79;3;109;64;115;5;17;0;3;1;48;7;33;39;228
1600402;Mazagão;AP;Mapeado;2026-09;40;81;9;25;14;35;11;31;1;8;8;21;0;0;0;1;1;13;0;2;0;3;5;5;0;0;0;0;0;5;0;2;0;6
1600501;Oiapoque;AP;Mapeado;2026-09;156;348;38;116;68;195;36;150;15;50;23;73;0;0;2;5;7;20;0;2;0;1;4;8;0;0;0;1;0;7;0;3;1;11
1600154;Pedra Branca do Amapari;AP;Mapeado;2026-09;32;66;9;30;14;32;7;27;0;12;9;21;0;0;0;0;0;7;0;0;0;0;2;2;0;0;0;0;0;0;0;0;0;0
1600535;Porto Grande;AP;Mapeado;2026-09;46;82;6;22;23;41;12;45;2;8;4;17;0;0;0;0;4;9;0;0;0;0;0;0;1;1;0;0;0;1;0;0;0;4
1600550;Pracuúba;AP;Mapeado;2026-09;0;2;0;0;0;1;0;0;0;0;0;0;0;0;0;0;0;0;0;0;0;0;0;0;0;0;0;0;0;0;0;0;0;1
1600600;Santana;AP;Mapeado;2026-09;390;687;46;149;167;344;126;308;18;67;28;99;0;0;6;18;25;71;0;15;0;17;6;16;0;2;0;0;0;4;4;6;10;39
1600055;Serra do Navio;AP;Mapeado;2026-09;8;16;0;2;3;7;4;9;0;2;0;1;0;0;0;0;0;1;0;0;0;0;1;1;0;0;0;0;0;0;0;0;0;0
1600709;Tartarugalzinho;AP;Mapeado;2026-09;13;41;3;16;6;17;1;13;1;8;2;12;0;0;0;0;1;4;0;0;0;0;2;2;0;0;0;0;0;0;0;0;0;5
1600808;Vitória do Jari;AP;Mapeado;2026-09;30;83;11;23;4;39;9;31;1;8;10;19;0;0;0;3;3;16;0;1;0;1;2;3;0;0;0;0;0;1;0;0;1;6
2900207;Abaré;BA;Mapeado;2026-09;16;52;0;3;12;21;4;20;0;2;0;1;0;0;0;0;0;3;0;0;0;1;0;0;0;0;0;0;0;0;0;0;0;16
2900108;Abaíra;BA;Mapeado;2026-09;11;26;2;5;5;13;4;16;1;1;1;4;0;0;0;0;0;0;0;0;0;0;0;0;0;0;0;0;0;0;0;1;0;2
2900306;Acajutiba;BA;Mapeado;2026-09;16;39;2;5;6;18;8;28;1;3;1;2;0;0;0;0;0;1;0;0;0;0;0;0;0;0;0;0;0;0;0;0;0;3
2900355;Adustina;BA;Mapeado;2026-09;6;17;0;2;1;4;5;8;0;1;0;1;0;0;0;0;0;3;0;0;0;1;0;0;0;0;0;0;0;2;0;1;0;2
2900603;Aiquara;BA;Mapeado;2026-09;5;11;0;2;2;4;3;5;0;0;0;2;0;0;0;0;0;2;0;0;0;0;0;0;0;0;0;0;0;0;0;0;0;2
2900702;Alagoinhas;BA;Mapeado;2026-09;530;996;95;236;198;380;183;526;34;134;61;137;0;0;0;2;30;102;0;2;0;13;10;16;0;3;0;0;1;3;3;4;10;62
2900801;Alcobaça;BA;Mapeado;2026-09;90;160;11;47;47;80;26;88;8;35;3;23;0;0;0;0;1;7;0;0;0;2;4;6;0;0;0;0;0;0;0;1;1;8
2900900;Almadina;BA;Mapeado;2026-09;6;19;4;5;1;11;1;8;2;5;2;2;0;0;0;0;0;1;0;0;0;0;0;1;0;0;0;0;0;0;0;0;0;1
2901007;Amargosa;BA;Mapeado;2026-09;117;232;25;69;39;88;43;150;15;54;10;24;0;0;0;0;4;14;0;1;0;2;3;3;0;0;1;1;0;2;0;3;2;15
2901106;Amélia Rodrigues;BA;Mapeado;2026-09;70;111;12;35;25;44;24;53;5;18;7;21;0;0;0;0;4;12;0;1;0;2;3;3;0;0;0;0;0;0;0;0;2;4
2901155;América Dourada;BA;Mapeado;2026-09;14;30;2;11;5;14;6;20;0;2;2;9;0;0;0;0;0;6;0;0;0;0;0;0;1;1;0;0;0;1;0;0;0;1
2901205;Anagé;BA;Mapeado;2026-09;39;64;4;11;19;34;14;43;1;3;3;8;0;0;0;1;1;4;0;0;0;0;1;1;0;0;0;0;0;0;0;0;0;3
2901304;Andaraí;BA;Mapeado;2026-09;43;81;2;23;21;40;17;51;2;17;0;7;0;0;0;0;0;2;0;0;1;2;0;0;0;0;0;0;0;0;0;0;2;3
2901353;Andorinha;BA;Mapeado;2026-09;32;67;3;14;13;27;12;41;2;7;1;8;0;0;0;0;1;13;0;0;0;1;1;1;0;0;0;0;1;1;0;1;1;4
2901403;Angical;BA;Mapeado;2026-09;17;30;2;5;4;11;8;18;0;1;2;4;0;0;0;0;1;1;0;0;0;0;1;1;0;0;0;0;0;0;0;0;1;1
2901502;Anguera;BA;Mapeado;2026-09;16;27;3;5;8;14;3;15;2;3;1;3;0;0;0;0;1;1;0;1;0;0;1;2;0;1;0;0;0;0;0;0;0;0
2901601;Antas;BA;Mapeado;2026-09;17;32;0;3;7;13;9;19;0;1;0;2;0;0;0;0;0;0;0;0;0;0;1;1;0;0;0;0;0;0;0;0;0;3
2901700;Antônio Cardoso;BA;Mapeado;2026-09;9;19;0;5;6;11;2;10;0;4;0;1;0;0;0;0;1;4;0;0;0;0;0;0;0;0;0;0;0;0;0;0;0;0
2901809;Antônio Gonçalves;BA;Mapeado;2026-09;24;42;3;12;11;18;8;28;1;9;2;5;0;0;0;0;2;2;0;0;0;0;0;0;0;0;0;0;0;2;0;1;0;0
2901908;Aporá;BA;Mapeado;2026-09;14;42;2;11;5;16;7;30;0;4;2;7;0;0;0;1;0;4;0;0;0;1;0;1;0;0;0;0;0;0;0;0;0;3
2901957;Apuarema;BA;Mapeado;2026-09;10;17;2;5;4;9;4;7;1;3;1;2;0;0;0;0;0;1;0;0;0;0;0;0;0;0;0;0;0;0;0;0;0;0
2902005;Aracatu;BA;Mapeado;2026-09;13;31;3;4;2;8;8;27;2;3;1;1;0;0;0;0;0;1;0;0;0;0;0;0;0;0;0;0;0;0;0;0;0;0
2902104;Araci;BA;Mapeado;2026-09;59;146;6;29;27;52;18;65;4;24;2;13;0;0;0;0;5;40;0;0;1;20;2;2;0;2;0;0;0;1;0;0;0;7
2902203;Aramari;BA;Mapeado;2026-09;17;56;5;11;5;26;6;22;4;6;1;5;0;0;0;0;1;6;0;0;0;0;0;0;0;0;0;0;0;1;0;0;0;7
2902252;Arataca;BA;Mapeado;2026-09;13;24;1;3;8;12;4;16;1;3;0;0;0;0;0;0;0;2;0;0;0;0;0;0;0;0;0;0;0;0;0;0;0;0
2902302;Aratuípe;BA;Mapeado;2026-09;13;34;1;9;9;17;2;11;0;5;1;6;0;0;0;0;1;2;0;0;0;0;0;1;0;0;0;0;0;0;0;1;0;2
2902054;Araçás;BA;Mapeado;2026-09;26;59;7;15;8;28;11;35;2;4;5;11;0;0;0;1;0;6;0;0;0;0;0;0;0;0;0;0;0;0;0;0;0;3
2902401;Aurelino Leal;BA;Mapeado;2026-09;17;40;2;11;5;17;9;25;1;6;1;6;0;0;0;0;0;2;0;0;0;0;1;1;0;0;0;0;0;0;0;0;0;0
2902500;Baianópolis;BA;Mapeado;2026-09;19;39;1;9;10;18;6;24;1;6;0;6;0;0;0;0;0;3;0;0;0;0;2;2;0;0;0;0;0;0;0;0;0;0
2902609;Baixa Grande;BA;Mapeado;2026-09;22;52;2;8;12;19;7;26;0;3;2;5;0;0;0;0;0;8;0;0;0;2;0;0;0;0;0;0;0;0;0;1;1;3
2902658;Banzaê;BA;Mapeado;2026-09;21;51;3;8;13;28;5;36;0;2;3;6;0;0;0;0;0;1;0;0;0;0;0;1;0;0;0;0;0;0;0;0;0;4
2902708;Barra;BA;Mapeado;2026-09;118;231;28;87;42;95;38;133;13;52;15;47;0;0;0;1;2;28;0;0;0;0;6;6;0;0;0;0;0;1;0;1;2;6
2902807;Barra da Estiva;BA;Mapeado;2026-09;115;190;27;60;35;81;45;134;11;32;16;30;0;0;0;0;5;12;0;0;0;0;3;3;0;1;0;0;0;1;0;5;0;4
2902906;Barra do Choça;BA;Mapeado;2026-09;66;136;12;42;20;35;26;67;6;27;6;26;0;0;0;1;4;29;0;1;0;3;2;3;0;0;0;0;1;1;1;2;0;11
2903003;Barra do Mendes;BA;Mapeado;2026-09;21;49;2;12;8;20;10;29;0;8;2;9;0;0;0;0;0;5;0;0;0;0;1;1;0;0;0;0;0;0;0;0;0;3
2903102;Barra do Rocha;BA;Mapeado;2026-09;8;20;0;3;6;10;1;8;0;3;0;1;0;0;0;0;0;0;0;0;0;0;0;0;0;3;0;0;0;0;0;0;1;1
2903201;Barreiras;BA;Mapeado;2026-09;968;1584;146;410;403;712;356;911;72;263;74;205;0;0;2;9;22;92;3;9;1;12;21;25;2;6;0;1;0;6;4;10;8;57
2903235;Barro Alto;BA;Mapeado;2026-09;14;22;2;6;9;11;2;14;0;2;2;4;0;0;0;0;0;0;0;0;0;0;0;1;0;0;0;0;0;1;0;0;1;1
2903300;Barro Preto;BA;Mapeado;2026-09;5;9;1;1;2;4;2;5;1;1;0;0;0;0;0;0;0;0;0;0;0;0;0;0;0;0;0;0;0;0;0;0;0;1
2903276;Barrocas;BA;Mapeado;2026-09;29;69;3;20;13;25;8;44;1;13;2;9;0;0;0;0;1;8;0;0;0;4;4;6;0;0;0;0;0;0;0;1;0;2
2903409;Belmonte;BA;Mapeado;2026-09;56;107;8;34;32;60;11;52;3;23;5;17;0;0;1;1;0;7;0;0;0;0;2;2;0;0;0;0;0;0;0;0;2;5
2903508;Belo Campo;BA;Mapeado;2026-09;23;44;3;10;7;13;13;28;1;8;2;3;0;0;0;0;0;1;0;0;0;1;0;0;0;0;0;0;0;0;0;0;0;1
2903607;Biritinga;BA;Mapeado;2026-09;14;25;1;2;5;7;3;11;0;1;1;1;0;0;0;0;1;5;0;0;0;1;4;4;0;0;0;0;0;0;0;0;0;1
2903706;Boa Nova;BA;Mapeado;2026-09;18;44;2;15;12;24;3;26;0;12;2;6;0;0;0;0;0;4;0;0;0;0;0;1;0;0;0;0;0;0;0;0;1;2
2903805;Boa Vista do Tupim;BA;Mapeado;2026-09;12;35;3;7;2;14;5;19;3;5;0;2;0;0;0;0;2;3;0;0;0;0;0;0;0;0;0;0;0;0;0;0;0;3
2903904;Bom Jesus da Lapa;BA;Mapeado;2026-09;245;443;36;126;83;194;116;326;18;84;18;55;0;0;0;4;1;27;1;2;1;5;6;6;0;3;0;0;0;2;0;3;1;13
2903953;Bom Jesus da Serra;BA;Mapeado;2026-09;7;22;4;4;2;11;1;12;2;2;2;2;0;0;0;0;0;2;0;0;0;0;0;0;0;0;0;0;0;0;0;0;0;0
2904001;Boninal;BA;Mapeado;2026-09;21;36;2;7;9;14;10;31;1;4;1;4;0;0;0;0;0;0;0;0;0;0;0;0;0;0;0;0;0;0;0;0;0;0
2904050;Bonito;BA;Mapeado;2026-09;20;41;3;13;7;11;8;26;1;7;2;7;0;0;0;0;2;7;0;0;0;0;0;0;0;0;0;0;0;1;0;0;0;2
2904100;Boquira;BA;Mapeado;2026-09;32;64;7;28;13;26;11;38;3;23;4;12;0;0;0;0;0;1;0;0;0;0;1;1;0;0;0;0;0;1;0;1;0;2
2904209;Botuporã;BA;Mapeado;2026-09;14;25;1;9;1;8;8;17;0;6;1;5;0;0;0;0;2;3;0;0;0;0;1;3;0;0;0;0;0;0;0;0;1;1
2904407;Brejolândia;BA;Mapeado;2026-09;6;11;1;3;3;7;2;5;1;2;0;1;0;0;0;0;0;2;0;0;0;0;0;0;0;0;0;0;0;0;0;0;0;0
2904308;Brejões;BA;Mapeado;2026-09;23;52;4;11;11;26;7;30;3;5;1;6;0;0;0;0;0;1;0;0;0;0;1;1;0;0;0;0;0;2;0;0;0;1
2904506;Brotas de Macaúbas;BA;Mapeado;2026-09;19;36;1;9;8;16;10;21;0;3;1;6;0;0;0;0;0;3;0;0;0;0;0;0;0;0;0;0;0;0;0;0;0;1
2904605;Brumado;BA;Mapeado;2026-09;227;458;40;116;87;207;86;263;23;81;17;51;0;0;0;0;5;49;1;3;0;6;6;9;0;0;0;0;0;0;1;3;1;21
2904704;Buerarema;BA;Mapeado;2026-09;42;76;10;20;13;23;14;41;6;15;4;8;0;0;0;0;1;2;0;0;0;4;1;1;2;2;0;0;0;0;0;0;1;4
2904753;Buritirama;BA;Mapeado;2026-09;23;66;3;23;9;32;10;47;1;10;2;21;0;0;0;0;0;9;0;0;0;1;1;1;0;0;0;0;0;2;0;0;0;3
2904803;Caatiba;BA;Mapeado;2026-09;9;12;1;1;3;4;5;7;1;1;0;0;0;0;0;0;0;0;0;0;0;0;0;0;0;0;0;0;0;0;0;1;0;0
2904852;Cabaceiras do Paraguaçu;BA;Mapeado;2026-09;26;49;7;17;9;15;6;21;3;12;4;7;0;0;0;0;1;2;0;1;0;1;3;3;0;0;0;0;0;2;0;0;0;3
2904902;Cachoeira;BA;Mapeado;2026-09;81;207;3;41;39;88;32;114;1;25;2;22;0;0;0;1;1;23;0;15;0;12;1;3;0;0;0;0;0;0;0;1;5;10
2905008;Caculé;BA;Mapeado;2026-09;84;149;19;39;28;56;31;99;7;22;12;21;0;0;0;0;1;4;0;1;0;1;1;1;0;0;0;0;0;0;1;2;3;9
2905156;Caetanos;BA;Mapeado;2026-09;14;34;1;11;5;12;6;17;0;4;1;7;0;0;0;0;1;4;0;0;0;0;0;0;0;0;0;0;0;1;1;1;0;2
2905206;Caetité;BA;Mapeado;2026-09;155;378;16;106;63;139;56;194;12;85;4;34;0;0;0;2;4;50;0;0;0;5;6;15;0;0;0;0;1;2;3;4;6;33
2905305;Cafarnaum;BA;Mapeado;2026-09;27;48;3;10;16;30;5;22;1;5;2;5;0;0;0;0;0;1;0;0;0;0;2;3;0;0;0;0;0;0;0;0;1;4
2905404;Cairu;BA;Mapeado;2026-09;361;601;39;185;242;415;68;224;26;127;13;67;0;0;1;5;4;31;0;0;0;1;0;0;0;0;0;0;0;0;0;0;7;20
2905503;Caldeirão Grande;BA;Mapeado;2026-09;9;29;3;8;4;10;1;18;2;3;1;6;0;0;0;0;1;2;0;0;0;0;0;0;0;0;0;0;0;1;0;0;0;1
2905602;Camacan;BA;Mapeado;2026-09;63;122;5;21;22;48;30;81;2;12;3;11;0;0;0;0;2;13;0;0;0;2;2;4;0;0;0;0;0;0;0;0;2;4
2905800;Camamu;BA;Mapeado;2026-09;84;147;13;50;33;63;34;86;8;31;5;25;0;0;0;0;1;7;0;0;0;1;1;1;0;0;0;0;0;0;0;2;2;8
2905701;Camaçari;BA;Mapeado;2026-09;1562;2581;164;501;757;1176;562;1382;90;336;74;220;0;0;0;2;25;109;2;5;0;16;27;38;1;2;0;0;1;7;2;5;21;161
2905909;Campo Alegre de Lourdes;BA;Mapeado;2026-09;39;89;5;24;17;44;13;53;4;17;1;12;0;0;0;1;1;7;0;0;0;0;0;0;1;2;0;0;0;0;0;0;2;5
2906006;Campo Formoso;BA;Mapeado;2026-09;126;240;10;34;61;110;41;124;5;23;5;15;0;0;0;0;7;29;1;1;0;6;4;5;0;2;0;0;0;1;1;7;1;13
2906204;Canarana;BA;Mapeado;2026-09;27;54;3;9;12;25;10;24;1;4;2;5;0;0;0;0;0;4;0;1;0;2;1;1;0;0;0;0;0;0;0;0;1;6
2906303;Canavieiras;BA;Mapeado;2026-09;152;240;30;75;57;106;51;124;12;44;18;33;0;0;0;0;3;13;0;3;0;0;8;9;0;1;0;0;0;0;0;2;3;8
2906402;Candeal;BA;Mapeado;2026-09;9;23;2;3;1;3;5;17;1;2;1;1;0;0;0;0;0;5;0;0;0;0;1;1;0;0;0;0;0;0;0;0;0;0
2906501;Candeias;BA;Mapeado;2026-09;273;507;32;108;137;243;83;283;15;60;17;60;0;0;0;0;12;49;0;1;1;5;3;3;0;5;0;0;0;4;0;1;5;20
2906600;Candiba;BA;Mapeado;2026-09;29;40;3;8;12;17;11;25;2;6;1;3;0;0;0;0;0;4;0;0;0;0;3;3;0;0;0;0;0;0;0;0;0;1
2906808;Cansanção;BA;Mapeado;2026-09;44;125;4;19;15;59;24;88;1;11;3;11;0;0;0;0;1;7;0;0;0;1;0;0;0;0;0;0;0;0;0;1;0;4
2906824;Canudos;BA;Mapeado;2026-09;41;75;3;17;19;39;14;38;1;9;2;9;0;0;0;0;1;9;0;1;0;0;2;2;1;1;0;0;0;0;0;0;1;8
2906105;Canápolis;BA;Mapeado;2026-09;11;22;2;4;3;7;5;14;0;2;2;4;0;0;0;0;1;1;0;0;0;1;0;0;0;0;0;0;0;1;0;0;0;3
2906857;Capela do Alto Alegre;BA;Mapeado;2026-09;17;26;3;3;3;6;9;15;2;2;1;1;0;0;0;0;0;2;0;0;0;0;2;2;0;0;0;0;0;0;0;0;0;2
2906873;Capim Grosso;BA;Mapeado;2026-09;138;255;15;45;56;110;59;153;12;36;3;15;0;0;0;0;2;30;0;0;1;4;4;4;0;2;0;0;0;1;0;1;1;21
2906907;Caravelas;BA;Mapeado;2026-09;64;128;11;28;29;57;13;62;6;21;5;15;0;0;0;0;3;13;0;0;0;0;4;4;0;0;0;0;0;0;0;0;4;10
2906899;Caraíbas;BA;Mapeado;2026-09;20;33;5;11;11;14;4;20;3;9;2;4;0;0;0;0;0;3;0;0;0;0;0;0;0;0;0;0;0;1;0;0;0;0
2907004;Cardeal da Silva;BA;Mapeado;2026-09;15;54;2;7;9;22;4;23;0;5;2;4;0;0;0;0;0;8;0;1;0;0;0;0;0;0;0;0;0;0;0;0;0;18
2907103;Carinhanha;BA;Mapeado;2026-09;36;79;3;26;9;31;24;52;1;16;2;22;0;0;0;0;0;7;0;0;0;1;0;0;0;1;0;0;0;0;0;0;0;0
2907202;Casa Nova;BA;Mapeado;2026-09;105;170;12;43;45;87;42;101;7;27;5;23;0;0;0;0;3;9;0;0;0;0;2;3;0;1;0;0;0;1;0;0;1;4
2907301;Castro Alves;BA;Mapeado;2026-09;70;143;16;35;28;53;23;87;11;19;5;16;0;0;0;0;1;15;0;0;0;1;0;1;1;2;0;0;0;1;0;0;1;10
2907400;Catolândia;BA;Mapeado;2026-09;8;12;0;3;6;8;1;6;0;3;0;1;0;0;0;0;0;3;0;0;0;0;1;1;0;0;0;0;0;0;0;0;0;0
2907509;Catu;BA;Mapeado;2026-09;137;271;31;60;53;104;49;154;14;34;17;35;0;0;0;0;1;20;0;1;0;2;2;3;0;1;0;0;0;1;0;1;1;7
2907558;Caturama;BA;Mapeado;2026-09;10;15;1;4;7;11;2;7;1;4;0;0;0;0;0;0;0;1;0;0;0;0;0;0;0;0;0;0;0;0;0;0;0;0
2905107;Caém;BA;Mapeado;2026-09;22;47;5;14;7;17;10;27;2;9;3;10;0;0;0;0;0;6;0;0;0;0;0;0;0;0;0;0;0;0;0;0;0;2
2907608;Central;BA;Mapeado;2026-09;15;26;0;4;7;12;6;11;0;2;0;2;0;0;0;0;0;3;0;0;0;2;1;1;0;0;0;0;0;0;0;0;1;3
2907707;Chorrochó;BA;Mapeado;2026-09;17;45;2;6;13;28;2;19;1;3;1;4;0;0;0;0;0;4;0;0;0;0;0;0;0;0;0;0;0;0;0;0;0;4
2907905;Cipó;BA;Mapeado;2026-09;49;111;6;15;21;56;16;74;4;12;2;5;0;0;0;0;0;9;0;0;0;0;3;3;0;0;0;0;0;0;0;1;3;8
2908002;Coaraci;BA;Mapeado;2026-09;48;87;9;19;12;25;25;54;8;16;1;5;0;0;0;0;0;5;0;2;0;4;2;3;0;0;0;0;0;0;0;0;0;6
2908101;Cocos;BA;Mapeado;2026-09;40;79;8;29;15;30;15;52;6;23;2;8;0;0;0;0;0;2;0;0;0;0;2;2;0;0;0;0;0;0;0;0;0;1
2908200;Conceição da Feira;BA;Mapeado;2026-09;38;95;9;28;13;44;12;63;8;23;1;11;0;0;0;0;3;9;0;0;0;0;1;1;0;0;0;0;0;0;0;0;0;5
2908309;Conceição do Almeida;BA;Mapeado;2026-09;30;75;7;21;14;27;8;38;4;12;3;11;0;0;0;0;1;12;0;1;0;2;0;0;0;0;0;0;0;2;0;0;0;1
2908408;Conceição do Coité;BA;Mapeado;2026-09;182;360;27;70;79;147;61;181;10;34;17;44;0;0;0;1;9;46;0;4;0;1;3;4;1;1;0;0;0;1;0;1;2;22
2908507;Conceição do Jacuípe;BA;Mapeado;2026-09;158;264;38;72;63;114;50;129;22;45;16;33;0;0;1;2;4;20;0;0;0;3;2;2;0;1;0;0;0;0;0;0;0;15
2908606;Conde;BA;Mapeado;2026-09;59;114;10;26;31;54;17;54;6;16;4;13;0;0;0;0;1;11;0;0;0;0;0;0;0;0;0;0;0;0;0;1;0;1
2908705;Condeúba;BA;Mapeado;2026-09;44;87;12;28;13;36;17;54;8;20;4;9;0;0;0;0;1;7;0;0;0;0;1;1;0;0;0;0;0;2;0;1;0;2
2908804;Contendas do Sincorá;BA;Mapeado;2026-09;12;19;0;2;3;5;8;17;0;2;0;0;0;0;0;0;0;2;0;0;0;0;0;0;0;0;0;0;0;0;0;0;1;1
2908903;Coração de Maria;BA;Mapeado;2026-09;50;90;6;20;24;40;18;47;3;10;3;14;0;0;0;0;2;8;0;0;0;2;0;0;0;0;0;0;0;0;0;1;0;0
2909000;Cordeiros;BA;Mapeado;2026-09;17;37;3;17;6;18;7;27;1;11;2;10;0;0;0;0;0;8;0;0;0;0;1;1;0;0;0;0;0;0;0;0;0;2
2909109;Coribe;BA;Mapeado;2026-09;22;47;4;13;12;22;6;30;1;7;3;9;0;0;0;0;0;6;0;0;0;0;0;0;0;0;0;0;0;0;0;0;0;2
2909208;Coronel João Sá;BA;Mapeado;2026-09;13;34;1;6;6;13;6;21;0;2;1;4;0;0;0;0;0;2;0;0;0;0;0;0;0;2;0;0;0;0;0;0;0;2
2909307;Correntina;BA;Mapeado;2026-09;128;263;17;77;54;121;50;200;8;43;9;42;0;0;1;1;0;18;0;0;0;1;3;4;2;2;0;0;0;3;0;1;1;7
2909406;Cotegipe;BA;Mapeado;2026-09;12;25;4;5;3;15;5;11;4;5;0;0;0;0;0;0;0;1;0;0;0;0;0;0;0;0;0;0;0;0;0;0;0;0
2909505;Cravolândia;BA;Mapeado;2026-09;9;15;0;3;4;5;5;10;0;1;0;2;0;0;0;0;0;0;0;0;0;0;0;0;0;0;0;0;0;0;0;0;0;1
2909703;Cristópolis;BA;Mapeado;2026-09;22;50;2;11;8;16;11;37;0;5;2;8;0;0;0;0;1;4;0;0;0;0;0;0;0;0;0;0;0;0;0;0;0;2
2909604;Crisópolis;BA;Mapeado;2026-09;19;37;1;8;8;19;8;19;0;7;1;4;0;0;0;0;1;4;0;0;0;1;1;1;0;1;0;0;0;0;0;0;0;4
2909802;Cruz das Almas;BA;Mapeado;2026-09;282;473;35;116;110;191;111;262;22;72;13;57;0;0;0;2;15;33;1;3;0;4;6;9;0;0;0;0;0;0;2;8;2;28
2909901;Curaçá;BA;Mapeado;2026-09;50;98;5;19;28;55;16;59;2;7;3;14;0;0;0;0;0;6;0;0;0;0;1;1;0;1;0;0;0;0;0;0;0;4
2906709;Cândido Sales;BA;Mapeado;2026-09;43;89;14;23;12;26;15;53;7;16;7;9;0;0;0;0;0;5;0;0;0;0;0;1;1;1;0;0;0;1;1;1;0;1
2907806;Cícero Dantas;BA;Mapeado;2026-09;64;110;9;26;24;50;26;63;5;12;4;15;0;0;0;0;2;16;0;0;0;0;2;2;1;2;0;0;0;3;0;1;0;5
2910057;Dias d'Ávila;BA;Mapeado;2026-09;268;445;51;109;112;181;87;232;25;70;26;52;0;0;0;0;11;30;0;0;0;1;4;4;0;0;0;0;1;3;0;1;2;18
2910107;Dom Basílio;BA;Mapeado;2026-09;28;54;6;14;12;20;10;37;5;13;1;1;0;0;0;2;0;2;0;0;0;0;0;0;0;0;0;0;0;0;0;0;0;1
2910206;Dom Macedo Costa;BA;Mapeado;2026-09;9;24;1;6;7;10;1;11;0;5;1;2;0;0;0;0;0;3;0;0;0;0;0;0;0;0;0;0;0;0;0;1;0;2
2910008;Dário Meira;BA;Mapeado;2026-09;11;35;4;9;3;12;4;24;4;5;0;5;0;0;0;0;0;1;0;0;0;1;0;0;0;0;0;0;0;0;0;0;0;2
2910305;Elísio Medrado;BA;Mapeado;2026-09;11;26;2;3;3;9;5;17;1;2;1;2;0;0;0;0;1;6;0;0;0;0;0;0;0;0;0;0;0;0;0;0;0;1
2910404;Encruzilhada;BA;Mapeado;2026-09;24;65;3;18;16;39;5;34;2;15;1;4;0;0;0;0;0;5;0;0;0;0;0;0;0;0;0;0;0;0;0;0;0;1
2910503;Entre Rios;BA;Mapeado;2026-09;156;311;30;80;70;138;47;165;14;48;16;47;0;0;0;0;5;32;0;0;0;2;3;5;0;0;0;0;0;2;0;0;1;12
2910602;Esplanada;BA;Mapeado;2026-09;75;142;14;26;26;64;27;68;3;16;11;13;0;0;0;0;2;12;0;0;0;0;5;8;1;1;0;0;0;1;0;2;0;6
2910701;Euclides da Cunha;BA;Mapeado;2026-09;124;212;30;69;42;102;44;135;17;43;13;36;0;0;0;0;4;28;0;1;0;4;2;2;2;2;0;0;0;3;0;0;0;6
2910727;Eunápolis;BA;Mapeado;2026-09;521;976;77;250;191;420;208;624;45;178;32;109;0;0;0;6;18;81;1;2;0;5;16;17;0;2;0;0;0;3;2;4;8;48
2910776;Feira da Mata;BA;Mapeado;2026-09;12;19;4;5;6;13;2;15;2;4;2;2;0;0;0;0;0;1;0;0;0;0;0;0;0;0;0;0;0;0;0;0;0;0
2910800;Feira de Santana;BA;Mapeado;2026-09;2823;4588;279;838;1299;2149;1065;2569;180;588;99;370;0;0;1;5;58;287;4;17;0;56;35;52;5;16;1;3;6;12;5;18;65;267
2910859;Filadélfia;BA;Mapeado;2026-09;25;71;2;7;5;28;12;51;0;2;2;6;0;0;0;0;4;13;0;0;0;1;1;1;0;0;0;0;0;1;0;1;1;6
2910909;Firmino Alves;BA;Mapeado;2026-09;15;28;1;4;5;9;9;22;1;4;0;1;0;0;0;0;0;0;0;0;0;0;0;0;0;0;0;0;0;0;0;0;0;0
2911006;Floresta Azul;BA;Mapeado;2026-09;4;10;0;2;2;4;1;7;0;1;0;1;0;0;0;0;0;1;0;0;0;0;1;1;0;0;0;0;0;0;0;0;0;0
2911105;Formosa do Rio Preto;BA;Mapeado;2026-09;98;180;19;70;42;80;32;110;8;32;11;41;0;0;0;0;2;20;0;0;0;0;3;3;0;0;0;0;0;0;0;0;0;2
2910750;Fátima;BA;Mapeado;2026-09;17;29;4;9;4;10;7;17;1;3;3;7;0;0;0;0;1;2;0;0;0;0;1;1;0;0;0;0;0;0;0;0;0;0
2911204;Gandu;BA;Mapeado;2026-09;121;271;12;52;39;91;61;167;5;34;7;22;0;0;0;0;1;43;0;2;1;2;2;3;0;1;0;0;0;0;1;2;4;11
2911253;Gavião;BA;Mapeado;2026-09;10;18;1;5;5;8;2;9;1;4;0;2;0;0;0;0;0;0;0;0;0;0;2;2;0;0;0;0;0;0;0;0;0;0
2911303;Gentio do Ouro;BA;Mapeado;2026-09;12;32;1;8;9;20;2;17;0;6;1;3;0;0;0;0;0;4;0;0;0;0;0;0;0;0;0;0;0;0;0;1;0;0
2911402;Glória;BA;Mapeado;2026-09;26;44;4;17;16;28;5;23;2;11;2;9;0;0;0;0;1;6;0;0;0;0;0;0;0;0;0;0;0;0;0;0;0;2
2911501;Gongogi;BA;Mapeado;2026-09;13;27;6;15;1;10;6;9;4;10;2;7;0;0;0;0;0;3;0;0;0;0;0;0;0;1;0;0;0;0;0;0;0;1
2911600;Governador Mangabeira;BA;Mapeado;2026-09;59;128;10;31;20;43;24;71;5;16;5;16;0;0;0;0;4;16;0;2;0;0;0;1;0;0;0;0;0;0;0;1;1;10
2911659;Guajeru;BA;Mapeado;2026-09;7;11;1;3;4;5;2;6;0;2;1;1;0;0;0;0;0;0;0;0;0;0;0;0;0;0;0;0;0;0;0;0;0;0
2911709;Guanambi;BA;Mapeado;2026-09;500;765;103;225;176;318;183;431;37;108;66;132;0;0;0;1;16;52;1;1;1;5;13;15;0;2;0;1;0;2;2;5;5;25
2911808;Guaratinga;BA;Mapeado;2026-09;22;57;3;9;7;24;10;38;0;2;3;8;0;0;0;0;0;2;0;0;0;1;2;3;0;0;0;0;0;0;0;0;0;2
2911857;Heliópolis;BA;Mapeado;2026-09;15;30;0;7;8;12;6;18;0;5;0;3;0;0;0;0;1;3;0;0;0;0;0;0;0;0;0;0;0;0;0;0;0;2
2911907;Iaçu;BA;Mapeado;2026-09;57;109;9;36;23;48;16;59;7;25;2;14;0;0;0;0;2;7;0;0;1;1;4;7;0;0;0;0;0;0;1;1;1;5
2912004;Ibiassucê;BA;Mapeado;2026-09;9;24;3;7;3;7;3;15;2;4;1;3;0;0;0;0;0;2;0;0;0;1;0;0;0;0;0;0;0;0;0;0;0;1
2912103;Ibicaraí;BA;Mapeado;2026-09;54;119;5;21;14;32;30;81;2;13;3;10;0;0;0;0;3;14;1;1;0;3;1;1;0;0;0;0;0;0;0;1;0;9
2912202;Ibicoara;BA;Mapeado;2026-09;53;153;5;32;27;82;20;99;2;18;3;21;0;0;0;0;1;14;0;0;0;2;0;0;0;0;0;0;0;0;0;1;0;3
2912301;Ibicuí;BA;Mapeado;2026-09;25;54;6;12;9;22;8;32;1;5;5;8;0;0;0;0;0;1;0;0;0;4;1;1;0;0;0;0;0;3;1;1;0;1
2912400;Ibipeba;BA;Mapeado;2026-09;12;25;2;5;7;13;2;11;2;4;0;1;0;0;0;0;1;3;0;0;0;0;0;0;0;0;0;0;0;0;0;0;0;0
2912509;Ibipitanga;BA;Mapeado;2026-09;27;57;1;6;11;21;14;42;0;5;1;3;0;0;0;0;0;6;0;0;0;1;1;1;0;1;0;0;0;0;0;0;0;0
2912608;Ibiquera;BA;Mapeado;2026-09;6;10;1;2;4;6;1;4;0;1;1;1;0;0;0;0;0;0;0;1;0;0;0;0;0;0;0;0;0;0;0;0;0;0
2912707;Ibirapitanga;BA;Mapeado;2026-09;30;58;2;12;18;27;8;32;2;8;0;4;0;0;0;0;0;0;0;0;0;0;2;3;0;1;0;0;0;0;0;0;0;2
2912806;Ibirapuã;BA;Mapeado;2026-09;26;46;3;10;9;17;13;33;0;4;3;9;0;0;0;0;0;0;0;1;0;0;0;0;0;0;0;0;0;0;0;0;1;3
2912905;Ibirataia;BA;Mapeado;2026-09;32;58;3;8;9;18;14;24;3;6;0;4;0;0;0;0;4;8;0;0;0;1;2;2;0;0;0;0;0;0;0;1;0;8
2913002;Ibitiara;BA;Mapeado;2026-09;13;33;1;8;7;16;5;21;0;5;1;4;0;0;0;0;0;0;0;0;0;0;0;0;0;0;0;0;0;0;0;0;0;1
2913101;Ibititá;BA;Mapeado;2026-09;13;24;0;5;7;10;3;13;0;3;0;4;0;0;0;0;1;2;0;0;0;0;1;1;0;0;0;0;0;0;0;0;1;2
2913200;Ibotirama;BA;Mapeado;2026-09;91;162;13;33;32;82;42;110;7;22;6;13;0;0;0;0;1;10;0;0;0;1;2;3;0;0;0;0;0;0;0;0;1;4
2913309;Ichu;BA;Mapeado;2026-09;10;21;2;4;5;11;3;13;1;4;1;2;0;0;0;0;0;1;0;0;0;1;0;0;0;0;0;0;0;0;0;0;0;0
2913408;Igaporã;BA;Mapeado;2026-09;30;56;5;21;12;24;11;38;4;19;1;5;0;0;0;0;0;5;0;0;0;0;0;0;0;0;0;0;0;0;0;0;2;2
2913457;Igrapiúna;BA;Mapeado;2026-09;13;35;3;10;7;20;3;12;2;5;1;5;0;0;0;0;0;6;0;0;0;0;0;0;0;0;0;0;0;0;0;0;0;0
2913507;Iguaí;BA;Mapeado;2026-09;22;60;3;10;5;19;11;41;2;7;1;3;0;0;0;0;0;3;0;0;0;1;0;0;0;0;0;0;3;3;0;1;0;4
2913606;Ilhéus;BA;Mapeado;2026-09;1145;1780;171;446;438;750;461;982;91;290;80;199;0;0;1;4;10;73;2;8;3;19;19;24;3;3;1;1;1;1;5;10;30;105
2913705;Inhambupe;BA;Mapeado;2026-09;62;118;6;26;32;62;18;64;5;18;1;12;0;0;0;0;1;5;0;0;0;2;1;3;1;1;0;0;0;1;0;0;3;6
2913804;Ipecaetá;BA;Mapeado;2026-09;4;14;1;2;1;4;1;10;0;1;1;2;0;0;0;0;1;7;0;0;0;0;0;1;0;0;0;0;0;1;0;0;0;0
2913903;Ipiaú;BA;Mapeado;2026-09;146;269;13;50;53;118;69;165;9;27;4;33;0;0;0;0;1;25;0;2;0;1;8;8;0;1;0;1;1;4;0;2;1;13
2914000;Ipirá;BA;Mapeado;2026-09;88;194;10;37;51;90;21;99;6;31;4;11;0;0;0;1;1;13;0;6;0;1;2;2;0;0;0;0;0;0;0;1;3;9
2914109;Ipupiara;BA;Mapeado;2026-09;21;44;0;4;6;14;13;38;0;2;0;2;0;0;0;0;1;2;0;0;0;0;1;1;0;0;0;0;0;0;0;0;0;0
2914208;Irajuba;BA;Mapeado;2026-09;8;16;0;1;4;7;3;11;0;1;0;0;0;0;0;0;1;2;0;0;0;0;0;0;0;0;0;0;0;0;0;0;0;0
2914307;Iramaia;BA;Mapeado;2026-09;22;44;5;10;10;23;6;24;2;6;3;4;0;0;0;0;0;4;0;1;0;1;1;2;0;0;0;0;0;0;0;0;0;0
2914406;Iraquara;BA;Mapeado;2026-09;43;86;4;14;24;47;14;54;2;8;2;7;0;0;0;0;0;6;0;0;0;0;0;0;1;1;0;0;0;0;0;0;0;4
2914505;Irará;BA;Mapeado;2026-09;57;108;14;38;18;44;20;53;5;21;9;22;0;0;0;0;1;7;0;0;0;2;3;3;0;0;0;0;0;0;0;2;1;5
2914604;Irecê;BA;Mapeado;2026-09;370;613;46;137;168;289;133;325;20;85;26;68;0;0;0;2;4;34;1;2;0;2;7;8;2;4;0;0;1;2;2;6;6;37
2914653;Itabela;BA;Mapeado;2026-09;98;195;18;54;27;71;41;138;10;32;8;26;0;0;0;0;11;20;0;0;0;1;1;1;0;0;0;0;0;1;0;1;0;4
2914703;Itaberaba;BA;Mapeado;2026-09;262;429;43;94;96;182;106;243;21;59;22;46;0;0;0;1;5;45;0;0;0;1;7;13;0;1;0;0;0;4;0;3;5;19
2914802;Itabuna;BA;Mapeado;2026-09;1034;1716;205;429;389;694;367;947;116;292;89;197;0;0;0;6;23;141;1;5;0;25;23;28;3;5;0;0;0;1;2;10;21;119
2914901;Itacaré;BA;Mapeado;2026-09;362;578;70;177;169;293;112;281;37;107;33;85;0;0;0;2;3;36;0;0;0;6;4;4;0;1;0;0;0;2;0;2;4;30
2915007;Itaeté;BA;Mapeado;2026-09;24;51;2;8;8;24;9;28;1;6;1;3;0;0;0;0;1;8;0;0;0;0;1;3;0;0;0;0;0;0;0;0;3;5
2915106;Itagi;BA;Mapeado;2026-09;12;28;2;7;5;8;5;12;1;4;1;3;0;0;0;0;0;1;0;0;0;1;0;0;0;0;0;0;0;0;0;0;0;5
2915205;Itagibá;BA;Mapeado;2026-09;42;78;4;14;22;39;16;48;3;10;1;5;0;0;0;0;0;8;0;0;0;1;0;0;0;0;0;0;0;0;0;0;0;6
2915304;Itagimirim;BA;Mapeado;2026-09;27;45;1;11;16;26;8;25;0;5;1;7;0;0;0;0;1;4;0;1;0;0;1;1;0;0;0;0;0;0;0;0;0;0
2915353;Itaguaçu da Bahia;BA;Mapeado;2026-09;16;26;1;9;10;15;4;17;1;5;0;4;0;0;0;0;0;1;0;0;0;0;1;1;0;1;0;0;0;0;0;0;0;0
2915403;Itaju do Colônia;BA;Mapeado;2026-09;9;18;3;8;2;8;1;6;3;5;0;4;0;0;0;0;2;3;0;0;0;0;1;1;0;0;0;0;0;0;0;0;0;1
2915502;Itajuípe;BA;Mapeado;2026-09;49;89;6;20;17;25;22;53;4;12;2;8;0;0;0;0;1;7;0;0;0;0;3;3;0;0;0;0;0;1;0;0;0;11
2915601;Itamaraju;BA;Mapeado;2026-09;224;378;22;76;68;126;118;250;14;46;8;36;0;0;0;2;0;22;2;4;1;6;7;8;0;1;0;0;1;5;3;8;2;16
2915700;Itamari;BA;Mapeado;2026-09;8;25;1;6;3;6;4;22;0;3;1;5;0;0;0;0;0;3;0;0;0;0;0;0;0;0;0;0;0;0;0;0;0;2
2915809;Itambé;BA;Mapeado;2026-09;56;93;14;21;13;25;27;56;6;11;8;11;0;0;0;0;0;3;0;0;0;0;1;1;0;0;0;0;0;0;0;1;1;4
2915908;Itanagra;BA;Mapeado;2026-09;20;58;6;20;7;32;4;26;0;6;6;16;0;0;0;0;0;5;0;0;0;0;1;1;1;1;0;0;0;0;0;0;1;2
2916005;Itanhém;BA;Mapeado;2026-09;44;81;11;23;13;24;18;50;7;15;4;9;0;0;0;0;2;5;0;0;0;0;0;0;0;0;0;0;0;1;0;0;0;2
2916104;Itaparica;BA;Mapeado;2026-09;85;151;17;40;39;60;24;72;8;22;9;21;0;0;0;0;1;12;0;1;0;4;0;0;0;1;0;0;0;0;0;0;4;14
2916302;Itapebi;BA;Mapeado;2026-09;34;55;6;13;14;29;12;29;3;9;3;4;0;0;0;0;2;4;0;1;0;0;0;1;0;0;0;0;0;1;0;0;0;0
2916401;Itapetinga;BA;Mapeado;2026-09;277;422;29;89;98;160;135;286;18;62;11;43;0;0;0;2;7;24;0;0;0;3;6;6;0;0;0;0;2;6;0;1;0;7
2916500;Itapicuru;BA;Mapeado;2026-09;19;45;2;11;6;22;9;21;0;5;2;6;0;0;0;0;0;5;0;0;0;0;1;1;0;0;0;0;0;1;1;1;0;2
2916609;Itapitanga;BA;Mapeado;2026-09;14;25;3;9;4;9;7;13;2;5;1;6;0;0;0;0;0;1;0;0;0;0;0;1;0;0;0;0;0;0;0;0;0;0
2916203;Itapé;BA;Mapeado;2026-09;28;50;8;21;2;14;14;33;2;10;6;12;0;0;0;0;0;2;0;0;0;0;4;4;0;0;0;0;0;0;0;0;0;2
2916708;Itaquara;BA;Mapeado;2026-09;16;21;6;11;4;5;6;12;1;7;5;8;0;0;0;0;0;1;0;0;0;1;0;0;0;0;0;0;0;0;0;0;0;2
2916807;Itarantim;BA;Mapeado;2026-09;37;70;2;7;15;26;19;55;1;3;1;5;0;0;0;0;0;1;0;0;0;0;0;0;0;0;0;0;0;1;0;0;1;2
2916856;Itatim;BA;Mapeado;2026-09;54;95;6;19;30;48;16;59;5;15;1;5;0;0;0;0;1;8;0;0;0;0;0;0;0;0;0;0;1;2;0;1;0;2
2916906;Itiruçu;BA;Mapeado;2026-09;20;42;7;16;4;13;8;25;5;11;2;6;0;0;0;0;0;3;0;0;0;0;1;2;0;0;0;0;0;1;0;1;0;2
2917003;Itiúba;BA;Mapeado;2026-09;50;99;9;28;22;46;17;66;5;15;4;17;0;0;0;0;0;9;0;0;0;0;2;2;0;0;0;0;0;0;0;0;0;3
2917102;Itororó;BA;Mapeado;2026-09;47;97;9;26;16;31;19;58;6;17;3;14;0;0;0;0;0;5;0;1;1;3;1;1;0;0;0;0;0;0;0;0;1;5
2917201;Ituaçu;BA;Mapeado;2026-09;61;127;19;61;20;52;18;89;8;38;11;33;0;0;0;2;2;14;0;2;0;4;1;1;1;1;0;0;0;2;0;2;0;3
2917300;Ituberá;BA;Mapeado;2026-09;70;126;7;20;24;58;33;75;5;13;2;10;0;0;0;0;2;10;0;0;0;2;3;4;0;0;0;0;0;0;0;0;1;9
2917334;Iuiu;BA;Mapeado;2026-09;14;29;3;5;7;13;4;18;0;2;3;4;0;0;0;0;0;3;0;0;0;0;0;1;0;0;0;0;0;0;0;0;0;0
2917359;Jaborandi;BA;Mapeado;2026-09;16;31;5;16;6;16;5;21;1;4;4;12;0;0;0;0;0;2;0;0;0;0;0;0;0;0;0;0;0;0;0;0;0;0
2917409;Jacaraci;BA;Mapeado;2026-09;19;37;1;10;5;14;10;22;1;4;0;7;0;0;0;0;0;3;0;0;0;0;1;1;0;0;0;0;1;1;0;0;1;1
2917508;Jacobina;BA;Mapeado;2026-09;394;713;72;160;152;333;147;375;50;110;22;63;0;0;1;2;9;48;0;10;0;16;7;8;1;2;0;0;0;3;2;9;3;32
2917607;Jaguaquara;BA;Mapeado;2026-09;155;250;14;45;77;118;58;150;7;33;7;21;0;0;0;0;2;14;0;1;0;0;2;2;0;2;0;0;0;1;0;0;2;8
2917706;Jaguarari;BA;Mapeado;2026-09;108;188;11;32;41;93;50;122;4;21;7;15;0;0;0;0;1;20;0;0;0;1;3;4;0;1;0;0;0;0;0;0;2;4
2917805;Jaguaripe;BA;Mapeado;2026-09;18;39;0;9;10;20;8;17;0;5;0;4;0;0;0;0;0;4;0;0;0;0;0;0;0;0;0;0;0;0;0;0;0;1
2917904;Jandaíra;BA;Mapeado;2026-09;18;48;1;6;11;28;4;18;0;5;1;2;0;0;0;0;1;5;0;0;0;0;0;0;0;0;0;0;0;0;0;0;1;6
2918001;Jequié;BA;Mapeado;2026-09;705;997;78;161;260;389;328;574;45;109;33;66;0;0;0;0;12;41;1;5;0;4;10;12;1;1;0;0;2;3;2;3;11;38
2918100;Jeremoabo;BA;Mapeado;2026-09;61;115;3;27;40;71;10;64;0;14;3;18;0;0;0;0;1;12;0;0;0;2;7;9;0;0;0;0;0;3;0;1;0;4
2918209;Jiquiriçá;BA;Mapeado;2026-09;23;46;3;9;11;21;9;27;2;5;1;4;0;0;0;0;0;3;0;0;0;0;0;1;0;0;0;0;0;0;0;0;0;2
2918308;Jitaúna;BA;Mapeado;2026-09;25;56;5;13;9;13;8;23;4;9;1;6;0;0;0;0;0;9;0;0;0;2;1;1;1;1;0;0;0;1;0;0;1;11
2918357;João Dourado;BA;Mapeado;2026-09;47;94;10;20;19;40;15;62;6;13;4;9;0;0;0;0;0;3;0;0;0;1;2;2;0;0;0;0;0;0;0;0;1;6
2918407;Juazeiro;BA;Mapeado;2026-09;888;1391;104;255;343;599;376;822;60;168;44;110;0;0;0;0;33;123;1;7;0;11;12;17;4;8;0;0;1;3;0;8;14;68
2918456;Jucuruçu;BA;Mapeado;2026-09;12;26;2;7;5;14;5;16;1;4;1;3;0;0;0;0;0;0;0;0;0;0;0;0;0;0;0;0;0;0;0;0;0;0
2918506;Jussara;BA;Mapeado;2026-09;16;31;1;5;7;13;6;16;0;2;1;4;0;0;0;0;1;2;0;0;0;0;1;2;0;0;0;0;0;0;0;0;0;1
2918555;Jussari;BA;Mapeado;2026-09;16;35;4;13;7;12;5;27;2;8;2;10;0;0;0;0;0;5;0;0;0;0;0;0;0;0;0;0;0;1;0;0;0;0
2918605;Jussiape;BA;Mapeado;2026-09;10;17;1;5;3;8;6;11;1;3;0;2;0;0;0;0;0;1;0;0;0;0;0;0;0;0;0;0;0;0;0;0;0;0
2918704;Lafaiete Coutinho;BA;Mapeado;2026-09;5;20;1;5;2;5;2;15;1;3;0;2;0;0;0;0;0;2;0;0;0;0;0;0;0;0;0;0;0;0;0;0;0;1
2918753;Lagoa Real;BA;Mapeado;2026-09;11;29;1;12;4;8;5;20;1;8;0;4;0;0;0;0;1;2;0;1;0;0;0;0;0;0;0;0;0;0;0;1;0;1
2918803;Laje;BA;Mapeado;2026-09;37;70;4;24;19;32;14;41;4;19;0;9;0;0;0;0;0;3;0;0;0;0;0;0;0;0;0;0;0;2;0;0;0;3
2919009;Lajedinho;BA;Mapeado;2026-09;5;13;0;2;4;9;1;5;0;1;0;2;0;0;0;0;0;2;0;0;0;0;0;0;0;1;0;0;0;0;0;0;0;0
2919058;Lajedo do Tabocal;BA;Mapeado;2026-09;10;23;2;6;4;10;4;13;0;4;2;4;0;0;0;0;0;3;0;0;0;0;0;0;0;0;0;0;0;0;0;0;0;0
2918902;Lajedão;BA;Mapeado;2026-09;13;18;7;8;2;6;4;11;5;7;2;2;0;0;0;0;0;2;0;0;0;0;0;0;0;0;0;0;0;0;0;0;0;0
2919108;Lamarão;BA;Mapeado;2026-09;6;10;4;9;1;5;0;4;3;6;1;4;0;0;0;0;1;3;0;0;0;0;0;0;0;0;0;0;0;1;0;0;0;0
2919157;Lapão;BA;Mapeado;2026-09;21;50;4;14;13;21;4;20;1;2;3;12;0;0;0;0;0;4;0;0;0;0;0;0;0;0;0;0;0;0;0;0;0;8
2919207;Lauro de Freitas;BA;Mapeado;2026-09;1489;2429;147;470;679;1076;582;1273;73;292;74;232;0;0;1;6;24;134;2;7;0;33;17;21;3;5;0;0;0;3;3;13;31;161
2919306;Lençóis;BA;Mapeado;2026-09;105;190;8;48;72;123;23;109;6;33;2;20;0;0;0;1;1;10;0;4;0;3;1;1;0;0;0;0;0;0;0;0;0;3
2919405;Licínio de Almeida;BA;Mapeado;2026-09;25;49;3;11;6;16;15;39;1;8;2;5;0;0;0;0;0;2;0;0;0;0;1;1;0;0;0;0;0;1;0;0;0;1
2919504;Livramento de Nossa Senhora;BA;Mapeado;2026-09;148;242;18;54;41;86;76;160;13;37;5;19;0;0;0;0;2;14;1;2;0;2;4;4;1;1;0;0;0;1;2;3;3;6
2919553;Luís Eduardo Magalhães;BA;Mapeado;2026-09;825;1379;171;415;307;652;285;804;119;301;52;159;0;0;0;2;28;80;1;3;0;5;18;21;3;5;0;1;0;9;1;8;11;57
2919603;Macajuba;BA;Mapeado;2026-09;13;30;0;6;7;11;6;19;0;5;0;1;0;0;0;0;0;2;0;0;0;0;0;0;0;0;0;0;0;1;0;0;0;0
2919702;Macarani;BA;Mapeado;2026-09;34;51;7;13;13;21;13;20;4;9;3;4;0;0;0;0;1;3;0;0;0;1;0;0;0;0;0;0;0;0;0;0;0;2
2919801;Macaúbas;BA;Mapeado;2026-09;94;196;15;68;37;86;35;132;9;48;6;32;0;0;0;1;1;14;0;1;0;1;2;2;0;0;0;0;1;1;1;3;2;6
2919900;Macururé;BA;Mapeado;2026-09;6;15;1;2;5;9;0;3;1;1;0;1;0;0;0;0;0;2;0;0;0;1;0;0;0;0;0;0;0;0;0;0;0;1
2919926;Madre de Deus;BA;Mapeado;2026-09;88;186;15;48;40;85;28;99;8;27;7;24;0;0;0;0;4;17;0;0;0;0;1;2;0;0;0;0;0;0;0;0;0;9
2919959;Maetinga;BA;Mapeado;2026-09;11;21;2;5;3;7;5;15;1;3;1;3;0;0;0;0;0;0;0;0;0;0;0;0;0;0;0;0;0;0;0;0;1;1
2920007;Maiquinique;BA;Mapeado;2026-09;16;44;1;8;12;22;2;24;0;3;1;6;0;0;0;0;0;10;0;0;0;0;1;2;0;0;0;0;0;0;0;0;0;0
2920106;Mairi;BA;Mapeado;2026-09;33;67;7;24;16;27;8;45;4;18;3;8;0;0;0;0;1;7;0;0;0;0;1;1;0;0;0;0;0;0;0;0;0;3
2920205;Malhada;BA;Mapeado;2026-09;14;31;2;5;8;17;4;18;2;5;0;1;0;0;0;0;0;0;0;0;0;0;0;0;0;0;0;0;0;0;0;0;0;1
2920304;Malhada de Pedras;BA;Mapeado;2026-09;14;27;0;6;6;9;8;16;0;4;0;4;0;0;0;0;0;3;0;0;0;0;0;1;0;0;0;0;0;0;0;0;0;3
2920403;Manoel Vitorino;BA;Mapeado;2026-09;12;41;2;7;5;19;5;25;2;7;0;0;0;0;0;0;0;5;0;0;0;0;0;0;0;0;0;0;0;0;0;0;0;1
2920452;Mansidão;BA;Mapeado;2026-09;9;35;3;7;3;27;2;12;0;2;3;5;0;0;0;0;0;2;0;0;0;0;0;0;0;0;0;0;0;1;0;0;1;1
2920502;Maracás;BA;Mapeado;2026-09;77;167;14;40;36;85;22;100;6;22;8;24;0;0;0;0;3;17;0;2;0;3;1;1;0;0;0;0;0;3;0;0;1;5
2920601;Maragogipe;BA;Mapeado;2026-09;59;136;11;38;18;50;26;87;5;28;6;20;0;0;0;0;1;7;0;4;0;1;3;3;0;1;0;0;0;2;0;1;0;2
2920700;Maraú;BA;Mapeado;2026-09;253;449;41;163;155;297;46;195;20;115;21;69;0;0;0;3;6;29;0;1;1;4;1;3;0;0;0;0;0;0;0;0;3;26
2920809;Marcionílio Souza;BA;Mapeado;2026-09;8;22;4;11;1;8;2;12;0;8;4;8;0;0;0;0;0;4;0;0;0;0;1;1;0;0;0;0;0;1;0;0;0;2
2920908;Mascote;BA;Mapeado;2026-09;23;46;1;6;10;16;8;34;0;4;1;3;0;0;0;0;1;1;0;0;0;1;1;1;0;0;0;0;1;1;0;0;1;3
2921005;Mata de São João;BA;Mapeado;2026-09;390;632;39;142;229;342;98;273;23;95;16;61;0;0;0;1;5;33;0;2;1;5;5;12;2;3;0;0;0;2;0;0;11;47
2921054;Matina;BA;Mapeado;2026-09;7;15;0;5;4;8;3;15;0;2;0;4;0;0;0;0;0;3;0;0;0;0;0;0;0;0;0;0;0;0;0;0;0;0
2921104;Medeiros Neto;BA;Mapeado;2026-09;74;116;18;36;23;43;30;71;10;21;8;17;0;0;0;0;3;10;0;0;0;1;0;1;0;0;0;0;0;0;0;0;0;0
2921203;Miguel Calmon;BA;Mapeado;2026-09;60;153;16;38;13;37;26;100;9;21;7;22;0;0;0;1;1;14;0;0;0;1;3;3;0;0;0;0;0;0;0;1;1;4
2921302;Milagres;BA;Mapeado;2026-09;28;54;6;9;15;30;7;41;3;5;3;5;0;0;0;0;0;4;0;0;0;0;0;0;0;0;0;0;0;0;0;0;0;1
2921401;Mirangaba;BA;Mapeado;2026-09;32;50;9;24;12;21;9;28;2;10;7;18;0;0;0;0;1;7;0;0;0;0;1;1;0;0;0;0;0;1;0;0;0;1
2921450;Mirante;BA;Mapeado;2026-09;10;25;2;6;4;10;4;15;1;4;1;3;0;0;0;0;0;3;0;0;0;0;0;0;0;0;0;0;0;0;0;0;0;1
2921500;Monte Santo;BA;Mapeado;2026-09;59;132;18;35;23;48;17;75;10;21;8;20;0;0;0;0;1;13;0;0;0;5;0;0;0;0;0;0;0;0;0;1;0;7
2921609;Morpará;BA;Mapeado;2026-09;10;25;2;4;4;10;3;19;0;0;2;4;0;0;0;0;1;5;0;0;0;0;0;0;0;0;0;0;0;0;0;0;0;0
2921708;Morro do Chapéu;BA;Mapeado;2026-09;147;241;57;97;40;91;47;129;37;61;20;40;0;0;0;0;2;14;0;0;0;0;0;1;0;1;0;0;0;1;0;0;1;8
2921807;Mortugaba;BA;Mapeado;2026-09;15;30;5;7;5;11;5;17;4;6;1;3;0;0;0;0;0;1;0;0;0;0;0;0;0;0;0;0;0;0;0;0;0;0
2921906;Mucugê;BA;Mapeado;2026-09;101;183;12;59;56;102;30;107;9;38;3;21;0;0;0;0;0;11;0;2;0;3;1;1;0;0;0;0;0;1;0;1;2;9
2922003;Mucuri;BA;Mapeado;2026-09;221;388;74;159;65;158;69;234;47;120;27;68;0;0;0;0;4;25;0;0;0;1;5;6;0;1;0;0;0;1;1;4;3;8
2922052;Mulungu do Morro;BA;Mapeado;2026-09;22;36;1;2;17;27;3;6;0;0;1;2;0;0;0;0;0;4;0;2;0;0;0;0;1;1;0;0;0;0;0;0;0;0
2922102;Mundo Novo;BA;Mapeado;2026-09;36;81;5;13;11;23;15;45;4;10;1;4;0;0;0;0;2;7;0;3;0;1;3;4;0;1;0;0;0;1;0;0;0;4
2922201;Muniz Ferreira;BA;Mapeado;2026-09;13;37;2;5;6;12;4;21;1;4;1;3;0;0;0;0;1;5;0;0;0;0;0;0;0;0;0;0;0;0;0;0;0;3
2922250;Muquém do São Francisco;BA;Mapeado;2026-09;15;28;1;4;8;19;6;19;1;2;0;2;0;0;0;0;0;0;0;0;0;0;0;0;0;0;0;0;0;0;0;0;0;1
2922300;Muritiba;BA;Mapeado;2026-09;67;151;14;36;25;56;22;80;7;22;7;19;0;0;0;0;2;11;0;6;0;5;2;2;1;1;0;0;0;0;0;2;1;9
2922409;Mutuípe;BA;Mapeado;2026-09;40;65;6;15;14;25;17;43;3;11;3;5;0;0;0;0;0;3;0;0;0;0;2;2;0;0;0;0;0;0;0;0;1;4
2922508;Nazaré;BA;Mapeado;2026-09;91;168;17;42;35;66;30;96;7;19;10;24;0;0;0;0;2;26;0;0;0;0;5;5;0;1;0;0;0;1;2;3;0;5
2922607;Nilo Peçanha;BA;Mapeado;2026-09;15;35;4;12;6;13;4;13;2;8;2;8;0;0;0;0;0;1;0;0;0;0;0;0;0;0;0;0;0;0;0;0;1;4
2922656;Nordestina;BA;Mapeado;2026-09;14;36;5;11;5;16;4;18;1;5;4;9;0;0;0;0;0;3;0;0;0;0;0;0;0;0;0;0;0;1;0;0;0;6
2922706;Nova Canaã;BA;Mapeado;2026-09;10;31;1;3;5;13;3;22;0;0;1;3;0;0;0;0;0;3;0;0;0;0;1;1;0;0;0;0;0;0;0;1;0;1
2922730;Nova Fátima;BA;Mapeado;2026-09;19;40;4;15;7;12;7;21;2;9;2;8;0;0;0;0;1;5;0;0;0;2;0;0;0;0;0;0;0;0;0;0;0;3
2922755;Nova Ibiá;BA;Mapeado;2026-09;8;16;1;3;2;6;5;13;1;3;0;0;0;0;0;0;0;1;0;0;0;0;0;0;0;0;0;0;0;0;0;0;0;0
2922805;Nova Itarana;BA;Mapeado;2026-09;15;29;0;6;7;15;8;20;0;3;0;3;0;0;0;0;0;1;0;1;0;0;0;0;0;0;0;0;0;1;0;0;0;1
2922854;Nova Redenção;BA;Mapeado;2026-09;15;27;1;8;7;12;7;19;1;5;0;3;0;0;0;0;0;0;0;0;0;0;0;0;0;0;0;0;0;1;0;0;0;0
2922904;Nova Soure;BA;Mapeado;2026-09;41;75;4;25;18;31;17;51;2;19;2;9;0;0;0;0;0;4;0;0;0;0;1;1;0;0;0;0;1;1;0;0;0;2
2923001;Nova Viçosa;BA;Mapeado;2026-09;191;309;31;92;82;124;67;187;18;59;13;38;0;0;0;0;4;15;0;0;0;0;4;4;1;1;0;0;0;2;0;1;2;6
2923035;Novo Horizonte;BA;Mapeado;2026-09;17;32;0;3;4;12;12;19;0;2;0;1;0;0;0;0;1;3;0;1;0;0;0;0;0;0;0;0;0;0;0;0;0;1
2923050;Novo Triunfo;BA;Mapeado;2026-09;12;27;2;4;6;9;4;12;1;3;1;1;0;0;0;0;0;8;0;0;0;0;0;0;0;0;0;0;0;0;0;0;0;3
2923100;Olindina;BA;Mapeado;2026-09;37;78;4;18;16;35;13;38;1;10;3;11;0;0;0;0;3;15;0;0;0;1;0;0;0;1;0;0;1;2;0;1;0;4
2923209;Oliveira dos Brejinhos;BA;Mapeado;2026-09;62;124;11;36;25;60;24;77;7;31;4;10;0;0;0;0;1;7;0;0;0;0;1;1;0;0;0;0;0;0;0;1;0;5
2923308;Ouriçangas;BA;Mapeado;2026-09;8;13;0;8;5;8;3;8;0;3;0;5;0;0;0;0;0;1;0;0;0;0;0;0;0;0;0;0;0;0;0;0;0;0
2923357;Ourolândia;BA;Mapeado;2026-09;41;79;7;17;18;35;15;47;1;5;6;14;0;0;0;0;0;9;0;0;0;1;0;0;0;0;0;0;0;2;0;0;1;4
2923407;Palmas de Monte Alto;BA;Mapeado;2026-09;37;75;10;32;11;23;14;41;6;15;4;20;0;0;0;1;0;2;0;0;0;0;2;2;0;0;0;0;0;0;0;0;0;2
2923506;Palmeiras;BA;Mapeado;2026-09;78;163;11;40;41;94;25;77;5;28;6;20;0;0;0;1;1;19;0;0;0;1;0;0;0;0;0;0;0;2;0;0;0;12
2923605;Paramirim;BA;Mapeado;2026-09;40;63;8;13;13;34;17;35;4;9;4;5;0;0;1;1;1;1;0;0;0;0;0;0;0;0;0;0;0;0;0;0;0;1
2923704;Paratinga;BA;Mapeado;2026-09;29;63;0;21;16;28;11;52;0;18;0;6;0;0;0;0;2;4;0;0;0;0;0;0;0;0;0;0;0;0;0;1;0;0
2923803;Paripiranga;BA;Mapeado;2026-09;28;53;1;10;9;19;13;35;0;6;1;6;0;0;0;0;0;3;0;0;0;0;3;3;0;0;0;0;0;2;0;0;2;5
2923902;Pau Brasil;BA;Mapeado;2026-09;23;40;3;11;5;14;14;29;2;6;1;7;0;0;0;0;0;0;0;0;0;0;1;1;0;0;0;0;0;1;0;0;0;1
2924009;Paulo Afonso;BA;Mapeado;2026-09;460;838;42;152;216;375;170;485;23;110;19;69;0;0;0;3;10;80;1;3;0;29;12;18;1;3;0;0;1;3;2;6;5;53
2924207;Pedro Alexandre;BA;Mapeado;2026-09;6;8;0;1;4;4;1;3;0;1;0;0;0;0;0;0;0;0;0;0;0;0;0;0;0;0;0;0;0;0;1;1;0;0
2924108;Pedrão;BA;Mapeado;2026-09;7;18;3;8;2;10;1;10;1;5;2;3;0;0;0;0;0;2;0;0;0;0;0;0;0;0;0;0;0;0;0;0;1;1
2924306;Piatã;BA;Mapeado;2026-09;39;90;5;23;14;44;19;53;2;13;3;12;0;0;0;0;0;5;0;1;0;0;1;1;0;0;0;0;0;2;0;0;0;8
2924405;Pilão Arcado;BA;Mapeado;2026-09;20;39;3;9;6;21;10;30;0;3;3;8;0;0;0;0;1;7;0;0;0;0;0;1;0;0;0;0;0;0;0;0;0;1
2924504;Pindaí;BA;Mapeado;2026-09;16;37;1;6;5;11;10;26;1;3;0;3;0;0;0;1;0;3;0;0;0;0;0;0;0;0;0;0;0;0;0;0;0;0
2924603;Pindobaçu;BA;Mapeado;2026-09;38;64;3;20;16;31;19;34;2;15;1;9;0;0;0;1;0;2;0;0;0;0;0;0;0;0;0;0;0;0;0;0;0;3
2924652;Pintadas;BA;Mapeado;2026-09;11;40;1;10;0;11;8;24;0;6;1;6;0;0;0;0;0;4;0;0;0;0;2;2;0;0;0;0;0;0;0;0;0;5
2924678;Piraí do Norte;BA;Mapeado;2026-09;12;22;1;9;6;9;4;11;0;3;1;7;0;0;0;0;0;4;0;0;0;0;0;0;0;0;0;0;0;0;1;1;0;0
2924702;Piripá;BA;Mapeado;2026-09;12;35;1;11;6;17;5;18;1;8;0;4;0;0;0;0;0;1;0;0;0;0;0;0;0;0;0;0;0;0;0;1;0;2
2924801;Piritiba;BA;Mapeado;2026-09;29;68;4;16;11;32;12;39;4;14;0;3;0;0;0;0;0;6;0;1;0;2;0;0;0;0;0;0;0;0;0;0;2;3
2924900;Planaltino;BA;Mapeado;2026-09;4;30;1;8;1;16;1;16;0;5;1;4;0;0;0;0;0;2;0;0;0;0;0;0;0;0;0;0;1;2;0;0;0;0
2925006;Planalto;BA;Mapeado;2026-09;55;93;16;26;22;33;16;51;9;15;7;13;0;0;0;0;0;2;0;0;0;1;1;1;0;0;0;0;0;0;0;0;0;1
2925204;Pojuca;BA;Mapeado;2026-09;144;261;44;85;36;83;50;135;10;39;34;58;0;0;0;0;5;16;0;1;0;1;5;6;1;4;0;0;1;1;0;1;2;4
2925253;Ponto Novo;BA;Mapeado;2026-09;27;54;2;9;11;17;14;37;1;3;1;6;0;0;0;0;0;7;0;0;0;0;0;2;0;0;0;0;0;0;0;0;0;1
2925303;Porto Seguro;BA;Mapeado;2026-09;2007;3587;224;1179;1046;1988;617;1983;121;831;103;513;0;0;0;10;44;335;2;15;3;47;16;22;5;14;1;1;0;12;1;10;48;218
2925402;Potiraguá;BA;Mapeado;2026-09;20;45;0;12;10;20;10;39;0;10;0;2;0;0;0;0;0;2;0;0;0;0;0;0;0;0;0;0;0;0;0;0;0;1
2925105;Poções;BA;Mapeado;2026-09;103;191;21;42;35;75;42;124;9;25;12;19;0;0;0;0;2;13;0;1;0;0;2;2;0;2;0;0;0;0;0;2;1;6
2925501;Prado;BA;Mapeado;2026-09;280;465;35;134;161;287;73;242;17;78;18;74;0;0;0;0;2;28;0;1;0;4;5;5;0;0;0;0;0;0;0;4;4;26
2925600;Presidente Dutra;BA;Mapeado;2026-09;7;17;0;2;3;8;4;11;0;2;0;0;0;0;0;0;0;2;0;0;0;0;0;0;0;0;0;0;0;0;0;0;0;0
2925709;Presidente Jânio Quadros;BA;Mapeado;2026-09;18;42;0;17;9;22;7;23;0;15;0;3;0;0;0;0;0;5;0;0;0;0;2;2;0;0;0;0;0;1;0;1;0;1
2925758;Presidente Tancredo Neves;BA;Mapeado;2026-09;36;112;5;13;15;41;13;75;2;10;3;5;0;0;0;0;1;13;0;0;0;2;1;3;0;1;0;0;1;1;0;1;0;7
2924058;Pé de Serra;BA;Mapeado;2026-09;23;52;3;9;8;17;10;25;2;6;1;6;0;0;0;0;0;2;0;0;0;6;1;1;1;1;0;0;0;0;0;0;0;5
2925808;Queimadas;BA;Mapeado;2026-09;62;123;8;26;29;56;18;62;5;12;3;14;0;0;0;0;2;12;0;0;1;1;2;3;0;0;0;0;0;0;0;1;2;5
2925907;Quijingue;BA;Mapeado;2026-09;25;46;1;12;13;20;8;24;0;6;1;8;0;0;0;0;1;8;0;0;0;2;2;2;0;0;0;0;0;1;0;0;0;1
2925931;Quixabeira;BA;Mapeado;2026-09;9;21;1;1;6;12;2;7;1;1;0;0;0;0;0;0;0;3;0;0;0;0;0;0;0;0;0;0;0;0;0;0;0;2
2925956;Rafael Jambeiro;BA;Mapeado;2026-09;24;40;5;6;14;26;4;29;4;5;1;2;0;0;0;0;1;1;0;0;0;0;0;0;0;0;0;0;0;0;0;0;0;0
2926004;Remanso;BA;Mapeado;2026-09;103;176;17;46;39;85;37;116;10;27;7;24;0;0;0;0;5;21;0;0;0;1;3;3;0;0;0;0;0;0;1;1;1;4
2926103;Retirolândia;BA;Mapeado;2026-09;21;60;2;13;11;23;7;33;1;10;1;6;0;0;0;0;0;8;0;0;0;2;1;2;0;3;0;0;0;1;0;0;0;5
2926400;Riacho de Santana;BA;Mapeado;2026-09;42;72;5;12;19;32;14;49;1;6;4;7;0;0;0;0;3;8;0;0;0;1;1;1;0;1;0;0;0;0;0;1;0;1
2926202;Riachão das Neves;BA;Mapeado;2026-09;28;64;2;10;14;20;11;39;0;7;2;5;0;0;0;0;1;5;0;0;0;1;0;0;0;0;0;0;0;0;0;1;0;3
2926301;Riachão do Jacuípe;BA;Mapeado;2026-09;109;187;22;56;33;66;42;101;10;36;12;26;0;0;0;0;5;21;0;0;1;4;3;4;0;0;0;0;0;1;2;4;1;11
2926509;Ribeira do Amparo;BA;Mapeado;2026-09;14;31;1;7;3;12;6;19;0;5;1;3;0;0;0;0;1;4;0;0;0;0;1;1;0;0;0;0;0;0;0;0;2;2
2926608;Ribeira do Pombal;BA;Mapeado;2026-09;138;274;12;54;62;136;54;174;6;39;6;26;0;0;0;1;5;20;0;0;0;4;4;6;0;2;0;0;0;1;0;1;1;16
2926657;Ribeirão do Largo;BA;Mapeado;2026-09;10;22;2;9;5;12;3;8;0;5;2;6;0;0;0;0;0;2;0;0;0;0;0;0;0;0;0;0;0;0;0;0;0;3
2927002;Rio Real;BA;Mapeado;2026-09;63;140;6;22;26;51;25;99;3;15;3;8;0;0;0;1;2;18;0;1;0;1;3;4;1;3;0;0;0;2;0;1;0;7
2926707;Rio de Contas;BA;Mapeado;2026-09;49;107;3;31;29;51;16;57;1;21;2;11;0;0;0;0;1;8;0;2;0;2;0;0;0;0;0;0;0;0;0;0;0;6
2926806;Rio do Antônio;BA;Mapeado;2026-09;18;43;3;12;4;14;9;26;2;9;1;4;0;0;0;1;0;1;0;1;0;1;2;2;0;0;0;0;0;0;0;1;0;2
2926905;Rio do Pires;BA;Mapeado;2026-09;13;26;1;4;4;10;8;19;0;3;1;1;0;0;0;0;0;1;0;0;0;0;0;0;0;0;0;0;0;0;0;0;0;0
2927101;Rodelas;BA;Mapeado;2026-09;16;40;2;8;5;13;9;29;1;4;1;5;0;0;0;0;0;2;0;0;0;1;0;0;0;0;0;0;0;0;0;0;0;0
2927200;Ruy Barbosa;BA;Mapeado;2026-09;55;103;4;19;20;48;29;66;2;9;2;11;0;0;0;0;0;9;0;0;0;0;0;1;0;0;0;0;1;1;0;0;1;3
2927309;Salinas da Margarida;BA;Mapeado;2026-09;40;84;9;24;24;48;6;46;6;17;3;12;0;0;0;0;0;5;0;0;0;0;1;1;0;0;0;0;0;0;0;0;0;1
2927408;Salvador;BA;Mapeado;2026-09;13157;21598;1933;4828;5772;9210;4703;11239;1067;3085;866;2339;0;0;6;22;227;1104;20;69;12;217;97;115;12;19;2;2;11;47;15;83;347;1665
2927606;Santa Brígida;BA;Mapeado;2026-09;16;40;1;12;8;16;7;23;1;11;0;5;0;0;0;0;0;5;0;0;0;1;0;0;0;0;0;0;0;0;0;0;0;0
2927507;Santa Bárbara;BA;Mapeado;2026-09;27;60;2;6;8;21;17;38;0;3;2;4;0;0;0;0;0;5;0;0;0;2;0;0;0;1;0;0;0;0;0;0;0;5
2927705;Santa Cruz Cabrália;BA;Mapeado;2026-09;285;452;33;144;167;257;73;238;23;99;10;57;0;0;0;0;2;32;0;0;0;0;1;2;0;0;0;0;1;2;0;0;8;32
2927804;Santa Cruz da Vitória;BA;Mapeado;2026-09;8;17;2;4;2;5;4;9;1;2;1;2;0;0;0;0;0;2;0;0;0;0;0;1;0;0;0;0;0;0;0;0;0;0
2927903;Santa Inês;BA;Mapeado;2026-09;44;63;12;23;12;22;19;33;6;15;6;10;0;0;0;0;1;1;0;0;0;0;0;0;0;0;0;0;0;0;0;0;0;1
2928059;Santa Luzia;BA;Mapeado;2026-09;12;27;2;8;3;10;7;19;2;6;0;2;0;0;0;0;0;1;0;0;0;0;0;0;0;0;0;0;0;0;0;0;0;1
2928109;Santa Maria da Vitória;BA;Mapeado;2026-09;95;207;11;68;37;83;42;129;5;42;6;39;0;0;0;0;1;21;0;2;0;0;3;4;0;0;0;0;0;0;0;2;1;9
2928406;Santa Rita de Cássia;BA;Mapeado;2026-09;44;80;6;25;16;31;19;48;1;11;5;19;0;0;0;0;2;13;0;0;0;0;1;1;0;0;0;0;0;1;0;0;0;1
2928505;Santa Terezinha;BA;Mapeado;2026-09;26;48;3;15;13;22;10;29;0;10;3;8;0;0;0;0;0;1;0;0;0;2;0;0;0;0;0;0;0;1;0;0;0;2
2928000;Santaluz;BA;Mapeado;2026-09;79;198;8;49;41;90;27;113;4;34;4;25;0;0;0;1;1;31;0;0;0;1;1;1;0;1;0;0;0;0;1;5;0;8
2928208;Santana;BA;Mapeado;2026-09;52;91;2;29;28;45;18;45;1;23;1;17;0;0;0;0;1;11;0;0;0;5;1;2;0;0;0;0;0;0;0;0;2;4
2928307;Santanópolis;BA;Mapeado;2026-09;8;26;1;3;4;7;3;10;1;2;0;1;0;0;0;0;0;8;0;0;0;2;0;0;0;0;0;0;0;0;0;1;0;2
2928604;Santo Amaro;BA;Mapeado;2026-09;154;273;37;79;63;108;43;133;27;55;10;36;0;0;0;0;4;21;0;1;0;3;5;5;0;0;0;0;0;1;0;1;2;14
2928703;Santo Antônio de Jesus;BA;Mapeado;2026-09;529;832;77;177;191;309;227;494;50;125;27;73;0;0;0;0;12;51;0;4;0;7;10;11;2;3;0;0;0;2;1;7;9;48
2928802;Santo Estêvão;BA;Mapeado;2026-09;112;226;17;52;43;104;44;129;8;35;9;25;0;0;0;0;3;38;0;1;0;4;0;0;0;1;0;0;2;4;0;3;3;12
2929602;Sapeaçu;BA;Mapeado;2026-09;41;88;10;25;17;31;12;44;6;15;4;11;0;0;0;0;0;2;0;0;0;1;0;6;0;1;0;0;0;0;1;1;1;6
2929750;Saubara;BA;Mapeado;2026-09;29;60;5;20;15;34;6;26;3;13;2;10;0;0;0;0;1;3;0;0;0;1;2;3;0;0;0;0;0;0;0;0;0;1
2929800;Saúde;BA;Mapeado;2026-09;18;39;6;11;6;12;6;17;4;6;2;5;0;0;0;0;0;7;0;1;0;1;0;0;0;0;0;0;0;0;0;0;0;1
2929909;Seabra;BA;Mapeado;2026-09;138;219;22;49;62;99;48;128;13;30;9;22;0;0;0;1;4;15;0;0;0;0;2;3;0;2;0;1;0;1;0;1;0;8
2930006;Sebastião Laranjeiras;BA;Mapeado;2026-09;12;23;0;8;5;11;6;14;0;5;0;4;0;0;0;0;1;3;0;0;0;0;0;1;0;0;0;0;0;1;0;1;0;1
2930105;Senhor do Bonfim;BA;Mapeado;2026-09;283;506;34;119;118;227;111;278;17;75;17;66;0;0;0;2;8;33;0;6;0;6;8;11;0;0;0;0;0;0;1;2;3;25
2930204;Sento Sé;BA;Mapeado;2026-09;43;89;2;13;24;49;12;55;0;7;2;8;0;0;0;0;2;5;0;0;0;1;2;2;0;0;0;0;0;0;1;2;0;1
2930303;Serra Dourada;BA;Mapeado;2026-09;20;46;2;14;7;16;10;26;1;9;1;8;0;0;0;0;0;3;0;0;0;0;0;0;0;0;0;0;0;1;0;0;1;2
2930402;Serra Preta;BA;Mapeado;2026-09;25;46;1;7;11;23;7;34;1;5;0;3;0;0;0;0;2;2;0;0;0;0;4;4;0;0;0;0;0;0;0;0;0;0
2930154;Serra do Ramalho;BA;Mapeado;2026-09;39;91;5;14;14;35;18;58;1;5;4;10;0;0;0;0;1;8;0;0;0;0;1;1;0;0;0;0;0;0;0;0;0;4
2930501;Serrinha;BA;Mapeado;2026-09;244;502;26;109;89;192;89;256;16;69;10;51;0;0;0;1;15;65;1;3;0;16;12;19;0;2;0;0;1;1;3;6;8;37
2930600;Serrolândia;BA;Mapeado;2026-09;26;58;3;16;14;23;8;31;2;13;1;13;0;0;0;0;0;13;0;0;0;1;1;1;0;0;0;0;0;0;0;0;0;3
2930709;Simões Filho;BA;Mapeado;2026-09;500;847;65;132;239;381;167;445;31;76;34;67;0;0;1;4;13;53;0;3;0;4;6;7;0;0;0;1;1;4;0;4;8;41
2930774;Sobradinho;BA;Mapeado;2026-09;70;135;17;36;19;51;27;71;9;22;8;17;0;0;0;1;4;15;0;1;0;2;1;2;0;0;0;0;0;0;1;3;1;7
2930808;Souto Soares;BA;Mapeado;2026-09;17;35;1;11;11;20;4;15;1;7;0;5;0;0;0;0;0;2;0;0;0;0;0;0;0;0;0;0;0;2;0;0;1;1
2929701;Sátiro Dias;BA;Mapeado;2026-09;13;33;0;8;6;12;7;21;0;4;0;4;0;0;0;0;0;2;0;0;0;0;0;0;0;0;0;0;0;0;0;0;0;3
2928901;São Desidério;BA;Mapeado;2026-09;82;160;11;45;37;84;27;95;4;25;7;25;0;0;0;0;2;11;0;0;1;3;3;3;0;0;0;0;0;0;0;0;1;8
2928950;São Domingos;BA;Mapeado;2026-09;18;40;5;13;5;16;8;23;1;4;4;11;0;0;0;0;0;7;0;0;0;0;0;0;0;0;0;0;0;0;0;0;0;4
2929107;São Felipe;BA;Mapeado;2026-09;45;88;13;25;9;34;20;53;10;17;3;10;0;0;0;0;2;8;0;1;0;2;0;0;0;0;0;0;1;1;0;0;0;2
2929206;São Francisco do Conde;BA;Mapeado;2026-09;87;163;25;58;27;70;27;81;14;40;11;29;0;0;0;1;4;11;0;0;0;2;2;2;0;0;0;0;0;0;1;1;1;8
2929008;São Félix;BA;Mapeado;2026-09;17;50;2;4;5;19;9;25;2;2;0;2;0;0;0;0;0;3;0;2;0;1;1;1;0;0;0;0;0;0;0;1;0;8
2929057;São Félix do Coribe;BA;Mapeado;2026-09;57;101;14;26;14;40;22;63;7;13;7;16;0;0;0;0;2;9;0;0;0;0;3;3;0;0;0;0;1;2;1;1;0;1
2929255;São Gabriel;BA;Mapeado;2026-09;27;50;5;17;14;25;6;23;2;10;3;8;0;0;0;0;1;8;0;0;0;0;0;3;0;0;0;0;1;2;0;1;0;3
2929305;São Gonçalo dos Campos;BA;Mapeado;2026-09;96;185;21;56;44;87;25;92;8;32;13;31;0;0;0;0;5;16;0;0;0;2;1;3;0;0;0;0;0;1;0;1;0;12
2929354;São José da Vitória;BA;Mapeado;2026-09;12;26;0;3;7;11;4;15;0;2;0;1;0;0;0;0;0;2;0;0;0;0;0;0;0;0;0;0;0;0;0;0;1;2
2929370;São José do Jacuípe;BA;Mapeado;2026-09;9;30;0;3;1;9;6;15;0;3;0;1;0;0;0;0;1;1;0;0;0;0;1;2;0;0;0;0;0;3;0;0;0;5
2929404;São Miguel das Matas;BA;Mapeado;2026-09;16;27;5;6;7;9;4;16;5;5;0;1;0;0;0;0;0;1;0;0;0;0;0;0;0;0;0;0;0;0;0;0;0;0
2929503;São Sebastião do Passé;BA;Mapeado;2026-09;100;170;29;66;39;69;26;79;24;48;5;22;0;0;0;0;2;11;0;1;0;0;4;5;0;0;0;0;0;2;0;1;0;3
2930758;Sítio do Mato;BA;Mapeado;2026-09;8;17;1;5;3;7;2;9;1;3;0;3;0;0;0;0;2;4;0;0;0;1;0;0;0;0;0;0;0;1;0;0;0;1
2930766;Sítio do Quinto;BA;Mapeado;2026-09;13;33;2;10;6;18;5;17;1;6;1;6;0;0;0;0;0;6;0;0;0;0;0;0;0;0;0;0;0;0;0;0;0;1
2930907;Tabocas do Brejo Velho;BA;Mapeado;2026-09;20;43;0;4;8;16;9;34;0;2;0;2;0;0;0;0;1;5;0;0;0;0;1;1;0;0;0;0;1;1;0;2;0;0
2931004;Tanhaçu;BA;Mapeado;2026-09;61;122;12;33;25;47;22;79;7;24;5;14;0;0;0;1;0;8;0;0;0;3;2;2;0;0;0;0;0;1;0;0;0;5
2931053;Tanque Novo;BA;Mapeado;2026-09;18;39;2;10;8;16;7;24;1;8;1;3;0;0;0;0;0;2;0;0;0;2;0;0;0;0;0;0;0;0;0;0;1;3
2931103;Tanquinho;BA;Mapeado;2026-09;22;43;5;16;5;16;8;23;2;10;3;8;0;0;0;0;1;3;0;0;1;1;2;2;0;0;0;0;0;0;0;0;0;1
2931202;Taperoá;BA;Mapeado;2026-09;27;60;8;19;11;24;6;35;1;12;7;11;0;0;0;1;1;6;0;0;0;1;0;2;0;0;0;0;0;0;0;1;1;6
2931301;Tapiramutá;BA;Mapeado;2026-09;16;40;1;6;5;20;5;16;1;6;0;0;0;0;0;0;0;3;0;0;0;0;5;5;0;0;0;0;0;0;0;0;0;1
2931350;Teixeira de Freitas;BA;Mapeado;2026-09;868;1337;151;324;292;504;380;773;92;229;59;126;0;0;1;7;22;72;3;3;1;9;5;9;1;1;0;0;2;5;2;7;8;70
2931400;Teodoro Sampaio;BA;Mapeado;2026-09;19;37;3;10;7;17;7;21;1;6;2;4;0;0;0;0;1;4;0;1;0;1;1;1;0;0;0;0;0;1;0;0;0;2
2931509;Teofilândia;BA;Mapeado;2026-09;34;70;3;16;17;36;10;45;1;12;2;11;0;0;0;0;1;8;0;0;0;0;3;3;0;0;0;0;0;0;0;0;0;3
2931608;Teolândia;BA;Mapeado;2026-09;19;41;4;8;7;13;6;23;2;4;2;5;0;0;0;0;2;4;0;0;0;1;0;0;0;0;0;0;0;0;0;0;0;2
2931707;Terra Nova;BA;Mapeado;2026-09;29;55;7;22;13;22;5;18;6;18;1;6;0;0;0;0;1;9;0;1;0;1;1;2;0;0;0;0;1;1;0;0;1;4
2931806;Tremedal;BA;Mapeado;2026-09;25;43;3;20;8;13;13;28;2;18;1;2;0;0;0;0;1;3;0;0;0;0;0;0;0;0;0;0;0;0;0;0;0;0
2931905;Tucano;BA;Mapeado;2026-09;121;218;19;50;57;114;38;143;8;26;11;27;0;0;0;0;2;20;0;1;0;6;4;4;0;0;0;0;0;1;0;2;1;5
2932002;Uauá;BA;Mapeado;2026-09;40;104;8;23;14;44;15;53;0;11;8;15;0;0;0;0;2;7;0;0;0;1;1;5;0;0;0;0;0;0;0;0;0;14
2932200;Ubaitaba;BA;Mapeado;2026-09;58;87;9;17;19;30;25;52;7;14;2;5;0;0;0;0;2;6;0;0;0;0;2;2;0;0;0;0;0;0;0;1;1;4
2932309;Ubatã;BA;Mapeado;2026-09;37;87;5;13;13;30;16;52;3;6;2;8;0;0;0;0;1;9;0;0;0;0;2;2;0;4;0;0;0;0;0;0;0;5
2932101;Ubaíra;BA;Mapeado;2026-09;31;51;3;15;15;21;13;34;2;10;1;6;0;0;0;0;0;6;0;0;0;0;0;0;0;0;0;0;0;0;0;1;0;2
2932408;Uibaí;BA;Mapeado;2026-09;13;25;1;2;6;11;5;20;1;2;0;0;0;0;0;0;0;1;0;0;0;0;0;0;0;0;0;0;0;0;1;1;0;0
2932457;Umburanas;BA;Mapeado;2026-09;34;67;11;17;14;36;8;32;1;10;10;14;0;0;0;0;1;8;0;0;0;0;0;0;0;1;0;0;0;0;0;2;0;1
2932507;Una;BA;Mapeado;2026-09;63;123;8;25;22;42;23;53;3;11;5;15;0;0;0;0;1;7;0;0;0;2;6;7;0;0;0;0;0;1;0;2;3;15
2932606;Urandi;BA;Mapeado;2026-09;57;104;16;31;11;27;28;73;12;22;4;11;0;0;0;0;2;8;0;0;0;5;0;0;0;0;0;0;0;1;0;0;0;2
2932705;Uruçuca;BA;Mapeado;2026-09;110;218;17;45;51;93;42;115;8;27;9;22;0;0;0;0;0;27;0;1;0;3;0;1;0;0;0;0;0;1;0;1;0;11
2932804;Utinga;BA;Mapeado;2026-09;27;66;4;20;11;22;10;43;2;19;2;3;0;0;0;0;1;4;0;0;0;1;1;2;0;0;0;0;0;1;0;1;0;4
2933000;Valente;BA;Mapeado;2026-09;86;234;8;61;43;108;27;129;4;41;4;40;0;0;0;0;0;52;0;0;0;2;2;4;0;9;0;0;0;1;0;2;6;27
2932903;Valença;BA;Mapeado;2026-09;389;620;44;135;182;286;145;361;33;111;11;39;0;0;0;2;5;22;1;1;0;4;7;9;0;3;0;0;0;2;0;1;5;25
2933174;Varzedo;BA;Mapeado;2026-09;12;40;4;8;4;16;4;20;3;6;1;2;0;0;0;0;0;2;0;0;0;0;0;0;0;1;0;0;0;0;0;0;0;5
2933208;Vera Cruz;BA;Mapeado;2026-09;170;310;31;82;90;164;35;145;14;43;17;48;0;0;0;1;6;28;0;1;0;1;3;5;0;2;0;1;0;1;0;2;5;19
2933257;Vereda;BA;Mapeado;2026-09;7;12;1;4;4;6;1;4;1;3;0;1;0;0;0;0;1;1;0;0;0;0;0;0;0;0;0;0;0;1;0;0;0;2
2933307;Vitória da Conquista;BA;Mapeado;2026-09;2137;3135;418;714;780;1217;821;1691;236;439;182;329;0;0;2;8;45;148;2;29;0;16;18;22;3;6;1;1;3;12;8;20;36;122
2933158;Várzea Nova;BA;Mapeado;2026-09;17;35;2;11;9;14;5;18;0;7;2;6;0;0;0;0;1;5;0;0;0;1;0;0;0;0;0;0;0;0;0;0;0;3
2933059;Várzea da Roça;BA;Mapeado;2026-09;14;40;2;8;6;11;6;19;1;4;1;5;0;0;0;0;0;5;0;0;0;0;0;3;0;0;0;0;0;3;0;0;0;10
2933109;Várzea do Poço;BA;Mapeado;2026-09;11;27;1;3;3;11;5;13;1;3;0;0;0;0;0;0;1;4;0;0;0;1;1;1;0;0;0;0;0;0;0;0;0;2
2933406;Wagner;BA;Mapeado;2026-09;14;32;1;7;8;17;5;16;1;2;0;6;0;0;0;0;0;4;0;0;0;0;0;0;0;1;0;0;0;0;0;0;0;2
2933455;Wanderley;BA;Mapeado;2026-09;16;34;2;10;3;8;10;24;0;5;2;5;0;0;0;0;0;2;0;0;0;0;1;1;0;0;0;0;0;0;0;0;0;0
2933505;Wenceslau Guimarães;BA;Mapeado;2026-09;34;68;7;19;14;30;11;36;4;13;3;11;0;0;0;0;1;5;0;0;0;0;1;2;0;1;0;0;0;0;0;0;0;1
2933604;Xique-Xique;BA;Mapeado;2026-09;82;149;11;38;31;69;34;83;2;19;9;22;0;0;0;0;3;11;0;0;0;0;1;2;0;0;0;0;0;0;0;0;2;8
2900405;Água Fria;BA;Mapeado;2026-09;13;46;3;12;8;20;2;26;1;8;2;4;0;0;0;0;0;6;0;0;0;0;0;0;0;1;0;0;0;1;0;0;0;5
2900504;Érico Cardoso;BA;Mapeado;2026-09;22;37;4;11;6;15;10;25;2;7;2;5;0;0;0;0;1;1;0;0;0;0;0;0;0;0;0;0;0;0;0;0;1;1
2300101;Abaiara;CE;Mapeado;2026-09;9;18;3;7;2;7;4;10;0;3;3;5;0;0;0;0;0;4;0;0;0;1;0;1;0;0;0;0;0;0;0;1;0;0
2300150;Acarape;CE;Mapeado;2026-09;43;65;1;7;12;18;22;42;1;4;0;5;0;0;0;0;8;9;0;0;0;0;0;0;0;0;0;0;0;1;0;0;0;2
2300200;Acaraú;CE;Mapeado;2026-09;193;305;28;89;106;183;51;157;20;70;8;37;0;0;0;0;6;37;1;1;0;3;1;1;0;1;0;0;0;1;0;2;0;29
2300309;Acopiara;CE;Mapeado;2026-09;69;114;7;21;22;41;28;57;5;11;2;13;0;0;0;1;7;14;0;2;0;5;4;6;0;0;0;0;0;1;0;1;1;8
2300408;Aiuaba;CE;Mapeado;2026-09;34;44;15;19;15;21;2;8;8;8;7;11;0;0;0;1;2;7;0;0;0;1;0;0;0;0;0;0;0;1;0;1;0;0
2300507;Alcântaras;CE;Mapeado;2026-09;39;55;5;15;17;28;16;31;2;10;3;6;0;0;0;0;0;2;0;1;0;0;0;0;0;0;0;0;0;0;0;0;1;2
2300606;Altaneira;CE;Mapeado;2026-09;17;23;5;8;4;10;7;11;2;4;3;7;0;0;0;0;1;2;0;0;0;0;0;0;0;0;0;0;0;0;0;1;0;0
2300705;Alto Santo;CE;Mapeado;2026-09;35;63;8;29;10;26;9;23;3;21;5;18;0;0;0;0;8;13;0;0;0;1;0;0;0;0;0;0;0;1;0;0;0;3
2300754;Amontada;CE;Mapeado;2026-09;138;262;7;69;96;194;29;103;2;37;5;45;0;0;0;0;5;20;0;0;0;2;0;1;0;0;0;0;0;0;0;0;1;20
2300804;Antonina do Norte;CE;Mapeado;2026-09;7;15;2;5;1;4;4;8;1;2;1;3;0;0;0;0;0;1;0;0;0;0;0;0;0;0;0;0;0;0;0;0;0;1
2300903;Apuiarés;CE;Mapeado;2026-09;23;55;3;12;9;25;10;23;1;9;2;6;0;0;0;0;1;5;0;3;0;1;0;5;0;0;0;0;0;0;0;3;0;5
2301000;Aquiraz;CE;Mapeado;2026-09;413;671;49;160;199;315;137;339;21;93;28;85;0;0;0;1;14;55;0;4;0;6;8;10;2;7;0;0;0;2;0;3;4;32
2301109;Aracati;CE;Mapeado;2026-09;499;761;54;169;230;378;190;377;22;87;32;104;0;0;0;7;9;51;2;3;0;10;8;12;1;4;0;0;0;2;0;2;5;40
2301208;Aracoiaba;CE;Mapeado;2026-09;63;101;9;23;26;41;21;52;3;13;6;12;0;0;0;0;5;12;0;1;0;1;0;1;0;0;0;0;0;0;0;2;2;8
2301257;Ararendá;CE;Mapeado;2026-09;26;41;3;16;11;17;11;24;3;13;0;7;0;0;0;0;0;5;0;0;0;0;0;0;0;0;0;0;0;1;0;0;1;2
2301307;Araripe;CE;Mapeado;2026-09;11;31;1;2;3;13;6;16;0;1;1;1;0;0;0;0;1;8;0;0;0;1;0;0;0;0;0;0;0;0;0;0;0;2
2301406;Aratuba;CE;Mapeado;2026-09;14;34;0;6;6;16;6;16;0;3;0;3;0;0;0;0;0;2;0;0;0;0;1;1;0;1;0;0;0;0;0;0;1;2
2301505;Arneiroz;CE;Mapeado;2026-09;15;32;1;3;6;12;3;13;0;0;1;3;0;0;0;0;3;10;0;0;0;1;1;2;0;0;0;0;0;1;0;0;1;4
2301604;Assaré;CE;Mapeado;2026-09;38;65;8;19;13;29;15;33;6;13;2;8;0;0;0;0;1;3;0;0;0;1;0;0;0;0;0;0;0;0;1;1;0;2
2301703;Aurora;CE;Mapeado;2026-09;26;54;4;7;13;21;9;29;3;5;1;3;0;0;0;0;0;4;0;1;0;0;0;0;0;0;0;0;0;0;0;0;0;7
2301802;Baixio;CE;Mapeado;2026-09;7;21;1;5;1;3;5;10;0;4;1;5;0;0;0;0;0;5;0;0;0;1;0;0;0;0;0;0;0;0;0;0;0;4
2301851;Banabuiú;CE;Mapeado;2026-09;34;59;2;14;19;37;11;29;1;8;1;8;0;0;0;0;1;8;0;0;0;0;0;0;0;0;0;0;0;0;0;0;1;1
2301901;Barbalha;CE;Mapeado;2026-09;253;403;34;92;105;178;97;201;14;46;20;56;0;0;0;2;5;43;0;6;1;9;1;6;4;15;0;0;0;1;1;2;5;31
2301950;Barreira;CE;Mapeado;2026-09;53;107;8;17;18;44;23;67;4;8;4;9;0;0;0;1;2;19;0;0;0;1;0;0;1;2;0;0;0;1;0;0;1;5
2302008;Barro;CE;Mapeado;2026-09;27;63;5;18;6;20;13;36;2;10;3;9;0;0;0;0;0;8;0;0;0;1;3;3;0;2;0;0;0;0;0;0;0;6
2302057;Barroquinha;CE;Mapeado;2026-09;32;57;3;17;15;30;13;32;0;11;3;11;0;0;0;0;1;3;0;0;0;0;0;0;0;0;0;0;0;2;0;0;0;2
2302107;Baturité;CE;Mapeado;2026-09;137;215;31;71;51;101;47;123;17;45;14;30;0;0;0;0;5;22;0;1;0;1;2;2;0;1;0;0;1;5;0;0;0;7
2302206;Beberibe;CE;Mapeado;2026-09;261;410;40;108;137;223;74;165;16;51;24;71;0;0;0;0;5;30;0;0;1;2;2;3;0;1;0;0;1;1;0;1;1;11
2302305;Bela Cruz;CE;Mapeado;2026-09;108;142;56;88;18;38;27;48;23;54;33;52;0;0;0;3;5;15;0;0;0;1;0;0;0;0;0;0;0;0;0;0;2;3
2302404;Boa Viagem;CE;Mapeado;2026-09;214;301;127;178;30;88;46;131;38;72;89;113;0;0;0;0;7;19;0;0;0;0;3;6;0;2;0;0;0;6;0;1;1;13
2302503;Brejo Santo;CE;Mapeado;2026-09;103;174;12;35;41;76;40;91;7;22;5;17;0;0;0;2;6;26;0;0;0;3;2;3;2;3;0;0;0;0;0;0;0;9
2302602;Camocim;CE;Mapeado;2026-09;194;351;18;81;94;181;75;154;12;45;6;41;0;0;0;1;2;23;0;0;0;1;2;6;0;1;0;0;0;1;1;4;2;26
2302701;Campos Sales;CE;Mapeado;2026-09;50;87;7;17;17;32;20;49;3;7;4;10;0;0;0;0;1;13;0;0;0;0;4;4;0;0;0;0;0;1;0;0;1;4
2302800;Canindé;CE;Mapeado;2026-09;204;395;37;64;75;172;73;183;13;35;24;39;0;0;0;2;5;81;0;4;0;11;7;8;0;3;0;0;0;2;2;6;5;22
2302909;Capistrano;CE;Mapeado;2026-09;22;43;4;15;7;15;9;28;2;6;2;10;0;0;0;1;2;7;0;0;0;2;0;1;0;0;0;0;0;0;0;0;0;5
2303006;Caridade;CE;Mapeado;2026-09;31;52;5;9;9;18;9;23;2;2;3;7;0;0;0;0;8;13;0;1;0;1;0;0;0;0;0;0;0;1;0;0;0;4
2303204;Caririaçu;CE;Mapeado;2026-09;31;65;5;14;11;23;9;24;2;8;3;7;0;0;0;0;2;12;0;1;0;2;2;2;1;1;0;0;0;0;0;0;1;9
2303105;Cariré;CE;Mapeado;2026-09;35;55;11;26;8;22;14;28;5;17;6;10;0;0;0;0;2;6;0;0;0;2;0;0;0;0;0;0;0;1;0;0;0;3
2303303;Cariús;CE;Mapeado;2026-09;19;29;1;4;11;19;6;15;0;3;1;1;0;0;0;0;0;1;0;0;0;0;1;1;0;0;0;0;0;0;0;0;0;0
2303402;Carnaubal;CE;Mapeado;2026-09;33;56;4;18;16;31;12;34;1;8;3;14;0;0;0;0;1;14;0;0;0;0;0;0;0;0;0;0;0;2;0;0;0;1
2303501;Cascavel;CE;Mapeado;2026-09;320;448;42;107;146;219;116;225;24;64;18;54;0;0;0;0;8;31;1;3;0;1;1;2;0;2;0;0;1;3;1;3;4;17
2303600;Catarina;CE;Mapeado;2026-09;20;38;1;6;8;17;10;26;0;4;1;2;0;0;0;0;0;4;0;0;0;1;1;1;0;0;0;0;0;0;0;0;0;2
2303659;Catunda;CE;Mapeado;2026-09;18;26;3;4;11;17;2;11;0;0;3;4;0;0;0;0;2;4;0;0;0;0;0;0;0;0;0;0;0;0;0;0;0;0
2303709;Caucaia;CE;Mapeado;2026-09;1353;2051;117;362;572;969;579;1105;60;227;57;181;0;0;1;3;32;150;1;12;1;13;6;18;4;12;0;0;1;6;2;10;37;131
2303808;Cedro;CE;Mapeado;2026-09;29;57;3;11;8;15;16;35;1;7;2;6;0;0;0;0;2;12;0;1;0;1;0;0;0;0;0;0;0;0;0;0;0;1
2303907;Chaval;CE;Mapeado;2026-09;19;40;2;7;7;22;10;24;1;5;1;2;0;0;0;0;0;3;0;0;0;0;0;0;0;0;0;0;0;0;0;1;0;4
2303956;Chorozinho;CE;Mapeado;2026-09;39;68;0;11;22;33;13;34;0;10;0;3;0;0;0;0;1;6;0;0;0;1;0;0;0;0;0;0;0;0;0;2;3;8
2303931;Choró;CE;Mapeado;2026-09;14;17;4;6;4;8;5;9;4;5;0;1;0;0;0;0;1;2;0;0;0;0;0;1;0;0;0;0;0;0;0;0;0;0
2304004;Coreaú;CE;Mapeado;2026-09;29;58;5;14;10;22;12;34;2;7;3;8;0;0;0;0;0;8;0;0;0;1;2;3;0;0;0;0;0;0;0;0;0;4
2304103;Crateús;CE;Mapeado;2026-09;265;449;23;84;109;205;101;260;11;55;12;44;0;0;0;2;17;53;0;4;0;1;10;13;0;0;0;0;0;0;1;4;4;9
2304202;Crato;CE;Mapeado;2026-09;649;940;149;273;218;371;228;475;56;128;93;165;0;0;0;4;29;95;0;16;3;23;11;14;1;1;0;0;0;3;0;2;10;63
2304236;Croatá;CE;Mapeado;2026-09;46;70;17;26;15;34;13;41;14;20;3;12;0;0;0;0;1;7;0;0;0;1;0;0;0;0;0;0;0;2;0;0;0;2
2304251;Cruz;CE;Mapeado;2026-09;246;403;43;153;130;244;62;171;24;89;19;100;0;0;1;2;2;28;0;5;0;6;4;8;0;3;0;0;0;0;0;0;4;27
2304269;Deputado Irapuan Pinheiro;CE;Mapeado;2026-09;8;24;1;8;3;14;3;15;1;7;0;3;0;0;0;0;1;5;0;0;0;2;0;0;0;0;0;0;0;0;0;0;0;0
2304277;Ereré;CE;Mapeado;2026-09;5;16;0;4;2;7;3;9;0;1;0;4;0;0;0;0;0;2;0;0;0;0;0;0;0;0;0;0;0;0;0;0;0;1
2304285;Eusébio;CE;Mapeado;2026-09;497;853;36;114;218;352;202;457;9;63;27;64;0;0;0;1;14;70;2;10;2;32;5;7;1;3;0;0;0;1;1;4;16;93
2304301;Farias Brito;CE;Mapeado;2026-09;23;42;4;13;7;18;10;23;1;6;3;11;0;0;0;0;1;4;0;1;0;1;1;1;0;0;0;0;0;0;0;0;0;0
2304350;Forquilha;CE;Mapeado;2026-09;51;85;9;22;19;35;21;41;4;14;5;8;0;0;0;0;2;6;0;2;0;0;0;1;0;0;0;0;0;0;0;0;0;3
2304400;Fortaleza;CE;Mapeado;2026-09;14550;22705;1165;3336;6084;9398;6433;12471;628;2184;537;1575;0;0;13;59;275;1294;23;407;15;555;87;121;30;51;0;6;11;55;43;189;371;1997
2304459;Fortim;CE;Mapeado;2026-09;104;182;9;41;59;109;27;71;4;20;5;21;0;0;0;0;4;16;0;0;0;2;2;3;0;0;0;0;0;1;1;1;2;12
2304509;Frecheirinha;CE;Mapeado;2026-09;32;55;2;15;17;29;13;32;1;6;1;10;0;0;0;0;0;2;0;0;0;0;0;2;0;0;0;0;0;0;0;0;0;2
2304608;General Sampaio;CE;Mapeado;2026-09;12;20;0;1;5;8;7;13;0;1;0;1;0;0;0;0;0;2;0;1;0;2;0;0;0;0;0;0;0;0;0;0;0;2
2304707;Granja;CE;Mapeado;2026-09;80;113;16;32;29;47;28;53;5;17;11;20;0;0;0;0;4;14;0;0;0;0;2;4;0;1;0;0;0;2;1;2;0;2
2304806;Granjeiro;CE;Mapeado;2026-09;6;13;3;7;2;7;1;5;0;1;3;6;0;0;0;0;0;1;0;0;0;0;0;0;0;0;0;0;0;0;0;0;0;0
2304657;Graça;CE;Mapeado;2026-09;34;55;6;24;15;24;13;35;5;18;1;14;0;0;0;0;0;7;0;0;0;1;0;2;0;0;0;0;0;0;0;0;0;5
2304905;Groaíras;CE;Mapeado;2026-09;41;76;5;21;12;31;23;47;1;11;4;16;0;0;0;0;0;10;0;0;0;0;0;0;0;0;0;0;1;1;0;0;0;6
2304954;Guaiúba;CE;Mapeado;2026-09;34;68;5;21;7;22;19;42;3;13;2;11;0;0;0;1;1;5;0;2;0;2;0;3;0;0;0;0;1;1;1;2;0;6
2305001;Guaraciaba do Norte;CE;Mapeado;2026-09;126;206;13;63;57;89;50;109;10;43;3;24;0;0;0;1;1;18;0;0;0;2;1;1;1;2;0;0;0;0;0;0;3;12
2305100;Guaramiranga;CE;Mapeado;2026-09;68;114;2;27;43;76;19;65;0;18;2;11;0;0;0;0;2;10;0;2;0;0;1;2;1;5;0;0;0;0;0;0;0;7
2305209;Hidrolândia;CE;Mapeado;2026-09;42;77;5;21;19;45;16;40;3;12;2;12;0;0;0;0;1;7;0;0;0;0;0;1;0;0;0;0;0;0;0;0;1;3
2305233;Horizonte;CE;Mapeado;2026-09;266;406;40;83;102;156;120;226;26;50;14;40;0;0;0;0;2;19;0;1;0;3;1;2;0;0;0;0;0;0;1;3;0;20
2305266;Ibaretama;CE;Mapeado;2026-09;9;17;1;1;3;7;5;12;1;1;0;0;0;0;0;0;0;1;0;0;0;0;0;0;0;0;0;0;0;0;0;0;0;1
2305308;Ibiapina;CE;Mapeado;2026-09;93;143;21;51;34;58;34;68;14;37;7;18;0;0;0;0;2;10;0;2;0;4;0;0;0;0;0;0;0;0;0;0;2;11
2305332;Ibicuitinga;CE;Mapeado;2026-09;18;28;0;6;10;14;8;15;0;4;0;4;0;0;0;0;0;1;0;0;0;1;0;0;0;0;0;0;0;0;0;0;0;3
2305357;Icapuí;CE;Mapeado;2026-09;106;182;14;59;65;119;21;94;1;32;13;37;0;0;1;3;5;20;0;0;0;1;0;2;0;1;0;0;0;1;0;2;0;20
2305407;Icó;CE;Mapeado;2026-09;115;177;12;28;52;78;38;85;5;15;7;14;0;0;0;0;1;20;0;1;0;5;7;9;0;0;0;0;0;0;1;2;4;11
2305506;Iguatu;CE;Mapeado;2026-09;436;624;70;135;188;291;150;343;19;57;51;91;0;0;0;1;10;63;0;9;0;15;9;13;1;2;0;0;1;7;3;6;4;35
2305605;Independência;CE;Mapeado;2026-09;47;88;7;20;18;31;17;53;5;15;2;10;0;0;0;0;3;12;0;0;0;0;2;4;0;0;0;0;0;0;0;1;0;2
2305654;Ipaporanga;CE;Mapeado;2026-09;14;22;3;9;5;12;6;16;2;8;1;2;0;0;0;0;0;2;0;0;0;0;0;0;0;0;0;0;0;0;0;0;0;1
2305704;Ipaumirim;CE;Mapeado;2026-09;9;27;1;3;2;8;6;15;1;3;0;1;0;0;0;0;0;2;0;0;0;2;0;0;0;0;0;0;0;0;0;0;0;5
2305803;Ipu;CE;Mapeado;2026-09;143;213;13;63;67;100;54;114;8;42;5;32;0;0;0;1;2;22;0;0;0;8;2;4;2;2;0;0;0;2;2;3;1;6
2305902;Ipueiras;CE;Mapeado;2026-09;87;135;18;56;42;67;23;61;11;37;7;23;0;0;0;1;2;21;0;1;0;1;1;2;0;0;0;0;0;1;0;0;1;8
2306009;Iracema;CE;Mapeado;2026-09;27;63;5;26;10;20;7;30;4;23;1;8;0;0;0;1;4;14;0;0;0;2;0;0;0;1;0;0;0;1;0;0;1;5
2306108;Irauçuba;CE;Mapeado;2026-09;60;96;13;32;27;43;17;44;8;22;5;19;0;0;0;1;2;12;0;0;0;1;0;2;0;0;0;0;0;0;0;0;1;3
2306256;Itaitinga;CE;Mapeado;2026-09;255;402;19;65;99;166;124;235;8;39;11;34;0;0;0;0;6;13;0;1;0;1;1;3;3;3;0;0;0;0;0;2;3;20
2306207;Itaiçaba;CE;Mapeado;2026-09;22;35;0;6;10;19;10;19;0;5;0;1;0;0;0;0;2;3;0;0;0;0;0;0;0;0;0;0;0;1;0;0;0;0
2306306;Itapajé;CE;Mapeado;2026-09;131;214;18;47;58;99;48;113;9;25;9;25;0;0;0;0;5;23;0;0;0;3;1;1;0;0;0;1;0;3;1;5;0;18
2306405;Itapipoca;CE;Mapeado;2026-09;412;609;53;142;161;273;152;329;25;83;28;79;0;0;0;2;15;69;1;6;0;10;22;23;1;2;0;1;2;4;0;2;5;35
2306504;Itapiúna;CE;Mapeado;2026-09;16;54;2;8;9;25;3;32;0;4;2;5;0;0;0;2;1;8;0;3;0;3;0;1;0;0;0;0;0;0;0;0;1;9
2306553;Itarema;CE;Mapeado;2026-09;101;216;8;51;60;129;24;110;2;28;6;31;0;0;0;3;2;23;0;0;0;5;5;6;0;1;0;0;0;1;0;2;2;11
2306603;Itatira;CE;Mapeado;2026-09;33;76;4;15;9;28;15;41;0;10;4;6;0;0;0;0;3;13;0;2;0;1;0;0;0;0;0;0;0;0;2;2;0;9
2306702;Jaguaretama;CE;Mapeado;2026-09;28;54;3;13;7;25;12;26;1;8;2;9;0;0;0;0;6;9;0;0;0;0;0;2;0;0;0;0;0;0;0;0;0;8
2306801;Jaguaribara;CE;Mapeado;2026-09;26;52;1;11;10;27;12;31;1;6;0;5;0;0;0;0;2;9;0;0;0;0;0;0;0;0;0;0;0;0;0;0;1;4
2306900;Jaguaribe;CE;Mapeado;2026-09;170;251;41;84;53;91;62;141;10;34;31;56;0;0;0;2;7;22;0;0;0;1;4;5;0;1;0;0;0;4;1;2;2;10
2307007;Jaguaruana;CE;Mapeado;2026-09;66;110;16;24;26;48;21;63;9;13;7;13;0;0;0;0;3;16;0;1;0;2;0;1;0;0;0;0;0;1;0;0;0;8
2307106;Jardim;CE;Mapeado;2026-09;27;51;2;14;11;22;7;26;1;10;1;7;0;0;0;0;4;6;0;0;0;2;2;3;1;3;0;0;0;0;0;0;0;1
2307205;Jati;CE;Mapeado;2026-09;4;15;1;6;1;3;2;8;0;1;1;6;0;0;0;0;0;0;0;0;0;1;0;0;0;0;0;0;0;0;0;0;0;0
2307254;Jijoca de Jericoacoara;CE;Mapeado;2026-09;339;547;41;180;207;356;74;206;22;109;19;94;0;0;1;3;9;32;0;1;0;2;3;6;1;1;0;0;0;3;0;3;3;15
2307304;Juazeiro do Norte;CE;Mapeado;2026-09;1380;2154;220;447;461;837;623;1150;99;251;121;238;0;0;0;6;32;178;2;30;1;65;14;31;7;15;0;0;0;5;2;14;18;168
2307403;Jucás;CE;Mapeado;2026-09;32;51;2;8;17;25;11;28;1;7;1;6;0;0;0;0;2;4;0;0;0;0;0;1;0;0;0;0;0;0;0;0;0;4
2307502;Lavras da Mangabeira;CE;Mapeado;2026-09;28;64;4;16;12;31;10;34;2;10;2;10;0;0;0;1;1;9;0;2;0;3;1;2;0;1;0;0;0;0;0;1;0;5
2307601;Limoeiro do Norte;CE;Mapeado;2026-09;238;383;29;82;110;181;79;185;10;30;19;58;0;0;0;2;8;46;1;4;0;6;5;9;1;3;0;0;0;0;0;0;5;18
2307635;Madalena;CE;Mapeado;2026-09;38;64;2;12;18;26;14;30;0;7;2;6;0;0;0;0;4;10;0;0;0;1;0;1;0;0;0;0;0;1;0;0;0;9
2307650;Maracanaú;CE;Mapeado;2026-09;929;1399;96;213;337;575;428;825;50;132;46;105;0;0;1;1;36;88;1;4;0;10;6;12;2;2;0;1;0;5;2;6;20;79
2307700;Maranguape;CE;Mapeado;2026-09;301;475;49;104;104;190;119;244;32;70;17;41;0;0;0;0;16;54;2;3;0;11;6;7;1;5;0;0;0;1;1;4;3;26
2307809;Marco;CE;Mapeado;2026-09;48;89;7;25;17;30;20;50;2;16;5;15;0;0;0;1;2;13;0;0;0;5;2;3;0;0;0;0;0;0;0;0;0;6
2307908;Martinópole;CE;Mapeado;2026-09;7;21;1;2;4;8;1;9;1;2;0;0;0;0;1;1;0;2;0;0;0;0;0;0;0;0;0;0;0;0;0;0;0;2
2308005;Massapê;CE;Mapeado;2026-09;84;123;10;25;34;51;37;72;5;12;5;13;0;0;0;0;3;18;0;0;0;4;0;0;0;0;0;0;0;0;0;0;0;1
2308104;Mauriti;CE;Mapeado;2026-09;66;144;8;31;30;73;19;70;3;18;5;22;0;0;0;0;3;23;1;3;0;7;1;1;0;0;0;0;0;2;0;2;4;17
2308203;Meruoca;CE;Mapeado;2026-09;52;106;8;31;25;41;16;42;1;13;7;19;0;0;0;1;0;14;0;7;0;6;1;1;1;2;0;0;0;1;0;1;1;7
2308302;Milagres;CE;Mapeado;2026-09;34;64;3;15;18;38;13;33;1;8;2;7;0;0;0;0;0;9;0;0;0;0;0;1;0;2;0;0;0;0;0;0;0;2
2308351;Milhã;CE;Mapeado;2026-09;31;78;3;43;12;26;8;33;2;36;1;34;0;0;0;1;4;35;0;2;0;1;1;2;0;0;0;0;1;1;1;2;1;6
2308377;Miraíma;CE;Mapeado;2026-09;13;23;0;5;8;9;5;11;0;2;0;3;0;0;0;0;0;0;0;0;0;1;0;1;0;0;0;0;0;0;0;0;0;0
2308401;Missão Velha;CE;Mapeado;2026-09;39;69;5;15;10;30;16;37;3;7;2;10;0;0;0;0;4;11;0;0;0;2;2;2;2;3;0;0;0;0;0;0;0;3
2308500;Mombaça;CE;Mapeado;2026-09;61;92;7;21;27;41;22;59;2;13;5;12;0;0;0;1;2;13;0;0;0;1;2;3;0;0;0;0;1;1;0;0;0;1
2308609;Monsenhor Tabosa;CE;Mapeado;2026-09;29;51;2;7;16;29;11;29;1;2;1;6;0;0;0;0;0;10;0;0;0;2;0;1;0;0;0;0;0;0;0;0;0;1
2308708;Morada Nova;CE;Mapeado;2026-09;178;262;34;56;73;132;55;117;10;24;24;38;0;0;0;0;8;28;0;0;0;2;6;6;0;2;0;0;0;0;1;1;1;8
2308807;Moraújo;CE;Mapeado;2026-09;6;10;0;1;0;1;6;7;0;1;0;0;0;0;0;0;0;1;0;0;0;0;0;0;0;0;0;0;0;0;0;0;0;0
2308906;Morrinhos;CE;Mapeado;2026-09;32;51;1;7;10;17;20;29;0;5;1;4;0;0;0;0;1;6;0;0;0;3;0;0;0;0;0;0;0;0;0;0;0;5
2309003;Mucambo;CE;Mapeado;2026-09;42;60;5;16;11;18;25;46;3;11;2;10;0;0;0;1;1;10;0;0;0;2;0;1;0;0;0;0;0;1;0;0;0;1
2309102;Mulungu;CE;Mapeado;2026-09;36;63;2;11;21;34;13;37;2;9;0;5;0;0;0;0;0;9;0;0;0;0;0;0;0;0;0;0;0;0;0;0;0;2
2309201;Nova Olinda;CE;Mapeado;2026-09;30;67;4;13;13;32;10;37;3;11;1;9;0;0;0;0;1;12;0;1;0;3;1;2;0;0;0;0;0;0;0;1;1;8
2309300;Nova Russas;CE;Mapeado;2026-09;121;198;19;52;51;75;44;102;7;27;12;30;0;0;0;0;1;18;0;0;0;0;3;5;0;0;0;0;1;3;1;3;1;6
2309409;Novo Oriente;CE;Mapeado;2026-09;47;76;5;17;16;28;24;42;3;10;2;13;0;0;0;0;0;8;0;0;0;0;2;2;0;0;0;0;0;1;0;0;0;2
2309458;Ocara;CE;Mapeado;2026-09;54;102;7;22;23;40;14;44;3;12;4;13;0;0;0;0;10;19;0;0;0;1;0;0;0;0;0;0;0;0;0;3;0;7
2309508;Orós;CE;Mapeado;2026-09;29;54;1;7;13;25;13;27;0;4;1;5;0;0;0;0;0;7;0;1;0;2;2;2;0;0;0;0;0;0;0;0;0;1
2309607;Pacajus;CE;Mapeado;2026-09;251;379;26;77;93;154;110;216;8;32;18;50;0;0;0;0;13;31;1;3;0;6;3;5;2;6;0;0;0;2;0;1;3;23
2309706;Pacatuba;CE;Mapeado;2026-09;252;388;24;68;86;164;119;241;9;36;15;39;0;0;0;0;12;29;0;2;0;3;3;5;3;3;0;0;0;1;2;2;3;14
2309805;Pacoti;CE;Mapeado;2026-09;26;49;4;11;11;26;6;18;1;5;3;8;0;0;0;0;2;12;0;2;0;2;0;2;0;0;0;0;0;0;0;0;3;6
2309904;Pacujá;CE;Mapeado;2026-09;39;55;13;27;7;9;17;26;5;15;8;12;0;0;0;0;1;5;0;0;0;5;0;0;0;0;0;0;0;0;0;0;1;7
2310001;Palhano;CE;Mapeado;2026-09;11;23;1;3;6;10;2;12;0;1;1;2;0;0;0;0;1;3;0;0;0;0;0;0;0;0;0;0;0;0;1;3;0;0
2310100;Palmácia;CE;Mapeado;2026-09;19;43;5;11;6;17;6;22;2;5;3;6;0;0;0;1;2;9;0;3;0;3;0;1;0;1;0;0;0;0;0;1;0;7
2310209;Paracuru;CE;Mapeado;2026-09;219;344;42;102;96;163;70;161;19;55;23;61;0;0;2;2;1;17;1;2;0;3;3;3;0;1;0;0;0;2;0;0;4;19
2310258;Paraipaba;CE;Mapeado;2026-09;129;221;11;43;65;121;49;120;6;33;5;19;0;0;0;0;2;20;0;0;1;8;0;2;0;1;0;0;0;1;0;1;1;12
2310308;Parambu;CE;Mapeado;2026-09;44;73;3;13;13;24;23;49;1;6;2;9;0;0;0;0;4;7;0;0;0;0;0;0;1;1;0;0;0;0;0;0;0;2
2310407;Paramoti;CE;Mapeado;2026-09;21;38;6;9;6;14;5;11;2;5;4;6;0;0;0;0;3;12;0;2;0;1;0;0;0;0;0;0;0;0;0;0;1;5
2310506;Pedra Branca;CE;Mapeado;2026-09;64;110;4;20;29;56;28;66;1;13;3;15;0;0;0;0;1;6;0;1;0;3;1;1;0;0;0;0;0;0;0;0;1;6
2310605;Penaforte;CE;Mapeado;2026-09;19;35;3;7;9;14;5;23;1;5;2;5;0;0;0;0;1;5;0;0;0;0;0;0;1;1;0;0;0;1;0;0;0;0
2310704;Pentecoste;CE;Mapeado;2026-09;79;135;9;31;29;63;33;88;3;19;6;19;0;0;0;0;3;12;0;0;0;1;2;2;3;4;0;0;0;0;0;0;0;8
2310803;Pereiro;CE;Mapeado;2026-09;35;58;12;30;9;28;12;36;7;27;5;12;0;0;0;0;2;5;0;0;0;0;0;0;0;0;0;0;0;0;0;0;0;5
2310852;Pindoretama;CE;Mapeado;2026-09;101;152;28;53;30;59;35;82;13;26;15;28;0;0;0;0;6;12;0;0;0;1;0;1;0;0;0;0;0;0;2;2;0;6
2310902;Piquet Carneiro;CE;Mapeado;2026-09;36;56;4;12;15;23;11;29;3;8;1;4;0;0;0;0;5;8;0;0;1;3;0;0;0;1;0;0;0;0;0;1;0;3
2310951;Pires Ferreira;CE;Mapeado;2026-09;22;39;6;15;7;16;7;19;3;9;3;7;0;0;0;0;0;2;0;0;0;2;2;2;0;0;0;0;0;0;0;0;0;5
2311009;Poranga;CE;Mapeado;2026-09;10;26;2;10;5;9;3;14;0;6;2;8;0;0;0;0;0;4;0;0;0;1;0;0;0;0;0;0;0;0;0;0;0;5
2311108;Porteiras;CE;Mapeado;2026-09;18;28;2;8;6;9;8;13;1;5;1;6;0;0;0;0;1;4;0;0;0;2;0;0;0;0;0;0;0;0;0;0;1;6
2311207;Potengi;CE;Mapeado;2026-09;7;23;2;5;3;10;2;10;1;3;1;3;0;0;0;0;0;3;0;0;0;2;0;0;0;0;0;0;0;0;0;0;0;2
2311231;Potiretama;CE;Mapeado;2026-09;9;14;2;5;3;10;4;8;2;5;0;1;0;0;0;1;0;1;0;0;0;0;0;1;0;0;0;1;0;0;0;0;0;2
2311264;Quiterianópolis;CE;Mapeado;2026-09;26;42;4;6;14;22;8;19;3;3;1;3;0;0;0;0;0;1;0;0;0;0;0;0;0;0;0;0;0;0;0;0;0;1
2311306;Quixadá;CE;Mapeado;2026-09;290;463;27;62;144;218;101;220;15;41;12;32;0;0;0;1;6;50;1;10;0;13;7;8;1;1;0;0;1;2;0;1;2;34
2311355;Quixelô;CE;Mapeado;2026-09;24;38;4;8;8;18;9;15;3;6;1;2;0;0;0;0;1;5;0;0;0;0;1;2;0;0;0;0;0;0;0;0;1;6
2311405;Quixeramobim;CE;Mapeado;2026-09;232;348;28;64;86;136;97;200;7;28;21;45;0;0;0;0;14;36;1;3;0;6;0;0;1;1;0;0;0;0;0;0;5;29
2311504;Quixeré;CE;Mapeado;2026-09;77;129;18;54;27;63;23;56;13;35;5;26;0;0;0;0;8;15;0;0;0;0;1;1;0;0;0;0;0;0;0;2;0;4
2311603;Redenção;CE;Mapeado;2026-09;67;111;5;23;25;41;32;66;3;15;2;16;0;0;0;0;4;14;0;0;0;2;0;1;0;0;0;0;0;0;0;0;1;6
2311702;Reriutaba;CE;Mapeado;2026-09;60;110;8;41;29;55;21;64;4;26;4;22;0;0;0;2;1;4;0;0;0;0;0;0;0;1;0;0;0;0;0;1;1;12
2311801;Russas;CE;Mapeado;2026-09;376;509;78;147;127;190;133;251;11;50;67;115;0;0;0;0;25;37;0;1;0;3;13;14;0;0;0;0;0;4;0;1;0;19
2311900;Saboeiro;CE;Mapeado;2026-09;12;18;2;5;5;8;5;10;1;3;1;2;0;0;0;0;0;2;0;0;0;0;0;0;0;0;0;0;0;0;0;0;0;1
2311959;Salitre;CE;Mapeado;2026-09;8;15;0;0;1;4;5;11;0;0;0;0;0;0;0;0;2;4;0;0;0;0;0;0;0;0;0;0;0;0;0;0;0;1
2312205;Santa Quitéria;CE;Mapeado;2026-09;125;216;14;48;48;80;55;133;7;29;7;24;0;0;0;1;4;18;0;6;0;2;2;5;0;0;0;0;0;0;1;10;1;6
2312007;Santana do Acaraú;CE;Mapeado;2026-09;31;43;2;17;11;16;15;29;2;15;0;7;0;0;0;1;2;6;0;0;0;0;0;1;0;0;0;0;0;1;0;1;1;2
2312106;Santana do Cariri;CE;Mapeado;2026-09;14;29;1;7;6;11;7;13;1;6;0;1;0;0;0;0;0;0;0;1;0;4;0;1;0;1;0;0;0;0;0;0;0;5
2312700;Senador Pompeu;CE;Mapeado;2026-09;56;107;10;20;22;50;18;41;6;13;4;7;0;0;0;0;4;20;0;7;0;5;2;3;0;0;0;0;0;1;0;0;0;3
2312809;Senador Sá;CE;Mapeado;2026-09;20;36;6;12;4;14;9;19;2;5;4;7;0;0;0;0;1;4;0;1;0;0;0;1;0;0;0;0;0;0;0;0;0;1
2312908;Sobral;CE;Mapeado;2026-09;919;1381;97;253;321;499;446;771;45;171;52;115;0;0;0;0;19;92;2;13;0;32;20;32;2;5;0;0;0;3;0;5;12;105
2313005;Solonópole;CE;Mapeado;2026-09;22;45;3;9;6;18;9;24;1;2;2;9;0;0;0;1;1;5;0;0;0;1;1;1;0;0;0;0;1;1;0;1;1;4
2312304;São Benedito;CE;Mapeado;2026-09;178;264;26;93;83;123;54;145;21;61;5;58;0;0;0;0;5;26;0;0;1;8;2;2;0;0;0;0;0;1;0;0;7;14
2312403;São Gonçalo do Amarante;CE;Mapeado;2026-09;292;467;49;112;143;247;89;260;17;72;32;58;0;0;0;0;4;30;0;2;0;0;3;5;1;2;0;0;0;2;0;0;3;17
2312502;São João do Jaguaribe;CE;Mapeado;2026-09;10;12;2;2;1;2;6;8;0;1;2;2;0;0;0;0;0;0;0;0;0;0;1;1;0;0;0;0;0;0;0;0;0;0
2312601;São Luís do Curu;CE;Mapeado;2026-09;20;30;3;7;11;15;5;10;0;3;3;5;0;0;0;0;1;3;0;0;0;0;0;0;0;0;0;0;0;0;0;0;0;2
2313104;Tabuleiro do Norte;CE;Mapeado;2026-09;110;173;27;60;41;76;33;91;15;44;12;31;0;0;0;1;6;17;0;2;0;3;2;4;0;2;0;0;0;3;0;2;1;11
2313203;Tamboril;CE;Mapeado;2026-09;42;69;10;21;11;25;17;38;2;14;8;14;0;0;0;0;1;3;0;0;0;0;2;2;0;0;0;0;0;1;0;0;1;2
2313252;Tarrafas;CE;Mapeado;2026-09;12;22;2;4;8;13;2;10;0;2;2;2;0;0;0;0;0;2;0;0;0;0;0;0;0;0;0;0;0;0;0;0;0;1
2313302;Tauá;CE;Mapeado;2026-09;233;352;38;104;85;161;95;192;16;66;22;51;0;0;0;1;6;32;0;2;0;3;3;4;3;6;0;0;0;1;0;1;3;19
2313351;Tejuçuoca;CE;Mapeado;2026-09;26;62;0;16;7;27;17;39;0;12;0;7;0;0;0;0;2;10;0;0;0;0;0;0;0;0;0;0;0;0;0;1;0;4
2313401;Tianguá;CE;Mapeado;2026-09;352;527;32;106;167;263;125;300;23;73;9;50;0;0;0;1;14;63;1;2;0;1;2;5;3;7;0;0;0;0;1;5;7;35
2313500;Trairi;CE;Mapeado;2026-09;189;323;19;69;125;206;39;128;12;44;7;36;0;0;0;1;1;17;0;2;0;1;2;3;0;0;0;0;0;0;1;1;2;19
2313559;Tururu;CE;Mapeado;2026-09;12;31;1;8;6;9;3;12;0;5;1;4;0;0;0;0;1;9;0;0;0;1;0;0;0;0;0;0;0;1;0;0;1;4
2313609;Ubajara;CE;Mapeado;2026-09;121;199;13;55;62;116;38;108;6;36;7;28;0;0;0;1;4;35;0;1;0;5;1;1;1;3;0;0;1;5;0;0;1;12
2313708;Umari;CE;Mapeado;2026-09;10;30;4;16;4;10;2;11;2;11;2;7;0;0;0;0;0;3;0;0;0;3;0;0;0;0;0;0;0;0;0;0;0;0
2313757;Umirim;CE;Mapeado;2026-09;16;37;1;9;7;15;5;22;0;5;1;6;0;0;0;0;2;7;0;0;0;1;0;0;1;1;0;0;0;0;0;0;0;1
2313807;Uruburetama;CE;Mapeado;2026-09;48;71;4;16;22;30;19;40;3;13;1;6;0;0;0;0;2;8;0;0;0;1;1;1;0;0;0;0;0;0;0;0;0;7
2313906;Uruoca;CE;Mapeado;2026-09;16;46;1;9;4;19;10;26;0;6;1;4;0;0;0;0;1;9;0;0;0;1;0;0;0;0;0;0;0;1;0;0;0;0
2313955;Varjota;CE;Mapeado;2026-09;91;126;29;46;30;49;28;61;15;27;14;23;0;0;0;0;2;13;0;0;1;1;1;1;0;0;0;0;0;0;0;0;0;2
2314102;Viçosa do Ceará;CE;Mapeado;2026-09;137;230;44;78;47;92;43;99;34;60;10;26;0;0;0;0;0;20;0;0;0;1;1;2;2;2;0;0;0;1;0;1;0;10
2314003;Várzea Alegre;CE;Mapeado;2026-09;146;225;67;114;35;90;36;85;11;35;56;89;0;0;0;0;6;23;0;0;0;2;1;2;0;3;0;0;0;3;0;4;1;9
5300108;Brasília;DF;Mapeado;2026-09;20045;34727;2384;7174;8127;14854;8270;21412;1184;4625;1200;3376;0;0;20;136;502;2297;23;241;16;795;180;279;18;56;4;12;12;535;43;226;446;2565
3200102;Afonso Cláudio;ES;Mapeado;2026-09;165;326;55;137;37;84;62;203;38;102;17;47;0;0;0;3;1;26;0;2;0;3;8;9;0;0;0;0;0;3;0;7;2;16
3200201;Alegre;ES;Mapeado;2026-09;260;459;65;177;41;128;134;328;52;153;13;43;0;0;0;2;8;23;0;3;0;3;7;8;0;0;0;0;0;3;0;2;5;19
3200300;Alfredo Chaves;ES;Mapeado;2026-09;92;187;36;74;21;51;31;102;24;53;12;26;0;0;0;1;0;15;0;2;1;7;1;4;0;0;0;0;0;1;0;2;2;16
3200359;Alto Rio Novo;ES;Mapeado;2026-09;52;93;10;43;9;21;30;75;7;35;3;20;0;0;0;0;3;6;0;0;0;0;0;1;0;0;0;0;0;0;0;0;0;4
3200409;Anchieta;ES;Mapeado;2026-09;349;624;99;258;101;252;133;431;76;203;23;101;0;0;0;1;5;55;0;2;1;7;6;7;1;2;0;0;0;3;0;2;3;30
3200508;Apiacá;ES;Mapeado;2026-09;37;83;18;45;4;19;11;49;13;40;5;13;0;0;0;0;1;4;0;0;0;1;1;1;0;0;0;0;0;3;0;1;2;4
3200607;Aracruz;ES;Mapeado;2026-09;832;1382;285;613;201;413;291;809;166;408;119;259;0;0;0;2;23;91;1;4;0;7;14;17;1;1;0;1;1;8;0;3;15;72
3200706;Atílio Vivácqua;ES;Mapeado;2026-09;72;139;20;45;22;49;27;93;13;33;7;16;0;0;0;0;1;6;0;0;0;0;1;1;0;1;0;0;0;0;0;0;1;4
3200805;Baixo Guandu;ES;Mapeado;2026-09;218;361;65;154;47;124;89;228;40;106;25;62;0;0;0;1;8;35;0;2;0;7;4;9;0;0;0;0;0;0;0;1;5;22
3200904;Barra de São Francisco;ES;Mapeado;2026-09;271;482;110;233;51;128;91;295;84;189;26;72;0;0;1;1;10;46;0;0;0;1;7;8;0;0;0;0;0;6;0;0;1;16
3201001;Boa Esperança;ES;Mapeado;2026-09;129;194;65;106;14;48;44;123;39;70;26;43;0;0;0;0;2;16;0;0;0;0;3;5;0;0;0;0;0;13;0;1;1;5
3201100;Bom Jesus do Norte;ES;Mapeado;2026-09;71;123;19;46;12;41;29;63;14;34;5;14;0;0;0;0;2;11;0;0;0;0;4;4;0;0;0;0;0;0;0;1;5;16
3201159;Brejetuba;ES;Mapeado;2026-09;72;140;25;72;13;55;31;111;14;51;11;36;0;0;0;0;3;20;0;0;0;1;0;1;0;0;0;0;0;6;0;1;0;7
3201209;Cachoeiro de Itapemirim;ES;Mapeado;2026-09;1218;2184;332;797;311;707;488;1483;240;636;92;227;0;0;3;23;29;121;3;7;0;19;19;31;2;3;0;2;0;14;2;13;29;125
3201308;Cariacica;ES;Mapeado;2026-09;2232;3721;541;1120;603;1189;893;2234;298;771;243;512;0;0;3;7;98;297;1;7;0;18;29;37;5;7;0;1;2;20;6;24;51;273
3201407;Castelo;ES;Mapeado;2026-09;276;462;94;216;52;116;108;308;72;175;22;54;0;0;0;0;5;25;0;0;0;3;4;5;0;0;0;0;0;7;1;3;12;46
3201506;Colatina;ES;Mapeado;2026-09;903;1437;232;589;249;510;356;931;165;465;67;173;0;0;3;6;23;81;1;2;0;4;12;17;0;0;0;2;0;4;2;14;25;68
3201605;Conceição da Barra;ES;Mapeado;2026-09;294;518;99;239;96;219;81;261;56;170;43;103;0;0;1;3;4;42;0;1;0;3;7;7;0;0;0;0;2;6;2;3;2;20
3201704;Conceição do Castelo;ES;Mapeado;2026-09;68;120;24;57;19;46;22;72;16;40;8;28;0;0;0;0;2;17;0;0;0;1;1;1;0;0;0;0;0;2;0;0;0;6
3201803;Divino de São Lourenço;ES;Mapeado;2026-09;50;116;11;47;18;56;18;88;5;34;6;24;0;0;0;0;1;15;0;0;0;0;1;1;0;0;0;0;1;1;0;0;0;4
3201902;Domingos Martins;ES;Mapeado;2026-09;374;623;92;256;131;246;129;403;59;186;33;92;0;0;0;0;4;38;0;0;0;2;9;10;0;0;0;1;0;4;0;4;9;43
3202009;Dores do Rio Preto;ES;Mapeado;2026-09;82;152;17;52;20;52;36;113;9;30;8;29;0;0;0;0;6;22;0;0;0;0;0;0;0;0;0;0;0;3;0;0;3;3
3202108;Ecoporanga;ES;Mapeado;2026-09;129;247;58;134;21;64;43;176;29;90;29;73;0;0;0;0;4;30;0;0;0;0;3;3;0;0;0;0;0;12;0;2;0;4
3202207;Fundão;ES;Mapeado;2026-09;164;295;51;125;40;94;57;174;32;98;19;42;0;0;0;1;6;23;0;1;0;2;4;5;0;0;0;0;0;3;0;0;6;21
3202256;Governador Lindenberg;ES;Mapeado;2026-09;59;98;23;52;11;30;24;76;12;34;11;27;0;0;0;0;0;8;0;0;0;0;1;1;0;0;0;0;0;3;0;1;0;3
3202405;Guarapari;ES;Mapeado;2026-09;1615;2694;269;840;559;1105;671;1773;196;661;73;258;0;0;2;12;49;168;3;8;1;18;25;27;2;5;0;1;2;12;3;14;29;125
3202306;Guaçuí;ES;Mapeado;2026-09;196;405;64;157;40;114;79;267;42;121;22;50;0;0;0;2;2;21;0;1;0;7;6;8;0;0;0;0;0;8;0;3;5;20
3202454;Ibatiba;ES;Mapeado;2026-09;199;373;67;178;41;123;83;295;41;139;26;78;0;0;0;1;1;35;0;0;1;6;3;5;0;0;0;0;0;6;1;2;2;8
3202504;Ibiraçu;ES;Mapeado;2026-09;85;133;32;64;21;37;27;78;28;51;4;19;0;0;0;0;1;4;0;0;0;1;2;2;0;0;0;0;1;1;0;0;1;6
3202553;Ibitirama;ES;Mapeado;2026-09;69;123;7;30;19;50;39;103;4;23;3;14;0;0;0;0;1;13;0;0;0;0;1;1;0;1;0;0;0;1;0;0;2;5
3202603;Iconha;ES;Mapeado;2026-09;75;164;17;55;18;43;34;119;8;43;9;22;0;0;0;1;1;16;0;1;0;3;0;1;0;0;0;0;0;4;0;1;5;22
3202652;Irupi;ES;Mapeado;2026-09;98;192;37;102;22;56;35;141;21;83;16;38;0;0;0;1;3;13;0;0;0;0;1;1;0;0;0;0;0;3;0;0;0;5
3202702;Itaguaçu;ES;Mapeado;2026-09;104;145;59;88;9;28;28;96;35;56;24;38;0;0;0;0;2;3;0;0;0;0;4;4;0;0;0;0;0;1;0;0;2;4
3202801;Itapemirim;ES;Mapeado;2026-09;279;510;58;185;92;193;110;347;38;141;20;66;0;0;0;2;11;28;0;0;0;5;3;5;1;2;0;0;0;10;2;3;2;28
3202900;Itarana;ES;Mapeado;2026-09;83;127;44;80;14;25;15;84;29;59;15;27;0;0;1;2;5;13;0;0;0;0;2;2;0;0;0;0;0;2;1;2;1;5
3203007;Iúna;ES;Mapeado;2026-09;165;305;38;115;43;85;74;228;26;96;12;39;0;0;0;3;3;20;0;1;1;1;1;1;1;1;0;0;0;3;0;3;4;14
3203056;Jaguaré;ES;Mapeado;2026-09;224;328;117;186;36;75;59;165;60;107;57;93;0;0;0;1;6;24;0;0;0;2;4;7;0;1;0;0;1;2;0;2;1;7
3203106;Jerônimo Monteiro;ES;Mapeado;2026-09;104;177;29;77;14;58;54;140;8;51;21;46;0;0;0;0;3;9;0;0;0;0;1;1;0;0;0;0;0;0;1;1;2;5
3203130;João Neiva;ES;Mapeado;2026-09;104;202;39;93;22;55;40;141;16;57;23;50;0;0;0;0;0;16;0;0;0;1;1;1;0;1;0;0;0;1;1;3;1;10
3203163;Laranja da Terra;ES;Mapeado;2026-09;83;134;42;82;13;29;23;85;31;61;11;28;0;0;0;1;3;10;0;0;0;1;2;2;0;0;0;0;0;2;0;0;0;3
3203205;Linhares;ES;Mapeado;2026-09;1297;2201;366;838;403;851;454;1326;251;672;115;274;0;0;0;5;34;112;1;16;1;19;6;14;1;4;0;2;0;13;5;17;26;155
3203304;Mantenópolis;ES;Mapeado;2026-09;87;169;29;69;19;46;32;127;16;63;13;35;0;0;0;0;3;20;0;0;0;0;2;2;0;0;0;0;0;5;2;13;0;4
3203320;Marataízes;ES;Mapeado;2026-09;415;762;83;253;114;283;195;538;52;189;31;91;0;0;0;3;12;47;1;5;0;12;5;6;0;0;0;0;0;5;0;7;5;40
3203346;Marechal Floriano;ES;Mapeado;2026-09;131;225;29;84;35;76;61;173;17;64;12;27;0;0;0;0;1;9;0;0;0;1;3;5;0;0;0;0;0;0;0;2;2;10
3203353;Marilândia;ES;Mapeado;2026-09;103;199;49;120;11;62;38;149;32;88;17;52;0;0;0;1;2;10;0;0;0;0;2;2;0;0;0;0;0;0;0;0;1;5
3203403;Mimoso do Sul;ES;Mapeado;2026-09;180;304;69;145;33;82;66;189;46;97;23;56;0;0;0;0;6;19;0;0;0;2;4;6;0;0;0;0;0;1;0;1;2;15
3203502;Montanha;ES;Mapeado;2026-09;136;218;54;101;25;59;53;133;26;66;28;45;0;0;0;0;2;7;0;0;0;1;1;1;0;0;0;0;0;0;0;0;1;6
3203601;Mucurici;ES;Mapeado;2026-09;29;65;12;33;9;24;7;36;5;19;7;16;0;0;0;0;1;6;0;0;0;0;0;2;0;0;0;0;0;0;0;0;0;4
3203700;Muniz Freire;ES;Mapeado;2026-09;97;195;30;102;18;56;40;136;13;64;17;51;0;0;0;1;2;17;0;1;0;2;5;6;0;0;0;0;0;2;0;0;2;15
3203809;Muqui;ES;Mapeado;2026-09;72;167;35;78;6;43;24;79;20;46;15;39;0;0;0;0;4;32;1;4;0;8;2;3;0;0;0;0;0;1;0;1;0;17
3203908;Nova Venécia;ES;Mapeado;2026-09;387;588;172;301;67;166;125;367;116;222;56;119;0;0;0;1;7;30;0;2;0;1;6;8;0;0;0;0;0;4;0;6;10;22
3204005;Pancas;ES;Mapeado;2026-09;119;212;43;109;26;65;40;120;31;84;12;44;0;0;0;0;2;13;0;0;0;0;3;5;2;3;0;0;0;1;0;4;3;17
3204054;Pedro Canário;ES;Mapeado;2026-09;124;283;47;120;30;101;39;175;25;86;22;55;0;0;0;0;0;24;0;1;0;3;5;7;0;3;0;0;0;3;0;1;3;14
3204104;Pinheiros;ES;Mapeado;2026-09;145;275;55;127;35;76;47;168;30;82;25;52;0;0;0;0;0;16;0;1;0;1;5;5;0;0;0;0;0;2;0;1;3;9
3204203;Piúma;ES;Mapeado;2026-09;352;585;70;216;91;216;172;403;37;156;33;95;0;0;0;1;9;35;1;1;0;4;1;2;0;0;0;2;0;4;0;3;8;33
3204252;Ponto Belo;ES;Mapeado;2026-09;38;84;12;31;6;21;18;64;8;24;4;20;0;0;0;0;1;7;0;0;0;0;1;1;0;0;0;0;0;1;0;2;0;1
3204302;Presidente Kennedy;ES;Mapeado;2026-09;55;165;12;43;18;71;23;125;3;25;9;23;0;0;0;0;1;16;0;1;0;1;1;1;0;0;0;0;0;2;0;2;0;4
3204351;Rio Bananal;ES;Mapeado;2026-09;108;175;58;110;15;44;29;104;34;76;24;43;0;0;0;0;4;9;0;0;0;0;2;2;0;0;0;0;0;9;0;0;0;6
3204401;Rio Novo do Sul;ES;Mapeado;2026-09;59;119;12;47;20;40;24;87;10;41;2;9;0;0;0;0;0;9;0;0;0;0;1;1;0;0;0;0;0;0;0;1;2;6
3204500;Santa Leopoldina;ES;Mapeado;2026-09;88;158;44;89;14;38;26;89;29;66;15;30;0;0;0;0;2;11;0;0;0;0;2;2;0;0;0;0;0;3;0;1;0;5
3204559;Santa Maria de Jetibá;ES;Mapeado;2026-09;309;474;163;276;47;124;81;286;117;209;46;84;0;0;0;2;10;40;0;1;0;0;1;2;0;0;0;0;0;5;0;4;7;20
3204609;Santa Teresa;ES;Mapeado;2026-09;243;387;73;175;60;149;95;247;37;126;36;66;0;0;0;1;2;35;0;0;0;0;6;7;0;0;0;0;0;2;0;2;7;22
3205002;Serra;ES;Mapeado;2026-09;3867;6775;715;1857;1172;2463;1645;4188;409;1301;306;847;0;0;4;9;145;454;2;15;2;27;34;59;2;8;0;1;2;39;14;60;130;524
3205010;Sooretama;ES;Mapeado;2026-09;176;300;73;143;34;92;63;187;42;105;31;57;0;0;0;0;5;7;0;0;0;0;1;2;0;0;0;0;0;2;0;0;0;12
3204658;São Domingos do Norte;ES;Mapeado;2026-09;67;135;33;74;6;44;24;104;17;52;16;40;0;0;0;0;1;14;0;0;0;0;1;4;0;0;0;0;0;9;0;1;2;6
3204708;São Gabriel da Palha;ES;Mapeado;2026-09;254;445;118;230;35;126;87;304;71;163;47;106;0;0;0;2;5;57;0;0;0;3;5;9;0;0;0;0;0;4;0;1;4;13
3204807;São José do Calçado;ES;Mapeado;2026-09;84;154;23;60;16;42;38;122;14;44;9;18;0;0;0;0;1;13;0;2;0;1;5;5;0;0;0;0;0;2;0;1;1;4
3204906;São Mateus;ES;Mapeado;2026-09;1021;1748;284;694;328;697;348;1029;191;521;93;262;0;0;0;3;32;141;2;4;0;16;13;19;1;4;0;0;0;15;1;23;12;73
3204955;São Roque do Canaã;ES;Mapeado;2026-09;96;151;53;90;18;37;24;87;37;60;16;34;0;0;0;0;1;9;0;0;0;0;0;0;0;0;0;0;0;1;0;1;0;12
3205036;Vargem Alta;ES;Mapeado;2026-09;155;267;59;126;39;88;50;177;47;100;12;40;0;0;0;1;3;16;0;3;0;4;4;8;0;1;0;1;0;1;0;0;0;13
3205069;Venda Nova do Imigrante;ES;Mapeado;2026-09;180;302;55;134;49;109;64;204;34;101;21;44;0;0;0;1;3;16;0;1;0;2;2;3;0;0;0;0;0;3;0;1;7;19
3205101;Viana;ES;Mapeado;2026-09;546;912;180;352;134;276;192;522;98;244;82;157;0;0;1;2;30;72;0;2;0;3;2;3;1;1;0;0;0;4;0;4;6;35
3205150;Vila Pavão;ES;Mapeado;2026-09;58;111;32;57;8;30;16;88;22;38;10;22;0;0;0;0;1;11;0;0;0;1;1;1;0;0;0;0;0;19;0;0;0;4
3205176;Vila Valério;ES;Mapeado;2026-09;80;163;38;95;20;58;21;116;27;83;11;30;0;0;0;0;0;13;0;1;0;0;1;2;0;1;0;0;0;2;0;2;0;11
3205200;Vila Velha;ES;Mapeado;2026-09;4285;7414;776;2108;1442;2892;1729;4540;476;1578;300;838;0;0;6;27;139;531;2;31;2;66;48;87;4;10;0;3;1;35;8;66;128;572
3205309;Vitória;ES;Mapeado;2026-09;2941;5241;443;1441;1079;2178;1178;3213;263;1083;180;538;0;0;2;26;75;411;7;78;13;141;52;70;1;5;0;0;1;22;15;47;75;489
3200169;Água Doce do Norte;ES;Mapeado;2026-09;75;134;29;53;21;41;23;88;22;41;7;13;0;0;0;0;2;5;0;0;0;0;0;0;0;0;0;0;0;2;0;1;0;1
3200136;Águia Branca;ES;Mapeado;2026-09;80;139;28;75;16;33;28;99;19;62;9;26;0;0;0;0;3;17;0;2;0;0;4;5;0;0;0;0;0;5;0;2;1;13
5200050;Abadia de Goiás;GO;Mapeado;2026-09;126;209;22;51;38;64;48;111;14;38;8;26;0;0;0;0;16;24;0;1;1;5;1;4;0;0;0;0;0;2;0;1;0;11
5200100;Abadiânia;GO;Mapeado;2026-09;127;211;19;46;45;88;57;151;18;44;1;6;0;0;0;0;2;10;0;1;0;1;1;1;0;1;0;0;0;2;0;1;3;8
5200134;Acreúna;GO;Mapeado;2026-09;210;306;91;148;33;73;64;176;53;90;38;72;0;0;0;0;17;29;0;0;0;1;5;6;0;0;0;0;0;3;0;1;0;3
5200159;Adelândia;GO;Mapeado;2026-09;4;16;0;6;2;2;2;8;0;4;0;2;0;0;0;1;0;1;0;0;0;0;0;0;0;0;0;0;0;0;0;0;0;2
5200308;Alexânia;GO;Mapeado;2026-09;241;394;71;139;47;110;104;232;31;80;40;70;0;0;0;2;8;36;0;1;1;6;4;5;1;1;0;0;1;9;0;0;4;24
5200506;Aloândia;GO;Mapeado;2026-09;15;23;3;10;2;3;9;19;3;8;0;4;0;0;0;0;0;0;0;0;0;0;1;1;0;0;0;0;0;1;0;0;0;0
5200555;Alto Horizonte;GO;Mapeado;2026-09;45;103;7;27;17;33;20;69;4;21;3;17;0;0;0;0;0;10;0;0;0;2;0;3;0;0;0;0;0;0;0;1;1;7
5200605;Alto Paraíso de Goiás;GO;Mapeado;2026-09;259;486;31;156;101;230;103;301;9;81;22;99;0;0;0;2;4;51;1;5;1;12;0;3;3;22;0;0;0;5;0;4;15;55
5200803;Alvorada do Norte;GO;Mapeado;2026-09;52;94;12;36;19;35;20;69;8;21;4;19;0;0;0;0;0;9;0;0;0;0;1;1;0;0;0;0;0;2;0;0;0;4
5200829;Amaralina;GO;Mapeado;2026-09;4;22;1;5;3;10;0;9;0;1;1;4;0;0;0;0;0;0;0;0;0;1;0;0;0;0;0;0;0;0;0;0;0;4
5200852;Americano do Brasil;GO;Mapeado;2026-09;14;38;5;12;5;17;4;24;2;10;3;6;0;0;0;0;0;3;0;0;0;0;0;0;0;0;0;0;0;0;0;0;0;2
5200902;Amorinópolis;GO;Mapeado;2026-09;7;17;0;5;3;9;4;14;0;5;0;1;0;0;0;0;0;0;0;0;0;0;0;0;0;0;0;0;0;0;0;0;0;0
5201207;Anhanguera;GO;Mapeado;2026-09;8;12;1;3;3;4;3;5;1;3;0;1;0;0;0;0;1;2;0;0;0;1;0;0;0;0;0;0;0;1;0;0;0;1
5201306;Anicuns;GO;Mapeado;2026-09;82;166;13;50;20;53;37;94;6;38;7;22;0;0;0;0;8;19;0;0;0;2;1;3;1;1;0;0;0;2;0;1;2;9
5201108;Anápolis;GO;Mapeado;2026-09;2924;4477;366;977;1107;1792;1262;2715;233;727;133;378;0;0;3;9;83;219;2;8;3;57;39;62;3;4;1;1;3;35;9;40;43;219
5201405;Aparecida de Goiânia;GO;Mapeado;2026-09;4133;6757;631;1730;1461;2499;1670;3762;354;1204;277;734;0;0;14;24;267;527;3;23;0;38;18;39;9;13;1;1;2;55;4;27;53;318
5201454;Aparecida do Rio Doce;GO;Mapeado;2026-09;31;50;4;26;10;15;16;35;4;19;0;8;0;0;0;0;0;2;0;0;0;0;1;1;0;0;0;0;0;2;0;0;0;1
5201504;Aporé;GO;Mapeado;2026-09;23;58;7;26;5;25;10;42;3;16;4;12;0;0;0;0;0;1;0;0;0;0;0;0;0;0;0;0;0;0;0;0;1;4
5201702;Aragarças;GO;Mapeado;2026-09;103;199;19;55;43;76;35;123;6;34;13;34;0;0;0;0;2;13;0;0;1;2;1;2;2;3;0;0;0;0;0;0;0;8
5201801;Aragoiânia;GO;Mapeado;2026-09;84;130;17;42;19;40;37;72;8;28;9;19;0;0;0;0;7;15;0;1;0;3;4;6;0;0;0;0;0;0;0;0;0;11
5202155;Araguapaz;GO;Mapeado;2026-09;31;67;3;25;14;29;13;46;0;19;3;9;0;0;0;0;0;5;0;0;0;0;0;1;0;0;0;0;0;1;0;0;1;3
5201603;Araçu;GO;Mapeado;2026-09;20;38;3;14;6;15;11;29;1;11;2;5;0;0;0;0;0;2;0;0;0;0;0;2;0;0;0;0;0;1;0;0;0;0
5202353;Arenópolis;GO;Mapeado;2026-09;15;27;1;8;8;12;6;19;0;3;1;8;0;0;0;0;0;0;0;0;0;0;0;0;0;0;0;0;0;0;0;0;0;0
5202502;Aruanã;GO;Mapeado;2026-09;96;164;19;54;29;62;40;91;12;30;7;28;0;0;0;0;0;6;0;1;0;0;4;5;0;0;0;0;0;0;0;0;4;12
5202601;Aurilândia;GO;Mapeado;2026-09;13;30;4;14;2;8;5;20;2;11;2;5;0;0;0;0;2;5;0;0;0;0;0;0;0;0;0;0;0;0;0;0;0;2
5202809;Avelinópolis;GO;Mapeado;2026-09;10;34;2;8;2;10;4;21;1;7;1;5;0;0;0;0;1;2;0;0;0;1;0;0;0;0;0;0;0;1;0;0;1;5
5203104;Baliza;GO;Mapeado;2026-09;5;20;1;8;1;10;1;12;1;3;0;6;0;0;0;0;0;1;0;0;0;0;2;2;0;0;0;0;0;0;0;0;0;1
5203203;Barro Alto;GO;Mapeado;2026-09;67;137;7;47;29;64;25;100;4;38;3;24;0;0;0;0;4;15;0;0;0;1;2;4;0;0;0;0;0;1;0;1;0;4
5203302;Bela Vista de Goiás;GO;Mapeado;2026-09;173;276;34;83;50;105;71;165;25;62;9;29;0;0;0;0;8;19;0;0;0;3;6;10;0;1;0;0;1;5;2;3;1;7
5203401;Bom Jardim de Goiás;GO;Mapeado;2026-09;28;63;5;28;12;28;10;36;3;18;2;13;0;0;0;0;0;4;0;0;0;0;0;0;0;0;0;0;0;1;0;0;1;1
5203500;Bom Jesus de Goiás;GO;Mapeado;2026-09;119;189;21;77;32;55;58;127;13;61;8;20;0;0;0;1;4;11;0;0;0;0;4;5;0;0;0;0;0;0;0;0;0;3
5203559;Bonfinópolis;GO;Mapeado;2026-09;59;109;12;36;12;21;32;68;8;28;4;12;0;0;0;0;1;4;0;0;0;1;0;0;0;0;0;0;0;0;1;3;1;7
5203575;Bonópolis;GO;Mapeado;2026-09;19;46;1;8;10;21;6;26;0;2;1;6;0;0;0;0;1;1;0;0;0;0;1;1;0;0;0;0;0;0;0;0;0;1
5203609;Brazabrantes;GO;Mapeado;2026-09;22;44;4;15;7;10;11;33;3;10;1;6;0;0;0;0;0;2;0;0;0;0;0;0;0;0;0;0;0;1;0;0;0;5
5203807;Britânia;GO;Mapeado;2026-09;57;89;11;35;15;37;27;59;8;29;3;19;0;0;0;0;1;4;0;1;0;1;3;3;0;0;0;0;0;1;0;0;0;5
5203906;Buriti Alegre;GO;Mapeado;2026-09;71;113;9;26;24;41;25;67;3;13;6;15;0;0;0;0;2;5;0;0;0;0;5;5;0;0;0;0;0;0;0;1;6;12
5203939;Buriti de Goiás;GO;Mapeado;2026-09;12;27;2;6;3;12;7;21;1;4;1;2;0;0;0;0;0;1;0;0;0;0;0;0;0;0;0;0;0;1;0;0;0;2
5203962;Buritinópolis;GO;Mapeado;2026-09;11;15;2;5;1;6;7;11;0;1;2;4;0;0;0;0;1;1;0;0;0;0;0;0;0;0;0;0;0;1;0;0;0;1
5204003;Cabeceiras;GO;Mapeado;2026-09;43;89;2;31;13;26;27;67;1;26;1;16;0;0;1;1;0;4;0;1;0;1;0;0;0;0;0;0;0;1;0;0;0;1
5204102;Cachoeira Alta;GO;Mapeado;2026-09;57;101;6;24;17;41;29;67;2;16;4;13;0;0;0;0;2;3;0;0;0;0;2;2;0;0;0;0;0;2;0;1;1;5
5204250;Cachoeira Dourada;GO;Mapeado;2026-09;45;85;8;33;12;31;21;62;6;26;2;12;0;0;1;1;1;9;0;0;0;0;1;1;0;0;0;0;1;2;0;2;0;4
5204201;Cachoeira de Goiás;GO;Mapeado;2026-09;8;27;1;11;3;6;2;19;1;8;0;3;0;0;0;0;1;1;0;0;0;1;1;1;0;0;0;0;0;2;0;0;0;1
5204409;Caiapônia;GO;Mapeado;2026-09;83;158;16;42;25;53;37;118;9;30;7;15;0;0;0;0;1;5;0;0;0;0;3;3;0;0;0;0;0;2;0;0;1;3
5204508;Caldas Novas;GO;Mapeado;2026-09;1091;1670;136;426;424;709;415;1065;95;319;41;138;0;0;2;10;14;66;1;2;0;10;23;34;15;40;0;1;0;10;1;8;60;115
5204557;Caldazinha;GO;Mapeado;2026-09;27;35;7;14;7;13;8;17;0;7;7;9;0;0;0;0;3;4;0;0;0;0;1;1;0;0;0;0;0;1;0;0;1;1
5204607;Campestre de Goiás;GO;Mapeado;2026-09;20;38;4;13;6;10;8;21;2;8;2;7;0;0;0;0;1;1;0;0;0;0;0;0;0;0;0;0;0;1;0;2;1;3
5204656;Campinaçu;GO;Mapeado;2026-09;14;26;2;10;7;13;5;19;0;8;2;3;0;0;0;0;0;0;0;0;0;0;0;0;0;0;0;0;0;1;0;0;0;0
5204706;Campinorte;GO;Mapeado;2026-09;59;107;10;38;26;46;19;73;6;31;4;19;0;0;0;0;3;14;0;0;0;1;0;0;0;0;0;0;0;1;0;0;1;3
5204805;Campo Alegre de Goiás;GO;Mapeado;2026-09;54;81;14;35;8;21;29;57;9;27;5;9;0;0;0;1;2;2;0;0;0;0;0;0;0;0;0;0;0;2;0;0;1;2
5204854;Campo Limpo de Goiás;GO;Mapeado;2026-09;58;84;18;32;7;18;25;55;15;26;3;9;0;0;0;0;5;13;0;0;0;0;1;1;0;0;0;0;0;0;0;0;2;6
5204904;Campos Belos;GO;Mapeado;2026-09;132;245;31;73;27;68;59;175;18;48;13;35;0;0;0;0;4;19;1;1;0;0;6;7;0;1;0;0;0;3;0;0;4;15
5204953;Campos Verdes;GO;Mapeado;2026-09;19;40;2;18;7;18;9;24;2;13;0;7;0;0;0;1;1;4;0;0;0;0;0;0;0;0;0;0;0;0;0;1;0;0
5205000;Carmo do Rio Verde;GO;Mapeado;2026-09;49;59;8;18;14;23;21;33;3;10;5;11;0;0;1;1;2;5;0;0;0;0;2;2;0;0;0;0;0;0;0;1;1;2
5205059;Castelândia;GO;Mapeado;2026-09;19;27;2;8;7;12;7;17;0;4;2;5;0;0;0;0;1;2;0;0;0;0;1;1;0;0;0;0;0;0;0;0;1;1
5205109;Catalão;GO;Mapeado;2026-09;853;1364;133;353;310;501;353;841;108;295;25;83;0;0;0;0;24;55;1;4;1;8;19;21;0;3;0;0;1;6;2;13;9;61
5205208;Caturaí;GO;Mapeado;2026-09;23;51;10;26;5;9;6;39;4;23;6;11;0;0;0;0;2;2;0;0;0;0;0;0;0;0;0;0;0;2;0;0;0;0
5205307;Cavalcante;GO;Mapeado;2026-09;77;168;28;49;24;55;21;99;15;29;13;26;0;0;0;0;2;27;0;2;0;4;0;0;0;0;0;0;0;5;1;1;1;10
5204300;Caçu;GO;Mapeado;2026-09;90;153;17;52;23;57;41;101;10;39;7;18;0;0;0;2;4;15;0;0;0;0;3;3;0;0;0;0;0;3;0;2;2;9
5205406;Ceres;GO;Mapeado;2026-09;143;225;21;46;30;57;80;148;17;44;4;11;0;0;1;1;8;21;0;0;0;2;1;1;0;0;0;0;0;0;0;1;2;14
5205455;Cezarina;GO;Mapeado;2026-09;36;77;7;19;13;26;14;47;3;14;4;10;0;0;0;1;2;7;0;0;0;0;0;1;0;0;0;0;0;2;0;0;0;4
5205471;Chapadão do Céu;GO;Mapeado;2026-09;92;213;29;97;27;78;23;143;13;64;16;48;0;0;2;2;4;13;0;0;0;1;5;6;0;0;0;0;0;2;0;1;2;5
5205497;Cidade Ocidental;GO;Mapeado;2026-09;511;840;121;250;154;305;218;518;77;172;44;104;0;0;0;2;11;52;0;1;0;3;3;5;0;1;0;0;0;7;0;3;4;35
5205513;Cocalzinho de Goiás;GO;Mapeado;2026-09;95;193;19;57;27;70;42;123;12;39;7;27;0;0;0;1;5;17;0;3;0;1;1;1;0;0;0;0;0;2;0;1;1;12
5205521;Colinas do Sul;GO;Mapeado;2026-09;39;78;7;35;16;36;16;53;1;21;6;25;0;0;0;0;0;12;0;0;0;0;0;0;0;1;0;0;0;1;0;0;0;4
5205901;Corumbaíba;GO;Mapeado;2026-09;53;112;4;41;17;30;28;85;2;34;2;11;0;0;0;0;3;7;0;0;0;0;0;2;0;3;0;0;0;1;0;0;1;1
5205802;Corumbá de Goiás;GO;Mapeado;2026-09;66;123;6;45;18;46;35;80;1;21;5;32;0;0;0;0;1;22;0;0;0;1;4;5;1;1;0;0;0;2;0;0;1;9
5206206;Cristalina;GO;Mapeado;2026-09;457;684;141;298;120;230;170;448;93;196;48;124;0;0;1;2;13;45;0;0;0;1;11;12;0;1;0;0;0;6;0;0;1;13
5206305;Cristianópolis;GO;Mapeado;2026-09;21;35;1;5;8;12;11;23;1;4;0;1;0;0;0;0;0;1;0;0;0;0;1;2;0;0;0;0;0;0;0;1;0;2
5206404;Crixás;GO;Mapeado;2026-09;85;207;17;72;26;98;34;122;12;51;5;28;0;0;1;3;3;23;0;0;0;4;3;6;0;0;0;0;0;2;0;2;1;16
5206503;Cromínia;GO;Mapeado;2026-09;29;48;9;22;6;20;12;27;5;18;4;7;0;0;0;0;1;7;0;0;0;0;1;1;0;0;0;0;0;3;0;0;0;0
5206602;Cumari;GO;Mapeado;2026-09;20;23;7;9;3;3;10;19;6;9;1;3;0;0;0;0;0;0;0;0;0;0;0;0;0;0;0;0;0;0;0;0;0;0
5205703;Córrego do Ouro;GO;Mapeado;2026-09;10;26;0;4;2;7;7;20;0;2;0;3;0;0;0;0;0;0;0;0;0;0;1;1;0;0;0;0;0;0;0;0;0;2
5206701;Damianópolis;GO;Mapeado;2026-09;18;26;4;12;6;16;8;18;1;5;3;7;0;0;0;0;0;7;0;0;0;0;0;0;0;0;0;0;0;0;0;0;0;0
5206800;Damolândia;GO;Mapeado;2026-09;8;20;1;4;3;6;4;11;0;2;1;3;0;0;0;0;0;3;0;0;0;0;0;1;0;0;0;0;0;0;0;0;0;2
5206909;Davinópolis;GO;Mapeado;2026-09;15;28;3;5;6;12;4;15;3;5;0;0;0;0;0;0;0;1;0;0;0;1;2;2;0;0;0;0;0;0;0;0;0;2
5207105;Diorama;GO;Mapeado;2026-09;10;17;2;2;2;7;5;12;2;2;0;0;0;0;0;0;0;0;0;0;0;0;0;0;0;0;0;0;0;0;0;0;1;3
5208301;Divinópolis de Goiás;GO;Mapeado;2026-09;20;46;6;21;2;20;11;30;3;10;3;13;0;0;0;0;0;6;0;0;0;0;1;1;0;0;0;0;0;1;0;0;0;1
5207253;Doverlândia;GO;Mapeado;2026-09;26;61;2;9;7;23;13;40;0;2;2;9;0;0;0;0;2;5;0;1;0;1;2;2;0;0;0;0;0;0;0;0;0;1
5207352;Edealina;GO;Mapeado;2026-09;22;40;2;11;9;15;9;28;1;7;1;4;0;0;0;0;1;2;0;0;0;2;0;0;0;0;0;0;0;1;0;0;1;3
5207402;Edéia;GO;Mapeado;2026-09;67;122;9;34;18;38;31;81;4;28;5;9;0;0;0;2;3;7;1;1;0;2;2;2;0;0;0;0;0;1;0;1;3;10
5207501;Estrela do Norte;GO;Mapeado;2026-09;28;48;5;12;8;22;14;34;2;6;3;7;0;0;0;0;1;4;0;0;0;0;0;0;0;0;0;0;0;0;0;0;0;0
5207535;Faina;GO;Mapeado;2026-09;48;75;4;23;16;28;26;57;3;23;1;6;0;0;0;0;1;5;0;0;0;0;1;1;0;0;0;0;0;1;0;0;0;2
5207600;Fazenda Nova;GO;Mapeado;2026-09;21;53;3;11;4;10;9;34;1;9;2;5;0;0;0;0;0;6;0;0;0;0;2;2;0;0;0;1;0;0;0;0;3;5
5207808;Firminópolis;GO;Mapeado;2026-09;60;106;14;38;13;31;27;74;8;25;6;20;0;0;0;0;3;7;0;0;0;0;2;2;0;0;0;0;0;1;0;2;1;2
5207907;Flores de Goiás;GO;Mapeado;2026-09;40;85;11;34;16;37;13;51;8;24;3;11;0;0;0;0;0;2;0;0;0;0;0;0;0;0;0;0;0;1;0;0;0;3
5208004;Formosa;GO;Mapeado;2026-09;693;1177;143;360;242;460;264;741;78;241;65;160;0;0;2;6;26;71;1;1;1;10;8;14;2;4;0;1;0;9;0;7;4;45
5208103;Formoso;GO;Mapeado;2026-09;23;53;3;17;4;11;14;42;1;13;2;9;0;0;0;0;1;5;0;0;0;0;1;1;0;0;0;0;0;0;0;0;0;1
5208152;Gameleira de Goiás;GO;Mapeado;2026-09;18;32;5;10;8;18;4;17;4;7;1;6;0;0;0;0;0;2;0;0;0;0;1;1;0;0;0;0;0;1;0;0;0;1
5208509;Goiandira;GO;Mapeado;2026-09;32;50;7;16;3;8;21;36;6;13;1;4;0;0;0;0;1;2;0;0;0;0;0;0;0;0;0;0;0;0;0;1;0;1
5208806;Goianira;GO;Mapeado;2026-09;368;651;53;189;132;236;157;378;20;147;33;95;0;0;0;1;19;38;0;0;0;3;2;5;0;0;0;0;0;3;1;3;4;26
5208400;Goianápolis;GO;Mapeado;2026-09;78;130;13;39;22;46;36;87;6;33;7;23;0;0;0;0;4;9;0;0;0;2;3;3;0;0;0;0;0;1;0;0;0;5
5208608;Goianésia;GO;Mapeado;2026-09;491;765;98;265;142;280;222;504;82;234;16;55;0;0;0;1;13;39;1;1;0;10;10;12;0;0;0;0;0;3;0;2;5;24
5209101;Goiatuba;GO;Mapeado;2026-09;194;312;17;78;75;130;86;194;11;54;6;29;0;0;1;3;6;15;0;1;0;1;6;9;0;2;1;1;1;4;0;1;1;13
5208905;Goiás;GO;Mapeado;2026-09;157;284;26;76;48;97;76;181;11;38;15;49;0;0;0;0;3;19;0;4;0;13;2;5;0;0;0;0;0;0;0;0;2;26
5208707;Goiânia;GO;Mapeado;2026-09;12971;21305;1451;4428;5467;9246;5267;12145;872;3236;579;1672;0;0;17;59;287;1083;22;220;13;389;127;260;12;45;4;6;13;187;39;159;252;1566
5209150;Gouvelândia;GO;Mapeado;2026-09;15;31;4;11;4;10;7;17;2;7;2;8;0;0;0;0;0;1;0;0;0;0;0;0;0;0;0;0;0;0;0;1;0;2
5209200;Guapó;GO;Mapeado;2026-09;99;181;23;60;37;74;31;102;6;32;17;35;0;0;0;1;2;15;0;1;0;0;4;8;0;0;0;0;0;0;0;0;2;6
5209408;Guarani de Goiás;GO;Mapeado;2026-09;13;36;3;18;5;21;5;18;1;9;2;11;0;0;0;0;0;7;0;0;0;0;0;1;0;0;0;0;0;0;0;0;0;1
5209291;Guaraíta;GO;Mapeado;2026-09;4;6;1;1;0;2;3;6;1;1;0;0;0;0;0;0;0;0;0;0;0;0;0;0;0;0;0;0;0;0;0;0;0;0
5209457;Guarinos;GO;Mapeado;2026-09;2;16;1;6;1;6;0;13;1;4;0;4;0;0;0;0;0;1;0;0;0;0;0;0;0;0;0;0;0;0;0;0;0;0
5209606;Heitoraí;GO;Mapeado;2026-09;11;19;3;5;5;8;3;12;1;4;2;2;0;0;0;0;0;1;0;0;0;0;0;0;0;0;0;0;0;0;0;0;0;1
5209804;Hidrolina;GO;Mapeado;2026-09;16;29;7;14;2;7;7;19;3;11;4;5;0;0;0;0;0;4;0;0;0;0;0;0;0;0;0;0;0;2;0;0;0;0
5209705;Hidrolândia;GO;Mapeado;2026-09;202;324;47;115;69;114;68;176;31;80;16;45;0;0;0;0;9;29;0;0;0;7;4;4;1;2;0;0;0;2;0;3;4;15
5209903;Iaciara;GO;Mapeado;2026-09;44;97;9;35;8;33;23;58;5;22;4;19;0;0;0;0;4;10;0;0;0;0;0;0;0;0;0;0;0;1;0;0;0;1
5209937;Inaciolândia;GO;Mapeado;2026-09;24;52;1;12;10;17;10;40;0;8;1;5;0;0;0;1;0;1;0;0;0;0;0;0;0;0;0;0;0;1;0;0;3;3
5209952;Indiara;GO;Mapeado;2026-09;85;169;7;48;25;62;48;137;5;37;2;16;0;0;0;0;2;11;0;0;0;0;1;2;0;0;0;0;0;2;0;0;2;4
5210000;Inhumas;GO;Mapeado;2026-09;364;541;63;139;109;180;164;309;40;108;23;43;0;0;0;1;21;43;0;1;0;10;3;7;0;0;0;0;0;0;1;5;3;33
5210109;Ipameri;GO;Mapeado;2026-09;177;278;49;107;50;76;72;158;22;51;27;58;0;0;1;2;2;16;0;0;0;0;1;1;0;0;0;0;0;2;0;1;2;8
5210158;Ipiranga de Goiás;GO;Mapeado;2026-09;9;16;1;6;4;10;4;10;0;5;1;3;0;0;0;0;0;2;0;0;0;1;0;0;0;0;0;0;0;1;0;0;0;1
5210208;Iporá;GO;Mapeado;2026-09;204;375;38;110;66;119;83;261;18;75;20;51;0;0;0;0;6;25;0;0;0;0;10;12;0;0;0;0;0;3;0;2;1;11
5210307;Israelândia;GO;Mapeado;2026-09;19;34;1;9;7;15;9;27;0;3;1;7;0;0;0;0;1;2;0;0;0;1;1;1;0;0;0;0;0;1;0;0;0;2
5210406;Itaberaí;GO;Mapeado;2026-09;238;420;44;110;76;164;104;260;30;82;14;42;0;0;0;5;8;21;0;2;0;7;3;8;0;1;0;1;0;1;1;1;2;17
5210562;Itaguari;GO;Mapeado;2026-09;33;58;5;26;9;29;16;43;5;23;0;9;0;0;1;2;1;7;0;0;0;0;0;3;0;1;0;0;0;0;0;0;1;4
5210604;Itaguaru;GO;Mapeado;2026-09;23;44;3;16;5;13;13;30;2;12;1;6;0;0;0;0;1;1;0;0;0;1;1;1;0;0;0;0;0;1;0;0;0;3
5210802;Itajá;GO;Mapeado;2026-09;33;55;9;23;7;14;14;38;5;16;4;8;0;0;0;0;0;1;0;0;0;0;3;3;0;0;0;0;0;2;0;0;0;0
5210901;Itapaci;GO;Mapeado;2026-09;101;190;19;58;21;59;57;144;9;42;10;36;0;0;0;0;1;10;0;0;0;0;2;2;0;1;0;0;0;0;1;2;0;6
5211008;Itapirapuã;GO;Mapeado;2026-09;37;61;6;19;15;20;15;45;3;10;3;10;0;0;0;0;0;3;0;0;0;0;1;2;0;0;0;0;0;0;0;0;0;1
5211206;Itapuranga;GO;Mapeado;2026-09;90;169;7;49;26;51;44;100;4;35;3;19;0;0;0;0;7;15;0;0;1;2;4;6;0;0;0;0;0;0;0;2;1;4
5211305;Itarumã;GO;Mapeado;2026-09;36;69;7;23;11;25;15;54;4;19;3;4;0;0;0;0;1;2;0;0;0;0;0;0;0;0;0;0;0;1;0;0;2;3
5211404;Itauçu;GO;Mapeado;2026-09;43;88;5;27;13;27;22;49;4;22;1;9;0;0;0;3;3;8;0;0;0;0;0;1;0;1;0;0;0;2;0;1;0;3
5211503;Itumbiara;GO;Mapeado;2026-09;731;1176;128;355;229;393;313;734;100;280;28;110;0;0;1;3;20;74;1;2;0;4;19;31;1;4;2;2;1;8;2;9;14;72
5211602;Ivolândia;GO;Mapeado;2026-09;16;34;5;14;3;7;7;20;3;7;2;7;0;0;0;0;0;3;0;0;0;0;1;2;0;0;0;0;0;1;0;0;0;2
5211701;Jandaia;GO;Mapeado;2026-09;37;62;11;22;8;19;16;38;6;14;5;13;0;0;0;0;2;4;0;0;0;0;0;0;0;1;0;0;0;3;0;1;0;2
5211800;Jaraguá;GO;Mapeado;2026-09;273;415;49;106;84;147;118;252;20;64;29;57;0;0;0;3;6;35;0;1;0;3;14;15;0;1;0;0;0;3;0;0;2;18
5211909;Jataí;GO;Mapeado;2026-09;594;924;122;254;228;385;197;525;67;170;55;100;0;0;0;6;12;28;1;2;0;4;25;29;1;2;0;0;1;3;1;4;6;42
5212006;Jaupaci;GO;Mapeado;2026-09;18;46;6;20;5;9;6;31;2;12;4;10;0;0;0;0;1;5;0;1;0;0;0;0;0;0;0;0;0;1;0;0;0;0
5212055;Jesúpolis;GO;Mapeado;2026-09;5;19;1;6;3;4;1;12;0;6;1;3;0;0;0;0;0;1;0;0;0;0;0;0;0;0;0;0;0;0;0;0;0;3
5212105;Joviânia;GO;Mapeado;2026-09;41;59;7;17;13;22;20;38;2;7;5;10;0;0;0;1;0;1;0;0;0;0;1;1;0;0;0;0;0;3;0;0;0;0
5212204;Jussara;GO;Mapeado;2026-09;141;230;29;71;27;74;75;161;19;45;10;40;0;0;0;1;3;8;0;0;0;3;7;7;0;1;0;0;0;1;0;1;0;4
5212253;Lagoa Santa;GO;Mapeado;2026-09;24;58;2;14;6;21;14;42;1;11;1;5;0;0;0;0;1;2;0;0;0;0;0;0;0;1;0;0;0;1;0;0;1;2
5212303;Leopoldo de Bulhões;GO;Mapeado;2026-09;42;59;12;22;11;20;18;41;3;9;9;15;0;0;0;0;1;3;0;0;0;1;0;1;0;0;0;0;0;2;0;0;0;3
5212501;Luziânia;GO;Mapeado;2026-09;1101;1811;321;663;307;595;396;981;196;431;125;309;0;0;0;2;43;104;2;3;0;12;12;16;1;6;0;2;0;23;2;6;17;80
5212600;Mairipotaba;GO;Mapeado;2026-09;15;31;2;11;5;13;7;23;0;8;2;3;0;0;0;0;0;1;0;0;0;0;1;2;0;0;0;0;0;4;0;0;0;0
5212709;Mambaí;GO;Mapeado;2026-09;49;99;6;28;17;41;21;80;4;15;2;14;0;0;0;1;1;7;0;0;0;1;4;5;0;1;0;0;0;0;0;0;0;3
5212808;Mara Rosa;GO;Mapeado;2026-09;65;125;8;42;20;47;30;70;4;29;4;20;0;0;0;0;3;8;0;0;0;0;2;2;0;0;0;0;0;0;0;9;2;7
5212907;Marzagão;GO;Mapeado;2026-09;12;26;2;8;4;12;6;24;0;6;2;4;0;0;0;0;0;0;0;0;0;0;0;0;0;0;0;0;0;0;0;0;0;0
5212956;Matrinchã;GO;Mapeado;2026-09;25;49;4;19;7;20;13;35;1;13;3;6;0;0;0;1;0;2;0;1;0;1;0;0;0;0;0;0;0;0;0;0;1;2
5213004;Maurilândia;GO;Mapeado;2026-09;35;66;8;18;9;26;17;37;3;12;5;7;0;0;0;0;0;1;0;0;0;0;0;1;0;0;0;0;0;1;0;0;1;4
5213053;Mimoso de Goiás;GO;Mapeado;2026-09;5;12;2;6;2;4;1;7;1;4;1;3;0;0;0;0;0;0;0;0;0;0;0;0;0;0;0;0;0;0;0;0;0;0
5213087;Minaçu;GO;Mapeado;2026-09;127;210;29;66;34;70;52;128;18;56;11;29;0;0;0;3;6;16;0;1;0;2;4;10;0;0;0;0;0;4;0;0;2;14
5213103;Mineiros;GO;Mapeado;2026-09;591;839;158;341;132;239;244;510;96;223;62;130;0;0;0;0;32;57;1;1;0;0;17;21;0;1;0;0;0;69;1;2;6;17
5213400;Moiporá;GO;Mapeado;2026-09;8;18;1;9;2;9;4;9;0;6;1;5;0;0;0;0;0;0;0;0;0;1;1;1;0;0;0;0;0;0;0;0;0;0
5213509;Monte Alegre de Goiás;GO;Mapeado;2026-09;26;51;8;16;5;11;11;32;5;10;3;6;0;0;0;0;2;4;0;0;0;0;0;0;0;0;0;0;0;0;0;0;0;3
5213707;Montes Claros de Goiás;GO;Mapeado;2026-09;92;151;19;53;21;43;45;124;18;48;1;20;0;0;0;0;4;17;0;0;0;0;0;0;0;0;0;0;0;3;2;3;1;3
5213756;Montividiu;GO;Mapeado;2026-09;93;151;38;61;21;42;28;97;19;42;19;32;0;0;0;1;6;15;0;0;0;0;0;0;0;0;0;0;0;7;0;0;0;1
5213772;Montividiu do Norte;GO;Mapeado;2026-09;10;24;0;11;5;9;5;20;0;10;0;3;0;0;0;0;0;0;0;0;0;0;0;0;0;0;0;0;0;1;0;0;0;0
5213806;Morrinhos;GO;Mapeado;2026-09;291;457;59;139;71;141;127;285;33;94;26;64;0;0;0;0;14;34;1;1;0;1;16;19;0;0;0;0;1;4;0;4;2;15
5213855;Morro Agudo de Goiás;GO;Mapeado;2026-09;13;18;0;2;7;8;6;10;0;0;0;2;0;0;0;0;0;0;0;0;0;0;0;0;0;0;0;0;0;0;0;0;0;1
5213905;Mossâmedes;GO;Mapeado;2026-09;23;37;5;11;8;8;10;21;4;8;1;3;0;0;0;0;0;1;0;0;0;0;0;0;0;0;0;0;0;0;0;0;0;4
5214002;Mozarlândia;GO;Mapeado;2026-09;92;168;18;62;31;58;38;119;6;42;12;37;0;0;0;0;0;4;0;0;0;0;5;5;0;0;0;0;0;0;0;0;0;1
5214051;Mundo Novo;GO;Mapeado;2026-09;24;51;7;25;4;12;11;35;5;14;2;12;0;0;0;0;1;3;0;0;0;0;1;1;0;0;0;0;0;1;0;0;0;0
5214101;Mutunópolis;GO;Mapeado;2026-09;15;31;5;14;6;12;4;22;3;7;2;7;0;0;0;0;0;0;0;0;0;0;0;0;0;0;0;0;0;0;0;0;0;0
5214408;Nazário;GO;Mapeado;2026-09;49;98;8;38;11;24;25;59;6;33;2;19;0;0;0;0;1;4;0;1;0;1;0;0;0;0;0;0;0;2;0;0;4;7
5214507;Nerópolis;GO;Mapeado;2026-09;202;296;48;99;60;95;87;182;25;63;23;40;0;0;0;0;1;11;0;0;0;3;4;8;0;0;0;0;0;3;0;1;2;13
5214606;Niquelândia;GO;Mapeado;2026-09;214;344;61;132;48;121;86;191;48;100;13;46;0;0;0;0;8;34;0;2;0;6;8;10;0;1;0;0;0;4;0;1;3;25
5214705;Nova América;GO;Mapeado;2026-09;16;31;7;20;2;6;6;17;4;12;3;9;0;0;0;0;0;2;0;0;0;0;1;2;0;0;0;0;0;5;0;1;0;4
5214804;Nova Aurora;GO;Mapeado;2026-09;7;9;1;6;1;1;4;7;1;6;0;1;0;0;0;0;1;1;0;0;0;0;0;0;0;0;0;0;0;0;0;0;0;0
5214838;Nova Crixás;GO;Mapeado;2026-09;118;233;41;113;40;104;33;112;8;57;33;72;0;0;1;1;2;16;0;0;0;2;1;1;0;0;0;0;0;0;0;0;0;3
5214861;Nova Glória;GO;Mapeado;2026-09;41;66;8;17;12;24;17;55;4;11;4;12;0;0;0;0;0;0;0;0;0;0;2;2;0;0;0;0;0;0;0;0;2;4
5214879;Nova Iguaçu de Goiás;GO;Mapeado;2026-09;15;39;4;19;5;13;6;25;1;8;3;11;0;0;0;0;0;5;0;0;0;0;0;0;0;0;0;0;0;0;0;0;0;2
5214903;Nova Roma;GO;Mapeado;2026-09;16;36;2;20;7;22;6;21;1;14;1;9;0;0;0;0;0;6;0;0;0;0;1;1;0;0;0;0;0;2;0;0;0;1
5215009;Nova Veneza;GO;Mapeado;2026-09;77;121;8;25;29;47;37;76;7;23;1;7;0;0;0;1;1;7;0;0;0;0;2;2;0;0;0;0;0;0;0;1;0;6
5215207;Novo Brasil;GO;Mapeado;2026-09;8;23;2;7;3;8;3;18;1;4;1;4;0;0;0;0;0;2;0;0;0;0;0;0;0;0;0;0;0;0;0;0;0;1
5215231;Novo Gama;GO;Mapeado;2026-09;474;768;147;295;110;233;172;432;61;177;86;148;0;0;0;1;37;62;0;1;0;5;4;7;0;0;0;0;1;16;0;3;3;16
5215256;Novo Planalto;GO;Mapeado;2026-09;25;35;9;16;9;14;7;21;3;6;6;12;0;0;0;0;0;1;0;0;0;0;0;0;0;0;0;0;0;1;0;0;0;1
5215306;Orizona;GO;Mapeado;2026-09;97;148;32;64;13;32;45;97;20;38;12;28;0;0;0;0;3;7;0;1;0;0;3;3;0;0;0;0;0;1;0;0;1;9
5215405;Ouro Verde de Goiás;GO;Mapeado;2026-09;11;22;1;3;4;6;5;17;1;3;0;1;0;0;0;0;0;2;0;0;0;0;0;0;0;0;0;0;0;0;0;0;1;1
5215504;Ouvidor;GO;Mapeado;2026-09;59;104;16;40;18;35;21;60;15;30;1;15;0;0;0;0;1;1;0;1;0;0;2;2;0;0;0;0;0;0;0;0;1;6
5215603;Padre Bernardo;GO;Mapeado;2026-09;173;297;51;127;37;91;76;191;29;83;22;62;0;0;0;1;6;20;0;0;0;2;0;0;0;0;0;0;0;6;0;5;3;11
5215652;Palestina de Goiás;GO;Mapeado;2026-09;13;26;1;8;4;9;8;22;0;5;1;4;0;0;0;0;0;0;0;0;0;0;0;0;0;0;0;0;0;0;0;0;0;0
5215702;Palmeiras de Goiás;GO;Mapeado;2026-09;217;387;36;95;64;148;96;241;23;73;13;33;0;0;0;8;11;29;0;1;0;3;4;5;0;0;0;1;0;3;0;3;6;29
5215801;Palmelo;GO;Mapeado;2026-09;19;36;1;8;4;12;12;27;0;7;1;3;0;0;0;0;0;1;0;0;0;0;1;1;0;0;0;0;0;0;0;0;1;1
5215900;Palminópolis;GO;Mapeado;2026-09;11;27;1;5;3;10;4;14;1;4;0;3;0;0;0;0;1;7;0;0;0;0;2;4;0;0;0;0;0;0;0;0;0;0
5216007;Panamá;GO;Mapeado;2026-09;16;25;0;4;5;10;11;22;0;2;0;2;0;0;0;0;0;0;0;0;0;0;0;0;0;0;0;0;0;0;0;1;0;2
5216304;Paranaiguara;GO;Mapeado;2026-09;47;83;16;35;12;25;16;43;8;21;8;15;0;0;0;0;0;3;0;0;0;0;2;2;0;0;0;0;0;3;0;0;1;2
5216403;Paraúna;GO;Mapeado;2026-09;111;182;25;64;34;69;45;123;8;38;17;33;0;0;0;0;1;7;0;1;0;1;6;6;0;0;0;0;0;0;0;0;0;1
5216452;Perolândia;GO;Mapeado;2026-09;23;34;7;10;6;9;10;23;4;7;3;3;0;0;0;1;0;0;0;0;0;0;0;0;0;0;0;0;0;2;0;0;0;1
5216809;Petrolina de Goiás;GO;Mapeado;2026-09;58;96;18;49;14;24;21;49;9;30;9;22;0;0;0;0;3;9;0;0;0;0;2;3;0;1;0;0;0;4;0;0;0;1
5216908;Pilar de Goiás;GO;Mapeado;2026-09;11;19;1;8;7;11;3;7;1;8;0;4;0;0;0;0;0;0;0;0;0;1;0;0;0;0;0;0;0;0;0;0;0;1
5217104;Piracanjuba;GO;Mapeado;2026-09;169;244;48;92;38;74;74;159;29;61;19;43;0;0;0;0;4;11;0;1;0;1;4;6;0;0;0;0;0;1;0;1;1;7
5217203;Piranhas;GO;Mapeado;2026-09;54;102;3;20;19;42;25;65;3;13;0;13;0;0;0;0;3;9;0;0;0;0;1;1;0;0;0;0;0;0;0;0;3;7
5217302;Pirenópolis;GO;Mapeado;2026-09;353;615;50;248;153;300;118;331;23;171;27;127;0;0;0;10;8;82;0;5;0;7;7;14;1;2;0;0;0;0;0;0;16;69
5217401;Pires do Rio;GO;Mapeado;2026-09;241;378;54;173;29;72;143;316;27;103;27;87;0;0;0;0;8;24;0;0;0;2;6;7;0;0;0;0;0;3;0;1;1;7
5217609;Planaltina;GO;Mapeado;2026-09;689;1057;284;434;137;313;227;612;190;335;94;154;0;0;0;1;24;76;1;2;0;5;6;11;1;2;0;0;0;10;2;7;7;40
5217708;Pontalina;GO;Mapeado;2026-09;122;197;20;81;32;62;61;135;16;67;4;33;0;0;0;1;5;18;0;0;0;0;3;4;0;0;0;0;0;2;0;2;1;5
5218003;Porangatu;GO;Mapeado;2026-09;221;387;50;128;78;145;81;239;25;71;25;73;0;0;0;1;5;30;0;0;0;3;6;9;0;1;0;0;0;2;0;0;1;12
5218052;Porteirão;GO;Mapeado;2026-09;24;52;7;26;6;14;8;37;4;18;3;8;0;0;0;0;1;4;0;0;0;0;0;0;0;2;0;0;0;0;0;1;2;3
5218102;Portelândia;GO;Mapeado;2026-09;37;58;10;23;14;17;10;37;8;19;2;6;0;0;0;0;2;3;0;0;0;0;0;0;0;0;0;0;0;1;0;0;1;1
5218300;Posse;GO;Mapeado;2026-09;150;315;18;99;55;140;65;218;11;73;7;46;0;0;0;0;4;35;0;2;0;2;7;9;0;0;0;0;0;1;0;0;1;7
5218391;Professor Jamil;GO;Mapeado;2026-09;16;33;0;9;11;13;5;25;0;7;0;2;0;0;0;0;0;0;0;0;0;1;0;0;0;0;0;0;0;0;0;0;0;0
5218508;Quirinópolis;GO;Mapeado;2026-09;346;553;102;219;78;168;139;339;74;171;28;82;0;0;0;2;15;37;1;2;0;4;5;12;0;0;0;0;1;5;0;3;5;18
5218607;Rialma;GO;Mapeado;2026-09;101;157;13;35;27;51;50;99;9;28;4;11;0;0;0;0;5;18;0;0;0;0;3;4;0;0;0;0;0;3;2;3;1;8
5218706;Rianápolis;GO;Mapeado;2026-09;19;48;3;20;4;15;11;35;2;16;1;7;0;0;0;0;0;3;0;0;0;0;0;0;0;0;0;0;0;0;0;0;1;2
5218789;Rio Quente;GO;Mapeado;2026-09;73;113;4;28;35;55;22;70;2;22;2;11;0;0;0;0;1;3;0;0;0;0;2;2;0;2;0;0;0;0;0;1;9;19
5218805;Rio Verde;GO;Mapeado;2026-09;1411;2269;219;622;525;928;555;1393;178;536;41;120;0;0;0;9;33;89;2;3;1;10;34;43;2;5;0;0;0;34;3;10;37;105
5218904;Rubiataba;GO;Mapeado;2026-09;86;165;14;57;24;58;40;95;4;41;10;34;0;0;0;3;1;25;0;0;0;9;4;7;1;2;0;0;0;1;0;0;2;8
5219001;Sanclerlândia;GO;Mapeado;2026-09;44;81;6;24;13;34;25;66;5;18;1;8;0;0;0;0;0;1;0;0;0;1;0;2;0;0;0;1;0;0;0;0;0;2
5219100;Santa Bárbara de Goiás;GO;Mapeado;2026-09;41;83;3;33;10;24;19;54;3;30;0;11;0;0;0;0;7;11;0;0;0;0;0;1;0;0;0;0;0;0;0;0;2;5
5219209;Santa Cruz de Goiás;GO;Mapeado;2026-09;10;20;1;7;3;6;3;15;1;7;0;2;0;0;0;0;2;3;0;0;0;0;0;0;0;0;0;0;0;0;0;0;1;2
5219258;Santa Fé de Goiás;GO;Mapeado;2026-09;38;53;4;9;15;24;16;34;3;7;1;2;0;0;0;0;2;2;0;0;0;0;1;1;0;0;0;0;0;0;0;0;0;0
5219308;Santa Helena de Goiás;GO;Mapeado;2026-09;208;339;36;103;59;105;92;207;16;69;20;38;0;0;0;0;9;20;0;0;0;1;7;8;0;0;0;0;1;2;1;4;3;24
5219357;Santa Isabel;GO;Mapeado;2026-09;22;30;1;9;6;11;15;24;1;6;0;5;0;0;0;0;0;1;0;0;0;0;0;0;0;0;0;0;0;1;0;0;0;0
5219407;Santa Rita do Araguaia;GO;Mapeado;2026-09;50;92;25;43;9;19;11;45;14;27;11;19;0;0;0;0;3;8;0;0;0;1;2;3;0;0;0;0;0;3;0;0;0;1
5219456;Santa Rita do Novo Destino;GO;Mapeado;2026-09;8;17;2;6;4;10;2;12;2;5;0;2;0;0;0;0;0;1;0;0;0;0;0;0;0;0;0;0;0;0;0;0;0;1
5219506;Santa Rosa de Goiás;GO;Mapeado;2026-09;10;17;2;8;1;4;6;11;1;3;1;6;0;0;0;0;0;1;0;0;0;1;1;1;0;0;0;0;0;0;0;0;0;0
5219605;Santa Tereza de Goiás;GO;Mapeado;2026-09;22;46;5;24;7;21;7;31;1;13;4;17;0;0;0;0;1;1;0;0;0;1;2;2;0;0;0;0;0;2;0;0;0;2
5219704;Santa Terezinha de Goiás;GO;Mapeado;2026-09;35;110;1;32;6;41;25;81;1;23;0;22;0;0;0;1;1;6;0;0;0;0;2;2;0;0;0;0;0;0;0;1;0;3
5219712;Santo Antônio da Barra;GO;Mapeado;2026-09;38;49;9;18;8;17;17;33;2;11;7;8;0;0;0;0;4;5;0;0;0;0;0;0;0;0;0;0;0;0;0;0;0;0
5219738;Santo Antônio de Goiás;GO;Mapeado;2026-09;57;122;6;23;23;44;18;59;1;14;5;12;0;0;0;2;3;15;0;3;0;3;3;3;0;0;0;0;0;0;2;5;2;10
5219753;Santo Antônio do Descoberto;GO;Mapeado;2026-09;335;544;92;194;89;179;132;312;43;119;49;101;0;0;0;0;16;40;0;0;0;5;4;5;0;0;0;0;0;5;1;5;1;13
5220454;Senador Canedo;GO;Mapeado;2026-09;1112;1782;154;477;412;728;441;981;110;375;44;156;0;0;1;1;82;136;1;8;2;15;3;9;3;5;0;0;0;8;2;3;11;86
5220504;Serranópolis;GO;Mapeado;2026-09;35;58;9;21;9;22;15;36;5;14;4;7;0;0;0;0;0;3;0;1;0;1;2;3;0;0;0;0;0;0;0;0;0;1
5220603;Silvânia;GO;Mapeado;2026-09;113;186;32;64;20;50;54;132;13;35;19;32;0;0;0;0;3;11;0;1;1;4;1;2;0;0;0;0;0;2;1;2;1;8
5220686;Simolândia;GO;Mapeado;2026-09;28;52;6;23;6;19;14;37;2;9;4;14;0;0;0;1;2;6;0;0;0;1;0;0;0;0;0;0;0;1;0;2;0;0
5219803;São Domingos;GO;Mapeado;2026-09;38;83;11;35;11;40;13;55;7;30;4;23;0;0;0;0;1;10;0;0;0;0;2;2;0;0;0;0;0;1;0;0;0;0
5219902;São Francisco de Goiás;GO;Mapeado;2026-09;29;57;6;19;8;15;15;32;4;15;2;6;0;0;0;0;0;5;0;0;0;2;0;0;0;0;0;0;0;0;0;0;0;3
5220009;São João d'Aliança;GO;Mapeado;2026-09;84;145;35;72;17;46;29;100;7;34;28;44;0;0;0;0;2;15;0;1;0;1;0;2;0;0;0;0;0;2;0;0;1;1
5220058;São João da Paraúna;GO;Mapeado;2026-09;14;23;3;7;4;8;7;21;3;7;0;1;0;0;0;0;0;0;0;0;0;0;0;0;0;0;0;0;0;1;0;0;0;0
5220157;São Luiz do Norte;GO;Mapeado;2026-09;19;37;2;9;9;19;8;25;1;7;1;2;0;0;0;0;0;0;0;0;0;0;0;0;0;0;0;0;0;0;0;0;0;2
5220108;São Luís de Montes Belos;GO;Mapeado;2026-09;256;441;40;115;60;128;125;306;26;84;14;42;0;0;0;1;20;46;0;0;0;0;11;16;0;1;0;1;0;5;0;3;0;11
5220207;São Miguel do Araguaia;GO;Mapeado;2026-09;126;210;37;99;24;64;53;131;20;76;17;32;0;0;2;2;4;12;0;0;0;1;4;5;0;0;0;0;0;0;1;2;1;3
5220264;São Miguel do Passa Quatro;GO;Mapeado;2026-09;18;40;1;10;5;12;11;32;1;9;0;2;0;0;0;0;0;1;0;0;0;0;1;1;0;0;0;0;0;0;0;0;0;3
5220280;São Patrício;GO;Mapeado;2026-09;9;10;3;4;3;5;3;6;1;2;2;3;0;0;0;0;0;0;0;0;0;0;0;0;0;0;0;0;0;0;0;0;0;0
5220405;São Simão;GO;Mapeado;2026-09;119;219;28;92;37;91;44;147;19;67;9;41;0;0;0;2;4;14;0;0;0;1;3;4;0;0;0;0;0;1;0;4;3;11
5220702;Sítio d'Abadia;GO;Mapeado;2026-09;9;17;4;8;2;7;2;11;2;4;2;4;0;0;0;0;0;0;0;0;0;0;1;1;0;0;0;0;0;0;0;0;0;1
5221007;Taquaral de Goiás;GO;Mapeado;2026-09;35;59;2;17;6;16;25;50;2;9;0;9;0;0;0;0;1;3;0;0;0;0;1;1;0;0;0;0;0;1;0;0;0;1
5221080;Teresina de Goiás;GO;Mapeado;2026-09;24;48;4;10;9;19;9;37;0;1;4;9;0;0;0;0;2;2;0;0;0;0;0;0;0;0;0;0;0;1;0;0;0;0
5221197;Terezópolis de Goiás;GO;Mapeado;2026-09;59;107;7;32;27;51;19;69;3;28;4;11;0;0;0;0;3;13;0;0;0;0;1;1;2;3;0;0;0;2;0;0;0;7
5221403;Trindade;GO;Mapeado;2026-09;1100;1784;210;526;364;729;447;1033;116;370;94;236;0;0;0;6;53;117;1;9;1;13;4;11;2;5;1;3;1;16;4;15;12;71
5221452;Trombas;GO;Mapeado;2026-09;11;25;0;5;2;8;8;16;0;3;0;4;0;0;0;0;0;2;0;0;0;0;1;1;0;0;0;0;0;0;0;0;0;3
5221304;Três Ranchos;GO;Mapeado;2026-09;20;39;3;9;7;14;2;19;0;4;3;6;0;0;0;0;1;3;0;0;0;0;5;5;0;1;0;0;0;2;0;0;2;6
5221551;Turvelândia;GO;Mapeado;2026-09;26;49;5;13;7;13;11;31;3;5;2;9;0;0;0;0;1;7;0;0;0;0;1;2;0;0;0;0;0;0;0;0;1;3
5221502;Turvânia;GO;Mapeado;2026-09;27;54;6;23;9;19;11;42;4;21;2;16;0;0;1;1;0;6;0;0;0;0;0;0;0;0;0;0;0;5;0;0;0;0
5221577;Uirapuru;GO;Mapeado;2026-09;9;21;2;5;1;7;6;14;1;4;1;4;0;0;0;0;0;0;0;0;0;0;0;0;0;0;0;0;0;1;0;1;0;1
5221700;Uruana;GO;Mapeado;2026-09;50;82;14;33;9;26;25;57;10;30;4;5;0;0;0;0;2;4;0;0;0;0;0;0;0;0;0;0;0;1;0;0;0;5
5221601;Uruaçu;GO;Mapeado;2026-09;275;447;46;130;98;181;108;260;32;106;14;40;0;0;0;0;10;32;0;1;0;4;10;14;0;1;0;0;0;5;2;3;1;25
5221809;Urutaí;GO;Mapeado;2026-09;16;35;3;17;7;13;4;20;2;8;1;11;0;0;0;0;0;2;0;0;0;0;1;1;0;0;0;0;0;1;0;0;1;2
5221858;Valparaíso de Goiás;GO;Mapeado;2026-09;1084;1845;210;576;366;729;445;1090;138;436;72;204;0;0;0;5;28;111;3;7;0;12;3;6;3;4;0;0;2;26;3;14;21;100
5221908;Varjão;GO;Mapeado;2026-09;14;36;3;19;5;13;6;20;0;13;3;10;0;0;0;0;0;5;0;0;0;0;0;1;0;0;0;0;0;1;0;0;0;1
5222005;Vianópolis;GO;Mapeado;2026-09;132;182;26;68;19;62;74;134;11;39;15;32;0;0;0;2;8;12;0;0;0;2;4;4;0;0;0;0;0;1;0;1;1;5
5222054;Vicentinópolis;GO;Mapeado;2026-09;43;65;6;24;17;32;19;47;4;19;2;9;0;0;0;0;0;0;0;0;0;0;0;0;0;0;0;0;0;0;0;0;1;1
5222203;Vila Boa;GO;Mapeado;2026-09;20;34;3;9;6;10;11;26;2;7;1;3;0;0;0;0;0;0;0;0;0;0;0;0;0;0;0;0;0;1;0;0;0;2
5222302;Vila Propício;GO;Mapeado;2026-09;36;54;6;22;14;22;15;42;2;11;4;13;0;0;0;0;1;4;0;0;0;1;0;0;0;1;0;0;0;1;0;0;0;1
5200175;Água Fria de Goiás;GO;Mapeado;2026-09;37;56;12;28;15;23;9;40;4;19;8;14;0;0;0;1;0;3;0;0;0;0;0;0;0;0;0;0;0;0;0;0;1;3
5200209;Água Limpa;GO;Mapeado;2026-09;12;19;1;5;7;12;4;14;0;2;1;3;0;0;0;0;0;0;0;0;0;0;0;0;0;0;0;0;0;0;0;0;0;0
5200258;Águas Lindas de Goiás;GO;Mapeado;2026-09;1219;1947;398;741;348;717;388;1040;117;349;281;494;0;0;1;10;59;170;1;1;0;9;7;18;0;0;1;2;0;33;1;7;15;88
2100105;Afonso Cunha;MA;Mapeado;2026-09;4;8;0;1;2;4;2;4;0;0;0;1;0;0;0;0;0;0;0;0;0;0;0;0;0;0;0;0;0;0;0;0;0;0
2100204;Alcântara;MA;Mapeado;2026-09;24;64;3;15;12;41;7;36;1;9;2;7;0;0;0;1;1;9;0;0;0;4;1;1;0;0;0;0;0;1;0;1;0;4
2100303;Aldeias Altas;MA;Mapeado;2026-09;13;34;0;10;7;11;4;20;0;2;0;8;0;0;0;1;1;3;0;0;0;1;1;2;0;0;0;0;0;0;0;0;0;0
2100402;Altamira do Maranhão;MA;Mapeado;2026-09;3;8;0;2;1;2;2;4;0;0;0;2;0;0;0;0;0;0;0;0;0;0;0;0;0;0;0;0;0;0;0;0;0;0
2100436;Alto Alegre do Maranhão;MA;Mapeado;2026-09;32;62;1;11;16;36;12;39;0;7;1;8;0;0;0;3;0;8;0;0;0;1;3;3;0;0;0;0;0;0;0;0;0;3
2100477;Alto Alegre do Pindaré;MA;Mapeado;2026-09;33;84;2;12;21;47;8;47;1;10;1;6;0;0;0;0;2;4;0;0;0;2;0;0;0;0;0;0;0;1;0;0;0;2
2100501;Alto Parnaíba;MA;Mapeado;2026-09;40;71;9;24;17;26;13;36;3;11;6;14;0;0;0;0;0;4;0;0;0;0;1;3;0;0;0;0;0;0;0;0;0;2
2100550;Amapá do Maranhão;MA;Mapeado;2026-09;1;2;0;0;0;1;1;1;0;0;0;0;0;0;0;0;0;0;0;0;0;0;0;0;0;0;0;0;0;0;0;0;0;0
2100600;Amarante do Maranhão;MA;Mapeado;2026-09;27;51;7;17;6;13;12;32;5;11;2;7;0;0;0;0;0;5;0;0;0;0;1;1;0;0;0;0;0;0;0;0;1;3
2100709;Anajatuba;MA;Mapeado;2026-09;22;35;1;4;11;15;10;24;1;1;0;3;0;0;0;0;0;2;0;0;0;0;0;0;0;0;0;0;0;0;0;0;0;3
2100808;Anapurus;MA;Mapeado;2026-09;14;35;1;5;5;17;6;21;0;3;1;3;0;0;0;0;2;10;0;0;0;3;0;0;0;0;0;0;0;0;0;0;0;1
2100832;Apicum-Açu;MA;Mapeado;2026-09;6;24;1;3;4;14;1;14;0;1;1;2;0;0;0;1;0;5;0;0;0;1;0;1;0;1;0;0;0;1;0;1;0;1
2100873;Araguanã;MA;Mapeado;2026-09;7;11;1;3;4;6;2;3;0;0;1;3;0;0;0;0;0;2;0;0;0;0;0;0;0;0;0;0;0;0;0;0;0;0
2100907;Araioses;MA;Mapeado;2026-09;33;67;4;14;15;33;10;28;2;6;2;8;0;0;0;0;0;6;0;0;0;0;3;3;1;1;0;0;0;0;0;0;0;1
2100956;Arame;MA;Mapeado;2026-09;22;38;6;12;6;14;10;21;2;6;4;9;0;0;0;0;0;2;0;0;0;0;0;0;0;0;0;0;0;2;0;0;0;1
2101004;Arari;MA;Mapeado;2026-09;27;70;4;12;13;37;8;34;1;3;3;10;0;0;0;0;1;7;0;1;0;0;1;2;0;0;0;0;0;0;0;0;0;5
2101103;Axixá;MA;Mapeado;2026-09;15;32;2;14;3;22;6;18;1;8;1;10;0;0;0;0;2;7;0;0;0;1;0;1;0;0;0;0;0;1;0;0;2;4
2100055;Açailândia;MA;Mapeado;2026-09;431;724;65;185;182;345;145;405;22;103;43;107;0;0;1;3;19;78;1;3;1;8;6;14;0;1;0;0;0;8;1;2;10;37
2101202;Bacabal;MA;Mapeado;2026-09;209;359;18;72;87;173;88;195;4;32;14;48;0;0;0;3;7;33;0;0;0;4;5;8;0;5;0;0;0;3;0;3;4;19
2101251;Bacabeira;MA;Mapeado;2026-09;42;73;8;16;21;44;9;37;0;5;8;13;0;0;0;1;2;9;0;0;0;1;1;1;0;0;0;0;0;0;0;2;1;4
2101301;Bacuri;MA;Mapeado;2026-09;5;18;1;5;0;10;2;8;0;2;1;4;0;0;0;0;1;2;0;0;0;0;1;2;0;0;0;0;0;0;0;1;0;1
2101350;Bacurituba;MA;Mapeado;2026-09;4;10;1;4;1;7;2;9;0;1;1;3;0;0;0;0;0;1;0;0;0;0;0;0;0;0;0;0;0;0;0;0;0;0
2101400;Balsas;MA;Mapeado;2026-09;420;767;72;263;157;384;139;428;21;179;51;138;0;0;3;9;31;100;1;3;2;11;12;20;0;2;0;1;0;7;0;4;3;28
2101608;Barra do Corda;MA;Mapeado;2026-09;128;243;19;65;57;110;41;126;7;37;12;37;0;0;0;1;4;27;0;1;0;2;3;4;1;3;0;0;0;1;0;3;3;17
2101707;Barreirinhas;MA;Mapeado;2026-09;268;551;41;181;145;353;62;232;10;111;31;114;0;0;1;4;7;68;0;0;1;5;1;2;1;2;0;0;0;2;1;3;8;42
2101509;Barão de Grajaú;MA;Mapeado;2026-09;35;81;5;23;16;41;11;45;3;16;2;12;0;0;0;0;3;13;0;0;0;0;0;0;0;0;0;0;0;1;0;0;0;1
2101772;Bela Vista do Maranhão;MA;Mapeado;2026-09;13;26;1;5;7;19;4;17;0;2;1;3;0;0;0;0;0;1;0;0;0;0;1;1;0;0;0;0;0;0;0;0;0;2
2101731;Belágua;MA;Mapeado;2026-09;3;5;0;2;3;3;0;1;0;2;0;0;0;0;0;0;0;0;0;0;0;0;0;0;0;0;0;0;0;0;0;0;0;0
2101806;Benedito Leite;MA;Mapeado;2026-09;2;8;0;2;1;4;1;6;0;1;0;1;0;0;0;0;0;0;0;0;0;0;0;0;0;0;0;0;0;0;0;0;0;0
2101905;Bequimão;MA;Mapeado;2026-09;10;38;4;12;4;20;2;20;2;6;2;7;0;0;0;0;0;6;0;0;0;1;0;0;0;0;0;0;0;0;0;1;0;1
2101939;Bernardo do Mearim;MA;Mapeado;2026-09;3;10;1;2;1;8;0;5;0;2;1;2;0;0;0;0;0;1;0;0;0;0;1;1;0;0;0;0;0;0;0;0;0;0
2101970;Boa Vista do Gurupi;MA;Mapeado;2026-09;9;22;2;8;5;10;2;11;0;3;2;6;0;0;0;0;0;2;0;0;0;0;0;1;0;0;0;0;0;0;0;0;0;0
2102002;Bom Jardim;MA;Mapeado;2026-09;24;49;0;18;11;22;9;29;0;6;0;16;0;0;0;1;3;7;0;0;0;0;1;1;0;0;0;0;0;2;0;0;0;2
2102036;Bom Jesus das Selvas;MA;Mapeado;2026-09;27;64;2;8;20;34;5;37;0;4;2;6;0;0;0;0;0;5;0;0;0;0;0;0;0;0;0;0;0;0;0;0;0;4
2102077;Bom Lugar;MA;Mapeado;2026-09;8;18;1;3;2;7;4;9;0;2;1;2;0;0;0;0;1;2;0;0;0;0;0;0;0;0;0;0;0;1;0;0;0;1
2102101;Brejo;MA;Mapeado;2026-09;26;64;2;19;9;32;12;40;0;16;2;11;0;0;0;0;1;10;0;0;0;0;2;2;0;0;0;0;0;2;0;0;0;3
2102150;Brejo de Areia;MA;Mapeado;2026-09;1;5;0;1;1;1;0;2;0;0;0;1;0;0;0;0;0;2;0;0;0;0;0;0;0;0;0;0;0;0;0;2;0;0
2102200;Buriti;MA;Mapeado;2026-09;9;30;2;4;4;13;2;15;1;3;1;2;0;0;0;0;0;0;0;0;0;1;0;0;0;0;0;0;0;1;1;1;0;0
2102309;Buriti Bravo;MA;Mapeado;2026-09;27;63;4;16;9;27;13;33;2;9;2;9;0;0;0;1;1;7;0;0;0;1;0;1;0;1;0;0;0;0;0;0;0;2
2102325;Buriticupu;MA;Mapeado;2026-09;72;169;7;27;33;86;29;100;2;20;5;12;0;0;0;0;0;15;0;0;0;1;2;5;0;0;0;0;0;1;0;0;1;14
2102358;Buritirana;MA;Mapeado;2026-09;5;14;0;1;3;5;2;11;0;1;0;0;0;0;0;0;0;0;0;0;0;0;0;0;0;0;0;0;0;0;0;0;0;1
2102374;Cachoeira Grande;MA;Mapeado;2026-09;3;5;0;0;0;2;3;3;0;0;0;0;0;0;0;0;0;1;0;0;0;1;0;0;0;0;0;0;0;0;0;0;0;1
2102408;Cajapió;MA;Mapeado;2026-09;6;17;1;6;2;10;3;11;0;3;1;4;0;0;0;0;0;3;0;0;0;0;0;1;0;0;0;0;0;0;0;0;0;0
2102507;Cajari;MA;Mapeado;2026-09;6;15;3;6;0;7;2;6;0;0;3;6;0;0;0;0;0;4;0;0;0;0;1;1;0;0;0;0;0;0;0;0;0;0
2102556;Campestre do Maranhão;MA;Mapeado;2026-09;22;44;5;10;8;23;9;30;1;5;4;9;0;0;0;1;0;4;0;0;0;0;0;0;0;0;0;0;0;1;0;0;0;0
2102705;Cantanhede;MA;Mapeado;2026-09;11;33;3;10;2;11;5;9;2;5;1;5;0;0;0;0;0;9;0;1;0;0;0;1;0;0;0;0;0;1;0;0;1;6
2102754;Capinzal do Norte;MA;Mapeado;2026-09;13;23;0;1;7;16;4;10;0;1;0;1;0;0;0;0;0;1;0;0;0;1;1;2;0;0;0;0;0;0;0;1;1;1
2102804;Carolina;MA;Mapeado;2026-09;131;264;27;100;49;125;46;156;9;42;18;71;0;0;0;1;5;27;0;0;0;1;2;5;0;2;0;0;0;4;0;0;2;15
2102903;Carutapera;MA;Mapeado;2026-09;19;58;2;8;8;26;8;36;1;4;1;5;0;0;0;0;1;11;0;0;0;0;0;0;0;0;0;0;0;1;0;0;0;1
2103000;Caxias;MA;Mapeado;2026-09;397;667;102;214;134;281;127;334;17;94;85;148;0;0;1;3;12;72;1;1;1;11;6;12;6;7;0;3;0;5;1;9;6;43
2103109;Cedral;MA;Mapeado;2026-09;7;16;0;5;4;9;3;7;0;3;0;4;0;0;0;0;0;0;0;0;0;1;0;0;0;0;0;0;0;0;0;0;0;1
2103125;Central do Maranhão;MA;Mapeado;2026-09;3;7;0;3;1;5;2;2;0;3;0;1;0;0;0;0;0;0;0;0;0;0;0;0;0;0;0;0;0;0;0;0;0;1
2103174;Centro Novo do Maranhão;MA;Mapeado;2026-09;15;40;1;9;10;24;2;24;0;7;1;5;0;0;0;0;1;4;0;0;0;0;1;1;0;0;0;0;0;0;0;0;0;3
2103158;Centro do Guilherme;MA;Mapeado;2026-09;6;20;1;3;4;11;1;10;0;1;1;3;0;0;0;0;0;2;0;0;0;0;0;0;0;0;0;0;0;0;0;0;0;0
2103208;Chapadinha;MA;Mapeado;2026-09;119;249;11;56;49;127;50;154;1;33;10;36;0;0;1;1;1;31;0;0;0;3;5;7;1;2;0;0;1;3;0;3;0;10
2103257;Cidelândia;MA;Mapeado;2026-09;18;50;3;10;9;20;6;33;1;4;2;6;0;0;0;0;0;4;0;0;0;0;0;1;0;0;0;0;0;2;0;0;0;3
2103307;Codó;MA;Mapeado;2026-09;129;304;17;61;38;127;51;181;5;33;12;40;0;0;0;2;15;37;0;2;0;1;5;6;1;1;0;0;0;3;1;2;1;11
2103406;Coelho Neto;MA;Mapeado;2026-09;43;96;4;25;18;42;18;58;1;6;3;20;0;0;0;0;1;9;0;0;0;2;1;1;0;0;0;0;0;0;0;1;1;6
2103505;Colinas;MA;Mapeado;2026-09;46;97;5;26;20;41;14;48;4;16;1;15;0;0;1;9;3;15;0;0;0;1;2;2;0;1;0;0;0;0;0;0;1;15
2103554;Conceição do Lago-Açu;MA;Mapeado;2026-09;3;14;2;4;0;4;1;9;0;2;2;3;0;0;0;0;0;1;0;0;0;0;0;0;0;0;0;0;0;0;0;0;0;0
2103604;Coroatá;MA;Mapeado;2026-09;38;116;4;25;12;46;21;75;3;13;1;14;0;0;0;1;1;13;0;0;0;3;0;0;0;2;0;0;0;0;0;0;0;6
2103703;Cururupu;MA;Mapeado;2026-09;16;60;3;12;5;28;7;31;2;6;1;9;0;0;0;0;0;11;0;0;0;1;1;1;0;0;0;0;0;0;0;1;0;3
2102606;Cândido Mendes;MA;Mapeado;2026-09;11;35;1;7;6;15;4;24;0;1;1;6;0;0;0;0;0;2;0;0;0;0;0;0;0;1;0;0;0;1;0;1;0;1
2103752;Davinópolis;MA;Mapeado;2026-09;33;55;7;15;10;21;13;25;3;9;4;8;0;0;0;0;3;13;0;0;0;1;0;0;0;1;0;0;0;0;0;0;0;2
2103802;Dom Pedro;MA;Mapeado;2026-09;72;115;23;47;25;66;21;65;0;16;23;40;0;0;0;3;1;19;0;0;0;1;1;3;0;0;0;0;0;2;1;1;0;3
2103901;Duque Bacelar;MA;Mapeado;2026-09;9;19;1;8;5;8;3;10;0;4;1;7;0;0;0;0;0;6;0;0;0;1;0;0;0;0;0;0;0;0;0;0;0;0
2104008;Esperantinópolis;MA;Mapeado;2026-09;14;41;0;5;5;17;6;20;0;4;0;3;0;0;0;1;1;5;0;0;0;0;1;1;0;0;0;0;0;0;0;1;1;5
2104057;Estreito;MA;Mapeado;2026-09;155;258;46;95;68;127;35;121;9;43;37;63;0;0;0;2;0;23;0;2;0;2;5;7;0;0;0;0;0;3;1;3;0;15
2104073;Feira Nova do Maranhão;MA;Mapeado;2026-09;8;23;1;3;4;11;3;11;0;1;1;2;0;0;0;0;0;0;0;0;0;0;0;0;0;0;0;0;0;1;0;0;0;1
2104081;Fernando Falcão;MA;Mapeado;2026-09;1;7;0;0;1;2;0;5;0;0;0;0;0;0;0;0;0;0;0;0;0;0;0;0;0;0;0;0;0;0;0;0;0;1
2104099;Formosa da Serra Negra;MA;Mapeado;2026-09;14;37;1;12;8;21;2;19;0;8;1;8;0;0;0;0;1;6;0;0;0;1;1;1;1;2;0;0;0;0;0;0;0;1
2104107;Fortaleza dos Nogueiras;MA;Mapeado;2026-09;39;72;14;24;11;48;10;43;8;19;6;15;0;0;0;0;1;10;0;0;0;2;3;4;0;1;0;0;0;0;0;0;0;2
2104206;Fortuna;MA;Mapeado;2026-09;12;28;1;6;4;11;4;16;0;4;1;2;0;0;0;0;3;6;0;0;0;1;0;0;0;0;0;0;0;2;0;0;0;0
2104305;Godofredo Viana;MA;Mapeado;2026-09;19;49;0;10;14;37;2;29;0;5;0;7;0;0;0;1;0;9;0;0;0;0;1;2;2;2;0;0;0;0;0;0;0;1
2104404;Gonçalves Dias;MA;Mapeado;2026-09;10;25;1;7;3;11;5;13;1;4;0;4;0;0;0;0;0;2;0;0;0;0;0;0;1;1;0;0;0;2;0;2;0;1
2104503;Governador Archer;MA;Mapeado;2026-09;8;21;0;3;3;8;5;14;0;3;0;2;0;0;0;0;0;2;0;0;0;0;0;0;0;0;0;0;0;0;0;0;0;1
2104552;Governador Edison Lobão;MA;Mapeado;2026-09;72;127;27;56;19;49;14;47;5;26;22;41;0;0;0;1;10;18;0;0;0;0;2;5;0;1;0;0;0;2;0;0;0;2
2104602;Governador Eugênio Barros;MA;Mapeado;2026-09;9;25;0;3;6;11;3;15;0;3;0;2;0;0;0;0;0;3;0;0;0;0;0;1;0;0;0;0;0;0;0;0;0;0
2104628;Governador Luiz Rocha;MA;Mapeado;2026-09;3;7;0;2;1;3;2;6;0;1;0;2;0;0;0;0;0;1;0;0;0;0;0;0;0;0;0;0;0;0;0;0;0;0
2104651;Governador Newton Bello;MA;Mapeado;2026-09;3;17;1;6;1;6;1;8;0;2;1;6;0;0;0;0;0;2;0;0;0;0;0;0;0;0;0;0;0;0;0;0;0;3
2104677;Governador Nunes Freire;MA;Mapeado;2026-09;22;75;4;17;9;31;8;41;1;11;3;13;0;0;0;0;0;11;0;0;0;1;0;0;1;2;0;0;0;3;0;0;0;1
2104800;Grajaú;MA;Mapeado;2026-09;125;269;25;77;52;119;41;158;10;44;15;41;0;0;0;1;2;26;0;1;0;3;2;6;1;1;0;0;1;2;0;0;1;6
2104701;Graça Aranha;MA;Mapeado;2026-09;12;23;1;3;5;14;6;16;0;1;1;2;0;0;0;0;0;4;0;0;0;0;0;0;0;0;0;0;0;0;0;0;0;0
2104909;Guimarães;MA;Mapeado;2026-09;14;27;2;7;7;11;4;10;1;2;1;6;0;0;0;0;1;3;0;0;0;0;0;1;0;0;0;0;0;0;0;0;0;0
2105005;Humberto de Campos;MA;Mapeado;2026-09;17;43;4;13;8;25;3;16;1;5;3;10;0;0;0;0;1;8;0;0;0;0;1;1;0;0;0;0;0;0;0;2;0;1
2105104;Icatu;MA;Mapeado;2026-09;12;28;1;6;9;19;1;9;0;4;1;5;0;0;0;0;1;3;0;0;0;0;0;1;0;0;0;0;0;0;0;1;0;2
2105203;Igarapé Grande;MA;Mapeado;2026-09;11;29;0;4;6;15;4;16;0;4;0;1;0;0;0;0;1;4;0;0;0;0;0;1;0;0;0;0;0;0;0;1;0;2
2105153;Igarapé do Meio;MA;Mapeado;2026-09;10;21;0;2;4;12;6;11;0;2;0;1;0;0;0;0;0;1;0;0;0;0;0;0;0;1;0;0;0;0;0;0;0;1
2105302;Imperatriz;MA;Mapeado;2026-09;1653;2661;159;550;760;1244;617;1526;69;376;90;267;0;0;4;24;54;222;4;12;3;57;27;60;8;12;0;1;0;17;3;16;14;104
2105351;Itaipava do Grajaú;MA;Mapeado;2026-09;6;12;0;2;2;3;2;8;0;1;0;1;0;0;0;1;0;0;0;0;0;0;2;4;0;0;0;0;0;0;0;0;0;0
2105401;Itapecuru Mirim;MA;Mapeado;2026-09;112;227;31;75;39;97;22;110;5;32;26;59;0;0;0;2;12;50;1;6;0;4;1;3;1;1;0;0;0;2;1;1;4;16
2105427;Itinga do Maranhão;MA;Mapeado;2026-09;40;100;2;17;21;46;15;71;0;9;2;8;0;0;0;0;1;6;0;1;0;2;0;2;0;0;0;0;0;4;1;3;0;4
2105450;Jatobá;MA;Mapeado;2026-09;4;5;0;1;2;2;2;2;0;0;0;1;0;0;0;1;0;0;0;0;0;0;0;0;0;0;0;0;0;1;0;0;0;1
2105476;Jenipapo dos Vieiras;MA;Mapeado;2026-09;5;11;1;4;3;7;1;6;0;3;1;2;0;0;0;0;0;0;0;0;0;0;0;0;0;0;0;0;0;0;0;0;0;0
2105609;Joselândia;MA;Mapeado;2026-09;9;26;1;5;3;10;4;15;0;1;1;4;0;0;0;0;1;3;0;0;0;0;0;0;0;0;0;0;0;0;0;0;0;0
2105500;João Lisboa;MA;Mapeado;2026-09;71;113;26;54;20;46;13;35;9;26;17;37;0;0;0;2;10;35;0;0;0;7;1;3;0;0;0;0;0;4;0;0;1;6
2105658;Junco do Maranhão;MA;Mapeado;2026-09;2;6;0;0;0;1;2;2;0;0;0;0;0;0;0;0;0;0;0;0;0;0;0;1;0;0;0;0;0;0;0;0;0;2
2105906;Lago Verde;MA;Mapeado;2026-09;5;17;0;1;2;9;2;7;0;1;0;1;0;0;0;0;0;2;0;0;0;0;1;2;0;0;0;0;0;0;0;0;0;0
2105708;Lago da Pedra;MA;Mapeado;2026-09;62;142;9;34;26;64;20;68;2;23;7;25;0;0;0;1;3;17;0;0;0;1;2;8;1;1;0;0;0;1;0;1;1;7
2105807;Lago do Junco;MA;Mapeado;2026-09;3;9;0;1;2;4;1;6;0;1;0;1;0;0;0;0;0;2;0;0;0;1;0;0;0;0;0;0;0;0;0;0;0;0
2105948;Lago dos Rodrigues;MA;Mapeado;2026-09;9;24;1;6;4;9;3;15;0;2;1;6;0;0;0;0;0;2;0;0;0;0;1;1;0;0;0;0;0;0;0;0;0;0
2105963;Lagoa Grande do Maranhão;MA;Mapeado;2026-09;6;16;0;3;2;6;4;11;0;2;0;1;0;0;0;0;0;1;0;0;0;0;0;0;0;0;0;0;0;0;0;0;0;1
2105922;Lagoa do Mato;MA;Mapeado;2026-09;6;8;1;1;0;0;5;7;0;0;1;1;0;0;0;0;0;0;0;0;0;0;0;0;0;0;0;0;0;0;0;0;0;0
2105989;Lajeado Novo;MA;Mapeado;2026-09;9;26;0;4;4;14;5;16;0;4;0;0;0;0;0;0;0;4;0;0;0;0;0;0;0;0;0;0;0;0;0;0;0;0
2106003;Lima Campos;MA;Mapeado;2026-09;29;53;2;21;14;30;10;29;0;15;2;12;0;0;0;1;1;2;0;1;0;2;1;1;1;1;0;0;0;0;0;1;0;3
2106102;Loreto;MA;Mapeado;2026-09;14;29;1;6;6;15;5;20;1;4;0;3;0;0;0;1;2;3;0;0;0;0;0;1;0;0;0;0;0;0;0;0;0;0
2106201;Luís Domingues;MA;Mapeado;2026-09;9;18;2;5;2;8;4;11;1;3;1;3;0;0;0;0;1;3;0;0;0;0;0;0;0;0;0;0;0;0;0;0;0;1
2106300;Magalhães de Almeida;MA;Mapeado;2026-09;20;43;2;12;9;27;9;24;1;8;1;8;0;0;0;0;0;5;0;0;0;0;0;0;0;0;0;0;0;0;0;0;0;0
2106326;Maracaçumé;MA;Mapeado;2026-09;25;58;2;12;14;27;8;33;0;3;2;12;0;0;0;0;1;6;0;0;0;1;0;0;0;1;0;0;0;0;0;1;0;4
2106359;Marajá do Sena;MA;Mapeado;2026-09;2;5;0;1;1;4;1;4;0;1;0;0;0;0;0;0;0;1;0;0;0;1;0;0;0;0;0;0;0;0;0;0;0;0
2106375;Maranhãozinho;MA;Mapeado;2026-09;2;12;1;2;1;6;0;7;0;1;1;1;0;0;0;0;0;3;0;0;0;0;0;0;0;0;0;0;0;0;0;0;0;3
2106409;Mata Roma;MA;Mapeado;2026-09;7;33;2;4;3;14;1;15;0;2;2;3;0;0;0;1;0;10;0;0;0;5;1;1;0;0;0;0;0;2;0;0;0;4
2106508;Matinha;MA;Mapeado;2026-09;13;38;1;9;6;24;5;23;1;7;0;3;0;0;0;0;0;3;0;0;0;0;0;0;0;1;0;0;0;0;0;0;1;1
2106607;Matões;MA;Mapeado;2026-09;30;57;6;23;11;26;12;31;2;14;4;12;0;0;0;0;0;5;0;0;0;0;1;2;0;0;0;0;0;0;0;0;0;2
2106631;Matões do Norte;MA;Mapeado;2026-09;7;14;0;2;4;6;2;6;0;1;0;1;0;0;0;0;0;0;0;0;0;0;1;1;0;0;0;0;0;0;0;0;0;3
2106672;Milagres do Maranhão;MA;Mapeado;2026-09;2;5;1;3;1;3;0;3;0;2;1;2;0;0;0;0;0;1;0;1;0;0;0;0;0;0;0;0;0;0;0;0;0;0
2106706;Mirador;MA;Mapeado;2026-09;10;32;1;9;7;22;2;13;0;8;1;3;0;0;0;0;0;2;0;0;0;0;0;0;0;0;0;0;0;0;0;0;0;2
2106755;Miranda do Norte;MA;Mapeado;2026-09;37;78;4;20;17;44;12;37;0;9;4;14;0;0;0;2;4;16;0;0;0;3;0;0;0;0;0;0;0;0;0;0;0;4
2106805;Mirinzal;MA;Mapeado;2026-09;17;39;1;10;6;18;5;15;1;10;0;3;0;0;0;0;2;5;0;0;0;0;2;2;1;1;0;0;0;0;0;2;0;1
2107001;Montes Altos;MA;Mapeado;2026-09;9;19;2;5;2;10;4;12;1;4;1;3;0;0;0;0;0;1;0;1;0;0;1;1;0;0;0;0;0;1;0;0;0;0
2106904;Monção;MA;Mapeado;2026-09;6;14;0;4;2;10;2;7;0;2;0;3;0;0;0;0;0;1;0;0;0;0;1;1;0;0;0;0;0;0;0;0;1;1
2107100;Morros;MA;Mapeado;2026-09;32;67;6;16;17;46;6;30;3;10;3;10;0;0;0;0;1;8;0;0;0;1;0;1;1;1;0;0;0;0;0;0;1;3
2107209;Nina Rodrigues;MA;Mapeado;2026-09;10;22;3;7;2;8;5;12;1;5;2;5;0;0;0;0;0;3;0;0;0;2;0;1;0;1;0;0;0;0;0;1;0;3
2107258;Nova Colinas;MA;Mapeado;2026-09;13;21;3;8;1;9;4;7;2;5;1;4;0;0;0;0;4;4;0;0;0;0;1;1;0;2;0;0;0;0;0;0;0;0
2107308;Nova Iorque;MA;Mapeado;2026-09;2;5;1;3;1;2;0;0;1;2;0;1;0;0;0;0;0;0;0;0;0;0;0;0;0;0;0;0;0;0;0;0;0;1
2107357;Nova Olinda do Maranhão;MA;Mapeado;2026-09;9;19;1;4;3;9;5;12;0;2;1;3;0;0;0;0;0;3;0;0;0;0;0;0;0;0;0;0;0;1;0;0;0;0
2107407;Olho d'Água das Cunhãs;MA;Mapeado;2026-09;12;33;0;6;8;20;4;21;0;5;0;2;0;0;0;0;0;3;0;0;0;0;0;0;0;0;0;0;0;0;0;0;0;1
2107456;Olinda Nova do Maranhão;MA;Mapeado;2026-09;6;16;1;3;3;9;1;6;0;1;1;3;0;0;0;0;1;3;0;0;0;0;0;1;0;0;0;0;0;0;0;0;0;1
2107605;Palmeirândia;MA;Mapeado;2026-09;8;25;1;4;4;13;2;10;1;4;0;1;0;0;0;0;1;2;0;0;0;3;0;0;0;0;0;0;0;0;0;0;0;1
2107704;Paraibano;MA;Mapeado;2026-09;17;46;2;11;8;20;6;28;0;9;2;6;0;0;0;2;0;8;0;0;0;0;0;0;1;1;0;0;0;0;0;0;0;0
2107803;Parnarama;MA;Mapeado;2026-09;26;62;3;17;12;34;10;28;2;10;1;11;0;0;0;0;0;7;0;0;0;1;1;1;0;0;0;0;0;0;0;0;0;1
2107902;Passagem Franca;MA;Mapeado;2026-09;22;43;4;18;10;23;6;15;1;11;3;11;0;0;0;0;1;5;0;0;0;1;0;2;0;0;0;0;0;0;0;2;1;3
2108009;Pastos Bons;MA;Mapeado;2026-09;23;68;2;22;13;32;5;33;2;16;0;11;0;0;0;2;1;13;0;0;0;1;1;2;1;1;0;0;0;1;0;1;0;0
2108058;Paulino Neves;MA;Mapeado;2026-09;18;48;2;12;13;35;3;21;0;3;2;11;0;0;0;0;0;4;0;0;0;0;0;1;0;0;0;0;0;0;0;1;0;0
2108108;Paulo Ramos;MA;Mapeado;2026-09;11;36;1;7;7;25;3;23;0;5;1;5;0;0;0;0;0;7;0;0;0;1;0;0;0;0;0;0;0;0;0;0;0;0
2107506;Paço do Lumiar;MA;Mapeado;2026-09;433;795;72;222;158;341;164;412;15;107;57;147;0;0;0;3;23;98;0;3;0;10;6;10;2;2;0;1;0;3;1;3;7;43
2108207;Pedreiras;MA;Mapeado;2026-09;68;181;6;41;26;84;30;114;2;27;4;24;0;0;1;1;1;24;1;1;0;5;1;4;1;2;0;0;0;1;0;1;1;6
2108256;Pedro do Rosário;MA;Mapeado;2026-09;2;15;1;2;1;4;0;10;0;0;1;2;0;0;0;0;0;1;0;0;0;0;0;0;0;0;0;0;0;0;0;0;0;1
2108306;Penalva;MA;Mapeado;2026-09;16;44;0;9;5;14;9;30;0;3;0;7;0;0;0;0;0;4;0;0;0;0;2;2;0;0;0;0;0;0;0;2;0;1
2108405;Peri Mirim;MA;Mapeado;2026-09;4;22;0;3;4;11;0;9;0;1;0;2;0;0;0;0;0;1;0;0;0;0;0;1;0;0;0;0;0;0;0;1;0;1
2108454;Peritoró;MA;Mapeado;2026-09;32;72;3;7;13;46;16;53;0;4;3;4;0;0;0;0;0;4;0;1;0;1;0;0;0;0;0;0;0;0;0;0;0;2
2108504;Pindaré-Mirim;MA;Mapeado;2026-09;34;80;7;12;7;35;17;42;1;6;6;7;0;0;0;0;0;7;0;1;0;2;2;4;0;0;0;0;0;1;0;0;1;4
2108603;Pinheiro;MA;Mapeado;2026-09;122;245;15;63;51;119;45;116;3;30;12;46;0;0;1;3;6;35;0;3;0;6;3;6;0;1;0;0;0;0;1;2;0;9
2108702;Pio XII;MA;Mapeado;2026-09;12;35;3;14;4;8;4;13;1;7;2;11;0;0;0;0;0;5;0;0;0;1;0;0;0;1;0;0;0;0;0;1;1;6
2108801;Pirapemas;MA;Mapeado;2026-09;9;18;1;8;4;8;4;13;0;3;1;8;0;0;0;0;0;2;0;0;0;0;0;0;0;0;0;0;0;0;0;0;0;1
2109007;Porto Franco;MA;Mapeado;2026-09;76;160;7;34;40;85;24;116;3;21;4;17;0;0;0;0;0;9;0;1;0;2;3;6;1;3;0;0;0;0;0;0;1;4
2109056;Porto Rico do Maranhão;MA;Mapeado;2026-09;3;8;0;2;1;5;1;4;0;2;0;0;0;0;0;0;0;0;0;0;0;0;1;1;0;0;0;0;0;0;0;0;0;0
2108900;Poção de Pedras;MA;Mapeado;2026-09;16;27;3;7;4;12;8;17;1;4;2;3;0;0;0;0;0;1;0;0;0;0;1;1;0;0;0;0;0;0;0;0;0;0
2109106;Presidente Dutra;MA;Mapeado;2026-09;117;233;5;44;53;117;53;150;2;28;3;23;0;0;0;1;0;10;0;0;0;1;5;5;1;3;0;0;0;0;0;1;0;10
2109205;Presidente Juscelino;MA;Mapeado;2026-09;6;13;3;4;1;8;2;5;0;1;3;4;0;0;0;0;0;3;0;0;0;0;0;0;0;0;0;0;0;0;0;0;0;1
2109239;Presidente Médici;MA;Mapeado;2026-09;5;15;0;4;2;9;2;8;0;1;0;3;0;0;0;0;0;1;0;0;0;0;0;0;0;0;0;0;0;0;0;0;1;2
2109270;Presidente Sarney;MA;Mapeado;2026-09;10;24;4;6;4;10;2;11;0;0;4;6;0;0;0;0;0;2;0;0;0;0;0;2;0;0;0;0;0;0;0;0;0;1
2109304;Presidente Vargas;MA;Mapeado;2026-09;4;12;3;4;0;3;1;5;1;2;2;3;0;0;0;0;0;2;0;0;0;0;0;0;0;0;0;0;0;0;0;0;0;1
2109403;Primeira Cruz;MA;Mapeado;2026-09;15;28;6;12;4;15;1;5;0;5;6;10;0;0;0;0;2;9;0;0;0;0;0;0;0;0;0;0;0;1;0;0;2;3
2109452;Raposa;MA;Mapeado;2026-09;99;179;16;52;56;105;14;80;5;26;11;38;0;0;0;1;10;28;0;0;0;0;1;1;1;1;0;0;0;2;0;1;1;8
2109502;Riachão;MA;Mapeado;2026-09;69;141;15;47;29;69;24;91;4;21;11;33;0;0;0;0;0;13;0;2;0;1;0;0;0;1;0;0;0;1;0;0;1;4
2109551;Ribamar Fiquene;MA;Mapeado;2026-09;6;17;1;5;3;6;1;7;0;5;1;1;0;0;0;0;0;2;0;0;0;0;0;0;0;0;0;0;0;0;0;0;1;2
2109601;Rosário;MA;Mapeado;2026-09;83;158;17;57;29;81;21;65;3;18;14;47;0;0;0;1;15;33;0;1;0;0;0;1;0;0;0;0;0;1;0;0;1;7
2109700;Sambaíba;MA;Mapeado;2026-09;10;21;1;5;6;13;3;12;0;5;1;2;0;0;0;0;0;2;0;0;0;0;0;0;0;0;0;0;0;0;0;0;0;1
2109759;Santa Filomena do Maranhão;MA;Mapeado;2026-09;4;7;1;2;1;2;1;4;0;1;1;1;0;0;0;0;0;1;0;0;0;0;0;0;0;0;0;0;0;0;0;0;1;2
2109809;Santa Helena;MA;Mapeado;2026-09;77;119;43;80;9;41;6;50;15;36;28;59;0;0;0;0;17;32;0;0;0;2;1;2;0;1;0;0;1;2;0;0;0;2
2109908;Santa Inês;MA;Mapeado;2026-09;214;390;17;64;101;202;76;211;5;35;12;39;0;0;0;1;9;41;1;2;0;5;4;6;2;2;0;0;0;2;2;3;2;19
2110005;Santa Luzia;MA;Mapeado;2026-09;58;144;3;21;26;74;24;84;1;9;2;15;0;0;0;1;2;14;0;0;0;4;2;5;0;0;0;0;0;0;0;1;1;8
2110039;Santa Luzia do Paruá;MA;Mapeado;2026-09;25;68;0;10;11;33;11;44;0;6;0;7;0;0;0;0;2;7;0;0;0;0;0;1;1;2;0;0;0;0;0;0;0;4
2110104;Santa Quitéria do Maranhão;MA;Mapeado;2026-09;19;43;3;16;7;24;8;27;1;6;2;15;0;0;0;0;1;5;0;0;0;1;0;0;0;0;0;0;0;0;0;0;0;2
2110203;Santa Rita;MA;Mapeado;2026-09;63;122;12;31;24;52;20;72;4;19;8;25;0;0;0;0;5;24;0;1;0;0;0;1;1;2;0;0;0;2;0;1;1;7
2110237;Santana do Maranhão;MA;Mapeado;2026-09;1;9;0;1;1;3;0;6;0;1;0;0;0;0;0;1;0;2;0;0;0;1;0;0;0;0;0;0;0;0;0;0;0;0
2110278;Santo Amaro do Maranhão;MA;Mapeado;2026-09;63;193;18;58;37;137;5;66;3;24;15;42;0;0;0;1;3;29;0;0;0;2;0;1;0;0;0;0;0;2;0;0;0;11
2110302;Santo Antônio dos Lopes;MA;Mapeado;2026-09;26;63;1;11;20;41;4;35;0;8;1;7;0;0;0;0;1;7;0;0;0;2;0;0;0;0;0;0;0;0;0;0;0;0
2111722;Satubinha;MA;Mapeado;2026-09;3;7;0;1;2;5;1;2;0;1;0;0;0;0;0;0;0;2;0;0;0;0;0;0;0;0;0;0;0;0;0;1;0;0
2111748;Senador Alexandre Costa;MA;Mapeado;2026-09;8;14;1;4;5;7;2;8;0;2;1;3;0;0;0;0;0;2;0;0;0;0;0;1;0;1;0;0;0;0;0;0;0;2
2111763;Senador La Rocque;MA;Mapeado;2026-09;13;26;2;6;6;11;3;11;0;2;2;6;0;0;0;0;1;5;0;0;0;0;0;0;1;1;0;0;0;0;0;0;0;1
2111789;Serrano do Maranhão;MA;Mapeado;2026-09;1;7;0;2;0;4;1;4;0;0;0;2;0;0;0;0;0;0;0;0;0;1;0;1;0;0;0;0;0;0;0;0;0;1
2111904;Sucupira do Norte;MA;Mapeado;2026-09;10;24;2;8;4;16;3;13;0;4;2;4;0;0;0;0;0;1;0;0;0;0;0;1;1;1;0;0;0;1;0;0;0;0
2111953;Sucupira do Riachão;MA;Mapeado;2026-09;2;9;0;3;1;4;1;7;0;3;0;0;0;0;0;0;0;0;0;0;0;0;0;0;0;0;0;0;0;0;0;0;0;0
2110401;São Benedito do Rio Preto;MA;Mapeado;2026-09;9;25;0;5;3;11;6;16;0;2;0;3;0;0;0;0;0;3;0;0;0;0;0;0;0;0;0;0;0;0;0;1;0;0
2110500;São Bento;MA;Mapeado;2026-09;29;78;5;17;9;32;10;43;1;9;4;10;0;0;0;0;5;18;0;0;0;2;0;2;0;0;0;0;0;0;0;0;0;1
2110609;São Bernardo;MA;Mapeado;2026-09;21;59;3;15;11;32;4;25;1;11;2;9;0;0;0;1;3;12;0;0;0;6;0;1;0;0;0;0;0;0;0;0;0;4
2110658;São Domingos do Azeitão;MA;Mapeado;2026-09;12;48;2;13;8;19;2;26;1;8;1;7;0;0;0;1;0;4;0;0;0;0;0;0;0;0;0;0;0;2;0;0;0;1
2110708;São Domingos do Maranhão;MA;Mapeado;2026-09;42;90;4;16;19;46;15;56;1;9;3;9;0;0;0;0;3;12;0;0;0;1;1;1;0;0;0;0;0;0;0;0;0;2
2110856;São Francisco do Brejão;MA;Mapeado;2026-09;12;25;1;4;4;10;5;13;0;4;1;1;0;0;0;0;0;1;0;0;0;0;2;3;0;1;0;0;0;0;0;0;0;1
2110906;São Francisco do Maranhão;MA;Mapeado;2026-09;9;18;1;6;4;11;3;13;0;0;1;6;0;0;0;0;0;2;0;0;0;0;0;0;0;0;0;0;0;0;1;1;0;0
2110807;São Félix de Balsas;MA;Mapeado;2026-09;6;13;0;3;4;7;1;8;0;2;0;2;0;0;0;0;1;1;0;0;0;1;0;0;0;0;0;0;0;0;0;0;0;0
2111201;São José de Ribamar;MA;Mapeado;2026-09;797;1412;121;359;344;662;265;748;47;222;74;216;0;0;0;0;38;166;2;9;1;20;6;14;0;2;0;0;0;10;2;11;18;82
2111250;São José dos Basílios;MA;Mapeado;2026-09;3;11;1;2;1;5;0;5;0;1;1;1;0;0;0;0;1;1;0;0;0;0;0;0;0;0;0;0;0;0;0;0;0;1
2111003;São João Batista;MA;Mapeado;2026-09;13;32;1;15;7;22;5;20;0;10;1;12;0;0;0;0;0;2;0;0;0;0;0;1;0;0;0;0;0;0;0;1;0;1
2111029;São João do Carú;MA;Mapeado;2026-09;5;9;0;2;3;3;1;5;0;1;0;2;0;0;0;0;1;1;0;0;0;1;0;0;0;0;0;0;0;0;0;0;0;2
2111052;São João do Paraíso;MA;Mapeado;2026-09;20;41;8;15;4;11;6;19;1;2;7;13;0;0;0;0;1;3;0;0;0;0;1;1;0;0;0;0;0;0;0;1;0;1
2111078;São João do Soter;MA;Mapeado;2026-09;10;24;0;5;4;9;5;15;0;1;0;4;0;0;0;0;0;2;0;0;0;0;1;2;0;0;0;0;0;0;0;0;0;0
2111102;São João dos Patos;MA;Mapeado;2026-09;45;115;8;39;15;57;17;63;3;25;5;22;0;0;0;0;0;7;0;0;0;0;2;4;0;1;0;0;0;0;0;0;3;7
2111300;São Luís;MA;Mapeado;2026-09;5611;10277;729;2374;2282;4830;2217;5678;240;1477;489;1385;0;0;9;45;178;1178;8;153;4;283;66;136;16;34;0;1;2;41;4;62;96;743
2111409;São Luís Gonzaga do Maranhão;MA;Mapeado;2026-09;8;16;0;4;0;3;6;9;0;2;0;3;0;0;0;0;1;3;0;0;0;2;1;2;0;0;0;0;0;0;0;0;0;0
2111508;São Mateus do Maranhão;MA;Mapeado;2026-09;61;112;10;33;15;51;22;55;3;11;7;27;0;0;0;2;13;26;0;0;0;1;1;1;0;1;0;0;0;2;0;2;0;3
2111532;São Pedro da Água Branca;MA;Mapeado;2026-09;19;58;3;12;9;34;7;30;0;5;3;9;0;0;0;0;0;6;0;0;0;0;0;1;0;0;0;0;0;4;0;0;0;4
2111573;São Pedro dos Crentes;MA;Mapeado;2026-09;5;14;1;2;1;6;2;7;0;0;1;2;0;0;0;0;0;1;0;0;0;0;0;0;1;1;0;0;0;0;0;0;0;1
2111607;São Raimundo das Mangabeiras;MA;Mapeado;2026-09;28;74;4;12;10;39;11;39;1;7;3;9;0;0;0;0;2;11;0;0;0;1;1;1;0;0;0;0;0;1;0;0;0;3
2111631;São Raimundo do Doca Bezerra;MA;Mapeado;2026-09;2;8;0;3;2;6;0;3;0;1;0;2;0;0;0;0;0;1;0;0;0;1;0;0;0;0;0;0;0;0;0;0;0;0
2111672;São Roberto;MA;Mapeado;2026-09;1;5;0;0;0;3;1;3;0;0;0;0;0;0;0;0;0;0;0;0;0;0;0;0;0;0;0;0;0;0;0;0;0;1
2111706;São Vicente Ferrer;MA;Mapeado;2026-09;10;34;1;10;5;20;2;20;0;6;1;7;0;0;0;0;0;4;0;0;0;0;2;3;0;0;0;0;0;0;0;0;0;0
2111805;Sítio Novo;MA;Mapeado;2026-09;16;51;1;20;8;24;6;36;0;13;1;14;0;0;0;0;1;3;0;0;0;1;0;0;0;0;0;0;0;0;0;0;0;4
2112001;Tasso Fragoso;MA;Mapeado;2026-09;42;70;10;36;16;38;10;35;1;14;9;30;0;0;0;0;6;14;0;0;0;0;0;0;0;0;0;0;0;0;0;1;0;1
2112100;Timbiras;MA;Mapeado;2026-09;18;35;2;10;6;13;6;18;1;6;1;5;0;0;0;0;4;7;0;1;0;0;0;0;0;0;0;0;0;0;0;0;0;0
2112209;Timon;MA;Mapeado;2026-09;434;748;62;188;191;355;142;401;25;116;37;94;0;0;0;0;21;79;2;4;0;5;5;9;4;6;0;0;0;4;0;2;7;25
2112233;Trizidela do Vale;MA;Mapeado;2026-09;29;62;1;16;14;25;12;26;0;11;1;8;0;0;0;1;0;12;0;0;0;2;2;5;0;2;0;0;0;0;0;0;0;2
2112274;Tufilândia;MA;Mapeado;2026-09;2;3;0;0;0;2;1;1;0;0;0;0;0;0;0;0;0;0;0;0;0;0;0;0;0;0;0;0;0;0;1;1;0;0
2112308;Tuntum;MA;Mapeado;2026-09;33;73;4;10;13;32;13;36;1;2;3;10;0;0;0;1;2;9;0;0;0;0;1;1;0;0;0;0;0;0;0;0;0;6
2112407;Turiaçu;MA;Mapeado;2026-09;13;39;3;8;5;22;5;17;1;6;2;3;0;0;0;0;0;3;0;0;0;0;0;0;0;0;0;0;0;0;0;2;0;1
2112456;Turilândia;MA;Mapeado;2026-09;14;34;1;17;3;12;1;14;1;7;0;15;0;0;0;0;8;15;0;0;0;0;1;1;0;0;0;0;0;0;0;0;0;1
2112506;Tutóia;MA;Mapeado;2026-09;81;203;10;48;46;113;20;94;5;30;5;25;0;0;0;4;4;27;0;0;0;6;0;1;0;0;0;0;0;1;0;0;1;10
2112605;Urbano Santos;MA;Mapeado;2026-09;29;56;3;6;17;31;8;23;2;3;1;3;0;0;0;0;1;4;0;0;0;0;0;1;0;0;0;0;0;0;0;0;0;3
2112704;Vargem Grande;MA;Mapeado;2026-09;47;94;13;30;18;57;13;48;3;19;10;22;0;0;0;0;1;14;0;0;0;1;2;3;0;1;0;0;0;0;0;0;0;0
2112803;Viana;MA;Mapeado;2026-09;25;130;1;23;12;79;8;67;0;17;1;10;0;0;0;3;1;23;0;4;0;6;1;1;0;1;0;0;0;0;0;2;2;6
2112852;Vila Nova dos Martírios;MA;Mapeado;2026-09;21;39;3;9;12;20;6;20;2;6;1;4;0;0;0;0;0;2;0;0;0;0;0;0;0;0;0;0;0;0;0;0;0;1
2113009;Vitorino Freire;MA;Mapeado;2026-09;30;69;6;15;10;24;10;31;2;13;4;8;0;0;0;0;3;18;0;0;0;2;1;3;0;1;0;0;0;0;0;1;0;4
2112902;Vitória do Mearim;MA;Mapeado;2026-09;34;101;3;18;20;54;8;56;1;9;2;12;0;0;0;0;2;5;0;2;0;0;0;0;1;2;0;0;0;0;0;2;0;4
2114007;Zé Doca;MA;Mapeado;2026-09;44;96;6;17;16;47;19;64;3;11;3;9;0;0;0;0;2;14;0;0;0;0;0;1;1;1;0;0;0;0;0;0;0;3
2100154;Água Doce do Maranhão;MA;Mapeado;2026-09;13;25;0;8;11;18;1;14;0;7;0;4;0;0;0;0;1;1;0;0;0;0;0;1;0;0;0;0;0;0;0;0;0;1
3100104;Abadia dos Dourados;MG;Mapeado;2026-09;38;58;15;25;8;11;10;33;5;16;10;15;0;0;1;2;0;2;0;0;0;0;3;3;0;0;0;0;0;0;0;0;1;2
3100203;Abaeté;MG;Mapeado;2026-09;155;260;46;87;31;69;57;139;30;67;16;26;0;0;0;1;5;9;0;1;0;2;10;11;0;0;0;0;0;0;1;3;5;17
3100302;Abre Campo;MG;Mapeado;2026-09;65;102;19;52;18;33;24;72;12;43;7;28;0;0;0;0;1;11;0;0;0;1;3;3;0;0;0;0;0;3;0;1;0;4
3100401;Acaiaca;MG;Mapeado;2026-09;33;51;14;31;6;15;10;34;6;19;8;20;0;0;0;0;2;9;0;0;0;0;1;1;0;0;0;0;0;1;0;0;0;1
3100807;Aguanil;MG;Mapeado;2026-09;21;34;4;13;7;13;8;21;3;11;1;2;0;0;0;0;0;1;0;0;0;0;1;1;0;0;0;0;0;0;0;0;1;1
3101102;Aimorés;MG;Mapeado;2026-09;155;260;41;94;30;81;74;169;22;61;19;39;0;0;0;0;7;23;0;2;0;1;1;1;0;0;0;0;0;2;0;1;2;11
3101201;Aiuruoca;MG;Mapeado;2026-09;88;146;36;73;23;61;26;88;26;53;10;23;0;0;0;0;0;7;0;0;0;1;2;2;0;0;0;0;0;2;0;0;1;3
3101300;Alagoa;MG;Mapeado;2026-09;23;58;9;28;5;28;8;35;5;19;4;10;0;0;0;0;1;4;0;0;0;0;0;0;0;0;0;0;0;4;0;0;0;1
3101409;Albertina;MG;Mapeado;2026-09;23;37;6;16;5;14;10;24;4;7;2;9;0;0;1;1;0;1;0;0;0;0;1;1;0;0;0;0;0;0;0;0;0;3
3101607;Alfenas;MG;Mapeado;2026-09;498;719;106;204;145;257;211;372;64;142;42;87;0;0;0;3;17;40;1;2;0;1;11;13;0;0;0;0;0;1;0;1;7;36
3101631;Alfredo Vasconcelos;MG;Mapeado;2026-09;41;61;12;21;5;15;20;37;5;10;7;12;0;0;0;1;2;6;0;0;0;0;2;2;0;0;0;0;0;0;0;2;0;0
3101706;Almenara;MG;Mapeado;2026-09;224;376;84;157;46;109;81;239;39;87;45;84;0;0;0;0;6;24;0;1;0;2;3;8;0;0;0;0;1;3;0;2;3;21
3101805;Alpercata;MG;Mapeado;2026-09;41;70;8;26;11;30;21;46;5;16;3;12;0;0;0;1;1;3;0;0;0;0;0;2;0;0;0;0;0;0;0;0;0;1
3101904;Alpinópolis;MG;Mapeado;2026-09;127;264;37;89;28;59;52;183;21;65;16;40;0;0;0;3;4;14;0;0;0;1;2;2;0;0;0;0;0;3;1;4;3;33
3102001;Alterosa;MG;Mapeado;2026-09;56;82;14;21;12;20;23;50;6;13;8;12;0;0;0;0;1;2;0;0;0;0;5;5;0;0;0;0;0;0;0;0;1;6
3102050;Alto Caparaó;MG;Mapeado;2026-09;66;122;8;27;23;55;32;95;6;17;2;12;0;0;0;0;2;11;0;1;0;0;1;1;0;0;0;0;0;0;0;0;0;0
3153509;Alto Jequitibá;MG;Mapeado;2026-09;47;86;1;19;13;37;33;73;1;13;0;9;0;0;0;0;0;8;0;0;0;0;0;0;0;0;0;0;0;2;0;0;0;2
3102100;Alto Rio Doce;MG;Mapeado;2026-09;47;89;14;52;3;27;23;60;9;42;5;22;0;0;0;0;4;7;0;1;0;1;2;4;0;0;0;0;0;3;0;0;1;3
3102209;Alvarenga;MG;Mapeado;2026-09;24;32;7;12;3;6;14;24;6;9;1;3;0;0;0;0;0;1;0;0;0;0;0;0;0;0;0;0;0;1;0;0;0;0
3102308;Alvinópolis;MG;Mapeado;2026-09;105;147;48;77;16;31;25;68;31;57;17;26;0;0;0;0;3;7;0;0;0;0;11;11;0;0;0;0;0;0;0;0;2;5
3102407;Alvorada de Minas;MG;Mapeado;2026-09;22;51;7;26;7;17;8;35;1;15;6;22;0;0;0;0;0;2;0;0;0;1;0;0;0;0;0;0;0;0;0;0;0;4
3101508;Além Paraíba;MG;Mapeado;2026-09;229;405;74;155;48;114;88;256;59;123;15;44;0;0;0;3;3;28;0;7;0;11;12;14;0;6;0;0;0;0;0;8;4;21
3102506;Amparo do Serra;MG;Mapeado;2026-09;13;27;3;10;2;9;7;17;2;6;1;4;0;0;0;0;0;1;0;0;0;0;1;1;0;0;0;0;0;0;0;0;0;0
3102605;Andradas;MG;Mapeado;2026-09;292;429;90;160;56;110;125;271;62;118;28;48;0;0;0;1;5;14;0;1;0;1;11;13;0;1;0;0;0;2;0;1;5;23
3102803;Andrelândia;MG;Mapeado;2026-09;92;155;38;70;16;43;29;86;23;44;15;32;0;0;0;0;2;11;0;0;0;1;6;6;0;1;0;0;0;4;0;1;1;4
3102852;Angelândia;MG;Mapeado;2026-09;20;48;4;23;7;20;8;35;3;19;1;5;0;0;0;0;0;10;0;0;0;0;1;1;0;0;0;0;0;0;0;0;0;2
3102902;Antônio Carlos;MG;Mapeado;2026-09;63;100;31;52;6;18;23;62;22;39;9;13;0;0;0;1;2;5;0;0;0;1;1;1;0;0;0;0;0;1;0;0;0;3
3103009;Antônio Dias;MG;Mapeado;2026-09;49;80;12;22;18;31;13;42;9;14;3;10;0;0;0;0;2;6;0;0;0;2;3;3;0;0;0;0;0;0;0;0;1;5
3103108;Antônio Prado de Minas;MG;Mapeado;2026-09;8;15;1;5;1;1;4;13;1;3;0;3;0;0;0;0;1;1;0;0;0;0;1;1;0;0;0;0;0;0;0;0;0;0
3103306;Aracitaba;MG;Mapeado;2026-09;9;23;4;9;3;4;0;13;4;9;0;1;0;0;0;1;0;0;0;0;0;0;1;1;0;0;0;0;0;0;0;0;1;1
3103504;Araguari;MG;Mapeado;2026-09;704;1131;120;314;226;451;296;698;81;221;39;140;0;0;2;5;26;76;1;4;0;14;17;20;2;2;0;0;0;4;3;7;11;60
3103603;Arantina;MG;Mapeado;2026-09;31;44;9;25;4;14;15;28;4;20;5;15;0;0;0;0;1;2;0;0;0;1;1;1;0;0;0;0;0;0;0;0;1;2
3103702;Araponga;MG;Mapeado;2026-09;31;56;15;27;6;22;10;44;3;19;12;19;0;0;0;0;0;1;0;0;0;1;0;0;0;0;0;0;0;1;0;0;0;0
3103751;Araporã;MG;Mapeado;2026-09;62;92;14;37;20;38;25;57;8;21;6;21;0;0;0;1;3;7;0;0;0;1;0;0;0;0;0;0;0;5;0;0;0;5
3103801;Arapuá;MG;Mapeado;2026-09;21;39;8;27;3;8;9;25;4;24;4;11;0;0;0;0;0;0;0;0;0;0;1;1;0;0;0;0;0;0;0;0;0;0
3104007;Araxá;MG;Mapeado;2026-09;808;1348;215;437;196;406;329;774;109;284;106;217;0;0;0;5;19;70;1;11;2;22;21;33;1;1;0;1;1;9;0;7;23;105
3103207;Araçaí;MG;Mapeado;2026-09;12;20;8;13;3;4;1;8;5;9;3;5;0;0;0;1;0;1;0;0;0;1;0;1;0;0;0;0;0;0;0;0;0;1
3103405;Araçuaí;MG;Mapeado;2026-09;174;299;65;126;32;83;64;158;31;76;34;62;0;0;0;0;7;36;0;3;1;7;3;6;0;0;0;0;0;1;0;2;2;16
3103900;Araújos;MG;Mapeado;2026-09;75;119;29;57;13;41;25;77;25;50;4;16;0;0;0;0;3;7;0;0;0;0;3;4;0;0;0;0;0;0;1;2;1;8
3104106;Arceburgo;MG;Mapeado;2026-09;57;97;16;42;17;28;20;77;10;34;6;12;0;0;0;0;0;1;0;0;0;0;3;5;1;1;0;0;0;0;0;1;0;3
3104205;Arcos;MG;Mapeado;2026-09;315;510;61;175;78;164;149;324;48;152;13;53;0;0;1;7;9;26;2;2;0;2;11;13;0;1;0;0;1;1;0;0;3;25
3104304;Areado;MG;Mapeado;2026-09;73;106;23;39;15;20;27;60;18;29;5;12;0;0;0;0;1;11;0;0;0;0;4;4;0;0;0;0;0;2;0;0;3;6
3104403;Argirita;MG;Mapeado;2026-09;20;35;3;15;6;17;9;27;2;8;1;9;0;0;0;0;0;1;0;0;0;0;2;2;0;0;0;0;0;0;0;0;0;1
3104452;Aricanduva;MG;Mapeado;2026-09;8;23;3;9;3;10;2;13;1;6;2;6;0;0;0;0;0;3;0;0;0;0;0;0;0;0;0;0;0;0;0;1;0;0
3104502;Arinos;MG;Mapeado;2026-09;82;173;22;68;21;59;36;122;12;49;10;39;0;0;0;1;1;20;0;4;0;3;1;2;0;0;0;0;0;2;0;0;1;10
3104601;Astolfo Dutra;MG;Mapeado;2026-09;108;180;47;92;18;45;33;113;26;59;21;44;0;0;0;1;3;13;0;0;0;0;5;6;0;1;0;0;0;1;0;0;2;6
3104700;Ataléia;MG;Mapeado;2026-09;29;51;5;22;4;15;18;36;4;20;1;7;0;0;0;0;1;2;0;0;0;0;0;0;0;0;0;0;0;0;1;1;0;0
3104809;Augusto de Lima;MG;Mapeado;2026-09;39;63;9;38;20;30;8;35;3;15;6;30;0;0;0;0;1;1;0;0;0;1;0;0;1;1;0;0;0;0;0;0;0;2
3100500;Açucena;MG;Mapeado;2026-09;37;66;15;33;12;26;7;38;7;19;8;19;0;0;0;0;1;4;0;0;0;0;2;2;0;0;0;0;0;0;0;0;0;1
3104908;Baependi;MG;Mapeado;2026-09;113;205;31;87;28;79;44;134;14;47;17;52;0;0;1;2;2;25;0;0;0;2;5;5;1;3;0;0;0;1;0;0;1;13
3105004;Baldim;MG;Mapeado;2026-09;70;102;30;54;13;33;26;57;23;45;7;21;0;0;0;0;0;5;0;0;0;2;1;2;0;0;0;0;0;1;0;0;0;1
3105103;Bambuí;MG;Mapeado;2026-09;135;230;37;81;28;58;51;136;26;58;11;28;0;0;0;1;6;16;0;1;0;1;7;8;0;0;0;0;1;1;0;2;5;14
3105202;Bandeira;MG;Mapeado;2026-09;15;32;7;18;2;7;6;20;3;10;4;9;0;0;0;0;0;3;0;0;0;0;0;0;0;0;0;0;0;1;0;0;0;0
3105301;Bandeira do Sul;MG;Mapeado;2026-09;54;71;16;32;13;21;24;47;12;26;4;10;0;0;0;0;0;2;0;0;0;0;1;1;0;0;0;0;0;1;0;0;0;0
3105608;Barbacena;MG;Mapeado;2026-09;775;1149;194;417;164;332;355;700;126;294;68;168;0;0;2;5;20;75;2;4;1;14;25;38;1;1;0;1;0;6;0;6;11;47
3105707;Barra Longa;MG;Mapeado;2026-09;40;61;19;37;7;17;12;36;13;28;6;13;0;0;0;0;0;4;0;0;0;0;2;2;0;0;0;0;0;0;0;0;0;0
3105905;Barroso;MG;Mapeado;2026-09;116;193;34;82;16;48;57;123;17;52;17;34;0;0;0;0;5;16;0;2;0;2;0;0;0;0;0;0;0;1;0;1;4;13
3105400;Barão de Cocais;MG;Mapeado;2026-09;258;461;73;186;69;151;99;281;40;135;33;85;0;0;0;1;5;23;0;2;0;11;9;11;0;0;0;0;0;3;1;1;2;38
3105509;Barão do Monte Alto;MG;Mapeado;2026-09;22;32;5;10;6;10;10;17;4;6;1;4;0;0;0;0;0;1;0;0;0;0;1;1;0;0;0;0;0;0;0;0;0;2
3106002;Bela Vista de Minas;MG;Mapeado;2026-09;73;111;31;49;16;30;21;54;22;36;9;16;0;0;0;0;2;7;0;0;0;1;2;2;0;0;0;0;0;0;0;0;1;5
3106101;Belmiro Braga;MG;Mapeado;2026-09;35;64;9;28;8;22;14;39;9;25;0;5;0;0;0;0;0;1;0;0;0;1;2;2;0;0;0;0;0;0;0;2;2;4
3106200;Belo Horizonte;MG;Mapeado;2026-09;20192;32209;4001;9327;7583;13493;7101;17317;2626;6884;1375;3227;0;0;18;48;574;1723;36;544;31;519;226;310;16;30;0;6;14;202;65;272;527;2797
3106309;Belo Oriente;MG;Mapeado;2026-09;149;236;58;97;26;66;55;151;26;49;32;66;0;0;0;1;3;13;0;0;0;2;6;8;0;0;0;0;0;2;0;0;1;3
3106408;Belo Vale;MG;Mapeado;2026-09;55;100;17;39;17;37;11;51;10;26;7;15;0;0;0;0;1;7;0;0;0;3;8;8;0;0;0;0;0;0;0;0;1;7
3106507;Berilo;MG;Mapeado;2026-09;35;72;9;33;14;33;11;45;6;26;3;11;0;0;0;0;1;5;0;0;0;0;0;0;0;0;0;0;0;1;0;0;0;3
3106655;Berizal;MG;Mapeado;2026-09;18;26;3;9;8;13;6;17;1;6;2;5;0;0;0;0;0;0;0;0;0;0;1;1;0;0;0;0;0;0;0;0;0;0
3106606;Bertópolis;MG;Mapeado;2026-09;15;26;4;12;5;9;5;18;1;9;3;7;0;0;0;0;1;1;0;0;0;0;0;0;0;0;0;0;0;0;0;0;0;0
3106705;Betim;MG;Mapeado;2026-09;2990;4471;580;1195;1065;1726;1112;2484;418;885;162;390;0;0;3;7;71;175;2;15;0;21;84;93;3;4;1;1;1;19;3;15;65;262
3106804;Bias Fortes;MG;Mapeado;2026-09;24;40;8;20;3;8;11;30;6;17;2;5;0;0;0;0;0;1;0;0;0;0;2;2;0;0;0;0;0;1;0;0;0;1
3106903;Bicas;MG;Mapeado;2026-09;121;196;29;75;29;55;59;138;17;54;12;33;0;0;0;0;1;15;1;1;0;1;0;1;0;0;0;0;0;0;0;0;2;10
3107000;Biquinhas;MG;Mapeado;2026-09;12;21;1;6;1;3;10;18;1;5;0;3;0;0;0;0;0;1;0;0;0;0;0;0;0;0;0;0;0;1;0;0;0;1
3107109;Boa Esperança;MG;Mapeado;2026-09;284;440;71;145;72;136;117;253;45;97;26;59;0;0;0;0;8;27;0;2;0;4;8;9;1;3;0;0;0;2;0;2;7;24
3107208;Bocaina de Minas;MG;Mapeado;2026-09;87;159;23;64;39;75;19;82;18;51;5;19;0;0;1;2;3;14;1;5;0;2;0;0;0;0;0;0;0;0;0;0;1;5
3107307;Bocaiúva;MG;Mapeado;2026-09;238;385;57;117;64;146;103;259;35;82;22;52;0;0;1;2;3;17;0;2;0;6;8;11;0;1;0;0;0;5;0;1;2;13
3107406;Bom Despacho;MG;Mapeado;2026-09;299;499;76;170;76;161;110;284;53;125;23;61;0;0;0;1;8;35;0;4;0;5;9;10;3;4;0;0;0;3;3;7;14;29
3107505;Bom Jardim de Minas;MG;Mapeado;2026-09;59;103;18;42;13;29;26;69;11;33;7;13;0;0;0;0;0;3;0;0;0;0;1;2;0;0;0;0;0;0;0;0;1;6
3107604;Bom Jesus da Penha;MG;Mapeado;2026-09;23;34;11;18;6;9;4;16;9;16;2;3;0;0;0;0;0;0;0;0;0;1;1;1;0;0;0;0;0;1;0;0;1;2
3107703;Bom Jesus do Amparo;MG;Mapeado;2026-09;64;88;19;43;23;39;19;61;10;28;9;22;0;0;0;0;1;2;0;0;0;0;1;1;0;0;0;0;0;0;0;0;1;1
3107802;Bom Jesus do Galho;MG;Mapeado;2026-09;48;77;9;32;13;27;19;43;4;18;5;19;0;0;0;0;1;7;0;0;0;0;3;3;0;0;0;0;1;1;0;1;2;2
3107901;Bom Repouso;MG;Mapeado;2026-09;71;109;20;39;12;33;36;86;17;35;3;8;0;0;0;0;2;8;0;0;0;0;1;1;0;0;0;0;0;1;0;0;0;4
3108008;Bom Sucesso;MG;Mapeado;2026-09;125;195;50;94;16;41;45;115;38;69;12;34;0;0;0;2;2;12;0;0;0;0;7;9;0;0;0;0;0;0;0;0;5;10
3108107;Bonfim;MG;Mapeado;2026-09;50;95;16;42;13;38;18;74;9;27;7;19;0;0;0;3;2;9;0;0;0;0;1;5;0;0;0;0;0;0;0;0;0;5
3108206;Bonfinópolis de Minas;MG;Mapeado;2026-09;35;60;9;19;9;20;16;42;8;16;1;9;0;0;0;0;0;2;0;0;0;0;1;1;0;0;0;0;0;0;0;0;0;2
3108255;Bonito de Minas;MG;Mapeado;2026-09;16;43;7;18;2;15;6;33;2;8;5;14;0;0;0;0;1;3;0;0;0;0;0;0;0;0;0;0;0;0;0;0;0;1
3108305;Borda da Mata;MG;Mapeado;2026-09;122;165;33;64;18;44;69;125;22;47;11;22;0;0;0;0;1;10;0;1;0;0;1;1;0;0;0;0;0;3;0;0;0;1
3108404;Botelhos;MG;Mapeado;2026-09;105;152;41;74;23;47;35;97;27;43;14;36;0;0;0;0;4;10;0;1;0;1;1;1;0;0;0;0;0;1;1;1;0;5
3108503;Botumirim;MG;Mapeado;2026-09;24;58;5;22;10;37;9;45;3;12;2;15;0;0;0;0;0;4;0;0;0;0;0;0;0;0;0;0;0;0;0;0;0;0
3108552;Brasilândia de Minas;MG;Mapeado;2026-09;74;135;19;60;11;53;42;100;16;48;3;23;0;0;0;1;1;7;0;0;0;1;1;3;0;0;0;0;0;8;0;0;0;5
3108602;Brasília de Minas;MG;Mapeado;2026-09;97;243;25;98;20;86;45;157;15;70;10;45;0;0;0;1;6;23;0;0;0;0;1;3;0;0;0;0;0;3;0;0;0;16
3108909;Brazópolis;MG;Mapeado;2026-09;132;212;34;96;29;63;49;140;13;49;21;55;0;0;0;0;2;14;0;1;0;1;8;9;0;0;0;0;0;2;0;0;10;17
3108800;Braúnas;MG;Mapeado;2026-09;11;19;3;9;4;8;4;13;2;8;1;1;0;0;0;0;0;0;0;0;0;0;0;0;0;0;0;0;0;0;0;0;0;0
3109006;Brumadinho;MG;Mapeado;2026-09;417;693;113;266;158;294;104;345;68;177;45;123;0;0;0;2;5;42;0;12;1;16;24;29;0;0;0;0;0;4;0;4;12;42
3108701;Brás Pires;MG;Mapeado;2026-09;17;33;3;10;4;6;9;21;3;7;0;4;0;0;0;0;0;2;0;0;0;0;1;1;0;0;0;0;0;0;0;1;0;2
3109105;Bueno Brandão;MG;Mapeado;2026-09;91;139;29;69;17;43;40;90;20;49;9;26;0;0;0;1;0;10;0;1;0;1;2;2;0;0;0;0;0;1;0;0;3;8
3109204;Buenópolis;MG;Mapeado;2026-09;64;108;20;48;22;52;21;62;12;33;8;28;0;0;0;3;0;11;0;0;0;0;0;0;1;1;0;0;0;1;0;1;0;3
3109253;Bugre;MG;Mapeado;2026-09;12;18;4;6;4;5;3;7;2;4;2;2;0;0;0;0;1;1;0;0;0;0;0;0;0;0;0;0;0;0;0;0;0;1
3109303;Buritis;MG;Mapeado;2026-09;111;203;34;82;22;76;43;134;13;51;21;38;0;0;1;1;5;20;0;0;1;4;3;4;0;0;0;0;0;1;0;0;2;7
3109402;Buritizeiro;MG;Mapeado;2026-09;111;234;42;137;28;86;31;130;20;98;22;77;0;0;0;2;4;20;0;0;0;2;3;5;1;1;0;0;1;5;0;0;1;9
3109451;Cabeceira Grande;MG;Mapeado;2026-09;41;72;16;37;8;24;12;49;8;21;8;21;0;0;0;0;3;6;0;0;0;0;2;2;0;0;0;0;0;2;0;0;0;2
3109501;Cabo Verde;MG;Mapeado;2026-09;67;111;23;49;8;17;33;74;14;34;9;19;0;0;0;0;0;5;0;0;0;0;2;2;0;0;0;0;0;0;0;0;1;3
3109808;Cachoeira Dourada;MG;Mapeado;2026-09;21;35;3;15;4;13;10;22;1;12;2;4;0;0;0;0;1;3;0;0;0;0;0;0;0;1;0;0;0;0;0;0;3;4
3109600;Cachoeira da Prata;MG;Mapeado;2026-09;30;49;13;22;3;11;11;25;8;17;5;9;0;0;0;0;1;2;0;0;0;0;2;3;0;0;0;0;0;0;0;0;0;0
3109709;Cachoeira de Minas;MG;Mapeado;2026-09;82;121;36;64;12;22;29;69;19;40;17;30;0;0;0;0;2;6;0;0;0;0;2;2;0;0;0;0;0;1;0;0;1;3
3102704;Cachoeira de Pajeú;MG;Mapeado;2026-09;35;56;7;22;13;22;14;38;3;14;4;8;0;0;0;0;0;0;0;0;0;0;1;1;0;0;0;0;0;0;0;0;0;1
3109907;Caetanópolis;MG;Mapeado;2026-09;86;131;26;57;26;44;29;79;16;39;10;30;0;0;0;1;2;7;0;0;0;4;2;2;0;0;0;0;0;1;0;1;1;3
3110004;Caeté;MG;Mapeado;2026-09;282;410;94;169;70;138;88;199;59;116;35;61;0;0;0;1;8;20;0;0;0;5;13;14;0;0;0;0;0;1;0;1;9;36
3110103;Caiana;MG;Mapeado;2026-09;25;49;7;27;5;14;11;31;4;17;3;14;0;0;0;0;2;3;0;0;0;0;0;0;0;0;0;0;0;1;0;0;0;0
3110202;Cajuri;MG;Mapeado;2026-09;23;35;7;15;5;13;9;26;5;12;2;3;0;0;0;0;1;6;0;0;0;0;1;1;0;0;0;0;0;1;0;0;0;0
3110301;Caldas;MG;Mapeado;2026-09;100;160;40;72;31;59;28;90;26;51;14;30;0;0;0;0;0;8;0;0;0;1;1;2;0;0;0;0;0;0;0;0;0;1
3110400;Camacho;MG;Mapeado;2026-09;14;22;5;9;1;2;6;11;3;5;2;5;0;0;0;0;0;0;0;0;0;1;1;1;0;0;0;0;0;0;0;0;1;2
3110509;Camanducaia;MG;Mapeado;2026-09;386;577;80;171;140;228;149;347;56;131;24;53;0;0;0;0;2;16;0;0;1;2;2;3;2;9;0;1;0;4;1;3;9;49
3110707;Cambuquira;MG;Mapeado;2026-09;106;201;36;98;26;51;36;135;15;51;21;57;0;0;1;2;3;12;0;1;0;0;2;2;0;1;0;0;0;3;1;1;1;6
3110608;Cambuí;MG;Mapeado;2026-09;264;399;57;147;67;146;121;275;42;122;15;32;0;0;0;0;7;19;1;1;0;1;9;11;0;0;0;0;0;3;1;3;1;10
3110905;Campanha;MG;Mapeado;2026-09;132;214;41;75;35;55;51;137;26;50;15;29;0;0;0;1;4;13;0;0;0;2;1;1;0;0;0;0;0;2;0;0;0;9
3110806;Campanário;MG;Mapeado;2026-09;23;42;8;24;3;11;10;25;3;16;5;13;0;0;0;0;1;6;0;0;0;0;1;2;0;0;0;0;0;1;0;0;0;0
3111002;Campestre;MG;Mapeado;2026-09;110;165;34;57;25;45;46;121;21;41;13;26;0;0;0;1;2;8;0;0;0;0;3;3;0;0;0;0;0;2;0;0;0;7
3111101;Campina Verde;MG;Mapeado;2026-09;107;169;28;75;24;38;46;99;20;60;8;21;0;0;0;0;3;4;0;0;0;0;6;6;0;0;0;0;0;0;0;0;0;8
3111150;Campo Azul;MG;Mapeado;2026-09;6;22;4;13;0;4;2;16;2;8;2;8;0;0;0;0;0;1;0;0;0;0;0;0;0;0;0;0;0;0;0;0;0;0
3111200;Campo Belo;MG;Mapeado;2026-09;311;465;72;144;56;114;154;291;51;108;21;48;0;0;0;1;17;36;0;0;0;4;8;10;1;1;0;0;0;1;0;0;3;17
3111408;Campo Florido;MG;Mapeado;2026-09;53;102;21;61;8;31;22;64;13;33;8;34;0;0;0;1;1;13;0;0;0;1;1;1;0;0;0;0;0;0;0;0;0;2
3111309;Campo do Meio;MG;Mapeado;2026-09;50;91;17;37;4;23;24;59;12;33;5;19;0;0;0;1;2;6;0;0;0;1;1;1;0;0;0;0;0;1;0;0;2;5
3111507;Campos Altos;MG;Mapeado;2026-09;93;143;26;60;23;34;36;100;21;44;5;29;0;0;0;0;4;10;1;1;0;1;3;3;0;0;0;0;0;0;0;0;0;4
3111606;Campos Gerais;MG;Mapeado;2026-09;136;232;40;103;34;80;50;142;20;61;20;58;0;0;0;0;5;20;0;0;0;1;4;4;0;1;0;0;0;5;1;1;2;9
3111903;Cana Verde;MG;Mapeado;2026-09;31;45;11;22;5;11;15;30;6;13;5;9;0;0;0;0;0;1;0;0;0;0;0;0;0;0;0;0;0;0;0;0;0;0
3111705;Canaã;MG;Mapeado;2026-09;11;20;2;8;4;9;5;12;2;4;0;6;0;0;0;0;0;2;0;0;0;0;0;0;0;0;0;0;0;0;0;0;0;1
3112000;Candeias;MG;Mapeado;2026-09;73;121;23;42;15;34;25;78;13;28;10;20;0;0;0;0;3;9;0;0;0;0;4;5;0;2;0;0;0;0;0;1;3;6
3112059;Cantagalo;MG;Mapeado;2026-09;18;27;1;10;7;8;9;23;1;10;0;0;0;0;0;0;0;0;0;0;0;0;1;1;0;0;0;0;0;0;0;0;0;1
3111804;Canápolis;MG;Mapeado;2026-09;78;120;23;50;24;44;26;69;15;37;8;17;0;0;0;0;0;4;0;0;0;0;3;3;0;0;0;0;0;1;0;1;2;4
3112109;Caparaó;MG;Mapeado;2026-09;31;55;11;24;8;33;12;38;7;18;4;10;0;0;0;0;0;5;0;0;0;0;0;0;0;0;0;0;0;5;0;0;0;2
3112208;Capela Nova;MG;Mapeado;2026-09;34;42;16;26;6;8;9;22;11;19;5;10;0;0;0;0;3;4;0;0;0;0;0;0;0;0;0;0;0;0;0;1;0;1
3112307;Capelinha;MG;Mapeado;2026-09;225;378;79;150;50;119;78;233;58;118;21;59;0;0;0;0;0;21;0;0;0;1;16;21;0;1;0;0;0;5;0;0;2;30
3112406;Capetinga;MG;Mapeado;2026-09;34;55;11;25;5;9;14;33;10;20;1;6;0;0;0;0;1;3;0;0;0;0;3;3;0;0;0;0;0;0;0;0;0;3
3112505;Capim Branco;MG;Mapeado;2026-09;67;112;23;56;19;46;19;45;12;37;11;25;0;0;0;0;4;14;0;0;0;0;1;1;0;0;0;0;0;0;1;2;0;10
3112604;Capinópolis;MG;Mapeado;2026-09;87;151;24;55;19;47;34;81;18;39;6;17;0;0;0;1;4;7;0;0;0;1;4;5;0;0;0;0;0;0;0;2;2;9
3112653;Capitão Andrade;MG;Mapeado;2026-09;35;50;15;24;3;5;16;34;12;21;3;4;0;0;0;0;1;3;0;0;0;0;0;0;0;0;0;0;0;2;0;0;0;0
3112703;Capitão Enéas;MG;Mapeado;2026-09;58;118;23;65;13;25;20;61;7;40;16;40;0;0;0;0;1;16;0;0;0;0;1;1;0;0;0;0;0;1;0;0;0;5
3112802;Capitólio;MG;Mapeado;2026-09;140;284;22;92;64;143;32;126;12;60;10;38;0;0;0;1;2;11;0;0;0;0;4;4;2;7;0;0;0;2;0;0;14;66
3112901;Caputira;MG;Mapeado;2026-09;20;33;8;15;4;11;7;24;4;8;4;8;0;0;0;0;1;1;0;0;0;0;0;0;0;0;0;0;0;0;0;0;0;0
3113107;Caranaíba;MG;Mapeado;2026-09;16;21;4;6;2;5;8;12;3;4;1;2;0;0;0;0;0;0;0;0;0;0;2;2;0;0;0;0;0;0;0;0;0;0
3113206;Carandaí;MG;Mapeado;2026-09;168;227;60;109;27;52;71;155;43;89;17;29;0;0;0;0;4;15;0;0;0;3;4;4;0;0;0;0;0;2;0;0;2;14
3113305;Carangola;MG;Mapeado;2026-09;278;428;69;158;63;137;118;274;39;109;30;64;0;0;1;3;10;25;0;3;0;1;6;8;1;1;0;0;0;2;1;7;9;16
3113404;Caratinga;MG;Mapeado;2026-09;602;877;151;305;137;272;258;549;92;230;59;112;0;0;1;3;13;49;1;6;0;8;14;21;1;1;0;0;2;11;0;10;24;76
3113008;Caraí;MG;Mapeado;2026-09;39;68;6;31;13;19;18;43;6;27;0;9;0;0;0;0;1;4;0;0;0;0;1;1;0;0;0;0;0;0;0;0;0;0
3113503;Carbonita;MG;Mapeado;2026-09;51;102;21;45;12;32;16;57;10;20;11;30;0;0;0;0;0;12;0;0;0;0;2;3;0;0;0;0;0;0;0;0;0;9
3113602;Careaçu;MG;Mapeado;2026-09;42;80;13;32;15;26;10;52;7;17;6;16;0;0;0;0;3;4;0;0;0;0;0;0;0;0;0;0;0;3;0;1;1;3
3113701;Carlos Chagas;MG;Mapeado;2026-09;78;121;28;56;13;38;28;81;20;43;8;18;0;0;0;0;2;7;0;0;0;0;6;7;0;0;0;0;0;3;0;1;1;3
3113909;Carmo da Cachoeira;MG;Mapeado;2026-09;70;123;13;48;19;40;36;89;4;23;9;30;0;0;0;0;2;10;0;0;0;0;0;0;0;0;0;0;0;3;0;2;0;2
3114006;Carmo da Mata;MG;Mapeado;2026-09;75;122;22;60;18;32;26;71;9;41;13;28;0;0;0;2;4;6;0;1;0;4;3;4;0;0;0;0;0;0;0;0;2;4
3114105;Carmo de Minas;MG;Mapeado;2026-09;89;148;27;61;12;19;44;105;13;40;14;29;0;0;0;0;4;15;0;0;0;0;1;1;0;0;0;0;0;3;0;0;1;5
3114204;Carmo do Cajuru;MG;Mapeado;2026-09;127;183;30;51;38;62;45;95;20;35;10;24;0;0;0;1;7;15;0;0;0;0;6;7;0;0;0;0;0;0;0;0;1;11
3114303;Carmo do Paranaíba;MG;Mapeado;2026-09;189;266;83;121;33;59;58;151;62;93;21;31;0;0;0;2;5;13;0;0;0;0;7;8;0;1;0;0;0;0;1;1;2;8
3114402;Carmo do Rio Claro;MG;Mapeado;2026-09;129;234;41;100;26;55;53;161;21;63;20;47;0;0;0;1;4;17;0;0;0;1;4;5;0;0;0;0;0;4;0;1;1;11
3113800;Carmésia;MG;Mapeado;2026-09;18;27;4;10;5;13;7;17;2;9;2;5;0;0;0;0;2;2;0;0;0;0;0;0;0;0;0;0;0;0;0;0;0;1
3114501;Carmópolis de Minas;MG;Mapeado;2026-09;161;225;67;121;24;52;54;143;45;96;22;49;0;0;0;0;3;11;0;0;0;0;13;13;0;1;0;2;0;2;0;0;0;3
3114550;Carneirinho;MG;Mapeado;2026-09;48;88;15;38;6;33;23;59;7;19;8;24;0;0;0;0;1;9;0;0;0;0;2;2;0;0;0;0;0;0;0;0;1;4
3114600;Carrancas;MG;Mapeado;2026-09;76;125;21;53;26;62;27;58;14;37;7;25;0;0;0;0;0;10;0;0;0;1;1;1;0;0;0;0;0;0;0;1;1;6
3114808;Carvalhos;MG;Mapeado;2026-09;27;56;7;28;7;26;13;38;3;22;4;12;0;0;0;0;0;4;0;1;0;0;0;0;0;1;0;0;0;0;0;0;0;0
3114709;Carvalhópolis;MG;Mapeado;2026-09;12;28;3;7;5;10;3;17;1;3;2;4;0;0;0;0;1;2;0;0;0;0;0;0;0;0;0;0;0;0;0;0;0;0
3114907;Casa Grande;MG;Mapeado;2026-09;8;18;2;6;0;6;5;13;0;2;2;6;0;0;0;0;1;3;0;0;0;0;0;0;0;0;0;0;0;0;0;0;0;2
3115003;Cascalho Rico;MG;Mapeado;2026-09;10;19;4;12;2;7;4;14;2;9;2;3;0;0;0;0;0;1;0;0;0;0;0;0;0;0;0;0;0;1;0;0;0;0
3115300;Cataguases;MG;Mapeado;2026-09;468;679;148;254;89;169;184;386;132;228;16;38;0;0;1;2;13;27;1;5;0;5;14;16;0;0;0;0;0;1;1;3;17;51
3115359;Catas Altas;MG;Mapeado;2026-09;65;130;24;66;19;48;19;80;12;48;12;31;0;0;0;0;0;13;0;0;0;2;2;2;0;0;0;0;0;1;0;0;1;6
3115409;Catas Altas da Noruega;MG;Mapeado;2026-09;17;26;4;15;6;10;5;9;2;8;2;8;0;0;0;0;1;3;0;0;0;0;1;1;0;0;0;0;0;1;0;0;0;2
3115458;Catuji;MG;Mapeado;2026-09;29;48;9;16;11;23;8;30;4;9;5;10;0;0;0;0;0;3;0;0;1;2;0;1;0;0;0;0;0;0;0;0;0;2
3115474;Catuti;MG;Mapeado;2026-09;4;13;1;6;1;3;0;5;1;4;0;3;0;0;0;0;1;1;0;0;0;0;1;1;0;0;0;0;0;0;0;0;0;0
3115508;Caxambu;MG;Mapeado;2026-09;186;288;55;109;42;74;73;169;32;71;23;45;0;0;1;1;3;15;1;1;0;2;5;7;0;0;0;0;0;2;0;2;6;19
3115607;Cedro do Abaeté;MG;Mapeado;2026-09;6;10;4;4;0;3;2;6;2;2;2;2;0;0;0;0;0;0;0;0;0;0;0;0;0;0;0;0;0;0;0;0;0;0
3115706;Central de Minas;MG;Mapeado;2026-09;36;62;4;14;13;20;15;43;4;13;0;5;0;0;0;0;2;9;0;0;0;0;1;1;1;1;0;0;0;1;0;0;0;4
3115805;Centralina;MG;Mapeado;2026-09;49;79;9;21;11;26;27;52;3;12;6;13;0;0;0;0;1;5;0;2;0;0;0;0;0;0;0;0;0;0;1;1;0;1
3116001;Chalé;MG;Mapeado;2026-09;13;26;1;8;4;10;8;20;1;8;0;0;0;0;0;0;0;1;0;0;0;1;0;0;0;0;0;0;0;0;0;0;0;1
3116159;Chapada Gaúcha;MG;Mapeado;2026-09;40;137;4;41;17;61;17;102;2;23;2;29;0;0;0;0;2;19;0;2;0;0;0;0;0;0;0;0;0;4;0;0;0;5
3116100;Chapada do Norte;MG;Mapeado;2026-09;21;59;7;28;8;30;6;29;4;23;3;8;0;0;0;0;0;4;0;1;0;1;0;0;0;0;0;0;0;0;0;0;0;3
3116209;Chiador;MG;Mapeado;2026-09;31;46;10;23;6;15;11;27;7;17;3;11;0;0;0;0;2;2;0;0;0;0;2;2;0;0;0;0;0;0;0;0;0;3
3115904;Chácara;MG;Mapeado;2026-09;33;52;13;22;5;17;12;29;5;10;8;13;0;0;0;0;1;6;0;0;0;0;0;0;0;1;0;0;0;0;0;0;2;6
3116308;Cipotânea;MG;Mapeado;2026-09;14;28;2;10;2;5;9;23;0;8;2;4;0;0;0;0;1;2;0;0;0;1;0;0;0;0;0;0;0;1;0;0;0;0
3116407;Claraval;MG;Mapeado;2026-09;14;31;4;11;1;5;6;22;3;8;1;3;0;0;0;0;0;1;0;0;0;0;2;2;0;0;0;0;0;0;0;0;1;1
3116506;Claro dos Poções;MG;Mapeado;2026-09;20;43;8;16;9;15;2;20;6;10;2;6;0;0;0;0;1;6;0;1;0;0;0;0;0;0;0;0;0;1;0;0;0;4
3116605;Cláudio;MG;Mapeado;2026-09;200;291;81;146;36;86;71;158;54;100;27;63;0;0;0;0;5;17;0;2;0;3;6;6;0;0;0;0;0;1;0;1;1;15
3116704;Coimbra;MG;Mapeado;2026-09;41;74;17;39;9;23;9;45;11;34;6;13;0;0;0;0;2;4;0;0;0;0;3;3;0;0;0;0;0;1;0;0;1;6
3116803;Coluna;MG;Mapeado;2026-09;31;46;10;25;10;16;8;30;4;15;6;13;0;0;0;0;1;2;0;0;0;0;2;2;0;0;0;0;0;2;0;0;0;1
3116902;Comendador Gomes;MG;Mapeado;2026-09;23;38;3;11;8;15;11;26;0;3;3;8;0;0;0;0;0;1;0;0;0;0;0;0;0;0;0;0;0;0;0;1;1;3
3117009;Comercinho;MG;Mapeado;2026-09;15;30;7;13;4;8;4;20;6;11;1;3;0;0;0;0;0;2;0;0;0;0;0;0;0;0;0;0;0;3;0;0;0;0
3117108;Conceição da Aparecida;MG;Mapeado;2026-09;52;85;13;32;12;25;24;55;7;21;6;15;0;0;0;1;1;6;0;0;0;2;2;2;0;0;0;0;0;2;0;0;0;6
3115201;Conceição da Barra de Minas;MG;Mapeado;2026-09;21;30;5;13;4;5;9;16;4;11;1;4;0;0;0;0;0;0;0;0;0;0;2;2;0;0;0;0;0;0;0;0;1;1
3117306;Conceição das Alagoas;MG;Mapeado;2026-09;107;170;41;63;19;41;38;90;22;37;19;28;0;0;0;0;5;10;0;0;0;0;4;4;0;0;0;0;0;0;0;1;0;6
3117207;Conceição das Pedras;MG;Mapeado;2026-09;11;20;4;9;1;6;6;16;2;7;2;5;0;0;0;0;0;0;0;0;0;0;0;0;0;0;0;0;0;1;0;0;0;0
3117405;Conceição de Ipanema;MG;Mapeado;2026-09;9;14;2;6;2;3;5;9;1;3;1;4;0;0;0;0;0;1;0;0;0;0;0;0;0;0;0;0;0;0;0;0;0;0
3117504;Conceição do Mato Dentro;MG;Mapeado;2026-09;187;344;55;116;64;134;58;180;28;67;27;56;0;0;0;1;0;22;0;1;0;1;5;6;0;1;0;1;0;6;0;2;5;27
3117603;Conceição do Pará;MG;Mapeado;2026-09;30;49;11;27;7;18;12;28;7;23;4;11;0;0;0;1;0;4;0;0;0;0;0;0;0;0;0;0;0;2;0;0;0;0
3117702;Conceição do Rio Verde;MG;Mapeado;2026-09;116;221;47;108;14;43;48;152;35;83;12;29;0;0;0;1;1;11;0;0;0;1;3;3;0;0;0;0;0;4;0;4;3;10
3117801;Conceição dos Ouros;MG;Mapeado;2026-09;92;130;35;63;11;25;43;79;20;44;15;32;0;0;0;0;2;5;0;0;0;0;1;1;0;0;0;0;0;0;0;1;0;2
3117876;Confins;MG;Mapeado;2026-09;134;207;19;77;40;92;62;147;8;59;11;21;0;0;0;0;6;14;0;2;0;2;5;5;0;0;0;0;0;2;0;2;2;9
3117900;Congonhal;MG;Mapeado;2026-09;87;126;26;57;29;41;29;80;20;49;6;18;0;0;0;0;0;5;0;0;0;0;0;0;0;0;0;0;1;2;0;1;2;7
3118007;Congonhas;MG;Mapeado;2026-09;368;676;63;183;121;252;137;413;38;144;25;71;0;0;0;3;9;49;0;2;1;11;11;15;0;1;0;0;0;1;0;3;26;55
3118106;Congonhas do Norte;MG;Mapeado;2026-09;25;54;6;21;10;23;6;31;4;14;2;10;0;0;0;0;2;3;0;0;0;0;1;1;0;0;0;0;0;0;0;0;0;0
3118205;Conquista;MG;Mapeado;2026-09;22;33;9;19;5;11;8;17;6;11;3;9;0;0;0;0;0;0;0;0;0;0;0;0;0;0;0;0;0;0;0;0;0;0
3118304;Conselheiro Lafaiete;MG;Mapeado;2026-09;798;1219;193;378;232;438;307;712;128;288;65;141;0;0;1;10;27;78;2;13;0;17;23;27;1;2;0;1;0;7;0;7;12;60
3118403;Conselheiro Pena;MG;Mapeado;2026-09;129;220;28;75;30;72;67;157;17;54;11;39;0;0;0;0;2;12;0;0;0;0;2;3;0;0;0;0;0;1;0;2;0;8
3118502;Consolação;MG;Mapeado;2026-09;11;27;5;9;3;12;3;16;3;8;2;2;0;0;0;0;0;0;0;0;0;0;0;0;0;0;0;0;0;1;0;0;0;0
3118601;Contagem;MG;Mapeado;2026-09;4593;7189;835;1827;1616;2779;1776;4067;504;1233;331;745;0;0;4;13;125;343;3;17;1;35;60;80;2;4;2;2;4;33;3;21;162;609
3118700;Coqueiral;MG;Mapeado;2026-09;56;115;15;39;9;22;27;89;9;22;6;21;0;0;0;0;0;0;0;1;0;1;2;2;0;0;0;0;0;0;0;0;3;3
3118809;Coração de Jesus;MG;Mapeado;2026-09;63;119;21;56;15;44;24;78;16;43;5;19;0;0;0;0;2;7;0;0;0;0;1;1;0;0;0;0;0;0;0;0;0;4
3118908;Cordisburgo;MG;Mapeado;2026-09;53;85;28;44;12;30;9;40;14;26;14;22;0;0;0;0;0;4;0;0;0;0;0;0;0;1;0;0;0;3;0;0;4;8
3119005;Cordislândia;MG;Mapeado;2026-09;18;28;8;18;1;6;9;22;2;11;6;12;0;0;0;0;0;1;0;0;0;0;0;0;0;0;0;0;0;1;0;1;0;0
3119104;Corinto;MG;Mapeado;2026-09;157;268;47;131;30;74;54;147;16;88;31;72;0;0;0;0;12;20;0;0;0;0;12;12;2;2;0;0;0;1;0;3;0;8
3119203;Coroaci;MG;Mapeado;2026-09;41;72;21;32;4;8;15;54;14;24;7;16;0;0;0;0;0;3;0;0;0;0;1;1;0;0;0;0;0;1;0;1;0;1
3119302;Coromandel;MG;Mapeado;2026-09;167;271;58;108;35;76;60;170;28;66;30;54;0;0;2;4;5;13;0;0;0;0;2;3;0;2;0;0;0;4;1;3;4;25
3119401;Coronel Fabriciano;MG;Mapeado;2026-09;586;898;140;268;146;284;259;539;93;183;47;104;0;0;0;1;21;64;0;11;1;21;8;10;0;0;0;0;0;1;1;6;10;48
3119500;Coronel Murta;MG;Mapeado;2026-09;35;55;13;31;5;10;17;34;11;29;2;5;0;0;0;0;0;2;0;0;0;0;0;1;0;0;0;0;0;0;0;0;0;2
3119609;Coronel Pacheco;MG;Mapeado;2026-09;28;43;6;20;5;14;16;30;5;13;1;10;0;0;0;0;0;2;0;0;0;0;0;0;0;0;0;0;0;0;0;1;1;2
3119708;Coronel Xavier Chaves;MG;Mapeado;2026-09;25;55;10;25;5;25;10;34;3;10;7;17;0;0;0;0;0;2;0;0;0;0;0;0;0;0;0;0;0;0;0;0;0;5
3120102;Couto de Magalhães de Minas;MG;Mapeado;2026-09;37;79;15;36;8;26;12;42;10;26;5;12;0;0;0;0;2;7;0;0;0;0;0;0;0;0;0;0;0;1;0;0;0;2
3120201;Cristais;MG;Mapeado;2026-09;46;91;10;34;11;25;22;70;8;29;2;13;0;0;0;0;1;7;0;0;0;0;0;0;0;0;0;0;0;3;0;0;2;3
3120409;Cristiano Otoni;MG;Mapeado;2026-09;35;64;15;31;9;26;6;38;5;17;10;17;0;0;1;1;1;9;0;0;0;0;1;1;0;0;0;0;0;2;0;0;2;7
3120508;Cristina;MG;Mapeado;2026-09;73;109;34;60;11;26;23;69;19;37;15;26;0;0;0;0;0;3;0;0;0;2;3;3;0;0;0;0;0;1;1;2;1;5
3120300;Cristália;MG;Mapeado;2026-09;12;25;2;9;4;11;6;21;1;6;1;4;0;0;0;0;0;2;0;0;0;0;0;0;0;0;0;0;0;0;0;0;0;0
3120151;Crisólita;MG;Mapeado;2026-09;15;24;1;6;3;7;10;16;1;4;0;2;0;0;0;0;0;2;0;0;0;0;0;0;0;0;0;0;0;0;0;0;1;2
3120607;Crucilândia;MG;Mapeado;2026-09;42;57;22;32;5;10;12;23;10;20;12;16;0;0;0;0;2;6;0;0;0;0;1;1;0;0;0;0;0;0;0;0;0;4
3120706;Cruzeiro da Fortaleza;MG;Mapeado;2026-09;18;51;2;22;6;17;9;43;0;11;2;14;0;0;0;0;1;3;0;0;0;0;0;0;0;0;0;0;0;2;0;0;0;2
3120805;Cruzília;MG;Mapeado;2026-09;143;234;50;112;25;70;57;169;41;94;9;29;0;0;1;1;3;11;0;1;0;1;6;6;0;0;0;0;0;5;0;1;1;7
3120839;Cuparaque;MG;Mapeado;2026-09;17;31;0;3;4;10;12;28;0;1;0;2;0;0;0;0;1;2;0;0;0;0;0;0;0;0;0;0;0;0;0;0;0;0
3120870;Curral de Dentro;MG;Mapeado;2026-09;23;50;9;29;5;15;8;23;6;20;3;11;0;0;0;0;1;3;0;0;0;0;0;0;0;0;0;0;0;1;0;1;0;0
3120904;Curvelo;MG;Mapeado;2026-09;461;701;129;252;102;202;190;397;94;197;35;82;0;0;1;3;7;25;1;1;0;2;21;26;0;0;0;0;1;3;0;1;9;28
3115102;Cássia;MG;Mapeado;2026-09;130;196;38;91;33;56;46;110;20;62;18;32;0;0;0;0;2;7;0;0;0;1;5;6;1;1;0;0;1;3;0;0;4;10
3119807;Córrego Danta;MG;Mapeado;2026-09;22;32;7;15;8;14;6;22;5;12;2;3;0;0;0;0;0;0;0;0;0;0;1;1;0;0;0;0;0;2;0;2;0;2
3119955;Córrego Fundo;MG;Mapeado;2026-09;43;72;10;37;8;15;22;52;5;31;5;13;0;0;0;1;2;7;1;3;0;2;0;0;0;0;0;0;0;1;0;0;0;4
3120003;Córrego Novo;MG;Mapeado;2026-09;24;30;14;22;4;7;5;14;10;16;4;7;0;0;0;0;0;2;0;0;0;0;1;1;0;0;0;0;0;0;0;0;0;1
3119906;Córrego do Bom Jesus;MG;Mapeado;2026-09;44;70;13;32;15;29;14;43;8;21;5;13;0;0;0;0;1;5;0;0;0;0;1;1;0;0;0;0;0;1;0;0;0;3
3117836;Cônego Marinho;MG;Mapeado;2026-09;7;23;0;10;4;11;3;16;0;6;0;4;0;0;0;0;0;3;0;0;0;0;0;0;0;0;0;0;0;1;0;0;0;3
3121001;Datas;MG;Mapeado;2026-09;26;36;10;17;7;16;8;24;6;13;4;5;0;0;0;0;0;3;0;0;0;0;1;1;0;0;0;0;0;0;0;0;0;0
3121100;Delfim Moreira;MG;Mapeado;2026-09;63;95;19;40;18;38;25;56;13;31;6;14;0;0;0;0;1;5;0;0;0;0;0;0;0;1;0;0;0;2;0;0;0;4
3121209;Delfinópolis;MG;Mapeado;2026-09;81;163;23;69;29;84;27;86;17;48;6;28;0;0;0;0;0;3;0;0;0;0;2;2;0;1;0;0;0;0;0;0;0;5
3121258;Delta;MG;Mapeado;2026-09;63;91;15;31;11;27;33;61;9;20;6;18;0;0;0;1;1;2;0;0;0;1;1;2;0;0;0;0;0;0;0;0;2;3
3121308;Descoberto;MG;Mapeado;2026-09;35;58;11;28;5;10;15;33;7;20;4;11;0;0;0;0;2;8;0;0;0;0;2;2;0;0;0;0;0;1;0;0;0;2
3121407;Desterro de Entre Rios;MG;Mapeado;2026-09;32;63;7;22;10;31;10;36;5;17;2;12;0;0;0;0;1;8;0;0;0;0;4;4;0;0;0;0;0;0;0;0;0;2
3121506;Desterro do Melo;MG;Mapeado;2026-09;15;28;6;16;4;8;5;16;2;7;4;10;0;0;0;0;0;5;0;0;0;0;0;0;0;0;0;0;0;0;0;0;0;0
3121605;Diamantina;MG;Mapeado;2026-09;397;731;151;302;86;202;127;426;93;211;58;130;0;0;0;2;12;69;1;6;0;8;14;14;0;1;0;0;1;5;0;2;5;42
3121704;Diogo de Vasconcelos;MG;Mapeado;2026-09;15;25;10;17;1;7;4;13;5;11;5;6;0;0;0;0;0;2;0;0;0;0;0;0;0;0;0;0;0;0;0;0;0;0
3121803;Dionísio;MG;Mapeado;2026-09;51;88;17;39;4;17;22;53;16;34;1;8;0;0;0;0;2;13;0;0;0;0;5;5;0;0;0;0;0;3;0;1;1;3
3122009;Divino;MG;Mapeado;2026-09;109;183;27;74;24;68;48;137;19;60;8;34;0;0;0;0;4;21;0;0;0;1;4;4;0;0;0;0;0;5;0;2;2;8
3122108;Divino das Laranjeiras;MG;Mapeado;2026-09;25;32;4;8;5;9;16;28;2;3;2;6;0;0;0;0;0;0;0;0;0;0;0;0;0;0;0;0;0;1;0;0;0;0
3122207;Divinolândia de Minas;MG;Mapeado;2026-09;45;74;23;41;9;10;13;40;19;34;4;9;0;0;0;0;0;6;0;0;0;0;0;0;0;0;0;0;0;1;0;0;0;1
3121902;Divinésia;MG;Mapeado;2026-09;24;47;10;25;6;15;7;29;8;18;2;9;0;0;0;0;0;4;0;0;0;0;1;1;0;0;0;0;0;0;0;1;0;1
3122306;Divinópolis;MG;Mapeado;2026-09;1768;2570;351;711;517;866;786;1506;234;525;117;229;0;0;2;6;50;123;2;14;2;20;15;25;0;0;0;0;0;8;5;15;38;139
3122355;Divisa Alegre;MG;Mapeado;2026-09;38;67;6;14;17;32;15;36;3;9;3;7;0;0;0;0;0;4;0;0;0;0;0;0;0;0;0;0;0;0;0;0;0;3
3122405;Divisa Nova;MG;Mapeado;2026-09;32;57;11;31;3;20;17;39;5;14;6;19;0;0;0;0;1;6;0;0;0;0;0;0;0;0;0;0;0;0;0;0;0;4
3122454;Divisópolis;MG;Mapeado;2026-09;19;53;1;18;6;18;10;32;0;12;1;14;0;0;0;0;1;9;0;0;0;0;0;0;0;0;0;0;0;0;1;1;0;2
3122470;Dom Bosco;MG;Mapeado;2026-09;17;34;8;15;4;12;5;20;6;10;2;7;0;0;0;0;0;3;0;0;0;0;0;0;0;0;0;0;0;2;0;1;0;3
3122504;Dom Cavati;MG;Mapeado;2026-09;42;62;8;22;11;20;20;42;2;12;6;13;0;0;0;0;1;2;0;0;0;0;1;2;0;0;0;0;0;0;0;0;1;2
3122603;Dom Joaquim;MG;Mapeado;2026-09;33;77;6;30;13;39;13;66;3;20;3;16;0;0;0;1;1;9;0;0;0;0;0;1;0;0;0;0;0;1;0;0;0;2
3122702;Dom Silvério;MG;Mapeado;2026-09;29;48;14;21;6;14;5;24;5;10;9;13;0;0;0;0;0;0;0;0;0;0;4;4;0;0;0;0;0;1;0;1;0;2
3122801;Dom Viçoso;MG;Mapeado;2026-09;34;54;7;25;13;21;11;37;3;16;4;15;0;0;0;0;1;9;0;0;0;0;0;1;0;0;0;0;0;3;0;0;2;3
3122900;Dona Euzébia;MG;Mapeado;2026-09;43;73;17;34;8;17;14;54;12;27;5;20;0;0;0;0;0;2;0;0;0;0;3;3;0;0;0;0;0;1;0;1;1;5
3123007;Dores de Campos;MG;Mapeado;2026-09;67;111;20;48;9;21;31;69;12;34;8;26;0;0;0;0;1;5;0;0;0;0;5;8;0;0;0;0;0;1;0;1;1;7
3123106;Dores de Guanhães;MG;Mapeado;2026-09;15;33;7;14;2;12;5;19;7;11;0;3;0;0;0;0;1;2;0;0;0;0;0;0;0;0;0;0;0;2;0;0;0;0
3123205;Dores do Indaiá;MG;Mapeado;2026-09;111;161;38;70;16;27;49;106;12;49;26;42;0;0;0;1;3;13;0;0;0;0;4;4;0;0;0;0;0;1;0;0;1;4
3123304;Dores do Turvo;MG;Mapeado;2026-09;21;37;8;22;8;10;3;21;2;6;6;16;0;0;0;0;1;3;0;0;0;0;1;1;0;0;0;0;0;2;0;0;0;1
3123403;Doresópolis;MG;Mapeado;2026-09;9;17;2;6;3;6;4;6;1;4;1;3;0;0;0;0;0;2;0;0;0;0;0;0;0;0;0;0;0;0;0;0;0;1
3123502;Douradoquara;MG;Mapeado;2026-09;9;22;4;11;0;6;5;16;1;8;3;6;0;0;0;0;0;1;0;0;0;0;0;0;0;0;0;0;0;2;0;0;0;0
3123528;Durandé;MG;Mapeado;2026-09;31;50;4;16;7;13;20;42;3;11;1;6;0;0;0;0;0;1;0;0;0;0;0;0;0;0;0;0;0;1;0;0;0;2
3123601;Elói Mendes;MG;Mapeado;2026-09;167;250;44;88;38;75;81;170;34;76;10;21;0;0;0;0;2;7;0;0;0;0;2;2;0;0;0;0;0;1;0;0;0;3
3123700;Engenheiro Caldas;MG;Mapeado;2026-09;77;124;31;66;18;33;23;86;17;44;14;31;0;0;0;0;2;10;0;0;0;0;2;3;0;0;0;0;0;3;0;0;1;3
3123809;Engenheiro Navarro;MG;Mapeado;2026-09;26;44;12;23;6;13;5;22;9;17;3;9;0;0;0;0;1;2;0;0;0;1;1;2;0;0;0;0;0;1;0;0;1;3
3123858;Entre Folhas;MG;Mapeado;2026-09;24;42;10;24;3;17;10;26;8;18;2;10;0;0;0;0;1;7;0;0;0;0;0;0;0;0;0;0;0;4;0;0;0;3
3123908;Entre Rios de Minas;MG;Mapeado;2026-09;107;169;35;88;28;47;32;91;23;60;12;38;0;0;1;1;1;7;0;0;0;8;10;11;0;0;0;0;0;2;0;0;0;3
3124005;Ervália;MG;Mapeado;2026-09;85;153;25;74;20;47;35;96;18;58;7;38;0;0;0;0;1;12;0;1;0;3;4;4;0;0;0;0;0;0;0;0;0;7
3124104;Esmeraldas;MG;Mapeado;2026-09;492;766;167;331;128;247;137;415;89;203;78;165;0;0;0;0;24;43;0;1;0;3;17;17;1;2;0;0;1;5;0;3;17;34
3124203;Espera Feliz;MG;Mapeado;2026-09;172;292;58;129;40;84;61;185;31;83;27;60;0;0;0;0;5;23;0;1;0;1;4;4;0;1;0;0;0;2;0;2;4;16
3124302;Espinosa;MG;Mapeado;2026-09;93;155;25;60;24;48;34;87;15;46;10;19;0;0;0;0;6;12;0;0;0;0;3;3;0;0;0;0;0;0;0;0;1;7
3124401;Espírito Santo do Dourado;MG;Mapeado;2026-09;49;70;33;45;5;13;10;31;25;35;8;11;0;0;0;0;0;1;0;0;0;0;0;0;0;0;0;0;0;8;1;1;0;0
3124500;Estiva;MG;Mapeado;2026-09;105;162;32;75;19;41;52;108;23;49;9;30;0;0;0;1;1;6;0;0;0;1;0;1;0;0;0;0;1;2;0;0;0;4
3124609;Estrela Dalva;MG;Mapeado;2026-09;16;22;4;11;3;6;8;16;2;7;2;5;0;0;0;0;0;0;0;0;0;0;0;0;0;0;0;0;0;0;0;0;1;1
3124708;Estrela do Indaiá;MG;Mapeado;2026-09;19;28;6;12;6;9;6;14;5;12;1;3;0;0;0;0;0;1;0;0;0;0;0;0;0;0;0;0;0;0;0;0;1;2
3124807;Estrela do Sul;MG;Mapeado;2026-09;46;81;15;40;12;18;18;50;12;34;3;8;0;0;0;0;0;4;0;1;0;1;1;2;0;0;0;0;0;2;0;0;0;0
3124906;Eugenópolis;MG;Mapeado;2026-09;62;113;9;25;20;41;27;85;6;15;3;12;0;0;1;1;1;8;0;0;0;1;4;4;0;0;0;0;0;2;0;1;0;3
3125002;Ewbank da Câmara;MG;Mapeado;2026-09;29;57;10;34;6;18;12;33;5;27;5;7;0;0;0;0;0;7;0;1;0;2;1;1;0;0;0;1;0;2;0;1;0;3
3125101;Extrema;MG;Mapeado;2026-09;463;795;58;214;172;301;216;541;37;157;21;77;0;0;0;2;6;27;1;5;0;3;3;5;1;1;0;0;0;4;1;3;5;32
3125200;Fama;MG;Mapeado;2026-09;33;42;10;21;15;20;7;17;7;14;3;8;0;0;0;0;0;3;0;1;0;0;0;0;0;0;0;0;0;0;0;0;1;4
3125309;Faria Lemos;MG;Mapeado;2026-09;21;36;6;20;2;8;10;27;4;11;2;10;0;0;0;0;3;4;0;0;0;0;0;1;0;0;0;0;0;0;0;0;0;0
3125606;Felisburgo;MG;Mapeado;2026-09;17;42;3;21;3;11;10;27;1;20;2;6;0;0;0;0;0;4;0;0;0;0;0;1;0;0;0;0;0;0;0;0;1;3
3125705;Felixlândia;MG;Mapeado;2026-09;106;184;48;101;17;53;31;93;30;76;18;39;0;0;0;0;4;14;0;0;0;0;6;6;0;0;0;0;0;1;0;0;0;7
3125408;Felício dos Santos;MG;Mapeado;2026-09;33;57;10;31;10;22;13;40;7;22;3;12;0;0;0;0;0;2;0;0;0;0;0;0;0;0;0;0;0;0;0;0;0;0
3125804;Fernandes Tourinho;MG;Mapeado;2026-09;13;20;6;8;2;3;4;12;3;5;3;4;0;0;0;0;1;1;0;0;0;0;0;1;0;0;0;0;0;1;0;0;0;0
3125903;Ferros;MG;Mapeado;2026-09;40;71;19;48;5;14;13;35;11;32;8;17;0;0;0;0;1;2;0;0;0;0;2;2;0;0;0;0;0;0;0;0;0;2
3125952;Fervedouro;MG;Mapeado;2026-09;41;67;15;32;6;18;20;43;6;17;9;15;0;0;0;0;0;4;0;0;0;0;0;0;0;0;0;0;0;1;0;0;0;1
3126000;Florestal;MG;Mapeado;2026-09;67;106;16;43;24;44;21;56;10;23;6;23;0;0;0;0;1;9;0;0;0;1;4;4;0;0;0;0;0;1;0;0;1;8
3126109;Formiga;MG;Mapeado;2026-09;420;667;84;221;107;205;176;386;67;180;17;69;0;0;1;1;16;38;1;5;0;8;20;23;0;0;1;1;0;0;1;2;13;52
3126208;Formoso;MG;Mapeado;2026-09;27;48;2;17;12;23;11;37;1;13;1;12;0;0;0;0;1;7;0;1;0;0;1;2;0;0;0;0;0;2;0;0;0;1
3126307;Fortaleza de Minas;MG;Mapeado;2026-09;18;39;5;20;4;8;9;26;4;13;1;7;0;0;0;0;0;3;0;0;0;0;0;0;0;0;0;0;0;1;0;0;0;1
3126406;Fortuna de Minas;MG;Mapeado;2026-09;20;63;8;34;11;25;1;22;4;28;4;13;0;0;0;0;0;9;0;0;0;1;0;0;0;0;0;0;0;0;0;0;0;3
3126505;Francisco Badaró;MG;Mapeado;2026-09;19;36;9;19;4;8;5;15;6;15;3;4;0;0;0;0;0;1;0;0;0;0;1;1;0;0;0;0;0;0;0;0;0;0
3126604;Francisco Dumont;MG;Mapeado;2026-09;18;40;6;24;6;17;6;24;3;16;3;15;0;0;0;0;0;5;0;0;0;0;0;0;0;0;0;0;0;1;0;0;0;1
3126703;Francisco Sá;MG;Mapeado;2026-09;90;161;17;39;32;71;36;104;9;26;8;15;0;0;0;0;1;9;0;0;0;0;4;4;0;0;0;0;0;0;0;1;0;4
3126752;Franciscópolis;MG;Mapeado;2026-09;11;27;6;12;1;7;3;17;3;8;3;4;0;0;0;0;1;4;0;0;0;0;0;0;0;0;0;0;0;0;0;0;0;0
3126802;Frei Gaspar;MG;Mapeado;2026-09;14;22;5;12;4;8;5;15;3;11;2;3;0;0;0;0;0;0;0;0;0;0;0;0;0;0;0;0;0;0;0;0;0;1
3126901;Frei Inocêncio;MG;Mapeado;2026-09;36;59;10;27;10;18;15;38;6;22;4;7;0;0;0;0;1;2;0;0;0;0;0;0;0;0;0;0;0;0;0;0;0;1
3126950;Frei Lagonegro;MG;Mapeado;2026-09;7;15;3;7;1;3;2;6;1;3;2;5;0;0;0;0;1;4;0;0;0;1;0;0;0;0;0;0;0;1;0;0;0;0
3127008;Fronteira;MG;Mapeado;2026-09;130;201;29;97;32;58;59;137;20;64;9;44;0;0;0;3;3;9;0;0;0;1;2;2;1;2;0;1;0;8;1;3;3;6
3127057;Fronteira dos Vales;MG;Mapeado;2026-09;16;40;6;23;4;10;6;17;3;11;3;14;0;0;0;0;0;4;0;0;0;0;0;1;0;0;0;0;0;0;0;0;0;0
3127073;Fruta de Leite;MG;Mapeado;2026-09;7;17;2;7;3;6;2;8;1;4;1;3;0;0;0;0;0;1;0;0;0;0;0;0;0;0;0;0;0;1;0;0;0;1
3127107;Frutal;MG;Mapeado;2026-09;458;687;108;258;138;251;182;415;59;171;49;123;0;0;0;1;11;24;1;4;0;3;14;14;0;1;0;0;0;6;0;0;4;24
3127206;Funilândia;MG;Mapeado;2026-09;30;60;10;24;12;25;6;28;7;16;3;13;0;0;0;1;2;7;0;0;0;0;0;0;0;0;0;0;0;2;0;1;0;4
3127305;Galiléia;MG;Mapeado;2026-09;45;70;14;35;12;24;17;48;10;25;4;15;0;0;0;0;0;5;0;0;0;0;1;1;0;0;0;0;0;1;0;0;1;1
3127339;Gameleiras;MG;Mapeado;2026-09;10;18;2;5;3;6;5;14;0;2;2;4;0;0;0;0;0;1;0;0;0;0;0;0;0;0;0;0;0;0;0;0;0;1
3127354;Glaucilândia;MG;Mapeado;2026-09;9;10;4;4;0;3;2;5;3;3;1;1;0;0;0;0;1;1;0;0;0;0;2;2;0;0;0;0;0;0;0;0;0;0
3127370;Goiabeira;MG;Mapeado;2026-09;32;52;17;27;2;11;13;32;15;24;2;9;0;0;0;0;0;1;0;0;0;0;0;0;0;0;0;0;0;0;0;0;0;0
3127388;Goianá;MG;Mapeado;2026-09;33;67;6;22;10;26;16;54;6;22;0;11;0;0;0;0;1;4;0;0;0;2;0;0;0;0;0;0;0;0;0;0;0;4
3127503;Gonzaga;MG;Mapeado;2026-09;41;54;15;26;5;9;20;31;6;17;9;10;0;0;0;0;1;2;0;0;0;0;0;0;0;0;0;0;0;1;0;0;0;1
3127404;Gonçalves;MG;Mapeado;2026-09;94;163;22;77;37;77;32;78;17;59;5;22;0;0;0;0;2;10;1;1;0;1;0;0;0;0;0;0;0;1;0;0;0;7
3127602;Gouveia;MG;Mapeado;2026-09;60;113;16;49;16;40;24;71;10;30;6;21;0;0;0;0;2;9;0;0;0;0;1;2;0;0;0;0;0;0;0;0;1;7
3127701;Governador Valadares;MG;Mapeado;2026-09;2213;3189;483;973;646;1106;941;2010;270;683;213;393;0;0;1;5;65;180;1;7;0;19;27;33;4;8;1;1;0;26;8;20;36;149
3127909;Grupiara;MG;Mapeado;2026-09;8;16;3;6;1;4;4;11;3;4;0;2;0;0;0;0;0;2;0;0;0;0;0;0;0;0;0;0;0;0;0;0;0;1
3127800;Grão Mogol;MG;Mapeado;2026-09;74;150;14;54;35;75;24;99;4;36;10;24;0;0;0;3;0;9;0;1;0;0;1;1;0;0;0;0;0;3;0;0;0;1
3128006;Guanhães;MG;Mapeado;2026-09;218;333;53;134;59;112;83;224;31;100;22;56;0;0;0;1;5;22;0;2;0;4;17;17;0;0;0;0;0;2;0;2;1;21
3128105;Guapé;MG;Mapeado;2026-09;98;189;33;90;20;55;34;112;28;74;5;21;0;0;0;1;0;9;0;1;0;2;5;5;0;1;0;0;0;0;0;0;6;20
3128204;Guaraciaba;MG;Mapeado;2026-09;43;78;21;52;10;21;7;40;12;37;9;21;0;0;0;0;2;4;0;0;0;0;1;1;0;0;0;0;0;0;0;0;2;3
3128253;Guaraciama;MG;Mapeado;2026-09;18;31;12;18;4;9;2;20;11;16;1;3;0;0;0;0;0;3;0;0;0;0;0;0;0;0;0;0;0;0;0;0;0;0
3128402;Guarani;MG;Mapeado;2026-09;56;101;23;50;8;26;17;59;16;37;7;16;0;0;0;0;2;12;0;0;0;2;4;5;0;0;0;0;0;2;0;0;2;7
3128303;Guaranésia;MG;Mapeado;2026-09;95;148;29;66;21;36;40;96;15;40;14;29;0;0;0;0;2;10;0;0;0;1;2;2;0;0;0;1;0;2;0;1;1;5
3128501;Guarará;MG;Mapeado;2026-09;25;46;12;24;3;11;7;32;6;20;6;15;0;0;0;1;0;3;0;1;0;0;1;2;0;1;0;0;0;2;0;0;2;6
3128600;Guarda-Mor;MG;Mapeado;2026-09;45;80;11;35;15;22;16;45;7;30;4;8;0;0;0;0;1;3;0;0;0;1;2;2;0;0;0;0;0;0;0;0;0;8
3128709;Guaxupé;MG;Mapeado;2026-09;375;505;72;148;102;161;172;284;59;108;13;47;0;0;1;2;6;20;1;3;0;1;13;13;0;0;0;0;0;2;1;3;7;22
3128808;Guidoval;MG;Mapeado;2026-09;35;61;15;30;7;15;11;41;10;23;5;10;0;0;0;0;0;3;0;0;0;0;2;2;0;0;0;0;0;0;0;0;0;0
3128907;Guimarânia;MG;Mapeado;2026-09;36;82;12;34;6;14;16;55;6;22;6;14;0;0;0;0;1;5;0;0;0;0;1;1;0;0;0;0;0;0;0;0;0;2
3129004;Guiricema;MG;Mapeado;2026-09;34;58;11;29;11;29;11;46;6;21;5;16;0;0;0;0;0;4;0;0;0;0;1;1;0;0;0;0;0;2;0;0;0;2
3129103;Gurinhatã;MG;Mapeado;2026-09;26;36;9;17;7;17;8;19;4;13;5;10;0;0;0;0;1;5;0;0;0;0;1;1;0;0;0;0;0;4;0;0;0;0
3129202;Heliodora;MG;Mapeado;2026-09;48;72;22;45;7;13;19;51;15;26;7;20;0;0;0;0;0;3;0;0;0;0;0;0;0;0;0;0;0;0;0;0;0;2
3129301;Iapu;MG;Mapeado;2026-09;40;78;11;27;9;24;13;37;6;17;5;11;0;0;0;0;3;8;0;1;0;0;3;4;0;0;0;0;0;0;0;0;1;4
3129400;Ibertioga;MG;Mapeado;2026-09;19;35;10;16;5;10;3;19;4;8;6;10;0;0;0;0;0;2;0;0;0;0;1;1;0;0;0;0;0;1;0;1;0;2
3129608;Ibiaí;MG;Mapeado;2026-09;26;47;8;16;6;16;8;31;4;8;4;8;0;0;0;0;1;4;0;0;0;0;3;3;0;0;0;0;0;0;0;0;0;1
3129657;Ibiracatu;MG;Mapeado;2026-09;9;25;3;12;2;9;4;14;1;7;2;7;0;0;0;0;0;1;0;0;0;0;0;2;0;0;0;0;0;0;0;0;0;0
3129707;Ibiraci;MG;Mapeado;2026-09;61;93;16;42;10;21;29;60;3;17;13;26;0;0;0;0;2;5;0;0;0;0;2;3;0;0;0;0;0;1;0;0;2;3
3129806;Ibirité;MG;Mapeado;2026-09;887;1391;161;339;315;528;330;781;84;217;77;154;0;0;0;0;25;76;0;4;0;7;44;45;0;1;0;0;0;8;0;3;12;55
3129905;Ibitiúra de Minas;MG;Mapeado;2026-09;17;30;3;10;7;16;6;18;0;9;3;9;0;0;0;0;0;1;0;0;0;0;1;1;0;0;0;0;0;0;0;0;0;0
3130002;Ibituruna;MG;Mapeado;2026-09;13;31;3;13;5;8;4;19;3;8;0;6;0;0;0;0;1;4;0;0;0;2;0;0;0;0;0;0;0;1;0;0;0;3
3129509;Ibiá;MG;Mapeado;2026-09;154;255;36;76;29;62;77;179;25;53;11;26;0;0;0;0;2;10;0;0;0;0;8;10;0;0;0;0;0;2;0;0;2;13
3130051;Icaraí de Minas;MG;Mapeado;2026-09;21;44;9;28;6;12;6;22;4;16;5;13;0;0;0;0;0;4;0;0;0;0;0;0;0;0;0;0;0;0;0;0;0;1
3130101;Igarapé;MG;Mapeado;2026-09;370;562;75;191;147;238;128;349;46;126;29;85;0;0;0;0;11;38;0;2;0;1;4;6;0;0;0;0;0;3;0;2;5;25
3130200;Igaratinga;MG;Mapeado;2026-09;73;95;39;56;12;27;21;61;28;41;11;17;0;0;0;0;0;2;0;0;0;0;1;1;0;0;0;0;0;3;0;0;0;2
3130309;Iguatama;MG;Mapeado;2026-09;39;66;9;22;14;28;14;39;5;15;4;10;0;0;0;0;1;5;0;0;0;1;1;1;0;0;0;0;0;1;0;0;0;2
3130408;Ijaci;MG;Mapeado;2026-09;45;83;12;38;13;37;19;55;3;19;9;25;0;0;0;0;0;4;0;0;0;0;1;1;0;0;0;0;0;0;0;0;0;2
3130507;Ilicínea;MG;Mapeado;2026-09;75;128;31;70;10;44;29;87;14;47;17;37;0;0;1;1;2;12;0;0;0;0;2;3;0;0;0;0;0;4;0;0;0;0
3130556;Imbé de Minas;MG;Mapeado;2026-09;25;38;12;24;6;6;7;19;7;19;5;9;0;0;0;0;0;2;0;1;0;0;0;0;0;0;0;0;0;0;0;0;0;1
3130606;Inconfidentes;MG;Mapeado;2026-09;61;106;15;36;13;31;29;78;12;27;3;12;0;0;0;1;3;10;0;0;0;0;1;2;0;0;0;0;0;3;0;0;0;4
3130655;Indaiabira;MG;Mapeado;2026-09;10;30;3;15;3;13;4;13;2;14;1;4;0;0;0;0;0;1;0;0;0;0;0;0;0;0;0;0;0;1;0;0;0;4
3130705;Indianópolis;MG;Mapeado;2026-09;32;54;15;25;8;18;6;27;4;15;11;19;0;0;1;1;1;5;0;0;0;0;0;1;0;0;0;0;0;3;0;0;1;3
3130804;Ingaí;MG;Mapeado;2026-09;13;22;7;11;3;5;2;9;3;8;4;8;0;0;0;0;0;1;0;0;0;0;1;1;0;0;0;0;0;0;0;0;0;1
3130903;Inhapim;MG;Mapeado;2026-09;112;159;28;63;27;45;44;107;14;33;14;36;0;0;0;0;0;12;0;1;0;2;9;10;1;1;0;0;0;3;0;1;3;7
3131000;Inhaúma;MG;Mapeado;2026-09;28;46;11;21;11;24;5;20;7;13;4;8;0;0;0;0;0;2;0;0;0;0;1;1;0;0;0;0;0;0;0;0;0;2
3131109;Inimutaba;MG;Mapeado;2026-09;33;46;10;23;7;12;13;26;7;13;3;11;0;0;0;2;3;6;0;0;0;2;0;0;0;0;0;0;0;1;0;0;0;0
3131158;Ipaba;MG;Mapeado;2026-09;84;129;18;40;23;51;35;80;10;33;8;16;0;0;0;0;5;14;0;0;0;0;2;2;0;0;0;0;0;1;0;0;1;5
3131208;Ipanema;MG;Mapeado;2026-09;140;213;46;93;25;55;60;135;27;63;19;46;0;0;0;0;3;17;0;0;0;0;2;3;0;0;0;0;0;2;1;1;3;10
3131307;Ipatinga;MG;Mapeado;2026-09;1558;2364;274;593;413;818;732;1495;176;449;98;229;0;0;1;6;38;122;1;7;1;30;55;64;2;3;0;0;0;5;3;18;38;188
3131406;Ipiaçu;MG;Mapeado;2026-09;15;34;2;12;5;9;4;24;2;9;0;4;0;0;0;0;0;1;0;0;0;0;3;3;0;0;0;0;0;0;0;1;1;3
3131505;Ipuiúna;MG;Mapeado;2026-09;69;109;29;54;14;31;25;88;17;36;12;19;0;0;0;1;0;5;0;0;0;1;0;0;0;0;0;0;0;3;0;0;1;3
3131604;Iraí de Minas;MG;Mapeado;2026-09;49;77;21;48;14;29;13;57;10;41;11;23;0;0;0;0;1;3;0;0;0;0;0;0;0;0;0;0;0;1;0;1;0;1
3131703;Itabira;MG;Mapeado;2026-09;708;1211;194;405;155;392;308;755;116;275;78;156;0;0;1;6;13;57;3;8;1;11;22;27;1;1;0;1;0;6;0;3;10;80
3131802;Itabirinha;MG;Mapeado;2026-09;37;67;5;25;8;29;22;54;2;22;3;8;0;0;0;0;1;4;0;0;0;1;1;1;0;0;0;0;0;0;0;0;0;1
3131901;Itabirito;MG;Mapeado;2026-09;360;616;101;197;73;164;147;337;76;155;25;50;0;0;0;3;8;27;1;2;0;8;21;28;0;0;0;0;0;1;2;4;7;41
3132008;Itacambira;MG;Mapeado;2026-09;5;13;2;3;2;6;1;10;2;3;0;0;0;0;0;0;0;1;0;0;0;0;0;0;0;0;0;0;0;0;0;0;0;0
3132107;Itacarambi;MG;Mapeado;2026-09;63;132;24;50;18;46;20;79;13;30;11;25;0;0;0;0;0;4;0;0;0;0;1;1;0;1;0;0;0;1;0;1;0;4
3132206;Itaguara;MG;Mapeado;2026-09;134;184;49;80;25;59;51;122;33;59;16;34;0;0;1;1;1;6;0;0;0;0;5;5;0;0;0;0;0;0;0;3;2;6
3132305;Itaipé;MG;Mapeado;2026-09;27;65;6;18;6;18;12;42;3;14;3;9;0;0;0;0;0;1;0;0;0;0;3;3;0;0;0;0;0;0;0;1;0;0
3132404;Itajubá;MG;Mapeado;2026-09;761;1113;138;295;184;354;386;765;90;215;48;122;0;0;0;2;11;46;2;5;0;7;21;25;0;6;1;2;0;11;1;10;17;73
3132503;Itamarandiba;MG;Mapeado;2026-09;141;234;45;105;29;69;56;143;26;84;19;50;0;0;0;0;1;13;0;0;0;0;6;6;0;1;0;0;0;0;0;1;4;11
3132602;Itamarati de Minas;MG;Mapeado;2026-09;36;58;14;24;8;18;11;39;5;20;9;16;0;0;0;0;0;0;0;0;0;1;3;3;0;0;0;0;0;0;0;0;0;1
3132701;Itambacuri;MG;Mapeado;2026-09;85;144;30;57;20;32;31;87;19;38;11;23;0;0;0;0;2;8;0;1;0;1;2;3;0;0;0;0;0;1;0;0;0;2
3132800;Itambé do Mato Dentro;MG;Mapeado;2026-09;8;23;2;13;4;8;2;16;2;10;0;5;0;0;0;0;0;1;0;0;0;0;0;0;0;0;0;0;0;0;0;0;0;1
3132909;Itamogi;MG;Mapeado;2026-09;57;95;12;36;10;18;31;67;9;25;3;12;0;0;0;0;2;6;0;0;0;0;1;2;0;0;0;0;0;2;0;1;1;3
3133006;Itamonte;MG;Mapeado;2026-09;153;233;25;56;36;68;84;141;11;36;14;27;0;0;0;0;6;18;0;0;0;0;1;2;0;2;0;0;0;0;0;0;1;15
3133105;Itanhandu;MG;Mapeado;2026-09;138;228;34;84;37;66;52;145;27;69;7;20;0;0;0;0;5;13;0;1;0;1;8;9;0;0;0;0;0;2;0;2;2;6
3133204;Itanhomi;MG;Mapeado;2026-09;64;103;21;51;13;35;24;69;12;36;9;29;0;0;0;0;2;6;0;0;0;0;2;2;0;0;0;0;0;0;0;0;2;5
3133303;Itaobim;MG;Mapeado;2026-09;138;224;59;112;21;60;53;140;24;63;35;54;0;0;0;2;0;5;0;0;0;0;4;4;0;1;0;0;0;4;0;0;1;5
3133402;Itapagipe;MG;Mapeado;2026-09;72;151;26;70;13;47;30;109;13;53;13;37;0;0;0;0;0;10;0;0;0;0;2;2;0;0;0;0;0;1;0;0;1;6
3133501;Itapecerica;MG;Mapeado;2026-09;140;261;42;116;37;99;46;135;27;95;15;52;0;0;0;0;1;18;0;7;0;9;11;12;0;0;0;0;0;2;0;2;3;18
3133600;Itapeva;MG;Mapeado;2026-09;115;194;27;81;36;80;49;137;15;55;12;40;0;0;0;0;0;14;0;0;0;0;1;1;1;1;0;0;0;5;0;1;1;4
3133709;Itatiaiuçu;MG;Mapeado;2026-09;122;193;26;63;49;82;38;112;13;40;13;32;0;0;0;0;1;3;0;0;1;1;5;6;0;0;0;0;0;0;0;0;2;9
3133907;Itaverava;MG;Mapeado;2026-09;32;52;8;29;9;21;12;33;3;20;5;18;0;0;0;0;1;6;0;0;0;2;2;3;0;0;0;0;0;1;0;1;0;2
3133758;Itaú de Minas;MG;Mapeado;2026-09;68;98;12;29;15;24;32;59;11;26;1;6;0;0;0;0;4;8;0;1;0;0;2;2;0;0;0;0;0;0;0;0;3;11
3133808;Itaúna;MG;Mapeado;2026-09;542;772;100;214;164;281;221;387;72;159;28;72;0;0;2;4;11;42;1;4;2;14;10;12;1;1;0;0;0;1;0;2;30;75
3134004;Itinga;MG;Mapeado;2026-09;59;115;23;59;15;34;20;78;13;42;10;21;0;0;0;0;0;6;0;0;0;0;1;1;0;0;0;0;0;0;0;0;0;3
3134103;Itueta;MG;Mapeado;2026-09;38;68;19;34;5;18;11;40;12;24;7;15;0;0;0;0;1;11;0;0;0;1;0;1;0;0;0;0;0;1;0;0;2;3
3134202;Ituiutaba;MG;Mapeado;2026-09;504;763;83;184;155;259;207;444;63;148;20;53;0;0;3;3;23;49;1;1;0;3;17;21;1;2;0;0;0;3;1;6;13;44
3134301;Itumirim;MG;Mapeado;2026-09;50;72;26;39;4;18;17;35;8;22;18;25;0;0;0;0;1;5;0;0;0;0;2;2;0;0;0;0;0;0;0;0;0;1
3134400;Iturama;MG;Mapeado;2026-09;266;423;40;120;67;158;138;280;20;80;20;58;0;0;1;2;12;24;0;4;0;1;5;10;0;0;0;0;0;4;0;1;3;20
3134509;Itutinga;MG;Mapeado;2026-09;31;47;11;24;7;17;9;27;3;14;8;10;0;0;1;2;1;2;0;0;0;0;0;0;1;1;0;0;0;0;1;2;0;2
3134608;Jaboticatubas;MG;Mapeado;2026-09;165;299;59;142;52;117;41;140;34;101;25;69;0;0;0;2;5;24;0;1;1;6;4;5;1;3;0;0;0;0;0;1;2;14
3134707;Jacinto;MG;Mapeado;2026-09;47;69;13;25;13;25;18;43;8;21;5;11;0;0;0;0;2;5;0;0;0;0;1;1;0;0;0;0;0;0;0;0;0;7
3134905;Jacutinga;MG;Mapeado;2026-09;203;336;43;127;56;107;96;215;26;91;17;60;0;0;0;0;4;16;0;0;0;0;2;3;0;0;0;0;0;5;0;3;2;7
3134806;Jacuí;MG;Mapeado;2026-09;34;71;9;34;5;11;16;46;6;26;3;9;0;0;0;0;0;3;0;0;0;0;2;3;0;0;0;0;0;0;0;0;2;7
3135001;Jaguaraçu;MG;Mapeado;2026-09;30;48;5;18;9;20;13;29;3;11;2;11;0;0;0;0;3;6;0;0;0;0;0;0;0;0;0;0;0;0;0;0;0;2
3135076;Jampruca;MG;Mapeado;2026-09;15;21;7;10;2;5;6;12;1;3;6;8;0;0;0;0;0;0;0;0;0;0;0;0;0;0;0;0;0;0;0;0;0;0
3135100;Janaúba;MG;Mapeado;2026-09;439;659;129;250;115;228;163;366;74;153;55;122;0;0;0;2;14;37;0;0;0;3;11;13;0;0;0;0;0;1;1;4;6;23
3135209;Januária;MG;Mapeado;2026-09;252;481;58;171;90;178;90;240;31;101;27;95;0;0;0;2;7;53;0;3;0;3;7;12;0;0;0;0;0;3;0;1;0;32
3135308;Japaraíba;MG;Mapeado;2026-09;25;39;11;18;4;11;8;24;6;14;5;13;0;0;0;0;0;2;0;1;0;0;0;0;0;0;0;0;0;0;0;0;2;3
3135357;Japonvar;MG;Mapeado;2026-09;11;40;3;19;4;12;4;17;0;13;3;9;0;0;0;0;0;2;0;0;0;0;0;0;0;0;0;0;0;0;0;0;0;3
3135050;Jaíba;MG;Mapeado;2026-09;113;250;28;87;35;105;44;153;17;67;11;33;0;0;0;1;2;22;0;3;0;3;4;6;0;0;0;0;0;0;0;0;0;6
3135407;Jeceaba;MG;Mapeado;2026-09;51;91;19;58;13;39;17;70;14;52;5;32;0;0;0;1;0;3;0;0;0;0;1;1;0;0;0;0;0;0;0;0;1;1
3135456;Jenipapo de Minas;MG;Mapeado;2026-09;31;55;12;36;7;19;12;28;8;28;4;12;0;0;0;0;0;2;0;0;0;0;0;0;0;0;0;0;0;0;0;0;0;3
3135506;Jequeri;MG;Mapeado;2026-09;75;113;40;53;6;9;26;75;27;37;13;16;0;0;0;0;1;2;0;0;0;0;1;1;0;0;0;0;0;1;0;0;1;2
3135605;Jequitaí;MG;Mapeado;2026-09;29;44;12;21;7;13;8;21;9;17;3;5;0;0;0;0;1;2;0;0;0;0;0;0;0;0;0;0;0;0;0;0;1;6
3135704;Jequitibá;MG;Mapeado;2026-09;34;57;16;35;8;17;10;33;10;24;6;14;0;0;0;0;0;4;0;0;0;0;0;1;0;0;0;0;0;0;0;0;0;1
3135803;Jequitinhonha;MG;Mapeado;2026-09;77;146;20;47;22;41;29;91;11;35;9;18;0;0;0;0;0;8;0;0;0;1;2;2;0;0;0;0;0;0;0;0;4;12
3135902;Jesuânia;MG;Mapeado;2026-09;39;58;11;37;9;19;18;46;9;35;2;12;0;0;0;0;1;7;0;0;0;0;0;0;0;0;0;0;0;0;0;0;0;1
3136108;Joanésia;MG;Mapeado;2026-09;28;37;13;20;3;11;11;25;6;14;7;11;0;0;0;0;1;2;0;0;0;0;0;0;0;0;0;0;0;0;0;0;0;0
3136405;Joaquim Felício;MG;Mapeado;2026-09;18;39;7;19;5;12;5;25;2;12;5;12;0;0;0;0;0;3;0;0;0;0;0;0;0;0;0;0;0;2;0;0;1;1
3136009;Joaíma;MG;Mapeado;2026-09;66;115;27;57;5;24;33;75;18;43;9;21;0;0;0;0;0;4;0;0;0;0;1;1;0;0;0;0;0;0;0;1;0;4
3136504;Jordânia;MG;Mapeado;2026-09;51;90;15;38;9;23;26;58;6;21;9;17;0;0;0;0;0;2;0;0;0;1;1;1;0;0;0;0;0;0;0;0;0;3
3136579;Josenópolis;MG;Mapeado;2026-09;7;17;1;4;2;9;4;15;0;3;1;2;0;0;0;0;0;3;0;0;0;0;0;0;0;0;0;0;0;0;0;0;0;0
3136520;José Gonçalves de Minas;MG;Mapeado;2026-09;9;31;2;18;4;11;3;21;1;15;1;10;0;0;0;0;0;3;0;0;0;0;0;0;0;0;0;0;0;2;0;0;0;1
3136553;José Raydan;MG;Mapeado;2026-09;17;28;5;15;6;9;5;22;1;5;4;11;0;0;0;0;0;1;0;0;0;0;1;1;0;0;0;0;0;1;0;0;0;0
3136207;João Monlevade;MG;Mapeado;2026-09;490;720;121;231;153;260;179;411;79;172;42;98;0;0;0;3;14;41;1;1;0;6;11;14;1;3;0;0;0;2;0;3;10;65
3136306;João Pinheiro;MG;Mapeado;2026-09;277;513;86;212;78;171;100;345;66;181;20;57;0;0;1;3;3;13;0;0;1;2;4;4;0;0;0;0;0;6;0;0;4;24
3136652;Juatuba;MG;Mapeado;2026-09;207;328;55;121;68;113;69;192;24;61;31;69;0;0;0;0;5;22;0;2;0;1;6;6;0;0;0;0;0;0;0;1;4;21
3136702;Juiz de Fora;MG;Mapeado;2026-09;4518;7042;964;2316;1428;2841;1850;4607;728;1963;236;571;0;0;4;21;83;268;5;24;7;62;59;74;2;3;2;2;1;82;9;39;104;362
3136801;Juramento;MG;Mapeado;2026-09;20;26;6;12;7;13;6;14;5;9;1;5;0;0;0;0;1;3;0;0;0;0;0;0;0;0;0;0;0;0;0;1;0;0
3136900;Juruaia;MG;Mapeado;2026-09;80;121;11;47;14;37;52;101;5;22;6;29;0;0;0;0;0;1;0;0;0;0;1;2;0;0;0;0;0;2;0;0;2;6
3136959;Juvenília;MG;Mapeado;2026-09;11;32;6;12;1;8;4;23;2;5;4;9;0;0;0;0;0;0;0;0;0;1;0;0;0;0;0;0;0;0;0;0;0;1
3137007;Ladainha;MG;Mapeado;2026-09;36;62;18;34;9;17;9;33;14;21;4;16;0;0;0;0;0;4;0;0;0;0;0;0;0;0;0;0;0;1;0;0;0;0
3137106;Lagamar;MG;Mapeado;2026-09;29;50;13;19;4;14;8;32;12;19;1;5;0;0;0;0;0;2;0;0;0;0;3;3;1;1;0;0;0;1;0;1;0;3
3137403;Lagoa Dourada;MG;Mapeado;2026-09;80;130;27;54;16;40;32;96;16;36;11;26;0;0;0;1;2;8;0;0;0;3;3;3;0;0;0;0;0;2;0;0;0;2
3137502;Lagoa Formosa;MG;Mapeado;2026-09;100;121;29;60;16;27;50;80;20;46;9;20;0;0;0;0;1;3;0;0;0;1;3;3;0;0;0;0;0;1;0;0;1;3
3137536;Lagoa Grande;MG;Mapeado;2026-09;52;91;22;50;12;31;15;55;16;41;6;21;0;0;1;2;2;12;0;0;0;0;0;1;0;1;0;0;0;2;0;0;0;2
3137601;Lagoa Santa;MG;Mapeado;2026-09;586;953;142;321;201;398;193;538;77;213;65;146;0;0;0;1;19;71;0;3;1;11;16;24;0;1;0;0;0;6;0;9;14;69
3137205;Lagoa da Prata;MG;Mapeado;2026-09;354;608;111;245;74;178;129;374;79;193;32;100;0;0;0;6;19;37;1;3;0;2;13;14;0;0;0;0;0;1;1;3;6;29
3137304;Lagoa dos Patos;MG;Mapeado;2026-09;17;27;5;9;4;10;8;17;5;8;0;2;0;0;0;0;0;3;0;0;0;0;0;0;0;0;0;0;0;0;0;0;0;1
3137700;Lajinha;MG;Mapeado;2026-09;107;198;29;77;22;66;48;128;15;60;14;39;0;0;0;0;5;24;0;0;0;0;2;3;0;1;0;0;1;2;0;1;0;8
3137809;Lambari;MG;Mapeado;2026-09;165;268;30;96;49;95;72;175;15;58;15;52;0;0;0;1;7;28;0;3;1;4;3;4;1;3;0;0;0;2;0;1;2;11
3137908;Lamim;MG;Mapeado;2026-09;15;24;4;10;5;8;6;16;2;6;2;6;0;0;0;0;0;1;0;0;0;0;0;1;0;0;0;0;0;0;0;1;0;0
3138005;Laranjal;MG;Mapeado;2026-09;33;54;14;37;7;18;8;28;8;20;6;23;0;0;0;0;1;6;0;0;0;0;3;4;0;0;0;0;0;0;0;0;0;2
3138104;Lassance;MG;Mapeado;2026-09;27;55;7;22;5;19;14;28;6;18;1;5;0;0;0;0;1;4;0;0;0;0;0;0;0;0;0;0;0;0;0;0;0;0
3138203;Lavras;MG;Mapeado;2026-09;766;1138;144;320;211;360;338;654;106;241;38;94;0;0;1;4;34;68;4;6;0;7;15;19;1;1;0;0;0;3;1;5;17;71
3138302;Leandro Ferreira;MG;Mapeado;2026-09;18;31;8;13;4;9;6;17;3;6;5;8;0;0;0;0;0;1;0;0;0;0;0;0;0;0;0;0;0;0;0;0;0;1
3138351;Leme do Prado;MG;Mapeado;2026-09;26;50;9;21;7;22;9;37;6;14;3;10;0;0;0;0;1;3;0;0;0;0;0;0;0;0;0;0;0;2;0;0;0;6
3138401;Leopoldina;MG;Mapeado;2026-09;377;538;84;178;77;142;174;314;58;126;26;61;0;0;2;4;13;31;0;3;0;2;18;21;1;3;0;0;0;2;1;2;7;25
3138500;Liberdade;MG;Mapeado;2026-09;53;83;18;52;13;29;20;60;12;36;6;16;0;0;0;0;2;6;0;0;0;0;0;0;0;0;0;0;0;1;0;0;0;2
3138609;Lima Duarte;MG;Mapeado;2026-09;259;460;73;237;72;171;98;321;44;160;29;116;0;0;0;1;3;22;0;0;0;2;11;11;1;1;0;0;0;6;0;6;1;15
3138625;Limeira do Oeste;MG;Mapeado;2026-09;48;93;17;45;9;21;19;56;4;20;13;29;0;0;0;0;2;3;0;0;0;0;0;0;1;1;0;0;0;1;0;0;0;3
3138658;Lontra;MG;Mapeado;2026-09;24;55;10;32;6;17;5;31;7;28;3;14;0;0;0;0;2;7;0;0;0;1;0;0;0;0;0;0;0;0;0;0;1;2
3138674;Luisburgo;MG;Mapeado;2026-09;31;46;11;20;7;14;10;33;7;15;4;9;0;0;0;0;1;3;0;0;0;0;2;2;0;0;0;0;0;1;0;0;0;0
3138682;Luislândia;MG;Mapeado;2026-09;7;31;4;23;1;8;2;23;3;23;1;9;0;0;0;0;0;2;0;0;0;0;0;0;0;0;0;0;0;2;0;0;0;1
3138708;Luminárias;MG;Mapeado;2026-09;52;85;13;44;12;30;22;52;6;24;7;21;0;0;1;2;0;5;0;0;0;0;1;1;0;0;0;0;1;2;0;0;2;4
3138807;Luz;MG;Mapeado;2026-09;144;223;54;102;35;67;42;130;40;82;14;37;0;0;0;3;4;13;0;0;0;0;5;5;0;0;0;0;0;1;0;0;4;12
3138906;Machacalis;MG;Mapeado;2026-09;35;72;12;46;6;12;17;45;7;31;5;20;0;0;0;0;0;2;0;0;0;0;0;0;0;0;0;0;0;0;0;1;0;2
3139003;Machado;MG;Mapeado;2026-09;226;384;64;147;58;114;85;235;41;115;23;75;0;0;0;1;3;22;0;2;0;3;10;11;0;0;0;0;0;4;0;4;6;20
3139102;Madre de Deus de Minas;MG;Mapeado;2026-09;50;75;13;36;7;20;26;52;5;21;8;23;0;0;0;2;1;10;0;0;0;0;2;2;0;0;0;0;0;3;0;1;1;4
3139201;Malacacheta;MG;Mapeado;2026-09;53;109;19;48;8;32;21;70;8;31;11;23;0;0;0;0;4;7;0;0;0;0;1;3;0;0;0;0;0;2;0;0;0;2
3139250;Mamonas;MG;Mapeado;2026-09;2;12;0;2;2;5;0;6;0;0;0;2;0;0;0;0;0;4;0;0;0;0;0;0;0;0;0;0;0;0;0;0;0;2
3139300;Manga;MG;Mapeado;2026-09;64;130;20;46;12;31;27;78;11;35;9;20;0;0;0;0;4;11;0;0;0;1;1;1;0;0;0;0;0;2;0;3;0;6
3139409;Manhuaçu;MG;Mapeado;2026-09;513;816;110;241;157;275;214;530;68;166;42;98;0;0;1;4;4;50;0;3;0;4;11;17;0;1;0;0;1;4;0;6;15;52
3139508;Manhumirim;MG;Mapeado;2026-09;127;227;31;88;34;78;58;153;23;67;8;31;0;0;0;0;2;19;0;3;0;0;2;2;0;0;0;0;0;5;0;0;0;8
3139607;Mantena;MG;Mapeado;2026-09;170;237;44;96;37;75;77;147;37;77;7;37;0;0;0;0;4;13;0;0;0;0;7;7;0;0;0;0;0;1;0;0;1;8
3139805;Mar de Espanha;MG;Mapeado;2026-09;86;133;34;61;23;40;27;86;24;45;10;27;0;0;0;0;1;9;0;0;0;0;1;1;0;0;0;0;0;0;0;0;0;3
3139706;Maravilhas;MG;Mapeado;2026-09;62;97;29;45;12;27;16;55;18;32;11;26;0;0;0;2;1;6;0;0;0;0;4;5;0;0;0;0;0;1;0;0;0;5
3139904;Maria da Fé;MG;Mapeado;2026-09;77;136;25;62;21;39;29;83;18;45;7;20;0;0;0;0;0;4;0;0;0;0;1;1;0;0;0;0;0;1;0;3;1;8
3140001;Mariana;MG;Mapeado;2026-09;535;922;152;302;119;289;212;537;81;215;71;131;0;0;0;2;11;41;1;9;0;28;28;31;0;0;0;0;0;5;1;3;11;91
3140100;Marilac;MG;Mapeado;2026-09;22;30;11;14;4;10;6;18;7;8;4;7;0;0;0;0;0;0;0;0;0;0;1;1;0;0;0;0;0;0;0;0;0;2
3140209;Maripá de Minas;MG;Mapeado;2026-09;36;46;11;23;10;17;14;34;5;15;6;11;0;0;0;0;0;1;0;0;0;0;0;0;0;0;0;0;0;1;0;0;1;1
3140308;Marliéria;MG;Mapeado;2026-09;23;49;10;19;6;17;3;19;7;13;3;9;0;0;0;0;1;7;0;1;0;1;3;3;0;0;0;0;0;1;0;0;0;7
3140407;Marmelópolis;MG;Mapeado;2026-09;20;39;7;15;7;14;6;25;6;12;1;5;0;0;0;0;0;1;0;0;0;0;0;0;0;0;0;0;0;0;0;0;0;1
3140506;Martinho Campos;MG;Mapeado;2026-09;70;131;18;51;19;47;28;88;13;36;5;15;0;0;0;0;0;5;0;0;0;0;3;3;0;0;0;0;0;0;1;1;1;7
3140530;Martins Soares;MG;Mapeado;2026-09;57;88;11;39;13;31;31;68;3;17;8;28;0;0;0;0;2;12;0;0;0;0;0;0;0;0;0;0;0;1;0;1;0;1
3140555;Mata Verde;MG;Mapeado;2026-09;22;38;3;10;11;17;7;28;2;8;1;2;0;0;0;0;1;1;0;0;0;0;0;0;0;0;0;0;0;0;0;0;0;0
3140605;Materlândia;MG;Mapeado;2026-09;15;22;7;12;2;7;4;11;2;6;5;7;0;0;0;0;0;4;0;0;0;0;1;1;0;0;0;0;0;1;0;0;1;2
3140704;Mateus Leme;MG;Mapeado;2026-09;249;360;90;162;57;111;86;190;48;96;42;78;0;0;0;1;7;19;0;0;0;0;2;3;0;0;0;0;0;2;0;0;7;21
3171501;Mathias Lobato;MG;Mapeado;2026-09;12;19;1;8;3;7;8;16;0;6;1;2;0;0;0;0;0;1;0;0;0;0;0;0;0;0;0;0;0;0;0;0;0;0
3140803;Matias Barbosa;MG;Mapeado;2026-09;125;222;37;89;41;87;36;145;25;66;12;33;0;0;0;1;4;18;0;1;0;3;4;4;1;1;0;0;0;1;0;0;2;13
3140852;Matias Cardoso;MG;Mapeado;2026-09;42;84;25;60;7;29;10;47;12;33;13;30;0;0;0;0;0;3;0;0;0;0;0;1;0;0;0;0;0;1;0;0;0;0
3140902;Matipó;MG;Mapeado;2026-09;113;177;28;64;25;43;48;122;18;48;10;24;0;0;1;1;6;16;0;0;0;2;3;3;0;0;0;0;0;1;0;0;2;7
3141009;Mato Verde;MG;Mapeado;2026-09;47;78;7;25;12;29;22;46;3;15;4;17;0;0;0;0;3;8;0;0;0;1;3;3;0;0;0;0;0;0;0;0;0;4
3141108;Matozinhos;MG;Mapeado;2026-09;206;342;63;132;47;95;86;194;39;88;24;65;0;0;0;0;3;17;0;1;1;4;3;4;0;0;0;0;0;2;0;0;3;19
3141207;Matutina;MG;Mapeado;2026-09;20;31;11;22;4;7;2;8;6;14;5;9;0;0;0;0;1;2;0;0;0;0;2;2;0;0;0;0;0;1;0;1;0;0
3141306;Medeiros;MG;Mapeado;2026-09;12;19;4;9;2;6;6;15;2;7;2;8;0;0;0;0;0;1;0;0;0;0;0;0;0;0;0;0;0;0;0;0;0;0
3141405;Medina;MG;Mapeado;2026-09;76;147;14;51;26;48;30;90;11;44;3;20;0;0;0;0;4;11;0;1;0;0;0;0;0;0;0;0;0;3;1;1;1;8
3141504;Mendes Pimentel;MG;Mapeado;2026-09;40;50;8;18;10;15;17;37;6;13;2;7;0;0;0;1;3;6;0;0;0;0;1;2;0;0;0;0;0;1;0;1;1;3
3141603;Mercês;MG;Mapeado;2026-09;63;98;30;57;10;21;21;55;22;45;8;13;0;0;0;1;0;3;0;0;0;0;1;1;0;1;0;0;0;0;0;0;1;3
3141702;Mesquita;MG;Mapeado;2026-09;19;33;8;14;4;8;7;20;3;11;5;8;0;0;0;0;0;2;0;0;0;0;0;0;0;0;0;0;0;0;0;0;0;0
3141801;Minas Novas;MG;Mapeado;2026-09;64;147;24;65;15;46;19;81;14;43;10;30;0;0;0;1;0;12;0;1;0;0;5;5;0;0;0;0;0;3;0;0;1;14
3141900;Minduri;MG;Mapeado;2026-09;36;61;9;27;9;12;17;42;5;18;4;12;0;0;0;0;0;4;0;0;0;0;1;1;0;1;0;0;0;2;0;0;0;2
3142007;Mirabela;MG;Mapeado;2026-09;53;92;21;33;5;25;23;49;12;23;9;14;0;0;0;0;0;5;0;1;0;0;3;5;0;0;0;0;0;1;0;1;1;3
3142106;Miradouro;MG;Mapeado;2026-09;60;99;28;43;12;33;19;69;24;34;4;12;0;0;0;0;0;1;0;0;0;0;0;0;0;0;0;0;0;0;0;2;1;5
3142254;Miravânia;MG;Mapeado;2026-09;10;18;4;7;4;6;2;10;3;5;1;3;0;0;0;0;0;1;0;0;0;0;0;0;0;0;0;0;0;0;0;1;0;1
3142205;Miraí;MG;Mapeado;2026-09;79;131;15;51;10;22;44;89;8;42;7;21;0;0;0;1;2;7;0;1;0;0;3;4;0;0;0;0;0;0;0;1;5;9
3142304;Moeda;MG;Mapeado;2026-09;39;64;12;29;17;33;8;35;7;20;5;17;0;0;0;0;1;4;0;1;0;0;1;1;0;0;0;0;0;0;0;0;0;0
3142403;Moema;MG;Mapeado;2026-09;60;83;14;24;14;25;26;51;9;18;5;8;0;0;0;0;1;5;0;0;0;0;2;4;0;0;0;0;0;0;0;0;3;9
3142502;Monjolos;MG;Mapeado;2026-09;9;14;5;7;2;6;1;7;2;3;3;5;0;0;0;0;0;0;0;0;0;0;1;1;0;0;0;0;0;0;0;0;0;0
3142601;Monsenhor Paulo;MG;Mapeado;2026-09;54;84;20;46;13;27;19;51;14;34;6;15;0;0;0;0;2;3;0;0;0;0;0;0;0;1;0;0;0;1;0;0;0;4
3142700;Montalvânia;MG;Mapeado;2026-09;38;96;9;35;8;30;18;66;5;28;4;19;0;0;0;0;0;6;0;0;0;0;3;4;0;0;0;0;0;1;0;1;0;3
3142809;Monte Alegre de Minas;MG;Mapeado;2026-09;91;143;38;57;29;42;19;71;28;47;10;21;0;0;0;0;1;2;0;0;0;0;3;4;0;0;0;0;0;2;0;0;1;4
3142908;Monte Azul;MG;Mapeado;2026-09;59;101;12;26;23;33;20;56;4;13;8;14;0;0;0;1;1;9;0;2;0;1;2;4;0;0;0;0;0;1;0;1;1;2
3143005;Monte Belo;MG;Mapeado;2026-09;61;102;22;42;7;24;26;65;12;29;10;13;0;0;1;2;3;4;0;0;0;1;1;3;0;1;0;0;0;1;0;1;1;6
3143104;Monte Carmelo;MG;Mapeado;2026-09;329;495;82;180;57;110;165;326;61;152;21;41;0;0;2;3;9;21;1;1;0;4;7;9;0;1;0;1;0;5;1;1;5;19
3143153;Monte Formoso;MG;Mapeado;2026-09;7;17;0;6;4;7;3;10;0;5;0;3;0;0;0;0;0;0;0;0;0;0;0;0;0;0;0;0;0;1;0;0;0;0
3143203;Monte Santo de Minas;MG;Mapeado;2026-09;116;171;34;72;24;48;43;106;22;52;12;27;0;0;0;0;2;5;0;0;0;0;10;11;0;1;0;0;0;1;0;0;3;9
3143401;Monte Sião;MG;Mapeado;2026-09;169;237;37;78;51;91;73;156;27;56;10;28;0;0;0;0;0;3;0;0;0;1;5;7;0;0;0;0;0;2;0;0;3;9
3143302;Montes Claros;MG;Mapeado;2026-09;2840;4206;605;1191;797;1422;1273;2445;391;874;214;430;0;0;0;4;78;226;3;9;0;23;30;40;2;3;0;2;2;14;5;16;45;203
3143450;Montezuma;MG;Mapeado;2026-09;10;23;2;12;4;13;3;15;1;10;1;3;0;0;0;0;0;2;0;0;0;0;0;0;1;1;0;0;0;0;0;0;0;2
3143500;Morada Nova de Minas;MG;Mapeado;2026-09;90;139;25;53;27;52;32;82;13;37;12;25;0;0;0;1;2;5;0;0;0;0;4;4;0;0;0;0;0;0;0;0;0;3
3143609;Morro da Garça;MG;Mapeado;2026-09;8;21;4;13;2;10;2;11;4;9;0;5;0;0;0;0;0;6;0;0;0;0;0;0;0;0;0;0;0;0;0;0;0;0
3143708;Morro do Pilar;MG;Mapeado;2026-09;19;38;8;20;4;11;7;18;8;16;0;6;0;0;0;0;0;3;0;0;0;0;0;0;0;0;0;0;0;0;0;0;0;0
3143807;Munhoz;MG;Mapeado;2026-09;63;90;22;50;11;24;29;67;11;34;11;20;0;0;0;0;1;2;0;0;0;0;0;0;0;0;0;0;0;2;0;1;0;0
3143906;Muriaé;MG;Mapeado;2026-09;718;1052;148;308;192;315;303;634;99;230;49;117;0;0;1;3;18;66;3;7;2;14;24;30;0;1;0;0;0;10;4;12;23;64
3144003;Mutum;MG;Mapeado;2026-09;113;184;41;84;22;49;40;111;28;67;13;35;0;0;0;0;7;18;0;0;0;0;3;4;0;0;0;0;0;5;0;2;0;3
3144102;Muzambinho;MG;Mapeado;2026-09;139;226;25;72;38;78;63;160;17;47;8;28;0;0;1;1;3;12;1;2;0;5;5;5;0;0;0;0;0;1;1;3;2;15
3140159;Mário Campos;MG;Mapeado;2026-09;108;156;28;50;35;62;30;89;16;36;12;26;0;0;0;0;4;10;0;0;0;2;11;11;0;0;0;0;0;1;0;0;0;6
3144201;Nacip Raydan;MG;Mapeado;2026-09;7;13;3;5;1;3;1;10;3;3;0;2;0;0;0;0;2;4;0;0;0;0;0;0;0;0;0;0;0;0;0;0;0;0
3144300;Nanuque;MG;Mapeado;2026-09;219;352;92;168;48;96;64;221;56;118;36;62;0;0;0;0;6;21;0;0;0;1;3;3;0;0;0;0;1;2;0;2;5;9
3144359;Naque;MG;Mapeado;2026-09;27;61;6;21;14;20;7;35;3;11;3;11;0;0;0;0;0;2;0;0;0;1;0;0;0;0;0;0;0;0;0;0;0;4
3144375;Natalândia;MG;Mapeado;2026-09;10;22;2;5;1;11;7;18;1;4;1;1;0;0;0;0;0;0;0;0;0;0;0;0;0;0;0;0;0;0;0;0;0;0
3144409;Natércia;MG;Mapeado;2026-09;20;30;9;11;4;5;7;17;6;7;3;4;0;0;0;0;0;2;0;0;0;0;0;0;0;1;0;0;0;0;0;0;0;3
3144508;Nazareno;MG;Mapeado;2026-09;63;104;18;51;17;39;21;78;14;46;4;17;0;0;0;0;0;9;0;0;1;1;5;5;0;0;0;0;0;0;0;0;1;5
3144607;Nepomuceno;MG;Mapeado;2026-09;131;216;44;82;20;45;55;136;23;51;21;35;0;0;0;0;4;14;0;0;0;0;6;6;0;0;0;0;0;0;0;0;2;15
3144656;Ninheira;MG;Mapeado;2026-09;18;38;6;21;7;14;4;22;4;17;2;9;0;0;0;0;1;7;0;0;0;0;0;1;0;0;0;0;0;0;0;0;0;3
3144672;Nova Belém;MG;Mapeado;2026-09;7;13;3;6;2;4;2;8;3;5;0;2;0;0;0;0;0;0;0;0;0;0;0;0;0;0;0;0;0;1;0;0;0;0
3144706;Nova Era;MG;Mapeado;2026-09;101;162;32;66;31;48;31;100;18;46;14;25;0;0;0;0;0;2;0;0;0;0;6;6;0;0;0;0;0;3;0;1;1;7
3144805;Nova Lima;MG;Mapeado;2026-09;964;1620;151;468;388;673;308;821;93;322;58;207;0;0;0;1;35;134;0;14;1;37;51;60;1;1;0;0;0;11;4;16;25;119
3144904;Nova Módica;MG;Mapeado;2026-09;12;34;5;22;3;11;3;20;3;15;2;10;0;0;0;0;1;1;0;0;0;0;0;0;0;0;0;0;0;0;0;0;0;2
3145000;Nova Ponte;MG;Mapeado;2026-09;97;179;26;76;37;81;32;111;18;58;8;34;0;0;0;0;0;15;0;0;0;0;1;2;1;2;0;0;0;4;0;2;0;6
3145059;Nova Porteirinha;MG;Mapeado;2026-09;24;39;10;16;4;12;8;18;5;9;5;7;0;0;0;0;0;1;0;0;0;0;2;2;0;0;0;0;0;0;0;0;0;0
3145109;Nova Resende;MG;Mapeado;2026-09;59;107;10;40;18;37;25;81;5;30;5;19;0;0;0;0;2;6;0;0;0;0;3;3;0;0;0;0;0;1;0;0;1;5
3145208;Nova Serrana;MG;Mapeado;2026-09;656;966;147;285;173;332;291;608;115;234;32;78;0;0;1;2;15;33;1;8;0;4;21;22;0;0;0;0;0;1;0;7;7;31
3136603;Nova União;MG;Mapeado;2026-09;51;81;13;26;17;27;18;47;9;18;4;9;0;0;0;0;1;1;0;1;0;0;1;2;0;0;0;0;0;0;0;0;1;5
3145307;Novo Cruzeiro;MG;Mapeado;2026-09;65;145;23;64;17;48;19;87;12;45;11;33;0;0;0;0;1;16;0;0;0;0;3;3;0;0;0;0;0;2;0;2;2;6
3145356;Novo Oriente de Minas;MG;Mapeado;2026-09;27;59;12;27;7;15;7;31;4;14;8;14;0;0;0;0;1;3;0;0;0;1;0;0;0;0;0;0;0;2;0;0;0;0
3145372;Novorizonte;MG;Mapeado;2026-09;9;29;1;9;3;5;5;20;0;5;1;5;0;0;0;0;0;2;0;0;0;0;0;0;0;0;0;0;0;0;0;1;0;3
3145406;Olaria;MG;Mapeado;2026-09;15;25;3;11;5;10;6;17;3;11;0;1;0;0;0;0;0;2;0;0;0;0;1;1;0;0;0;0;0;1;0;0;0;0
3145455;Olhos-d'Água;MG;Mapeado;2026-09;26;43;8;13;9;16;9;30;4;8;4;7;0;0;0;0;0;0;0;0;0;0;0;0;0;0;0;0;0;0;0;0;0;1
3145604;Oliveira;MG;Mapeado;2026-09;219;376;58;155;58;119;83;234;44;126;14;54;0;0;0;2;4;16;1;1;0;6;12;12;0;0;0;0;0;3;1;3;2;11
3145703;Oliveira Fortes;MG;Mapeado;2026-09;10;16;3;7;1;5;3;12;2;4;1;3;0;0;0;0;2;3;0;0;0;0;1;1;0;0;0;0;0;0;0;0;0;0
3145505;Olímpio Noronha;MG;Mapeado;2026-09;23;40;10;27;3;6;10;27;8;20;2;9;0;0;0;0;0;2;0;0;0;0;0;0;0;0;0;0;0;0;0;0;0;0
3145802;Onça de Pitangui;MG;Mapeado;2026-09;24;29;12;16;3;6;6;14;7;12;5;8;0;0;0;0;3;3;0;0;0;0;0;0;0;0;0;0;0;0;0;0;0;1
3145851;Oratórios;MG;Mapeado;2026-09;34;53;20;36;2;10;11;36;14;26;6;11;0;0;0;0;1;5;0;1;0;0;0;0;0;0;0;0;0;4;0;2;0;2
3145877;Orizânia;MG;Mapeado;2026-09;36;55;13;32;10;18;12;31;7;22;6;22;0;0;0;0;1;3;0;0;0;0;0;0;0;0;0;0;0;1;0;0;0;0
3145901;Ouro Branco;MG;Mapeado;2026-09;306;548;77;193;99;216;98;336;52;140;25;92;0;0;0;1;5;49;0;4;0;10;14;15;0;0;0;0;0;10;0;9;13;63
3146008;Ouro Fino;MG;Mapeado;2026-09;248;353;62;127;53;109;113;237;41;89;21;48;0;0;0;0;6;14;0;0;0;2;7;7;0;0;0;0;0;6;1;1;6;14
3146107;Ouro Preto;MG;Mapeado;2026-09;736;1245;190;446;232;450;262;674;95;277;95;219;0;0;2;2;12;92;1;12;0;35;28;31;1;1;0;0;0;9;0;4;8;93
3146206;Ouro Verde de Minas;MG;Mapeado;2026-09;15;30;6;10;6;7;3;20;3;6;3;7;0;0;0;0;0;1;0;0;0;0;0;0;0;0;0;0;0;0;0;0;0;1
3146255;Padre Carvalho;MG;Mapeado;2026-09;12;22;3;12;6;12;3;13;2;7;1;6;0;0;0;0;0;1;0;0;0;0;0;0;0;0;0;0;0;1;0;0;0;0
3146305;Padre Paraíso;MG;Mapeado;2026-09;83;128;24;60;28;45;28;86;12;43;12;22;0;0;0;0;1;4;0;1;0;0;2;2;0;0;0;0;0;0;0;1;0;4
3146552;Pai Pedro;MG;Mapeado;2026-09;15;28;7;12;2;5;3;16;2;5;5;7;0;0;0;0;1;3;0;0;0;0;2;2;0;0;0;0;0;0;0;0;0;3
3146404;Paineiras;MG;Mapeado;2026-09;22;33;1;12;3;11;16;26;0;6;1;8;0;0;0;0;1;2;0;0;0;0;1;1;0;0;0;0;0;0;0;0;0;1
3146503;Pains;MG;Mapeado;2026-09;65;106;23;53;12;23;25;74;13;42;10;24;0;0;0;0;2;4;1;1;0;1;1;1;0;0;0;0;0;2;0;0;1;5
3146602;Paiva;MG;Mapeado;2026-09;10;22;5;11;1;8;4;14;3;8;2;5;0;0;0;0;0;3;0;0;0;0;0;0;0;0;0;0;0;0;0;0;0;1
3146701;Palma;MG;Mapeado;2026-09;37;56;16;25;4;8;10;22;9;15;7;13;0;0;0;0;0;2;0;0;0;1;4;4;0;0;0;0;0;0;0;0;3;6
3146750;Palmópolis;MG;Mapeado;2026-09;9;22;1;7;5;8;2;13;1;3;0;4;0;0;0;0;1;1;0;0;0;0;0;0;0;0;0;0;0;0;0;0;0;1
3146909;Papagaios;MG;Mapeado;2026-09;80;130;35;71;22;46;19;63;12;40;23;45;0;0;0;0;1;8;0;0;0;1;2;2;0;0;0;0;0;0;0;0;1;3
3147006;Paracatu;MG;Mapeado;2026-09;528;977;122;323;148;305;202;539;86;241;36;99;0;0;0;1;28;65;1;4;0;10;20;30;2;2;0;0;2;4;2;4;1;69
3147204;Paraguaçu;MG;Mapeado;2026-09;125;189;36;74;19;48;61;113;32;69;4;15;0;0;0;1;2;9;0;0;0;2;5;7;0;0;0;0;0;0;1;3;1;6
3147303;Paraisópolis;MG;Mapeado;2026-09;177;286;45;110;36;87;79;175;33;71;12;46;0;0;0;1;6;19;0;0;0;0;4;4;0;0;0;0;1;3;0;0;6;13
3147402;Paraopeba;MG;Mapeado;2026-09;165;249;62;109;41;88;51;142;40;67;22;51;0;0;0;0;2;10;0;0;0;6;5;5;0;0;0;1;0;1;0;2;4;15
3147105;Pará de Minas;MG;Mapeado;2026-09;598;846;191;335;145;270;202;501;132;251;59;125;0;0;2;4;12;35;1;3;1;10;24;29;0;0;0;0;0;3;4;8;16;55
3147600;Passa Quatro;MG;Mapeado;2026-09;146;255;32;89;41;75;62;162;20;60;12;40;0;0;0;0;2;16;0;0;1;1;1;2;0;0;0;0;0;0;0;1;7;18
3147709;Passa Tempo;MG;Mapeado;2026-09;46;77;9;28;12;24;21;45;6;15;3;14;0;0;0;0;0;9;0;0;0;0;4;4;0;0;0;0;0;6;0;0;0;5
3147808;Passa Vinte;MG;Mapeado;2026-09;25;45;10;26;5;16;10;31;6;16;4;18;0;0;0;0;0;4;0;0;0;0;0;0;0;0;0;0;0;0;0;1;0;1
3147501;Passabém;MG;Mapeado;2026-09;8;13;3;7;3;6;2;8;2;5;1;2;0;0;0;0;0;1;0;0;0;0;0;0;0;0;0;0;0;0;0;0;0;0
3147907;Passos;MG;Mapeado;2026-09;762;1094;155;329;192;340;347;649;117;252;38;89;0;0;1;5;32;53;2;3;0;2;18;22;0;0;1;3;1;4;2;2;11;48
3147956;Patis;MG;Mapeado;2026-09;20;30;13;23;4;4;3;15;3;7;10;16;0;0;0;0;0;0;0;0;0;0;0;0;0;0;0;0;0;0;0;0;0;1
3148004;Patos de Minas;MG;Mapeado;2026-09;1114;1712;253;576;358;613;410;1029;183;455;70;175;0;0;1;4;33;96;1;5;0;16;27;31;0;0;0;0;1;5;4;9;26;73
3148103;Patrocínio;MG;Mapeado;2026-09;484;754;112;215;140;229;193;488;90;172;22;57;0;0;2;2;10;32;1;2;0;2;11;13;0;2;0;1;0;5;5;7;10;36
3148202;Patrocínio do Muriaé;MG;Mapeado;2026-09;48;91;13;25;11;19;21;67;8;16;5;10;0;0;0;0;2;7;0;0;0;1;1;1;0;0;0;0;0;1;0;0;0;3
3148301;Paula Cândido;MG;Mapeado;2026-09;38;66;12;32;7;16;15;36;9;25;3;15;0;0;0;0;1;3;0;0;0;2;3;3;0;0;0;0;0;1;0;1;0;3
3148400;Paulistas;MG;Mapeado;2026-09;12;22;8;13;1;6;1;12;7;11;1;2;0;0;0;0;1;1;0;0;0;0;1;1;0;0;0;0;0;0;0;0;0;0
3148509;Pavão;MG;Mapeado;2026-09;31;57;13;32;5;13;12;27;6;17;7;17;0;0;0;0;0;3;0;0;0;1;1;1;0;0;0;0;0;0;0;1;0;0
3148707;Pedra Azul;MG;Mapeado;2026-09;83;167;22;68;22;49;33;100;13;48;9;30;0;0;0;2;2;10;0;0;0;0;4;4;0;0;0;0;0;1;0;0;0;6
3148756;Pedra Bonita;MG;Mapeado;2026-09;11;32;0;10;3;9;8;25;0;8;0;5;0;0;0;0;0;1;0;0;0;0;0;0;0;0;0;0;0;0;0;0;0;1
3149002;Pedra Dourada;MG;Mapeado;2026-09;34;50;8;22;10;17;15;32;6;19;2;8;0;0;0;0;1;4;0;0;0;0;0;0;0;0;0;0;0;2;0;0;0;1
3148806;Pedra do Anta;MG;Mapeado;2026-09;17;34;8;18;3;9;6;20;7;16;1;6;0;0;0;0;0;0;0;0;0;1;0;0;0;0;0;0;0;0;0;0;0;0
3148905;Pedra do Indaiá;MG;Mapeado;2026-09;34;58;9;34;9;24;13;43;8;32;1;12;0;0;0;0;2;4;0;3;0;2;1;1;0;0;0;0;0;0;0;0;0;0
3149101;Pedralva;MG;Mapeado;2026-09;76;119;26;70;14;28;32;80;23;63;3;17;0;0;0;0;0;4;0;0;0;0;3;4;0;0;0;0;0;0;0;1;1;4
3149150;Pedras de Maria da Cruz;MG;Mapeado;2026-09;30;57;13;30;7;22;7;32;5;14;8;19;0;0;0;0;1;2;0;0;0;0;1;2;0;0;0;0;1;1;0;0;0;1
3149200;Pedrinópolis;MG;Mapeado;2026-09;20;27;7;11;5;8;4;15;6;10;1;4;0;0;0;0;0;0;0;0;0;0;2;2;0;0;0;0;0;0;0;0;2;2
3149309;Pedro Leopoldo;MG;Mapeado;2026-09;389;605;79;172;118;216;158;349;30;101;49;95;0;0;1;1;14;38;1;1;0;6;9;9;0;1;0;0;1;4;0;2;8;36
3149408;Pedro Teixeira;MG;Mapeado;2026-09;17;27;10;18;1;2;6;19;3;7;7;12;0;0;0;0;0;2;0;0;0;0;0;0;0;0;0;0;0;2;0;0;0;0
3149507;Pequeri;MG;Mapeado;2026-09;27;48;3;13;7;16;17;39;1;10;2;4;0;0;0;0;0;3;0;0;0;0;0;0;0;0;0;0;0;0;0;1;0;2
3149606;Pequi;MG;Mapeado;2026-09;24;39;10;22;7;13;7;21;9;18;1;8;0;0;0;0;0;1;0;0;0;0;0;0;0;0;0;0;0;0;0;0;0;1
3149705;Perdigão;MG;Mapeado;2026-09;58;94;12;34;19;34;21;59;4;25;8;24;0;0;0;0;1;2;0;0;0;0;3;3;0;0;0;0;0;0;2;3;0;2
3149804;Perdizes;MG;Mapeado;2026-09;84;147;36;74;9;27;31;97;27;64;9;29;0;0;0;0;2;7;0;0;0;0;4;5;0;0;0;0;0;0;0;3;2;5
3149903;Perdões;MG;Mapeado;2026-09;163;276;37;116;45;100;70;182;32;92;5;43;0;0;0;0;5;14;0;0;0;2;3;3;0;0;0;0;0;0;0;0;3;15
3149952;Periquito;MG;Mapeado;2026-09;35;62;15;28;8;21;10;34;10;17;5;12;0;0;0;0;1;6;0;0;0;2;1;1;0;0;0;0;0;2;0;0;0;3
3150000;Pescador;MG;Mapeado;2026-09;14;29;4;15;2;6;6;21;4;13;0;4;0;0;1;1;0;2;0;0;0;0;1;2;0;0;0;0;0;0;0;0;0;0
3148608;Peçanha;MG;Mapeado;2026-09;56;105;26;58;10;24;15;62;19;43;7;18;0;0;0;0;2;6;0;0;0;1;2;2;0;0;0;0;0;1;0;1;1;3
3150109;Piau;MG;Mapeado;2026-09;25;36;9;20;6;10;9;27;4;14;5;11;0;0;0;0;0;3;0;0;0;0;0;0;0;0;0;0;0;1;0;0;1;2
3150158;Piedade de Caratinga;MG;Mapeado;2026-09;50;75;20;31;10;22;18;48;14;22;6;15;0;0;0;0;1;3;0;0;0;0;0;0;1;1;0;0;0;1;0;0;0;5
3150208;Piedade de Ponte Nova;MG;Mapeado;2026-09;34;60;15;34;5;8;11;35;12;22;3;14;0;0;0;0;2;4;0;0;0;0;1;1;0;0;0;0;0;2;0;0;0;1
3150307;Piedade do Rio Grande;MG;Mapeado;2026-09;24;50;11;29;3;13;8;31;7;20;4;11;0;0;0;1;0;4;0;2;0;1;1;1;0;0;0;0;0;0;0;0;1;5
3150406;Piedade dos Gerais;MG;Mapeado;2026-09;36;57;15;29;7;24;13;45;4;19;11;20;0;0;0;0;0;7;0;0;0;0;1;1;0;0;0;0;0;0;0;0;0;0
3150505;Pimenta;MG;Mapeado;2026-09;68;112;26;64;16;30;21;62;19;48;7;20;0;0;0;1;1;8;0;0;0;1;2;2;0;0;0;0;1;2;0;0;1;6
3150539;Pingo-d'Água;MG;Mapeado;2026-09;17;46;3;16;4;8;8;27;1;8;2;9;0;0;0;0;0;6;0;0;0;0;1;1;0;0;0;0;0;3;0;0;1;8
3150570;Pintópolis;MG;Mapeado;2026-09;19;43;8;25;5;16;5;27;5;15;3;15;0;0;0;0;1;4;0;0;0;0;0;0;0;0;0;0;0;2;0;0;0;2
3150604;Piracema;MG;Mapeado;2026-09;44;60;15;30;9;14;16;34;11;22;4;12;0;0;0;0;1;6;0;0;0;0;2;3;0;0;0;0;0;0;0;0;1;2
3150703;Pirajuba;MG;Mapeado;2026-09;37;75;11;30;9;24;15;57;6;23;5;10;0;0;0;2;1;3;0;0;0;1;0;1;0;0;0;0;0;0;0;1;1;2
3150802;Piranga;MG;Mapeado;2026-09;83;132;29;72;12;29;30;80;18;52;11;26;0;0;0;1;1;9;0;0;0;0;9;9;0;0;0;0;0;2;0;1;2;8
3151008;Piranguinho;MG;Mapeado;2026-09;67;121;15;44;22;46;27;93;9;24;6;22;0;0;0;0;1;7;0;0;0;0;0;0;0;0;0;0;0;2;1;2;1;3
3150901;Piranguçu;MG;Mapeado;2026-09;54;80;29;42;8;20;15;44;16;23;13;19;0;0;0;0;2;5;0;0;0;0;0;0;0;0;0;0;0;0;0;1;0;3
3151107;Pirapetinga;MG;Mapeado;2026-09;62;99;20;45;13;30;22;59;14;31;6;17;0;0;0;2;2;6;0;0;0;0;3;3;0;0;0;0;0;2;0;2;2;7
3151206;Pirapora;MG;Mapeado;2026-09;374;658;90;242;105;241;139;376;52;185;38;93;0;0;0;4;17;48;0;2;1;4;15;21;2;3;0;1;0;2;0;6;5;49
3151305;Piraúba;MG;Mapeado;2026-09;91;148;31;65;15;29;31;88;19;45;12;29;0;0;1;1;5;12;0;0;0;0;2;2;0;1;0;0;1;2;0;0;5;6
3151404;Pitangui;MG;Mapeado;2026-09;193;308;51;111;45;95;76;184;33;76;18;46;0;0;0;0;3;26;0;0;0;2;15;16;0;0;0;0;0;0;0;1;3;15
3151503;Piumhi;MG;Mapeado;2026-09;234;392;59;136;58;119;84;228;34;93;25;65;0;0;1;2;10;21;1;2;0;3;7;7;0;0;0;0;0;2;0;1;14;30
3151602;Planura;MG;Mapeado;2026-09;60;114;10;53;23;47;25;72;6;37;4;25;0;0;0;0;1;7;0;0;0;0;1;1;0;0;0;0;0;2;0;1;0;0
3151909;Pocrane;MG;Mapeado;2026-09;22;44;6;17;5;12;9;26;4;10;2;9;0;0;0;0;1;2;0;0;0;0;1;1;0;0;0;0;0;1;0;0;0;3
3152006;Pompéu;MG;Mapeado;2026-09;201;347;86;160;25;63;72;209;48;105;38;69;0;0;0;2;5;13;0;1;0;0;8;12;0;0;0;0;0;0;0;2;5;24
3152105;Ponte Nova;MG;Mapeado;2026-09;464;662;159;302;92;195;182;403;97;220;62;110;0;0;0;1;10;31;2;3;0;3;9;10;0;0;0;0;1;3;2;5;7;28
3152131;Ponto Chique;MG;Mapeado;2026-09;11;28;6;14;4;10;1;14;1;6;5;10;0;0;0;0;0;5;0;0;0;0;0;2;0;0;0;0;0;1;0;0;0;2
3152170;Ponto dos Volantes;MG;Mapeado;2026-09;52;90;16;45;16;31;20;64;4;24;12;29;0;0;0;1;0;6;0;0;0;0;0;0;0;0;0;0;0;12;0;0;0;2
3152204;Porteirinha;MG;Mapeado;2026-09;155;252;48;99;33;73;62;139;33;71;15;37;0;0;0;1;2;10;0;1;0;1;7;9;2;2;0;0;0;0;0;3;1;15
3152303;Porto Firme;MG;Mapeado;2026-09;39;73;18;36;5;22;16;50;13;27;5;10;0;0;0;0;0;3;0;0;0;0;0;0;0;0;0;0;0;0;0;1;0;6
3152402;Poté;MG;Mapeado;2026-09;61;106;27;63;12;44;21;69;16;49;11;22;0;0;0;0;0;10;0;0;0;0;1;2;0;0;0;0;0;0;0;0;0;2
3152501;Pouso Alegre;MG;Mapeado;2026-09;1165;1629;270;503;263;440;567;985;200;379;70;146;0;0;0;5;23;57;2;4;0;12;17;23;1;4;1;1;0;9;3;10;18;96
3152600;Pouso Alto;MG;Mapeado;2026-09;82;142;18;50;17;45;38;104;13;30;5;24;0;0;0;0;0;2;0;0;0;0;3;3;0;0;0;0;0;0;0;2;6;11
3151701;Poço Fundo;MG;Mapeado;2026-09;105;176;39;68;15;34;40;113;30;56;9;19;0;0;0;0;0;10;0;0;1;1;8;9;0;0;0;0;0;2;0;1;2;3
3151800;Poços de Caldas;MG;Mapeado;2026-09;1369;2117;271;612;427;764;584;1335;182;487;89;192;0;0;2;16;26;96;3;10;1;20;21;30;3;6;0;0;0;12;6;16;25;123
3152709;Prados;MG;Mapeado;2026-09;81;164;23;77;24;51;30;95;9;42;14;38;0;0;0;2;0;13;0;0;0;3;4;4;0;0;0;0;0;1;0;0;0;4
3152808;Prata;MG;Mapeado;2026-09;146;265;38;90;46;89;50;182;18;57;20;43;0;0;0;0;2;12;0;0;0;0;7;8;0;0;0;0;0;1;1;1;2;15
3153004;Pratinha;MG;Mapeado;2026-09;15;24;4;8;3;7;8;18;3;5;1;4;0;0;0;0;0;0;0;0;0;0;0;0;0;0;0;0;0;1;0;0;0;0
3152907;Pratápolis;MG;Mapeado;2026-09;39;77;9;27;11;22;16;49;6;18;3;12;0;0;0;0;2;8;0;0;0;0;1;3;0;0;0;0;0;2;0;0;0;4
3153103;Presidente Bernardes;MG;Mapeado;2026-09;33;52;9;18;8;19;12;36;8;14;1;10;0;0;0;0;2;6;0;0;0;0;2;2;0;0;0;0;0;0;0;0;0;1
3153202;Presidente Juscelino;MG;Mapeado;2026-09;13;18;5;5;0;4;7;13;5;5;0;0;0;0;0;0;0;0;0;0;0;0;1;1;0;0;0;0;0;0;0;0;0;0
3153301;Presidente Kubitschek;MG;Mapeado;2026-09;10;26;5;13;2;8;3;10;4;10;1;3;0;0;0;0;0;3;0;0;0;0;0;0;0;0;0;0;0;2;0;0;0;5
3153400;Presidente Olegário;MG;Mapeado;2026-09;92;147;30;72;16;40;41;108;18;55;12;28;0;0;0;0;3;6;0;0;0;0;2;2;0;0;0;0;0;3;0;0;0;3
3153608;Prudente de Morais;MG;Mapeado;2026-09;70;110;25;48;17;34;25;73;13;27;12;27;0;0;0;0;3;7;0;0;0;1;0;2;0;0;0;0;0;3;0;0;0;4
3153707;Quartel Geral;MG;Mapeado;2026-09;23;36;8;17;5;8;10;23;6;14;2;11;0;0;0;0;0;1;0;0;0;0;0;0;0;0;0;0;0;4;0;0;0;2
3153806;Queluzito;MG;Mapeado;2026-09;21;31;9;13;7;14;4;15;4;5;5;9;0;0;0;0;0;3;0;0;0;0;1;1;0;0;0;0;0;0;0;0;0;2
3153905;Raposos;MG;Mapeado;2026-09;75;179;16;46;21;54;28;106;8;21;8;28;0;0;0;1;4;11;0;1;0;4;2;5;0;0;0;0;0;1;0;0;4;19
3154002;Raul Soares;MG;Mapeado;2026-09;135;216;42;87;26;63;57;125;24;59;18;32;0;0;1;2;1;6;0;0;0;1;5;6;1;1;0;1;0;2;0;3;2;22
3154101;Recreio;MG;Mapeado;2026-09;48;83;18;42;7;20;19;55;11;25;7;20;0;0;0;0;0;2;0;1;0;0;4;4;0;0;0;0;0;0;0;0;0;0
3154150;Reduto;MG;Mapeado;2026-09;46;85;17;43;16;31;12;58;7;22;10;29;0;0;0;0;0;9;0;0;0;1;1;2;0;0;0;0;0;4;0;0;0;4
3154200;Resende Costa;MG;Mapeado;2026-09;79;138;20;48;22;40;30;103;13;39;7;30;0;0;0;1;2;7;0;0;0;0;5;6;0;0;0;0;0;1;0;1;0;2
3154309;Resplendor;MG;Mapeado;2026-09;161;232;36;75;40;75;71;161;18;53;18;27;0;0;0;0;1;13;0;0;0;0;12;14;0;0;0;0;0;1;0;1;1;9
3154408;Ressaquinha;MG;Mapeado;2026-09;29;40;10;17;7;11;10;23;7;13;3;5;0;0;0;0;1;2;0;0;0;2;1;1;0;0;0;0;0;0;0;0;0;2
3154457;Riachinho;MG;Mapeado;2026-09;38;69;16;40;6;15;13;50;5;22;11;21;0;0;0;1;2;4;0;1;0;0;0;0;0;0;0;0;0;1;1;1;0;0
3154507;Riacho dos Machados;MG;Mapeado;2026-09;15;31;2;8;6;15;5;17;2;5;0;5;0;0;2;3;0;1;0;0;0;1;0;0;0;0;0;0;0;1;0;0;0;3
3154705;Ribeirão Vermelho;MG;Mapeado;2026-09;33;55;18;31;4;17;8;35;10;16;8;17;0;0;0;0;1;6;0;0;0;0;2;2;0;0;0;0;0;1;0;0;0;0
3154606;Ribeirão das Neves;MG;Mapeado;2026-09;1839;2783;424;773;563;987;718;1598;234;514;190;348;0;0;0;1;74;158;0;4;0;11;25;30;0;0;0;0;2;18;2;18;31;110
3154804;Rio Acima;MG;Mapeado;2026-09;85;136;21;53;23;48;28;77;9;34;12;29;0;0;0;0;1;11;0;0;0;1;10;10;0;0;0;0;0;1;0;1;2;5
3154903;Rio Casca;MG;Mapeado;2026-09;105;162;33;85;22;53;43;114;23;65;10;42;0;0;0;1;2;6;0;1;0;2;4;5;0;0;0;0;0;0;0;0;1;3
3155009;Rio Doce;MG;Mapeado;2026-09;27;52;11;26;6;13;7;29;8;19;3;7;0;0;0;0;1;2;0;0;0;1;2;2;0;0;0;0;0;1;0;0;0;2
3155207;Rio Espera;MG;Mapeado;2026-09;21;37;2;12;6;9;10;21;1;8;1;7;0;0;0;0;0;3;0;0;0;1;3;3;0;0;0;0;0;0;0;1;0;4
3155306;Rio Manso;MG;Mapeado;2026-09;37;58;16;31;8;14;12;31;11;22;5;17;0;0;0;0;1;3;0;0;0;1;0;0;0;0;0;0;0;1;0;0;0;2
3155405;Rio Novo;MG;Mapeado;2026-09;76;107;25;46;12;23;33;49;10;24;15;28;0;0;0;0;1;7;0;0;0;0;3;3;0;0;0;0;0;0;0;0;2;10
3155504;Rio Paranaíba;MG;Mapeado;2026-09;117;172;36;82;20;58;58;106;23;58;13;35;0;0;0;0;1;3;0;0;0;0;1;1;0;1;0;0;0;1;0;0;1;5
3155603;Rio Pardo de Minas;MG;Mapeado;2026-09;67;121;18;56;14;40;28;73;13;41;5;22;0;0;0;0;4;16;0;0;0;0;3;3;0;0;0;0;0;0;0;0;0;7
3155702;Rio Piracicaba;MG;Mapeado;2026-09;102;174;45;96;20;46;27;89;33;78;12;35;0;0;0;0;2;9;0;1;0;1;5;7;0;0;0;0;0;1;1;2;2;8
3155801;Rio Pomba;MG;Mapeado;2026-09;127;201;41;92;25;51;48;132;30;73;11;39;0;0;0;0;4;13;0;1;0;2;7;7;0;0;0;0;0;1;0;0;2;15
3155900;Rio Preto;MG;Mapeado;2026-09;42;60;15;30;10;22;15;30;12;23;3;9;0;0;0;0;0;1;0;0;0;0;2;2;0;0;0;0;0;0;0;0;0;1
3156007;Rio Vermelho;MG;Mapeado;2026-09;42;74;20;38;11;31;8;45;13;29;7;17;0;0;0;0;2;12;0;0;0;0;0;0;1;1;0;0;0;1;0;1;0;0
3155108;Rio do Prado;MG;Mapeado;2026-09;6;16;2;6;3;7;1;7;2;3;0;3;0;0;0;0;0;0;0;0;0;0;0;0;0;0;0;0;0;0;0;0;0;0
3156106;Ritápolis;MG;Mapeado;2026-09;28;47;15;25;6;14;6;23;9;15;6;12;0;0;0;0;0;4;0;0;0;0;1;1;0;0;0;0;0;0;0;0;0;1
3156205;Rochedo de Minas;MG;Mapeado;2026-09;13;31;1;12;2;9;9;19;1;10;0;7;0;0;0;0;0;5;0;0;0;0;1;1;0;0;0;0;0;2;0;0;0;0
3156304;Rodeiro;MG;Mapeado;2026-09;70;98;24;43;13;23;30;72;17;33;7;12;0;0;0;1;0;2;0;0;0;0;2;2;0;0;0;0;0;0;0;0;1;5
3156403;Romaria;MG;Mapeado;2026-09;19;31;7;16;5;9;6;18;2;10;5;8;0;0;0;1;0;1;0;0;0;0;1;1;0;0;0;0;0;0;0;0;0;0
3156452;Rosário da Limeira;MG;Mapeado;2026-09;29;46;9;18;5;15;12;30;5;14;4;8;0;0;0;0;1;2;0;0;0;0;1;1;0;1;0;0;0;1;1;2;0;0
3156502;Rubelita;MG;Mapeado;2026-09;11;24;3;12;4;7;3;11;1;10;2;3;0;0;0;0;0;2;0;0;0;0;0;0;0;0;0;0;0;0;0;0;1;2
3156601;Rubim;MG;Mapeado;2026-09;27;49;11;19;5;14;9;26;4;10;7;13;0;0;0;0;0;0;0;0;0;0;1;1;0;0;0;0;1;2;0;0;0;3
3156700;Sabará;MG;Mapeado;2026-09;724;1185;180;422;229;449;266;656;112;305;68;169;0;0;1;2;18;63;1;2;0;7;19;27;0;1;0;0;0;6;0;7;10;71
3156809;Sabinópolis;MG;Mapeado;2026-09;79;134;36;72;9;43;27;90;23;54;13;25;0;0;0;0;2;6;0;0;0;0;2;2;0;0;0;0;0;0;0;0;3;9
3156908;Sacramento;MG;Mapeado;2026-09;163;285;46;135;49;110;52;155;37;114;9;46;0;0;0;5;1;14;0;2;0;4;7;7;0;0;0;0;0;4;0;0;8;26
3157005;Salinas;MG;Mapeado;2026-09;277;461;92;198;64;151;104;301;71;151;21;66;0;0;0;0;7;29;1;1;0;1;7;7;0;0;0;0;0;1;0;2;2;19
3157104;Salto da Divisa;MG;Mapeado;2026-09;37;76;18;35;9;25;8;46;8;18;10;17;0;0;0;0;1;5;0;0;0;0;1;1;0;0;0;0;0;2;0;0;0;3
3157203;Santa Bárbara;MG;Mapeado;2026-09;222;381;82;182;56;127;59;217;53;131;29;76;0;0;0;1;2;24;0;0;0;5;22;22;0;0;0;0;0;9;0;4;1;14
3157252;Santa Bárbara do Leste;MG;Mapeado;2026-09;26;41;6;21;9;13;9;27;4;16;2;10;0;0;0;0;1;2;0;0;0;0;1;1;0;0;0;0;0;0;0;1;0;1
3157278;Santa Bárbara do Monte Verde;MG;Mapeado;2026-09;28;38;14;27;7;22;6;18;7;14;7;17;0;0;0;0;0;4;0;0;0;0;1;1;0;0;0;0;0;2;0;0;0;0
3157302;Santa Bárbara do Tugúrio;MG;Mapeado;2026-09;20;34;6;21;4;8;9;22;5;17;1;7;0;0;0;0;1;3;0;0;0;0;0;0;0;0;0;0;0;0;0;0;0;2
3157336;Santa Cruz de Minas;MG;Mapeado;2026-09;44;84;17;32;6;23;16;40;14;28;3;7;0;0;0;0;2;11;0;0;0;1;2;3;0;0;0;0;0;0;0;0;1;9
3157377;Santa Cruz de Salinas;MG;Mapeado;2026-09;16;32;2;11;9;13;3;16;1;8;1;5;0;0;0;0;1;3;0;0;0;0;1;1;0;0;0;0;0;0;0;0;0;2
3157401;Santa Cruz do Escalvado;MG;Mapeado;2026-09;33;47;18;31;4;12;10;26;9;23;9;13;0;0;0;0;0;4;0;0;0;0;1;1;0;0;0;0;0;0;0;0;0;1
3157500;Santa Efigênia de Minas;MG;Mapeado;2026-09;28;51;11;25;8;17;9;35;9;21;2;10;0;0;0;0;0;2;0;0;0;0;0;0;0;0;0;0;0;2;0;0;0;1
3157609;Santa Fé de Minas;MG;Mapeado;2026-09;10;23;5;13;2;3;2;9;2;5;3;8;0;0;0;0;1;1;0;0;0;0;0;0;0;0;0;0;0;0;0;1;0;1
3157658;Santa Helena de Minas;MG;Mapeado;2026-09;13;27;5;9;3;7;3;13;4;7;1;3;0;0;0;0;2;3;0;0;0;0;0;1;0;0;0;0;0;0;0;0;0;0
3157708;Santa Juliana;MG;Mapeado;2026-09;118;178;59;96;17;53;34;91;37;69;22;44;0;0;0;0;6;13;0;0;0;1;2;3;0;0;0;0;0;0;0;2;0;1
3157807;Santa Luzia;MG;Mapeado;2026-09;1433;2203;289;623;489;846;509;1213;159;405;130;302;0;0;1;3;57;128;0;6;1;11;55;59;0;5;0;0;0;9;1;9;31;132
3157906;Santa Margarida;MG;Mapeado;2026-09;54;91;13;25;5;27;31;67;2;13;11;14;0;0;0;0;2;7;0;0;0;1;1;1;0;0;0;0;0;1;0;0;2;6
3158003;Santa Maria de Itabira;MG;Mapeado;2026-09;63;114;25;64;15;42;18;79;11;40;14;34;0;0;0;0;2;4;0;0;0;1;3;4;0;0;0;0;0;1;0;0;0;4
3158102;Santa Maria do Salto;MG;Mapeado;2026-09;15;39;3;10;8;25;4;30;0;2;3;10;0;0;0;0;0;0;0;0;0;0;0;0;0;0;0;0;0;0;0;0;0;0
3158201;Santa Maria do Suaçuí;MG;Mapeado;2026-09;62;94;25;43;13;25;19;59;14;29;11;18;0;0;0;0;2;6;0;0;0;0;2;2;0;0;0;0;0;2;0;0;1;2
3159209;Santa Rita de Caldas;MG;Mapeado;2026-09;45;80;18;44;12;18;15;51;15;35;3;10;0;0;0;0;0;3;0;0;0;0;0;0;0;0;0;0;0;2;0;0;0;2
3159407;Santa Rita de Ibitipoca;MG;Mapeado;2026-09;44;58;27;44;5;13;12;32;18;32;9;17;0;0;0;0;0;6;0;0;0;0;0;0;0;0;0;0;0;2;0;0;0;1
3159308;Santa Rita de Jacutinga;MG;Mapeado;2026-09;71;122;25;68;17;37;26;84;16;59;9;18;0;0;0;0;0;11;0;0;0;0;3;3;0;1;0;0;0;0;0;1;0;0
3159357;Santa Rita de Minas;MG;Mapeado;2026-09;48;75;20;34;8;27;16;48;11;20;9;18;0;0;0;0;4;9;0;0;0;0;0;0;0;0;0;0;0;2;0;0;0;3
3159506;Santa Rita do Itueto;MG;Mapeado;2026-09;20;46;9;24;3;13;8;34;4;14;5;16;0;0;0;0;0;1;0;0;0;0;0;0;0;0;0;0;0;1;0;0;0;0
3159605;Santa Rita do Sapucaí;MG;Mapeado;2026-09;325;528;75;203;82;155;146;326;47;154;28;80;0;0;1;1;9;44;0;4;0;5;7;8;0;0;0;0;0;3;0;2;5;29
3159704;Santa Rosa da Serra;MG;Mapeado;2026-09;21;29;9;11;3;9;9;20;4;7;5;9;0;0;0;0;0;1;0;0;0;0;0;0;0;0;0;0;0;0;0;0;0;2
3159803;Santa Vitória;MG;Mapeado;2026-09;133;211;34;83;33;70;55;124;25;63;9;31;0;0;0;0;2;7;0;0;0;0;9;10;0;0;0;0;0;3;0;3;0;10
3158300;Santana da Vargem;MG;Mapeado;2026-09;48;72;21;29;7;12;17;36;11;15;10;19;0;0;0;1;0;3;0;0;0;0;3;3;0;0;0;0;0;0;0;0;0;2
3158409;Santana de Cataguases;MG;Mapeado;2026-09;22;38;7;14;2;8;10;19;5;11;2;5;0;0;0;0;0;0;0;0;0;0;2;2;0;0;0;0;0;0;0;0;1;5
3158508;Santana de Pirapama;MG;Mapeado;2026-09;25;39;13;28;4;9;8;21;7;20;6;13;0;0;0;0;0;2;0;0;0;1;0;0;0;0;0;0;0;0;0;0;0;0
3158607;Santana do Deserto;MG;Mapeado;2026-09;22;39;8;17;3;11;9;26;5;12;3;6;0;0;0;0;0;1;0;0;0;0;1;1;0;0;0;0;0;1;0;1;1;2
3158706;Santana do Garambéu;MG;Mapeado;2026-09;15;30;5;16;3;11;5;21;4;14;1;9;0;0;0;1;0;2;0;0;0;0;1;1;0;0;0;0;0;0;0;0;1;3
3158805;Santana do Jacaré;MG;Mapeado;2026-09;23;33;5;13;5;9;8;16;4;8;1;5;0;0;0;0;0;3;0;0;0;0;5;5;0;0;0;0;0;0;0;1;0;0
3158904;Santana do Manhuaçu;MG;Mapeado;2026-09;47;72;24;48;8;17;14;48;5;19;19;37;0;0;0;0;1;10;0;0;0;0;0;0;0;0;0;0;0;10;0;1;0;1
3158953;Santana do Paraíso;MG;Mapeado;2026-09;234;360;50;99;59;117;86;190;28;67;22;53;0;0;0;1;27;40;0;3;0;6;2;6;0;0;0;0;0;4;0;1;10;29
3159001;Santana do Riacho;MG;Mapeado;2026-09;160;275;40;120;73;149;43;149;23;73;17;60;0;0;0;0;1;23;0;0;0;0;0;1;0;0;0;0;0;1;0;0;3;13
3159100;Santana dos Montes;MG;Mapeado;2026-09;18;32;2;11;7;14;8;17;1;6;1;6;0;0;1;1;0;1;0;0;0;1;0;0;0;0;0;0;0;0;0;0;0;3
3159902;Santo Antônio do Amparo;MG;Mapeado;2026-09;121;187;39;87;27;48;51;128;31;74;8;17;0;0;0;2;2;5;0;0;0;0;1;2;0;0;0;0;0;1;0;0;1;5
3160009;Santo Antônio do Aventureiro;MG;Mapeado;2026-09;25;48;5;25;2;14;16;36;2;11;3;17;0;0;0;0;0;1;0;0;0;0;0;0;0;0;0;0;0;1;0;0;2;2
3160108;Santo Antônio do Grama;MG;Mapeado;2026-09;28;48;12;24;5;14;10;33;5;13;7;14;0;0;0;0;0;0;0;0;0;1;1;2;0;0;0;0;0;1;0;0;0;2
3160207;Santo Antônio do Itambé;MG;Mapeado;2026-09;23;43;7;18;3;10;12;29;1;13;6;8;0;0;0;0;0;0;0;1;0;1;0;0;0;0;0;0;0;0;0;0;1;2
3160306;Santo Antônio do Jacinto;MG;Mapeado;2026-09;36;59;14;26;7;20;14;32;7;15;7;12;0;0;0;0;1;5;0;0;0;0;0;0;0;0;0;0;0;0;0;0;0;2
3160405;Santo Antônio do Monte;MG;Mapeado;2026-09;183;254;40;83;48;73;76;148;31;65;9;26;0;0;1;1;5;14;1;2;0;2;6;6;1;1;0;0;0;0;0;2;5;11
3160454;Santo Antônio do Retiro;MG;Mapeado;2026-09;4;9;0;1;1;3;3;6;0;1;0;1;0;0;0;0;0;1;0;0;0;0;0;0;0;0;0;0;0;0;0;0;0;1
3160504;Santo Antônio do Rio Abaixo;MG;Mapeado;2026-09;10;18;1;6;5;12;3;7;0;4;1;2;0;0;0;0;1;3;0;0;0;0;0;0;0;0;0;0;0;0;0;0;0;0
3160603;Santo Hipólito;MG;Mapeado;2026-09;8;15;1;8;4;6;3;11;1;7;0;2;0;0;0;0;0;0;0;0;0;0;0;0;0;0;0;0;0;0;0;0;0;0
3160702;Santos Dumont;MG;Mapeado;2026-09;299;438;77;174;62;110;135;304;48;116;29;70;0;0;0;3;7;21;0;1;0;4;12;12;1;1;0;0;0;4;1;3;4;18
3165404;Sapucaí-Mirim;MG;Mapeado;2026-09;83;150;12;40;19;40;27;84;8;25;4;23;0;0;0;0;3;9;0;0;0;1;0;1;0;0;0;0;0;1;0;1;22;36
3165503;Sardoá;MG;Mapeado;2026-09;42;59;13;25;9;20;19;41;5;15;8;16;0;0;0;0;1;3;0;0;0;1;0;0;0;0;0;0;0;0;0;0;0;2
3165537;Sarzedo;MG;Mapeado;2026-09;227;377;48;107;74;137;68;208;33;84;15;40;0;0;0;0;11;32;0;0;1;5;19;19;0;0;0;0;0;1;0;0;6;19
3165560;Sem-Peixe;MG;Mapeado;2026-09;11;20;3;10;2;6;4;6;2;7;1;3;0;0;0;0;0;1;0;0;0;0;1;1;0;0;0;0;0;0;0;0;1;3
3165578;Senador Amaral;MG;Mapeado;2026-09;49;69;11;33;17;29;20;46;6;20;5;15;0;0;0;0;1;5;0;0;0;0;0;0;0;0;0;0;0;2;0;0;0;2
3165602;Senador Cortes;MG;Mapeado;2026-09;26;33;11;20;5;12;10;27;5;12;6;11;0;0;0;0;0;1;0;0;0;0;0;0;0;0;0;0;0;0;0;0;0;0
3165701;Senador Firmino;MG;Mapeado;2026-09;42;68;13;32;13;20;12;41;9;24;4;9;0;0;0;0;0;3;0;0;0;0;3;4;0;0;0;0;0;1;0;0;1;4
3165800;Senador José Bento;MG;Mapeado;2026-09;12;17;5;10;3;5;4;10;3;7;2;4;0;0;0;0;0;2;0;0;0;0;0;0;0;0;0;0;0;0;0;0;0;0
3165909;Senador Modestino Gonçalves;MG;Mapeado;2026-09;15;40;5;19;4;13;5;25;0;13;5;10;0;0;0;0;1;6;0;0;0;0;0;1;0;0;0;0;0;0;0;0;0;0
3166006;Senhora de Oliveira;MG;Mapeado;2026-09;30;42;14;26;1;7;9;24;2;11;12;17;0;0;0;0;2;5;0;0;0;0;2;3;0;0;0;0;0;0;0;1;2;3
3166105;Senhora do Porto;MG;Mapeado;2026-09;30;41;18;29;4;18;7;25;11;18;7;15;0;0;0;0;1;3;0;0;0;0;0;0;0;0;0;0;0;0;0;0;0;1
3166204;Senhora dos Remédios;MG;Mapeado;2026-09;49;77;20;50;6;19;21;45;14;39;6;17;0;0;0;0;0;3;0;0;0;1;2;2;0;0;0;0;0;4;0;0;0;1
3166303;Sericita;MG;Mapeado;2026-09;24;47;7;15;7;11;9;34;6;14;1;6;0;0;0;0;0;0;0;0;0;0;1;1;0;0;0;0;0;0;0;2;0;1
3166402;Seritinga;MG;Mapeado;2026-09;21;36;6;15;5;14;8;23;0;6;6;11;0;0;0;1;0;5;0;0;0;1;2;2;0;1;0;0;0;1;0;0;0;2
3166501;Serra Azul de Minas;MG;Mapeado;2026-09;13;27;9;10;1;5;3;14;4;6;5;5;0;0;0;0;0;0;0;0;0;0;0;0;0;0;0;0;0;0;0;0;0;2
3166600;Serra da Saudade;MG;Mapeado;2026-09;4;11;3;8;0;0;1;3;1;5;2;4;0;0;0;0;0;1;0;0;0;0;0;0;0;0;0;0;0;0;0;0;0;0
3166808;Serra do Salitre;MG;Mapeado;2026-09;89;171;25;63;14;44;46;121;8;36;17;30;0;0;0;0;2;6;0;0;0;0;2;2;0;0;0;0;0;1;0;0;0;3
3166709;Serra dos Aimorés;MG;Mapeado;2026-09;18;35;5;12;2;9;9;22;3;9;2;4;0;0;0;0;1;5;0;0;0;0;1;1;0;0;0;0;0;0;0;1;0;1
3166907;Serrania;MG;Mapeado;2026-09;43;72;14;21;9;18;19;51;7;11;7;11;0;0;0;0;1;3;0;0;0;0;0;0;0;0;0;0;0;0;0;0;0;3
3167004;Serranos;MG;Mapeado;2026-09;17;33;6;16;3;8;6;19;5;12;1;5;0;0;0;0;0;2;0;0;0;0;2;2;0;0;0;0;0;0;0;0;0;1
3166956;Serranópolis de Minas;MG;Mapeado;2026-09;10;16;4;9;3;4;3;7;1;5;3;4;0;0;0;0;0;2;0;0;0;1;0;0;0;0;0;0;0;0;0;0;0;1
3167103;Serro;MG;Mapeado;2026-09;131;239;45;104;32;88;47;144;31;72;14;36;0;0;0;0;3;15;0;0;0;4;4;4;0;0;0;0;0;0;0;1;0;7
3167202;Sete Lagoas;MG;Mapeado;2026-09;1573;2452;395;865;443;884;620;1458;229;616;166;377;0;0;3;7;37;105;3;5;1;18;35;43;0;3;0;2;0;8;0;7;36;137
3165552;Setubinha;MG;Mapeado;2026-09;21;42;8;19;5;16;7;24;7;14;1;12;0;0;0;0;1;3;0;0;0;0;0;2;0;0;0;0;0;0;0;0;0;3
3167301;Silveirânia;MG;Mapeado;2026-09;12;21;2;9;3;6;5;14;2;8;0;2;0;0;0;0;1;2;0;0;0;0;1;1;0;0;0;0;0;0;0;0;0;1
3167400;Silvianópolis;MG;Mapeado;2026-09;39;60;12;29;9;16;17;40;4;19;8;12;0;0;0;0;0;0;0;0;0;0;1;1;0;0;0;0;0;0;0;0;0;1
3167608;Simonésia;MG;Mapeado;2026-09;62;108;24;45;16;34;20;72;12;26;12;22;0;0;0;1;0;11;0;0;0;0;1;1;0;0;0;0;0;6;0;2;1;5
3167509;Simão Pereira;MG;Mapeado;2026-09;25;50;7;22;8;21;8;31;3;14;4;12;0;0;0;0;0;4;0;0;0;0;2;2;0;0;0;0;0;0;0;0;0;3
3167707;Sobrália;MG;Mapeado;2026-09;26;36;10;18;5;9;10;24;7;14;3;5;0;0;0;0;1;2;0;0;0;0;0;0;0;0;0;0;0;0;0;0;0;0
3167806;Soledade de Minas;MG;Mapeado;2026-09;46;72;19;35;7;20;18;55;15;24;4;14;0;0;0;0;0;5;0;0;0;0;1;2;0;0;0;0;0;0;0;0;1;6
3160801;São Bento Abade;MG;Mapeado;2026-09;35;81;17;50;6;23;12;55;10;39;7;25;0;0;0;1;0;5;0;0;0;2;0;2;0;0;0;0;0;2;0;0;0;2
3160900;São Brás do Suaçuí;MG;Mapeado;2026-09;35;61;7;23;9;22;14;39;3;16;4;13;0;0;0;0;1;6;0;1;0;3;3;3;0;0;0;0;0;0;0;0;1;2
3160959;São Domingos das Dores;MG;Mapeado;2026-09;26;57;8;27;9;24;6;38;5;21;3;14;0;0;0;0;0;8;0;0;0;1;1;3;1;1;0;0;0;0;0;1;1;3
3161007;São Domingos do Prata;MG;Mapeado;2026-09;117;175;46;82;22;45;44;101;27;65;19;29;0;0;0;0;0;2;0;0;0;1;3;3;0;0;0;0;0;2;0;0;2;9
3161106;São Francisco;MG;Mapeado;2026-09;181;319;61;168;45;99;59;168;34;104;27;77;0;0;0;3;5;20;1;1;0;6;6;8;1;2;0;0;0;2;0;0;3;15
3161205;São Francisco de Paula;MG;Mapeado;2026-09;28;50;5;19;6;15;14;36;3;12;2;10;0;0;0;0;0;4;0;0;0;0;3;3;0;0;0;0;0;0;0;0;0;0
3161304;São Francisco de Sales;MG;Mapeado;2026-09;34;56;5;17;6;14;22;39;3;8;2;9;0;0;0;0;0;1;0;0;0;0;1;1;0;0;0;0;0;1;0;1;0;0
3161403;São Francisco do Glória;MG;Mapeado;2026-09;33;56;10;27;6;13;16;42;6;21;4;8;0;0;0;0;1;3;0;0;0;0;0;0;0;0;0;0;0;1;0;0;0;1
3161056;São Félix de Minas;MG;Mapeado;2026-09;16;25;6;11;4;8;6;16;3;8;3;5;0;0;0;0;0;2;0;0;0;0;0;0;0;0;0;0;0;1;0;0;0;1
3161502;São Geraldo;MG;Mapeado;2026-09;69;116;30;67;15;42;18;75;16;42;14;26;0;0;0;0;2;8;0;0;0;0;4;4;0;0;0;0;0;1;0;0;0;3
3161601;São Geraldo da Piedade;MG;Mapeado;2026-09;19;28;9;13;3;8;6;20;7;11;2;6;0;0;0;0;1;3;0;0;0;0;0;0;0;0;0;0;0;0;0;0;0;0
3161650;São Geraldo do Baixio;MG;Mapeado;2026-09;8;24;3;7;2;10;2;17;2;5;1;3;0;0;0;0;0;0;0;0;0;0;0;0;0;0;0;0;0;0;0;1;1;1
3161700;São Gonçalo do Abaeté;MG;Mapeado;2026-09;39;83;6;26;17;35;11;46;1;14;5;16;0;0;0;0;1;7;0;0;0;0;4;4;0;0;0;0;0;2;0;0;0;3
3161809;São Gonçalo do Pará;MG;Mapeado;2026-09;96;126;35;51;20;35;33;67;22;37;13;31;0;0;1;1;4;9;0;0;0;0;2;2;0;0;0;0;0;0;0;0;1;7
3161908;São Gonçalo do Rio Abaixo;MG;Mapeado;2026-09;104;165;35;71;27;48;37;107;20;55;15;22;0;0;0;0;0;7;0;0;0;0;4;4;0;0;0;0;0;0;0;0;1;8
3125507;São Gonçalo do Rio Preto;MG;Mapeado;2026-09;24;44;8;21;7;18;9;25;5;13;3;9;0;0;0;0;0;2;0;0;0;0;0;0;0;0;0;0;0;0;0;0;0;3
3162005;São Gonçalo do Sapucaí;MG;Mapeado;2026-09;174;302;52;125;41;88;73;208;34;88;18;45;0;0;0;1;3;9;0;0;0;1;4;4;0;0;0;0;0;1;0;1;1;8
3162104;São Gotardo;MG;Mapeado;2026-09;303;449;119;219;53;106;111;289;81;160;38;78;0;0;0;3;8;17;0;1;0;5;8;8;0;1;0;0;0;7;0;0;4;16
3162922;São Joaquim de Bicas;MG;Mapeado;2026-09;191;303;43;108;65;131;75;188;24;75;19;47;0;0;0;0;6;12;0;0;0;3;0;0;0;0;0;0;0;2;1;1;1;7
3162948;São José da Barra;MG;Mapeado;2026-09;103;166;19;65;25;58;55;137;13;50;6;28;0;0;0;0;1;7;0;0;0;0;1;1;0;0;0;0;0;3;0;0;2;5
3162955;São José da Lapa;MG;Mapeado;2026-09;168;278;43;106;53;100;53;158;24;72;19;43;0;0;0;0;7;18;0;2;0;3;6;6;0;2;0;0;0;3;0;2;6;25
3163003;São José da Safira;MG;Mapeado;2026-09;16;24;2;5;5;7;7;13;2;5;0;0;0;0;0;0;0;0;0;0;0;0;1;1;0;0;0;0;0;1;0;0;1;1
3163102;São José da Varginha;MG;Mapeado;2026-09;23;38;6;15;6;15;9;22;3;13;3;10;0;0;0;0;1;4;0;0;0;0;1;1;0;0;0;0;0;0;0;0;0;0
3163201;São José do Alegre;MG;Mapeado;2026-09;33;46;5;16;13;23;12;29;3;12;2;6;0;0;0;0;2;3;0;0;0;0;1;3;0;0;0;0;0;0;0;0;0;1
3163300;São José do Divino;MG;Mapeado;2026-09;12;23;2;6;1;4;8;15;1;4;1;2;0;0;0;0;0;1;0;0;0;0;0;0;0;0;0;0;0;0;1;1;0;0
3163409;São José do Goiabal;MG;Mapeado;2026-09;44;88;13;43;7;35;24;60;12;36;1;14;0;0;0;0;0;7;0;0;0;0;0;0;0;0;0;0;0;0;0;1;0;3
3163508;São José do Jacuri;MG;Mapeado;2026-09;12;30;7;17;2;12;2;18;4;9;3;10;0;0;0;0;1;1;0;0;0;0;0;0;0;0;0;0;0;0;0;1;0;0
3163607;São José do Mantimento;MG;Mapeado;2026-09;12;22;5;11;4;4;2;15;1;6;4;6;0;0;0;0;1;2;0;0;0;0;0;0;0;0;0;0;0;1;0;0;0;1
3162203;São João Batista do Glória;MG;Mapeado;2026-09;79;149;20;66;25;63;25;77;16;48;4;22;0;0;0;0;2;8;0;0;0;0;1;1;0;0;0;0;0;0;0;0;6;12
3162807;São João Evangelista;MG;Mapeado;2026-09;115;205;36;85;32;66;38;126;20;51;16;41;0;0;0;0;1;11;0;0;0;0;7;9;1;1;0;0;0;1;0;2;0;6
3162906;São João Nepomuceno;MG;Mapeado;2026-09;207;319;51;124;44;82;90;189;35;93;16;42;0;0;0;0;6;23;1;4;0;3;12;14;0;2;0;0;0;1;1;1;2;14
3162252;São João da Lagoa;MG;Mapeado;2026-09;12;21;2;5;3;5;6;11;0;2;2;3;0;0;0;0;1;2;0;0;0;0;0;0;0;0;0;0;0;0;0;0;0;3
3162302;São João da Mata;MG;Mapeado;2026-09;28;37;14;21;7;8;6;21;8;13;6;9;0;0;0;0;0;2;0;0;0;0;1;1;0;0;0;0;0;0;0;0;0;1
3162401;São João da Ponte;MG;Mapeado;2026-09;41;97;9;57;14;35;15;54;6;45;3;27;0;0;0;0;2;12;0;0;0;0;1;2;0;0;0;0;0;1;0;0;0;3
3162450;São João das Missões;MG;Mapeado;2026-09;18;40;9;18;4;11;5;16;3;9;6;10;0;0;0;0;0;0;0;1;0;1;0;0;0;0;0;0;0;1;0;0;0;2
3162500;São João del Rei;MG;Mapeado;2026-09;713;1137;218;434;180;376;238;582;145;315;73;170;0;0;3;6;26;79;2;7;0;10;24;30;0;1;0;1;0;4;5;15;17;96
3162559;São João do Manhuaçu;MG;Mapeado;2026-09;36;61;6;23;18;28;11;47;3;16;3;11;0;0;0;0;1;6;0;0;0;0;0;0;0;1;0;0;0;0;0;0;0;2
3162575;São João do Manteninha;MG;Mapeado;2026-09;34;54;6;20;9;16;18;39;3;13;3;10;0;0;0;0;1;3;0;0;0;0;0;0;0;0;0;0;0;4;0;0;0;2
3162609;São João do Oriente;MG;Mapeado;2026-09;31;59;12;29;4;18;12;37;5;19;7;17;0;0;0;0;1;6;0;0;0;0;2;3;0;0;0;0;0;5;0;1;0;2
3162658;São João do Pacuí;MG;Mapeado;2026-09;7;17;0;4;2;4;5;14;0;2;0;3;0;0;0;0;0;2;0;0;0;0;0;0;0;0;0;0;0;1;0;0;0;0
3162708;São João do Paraíso;MG;Mapeado;2026-09;56;113;11;33;18;32;25;70;5;18;6;20;0;0;0;0;0;4;0;0;0;0;1;3;0;0;0;0;0;0;0;0;1;6
3163706;São Lourenço;MG;Mapeado;2026-09;469;812;74;198;117;245;217;514;50;144;24;73;0;0;1;2;14;64;1;2;1;7;7;10;4;10;0;0;0;4;1;9;32;95
3163805;São Miguel do Anta;MG;Mapeado;2026-09;14;39;5;14;2;17;4;22;3;9;2;6;0;0;0;0;1;4;0;0;0;0;1;1;0;0;0;0;0;0;0;0;1;3
3163904;São Pedro da União;MG;Mapeado;2026-09;27;39;14;29;6;11;6;28;7;23;7;15;0;0;0;0;0;1;0;0;0;0;0;0;0;0;0;0;0;2;0;0;1;1
3164100;São Pedro do Suaçuí;MG;Mapeado;2026-09;23;48;7;24;5;20;9;32;4;12;3;14;0;0;0;0;0;5;0;0;0;0;1;2;0;0;0;0;0;0;0;0;1;2
3164001;São Pedro dos Ferros;MG;Mapeado;2026-09;31;73;15;41;6;21;8;40;7;26;8;26;0;0;0;1;0;4;0;0;0;0;1;1;0;0;0;0;0;0;0;0;1;3
3164209;São Romão;MG;Mapeado;2026-09;32;65;9;40;10;17;13;42;3;30;6;19;0;0;0;0;0;3;0;0;0;0;0;1;0;0;0;0;0;1;0;0;0;0
3164308;São Roque de Minas;MG;Mapeado;2026-09;70;134;15;55;26;59;26;81;7;45;8;20;0;0;0;0;1;3;0;1;0;1;1;1;0;1;0;0;0;0;0;0;1;9
3164407;São Sebastião da Bela Vista;MG;Mapeado;2026-09;49;85;14;30;17;29;15;49;10;20;4;12;0;0;0;1;0;8;0;0;0;1;2;2;0;2;0;0;0;0;0;0;1;5
3164431;São Sebastião da Vargem Alegre;MG;Mapeado;2026-09;22;41;8;28;8;17;6;31;4;20;4;18;0;0;0;0;0;6;0;0;0;0;0;0;0;0;0;0;0;0;0;1;0;2
3164472;São Sebastião do Anta;MG;Mapeado;2026-09;17;27;5;15;3;6;8;16;0;7;5;9;0;0;0;0;1;3;0;0;0;0;0;0;0;0;0;0;0;0;0;0;0;0
3164506;São Sebastião do Maranhão;MG;Mapeado;2026-09;15;31;4;12;4;12;7;23;2;9;2;7;0;0;0;0;0;7;0;0;0;0;0;0;0;0;0;0;0;1;0;0;0;2
3164605;São Sebastião do Oeste;MG;Mapeado;2026-09;44;72;16;24;15;23;11;49;7;16;9;12;0;0;0;0;1;2;0;0;0;0;0;0;0;0;0;0;0;0;0;0;1;4
3164704;São Sebastião do Paraíso;MG;Mapeado;2026-09;401;621;70;161;80;160;217;437;50;126;20;49;0;0;1;1;16;33;1;2;0;2;10;11;0;0;0;0;0;3;0;2;6;20
3164803;São Sebastião do Rio Preto;MG;Mapeado;2026-09;8;18;3;9;2;13;3;11;3;8;0;5;0;0;0;0;0;1;0;0;0;0;0;0;0;0;0;0;0;0;0;0;0;1
3164902;São Sebastião do Rio Verde;MG;Mapeado;2026-09;24;42;5;16;4;12;14;36;3;8;2;8;0;0;0;0;1;3;0;0;0;0;0;0;0;0;0;0;0;2;0;0;0;1
3165008;São Tiago;MG;Mapeado;2026-09;94;192;37;103;17;61;28;118;29;87;8;25;0;0;1;1;6;19;0;0;0;1;5;5;0;0;0;0;0;1;0;0;0;8
3165107;São Tomás de Aquino;MG;Mapeado;2026-09;35;54;7;19;3;8;24;44;2;10;5;9;0;0;0;0;0;2;0;0;0;0;1;1;0;0;0;0;0;1;0;0;0;0
3165206;São Tomé das Letras;MG;Mapeado;2026-09;209;354;50;194;79;164;68;251;23;113;27;122;0;0;0;0;3;29;0;0;1;3;4;8;0;0;0;0;0;5;0;3;4;15
3165305;São Vicente de Minas;MG;Mapeado;2026-09;65;113;23;53;13;30;25;80;17;39;6;17;0;0;0;0;0;4;0;2;0;1;4;4;0;0;0;0;0;1;0;1;0;6
3167905;Tabuleiro;MG;Mapeado;2026-09;31;52;7;21;9;24;14;38;5;17;2;9;0;0;0;0;0;1;0;1;0;1;0;0;0;0;0;0;0;0;0;0;1;3
3168002;Taiobeiras;MG;Mapeado;2026-09;183;312;49;117;38;88;85;192;33;94;16;40;0;0;0;0;3;36;0;1;0;0;4;7;0;0;0;0;0;2;1;2;3;22
3168051;Taparuba;MG;Mapeado;2026-09;18;28;11;20;4;9;3;17;9;18;2;5;0;0;0;0;0;1;0;0;0;0;0;0;0;0;0;0;0;9;0;0;0;1
3168101;Tapira;MG;Mapeado;2026-09;23;51;6;19;7;14;10;32;4;14;2;5;0;0;0;0;0;4;0;0;0;0;0;0;0;0;0;0;0;1;0;0;0;3
3168200;Tapiraí;MG;Mapeado;2026-09;3;6;1;3;1;2;1;4;1;1;0;3;0;0;0;0;0;1;0;0;0;0;0;0;0;0;0;0;0;0;0;0;0;0
3168309;Taquaraçu de Minas;MG;Mapeado;2026-09;26;53;9;21;8;22;8;28;4;11;5;14;0;0;0;0;0;5;0;0;0;1;1;2;0;0;0;0;0;2;0;0;0;1
3168408;Tarumirim;MG;Mapeado;2026-09;63;106;14;43;15;32;32;77;8;37;6;9;0;0;0;0;1;7;0;0;0;0;1;3;0;0;0;0;0;3;0;2;0;4
3168507;Teixeiras;MG;Mapeado;2026-09;49;103;12;34;10;38;25;70;7;23;5;15;0;0;0;0;0;9;0;0;0;1;1;1;0;0;0;0;0;2;0;1;1;7
3168606;Teófilo Otoni;MG;Mapeado;2026-09;781;1246;205;465;213;451;326;806;127;329;78;187;0;0;2;8;9;65;4;8;0;5;8;14;1;1;0;1;0;13;4;9;9;56
3168705;Timóteo;MG;Mapeado;2026-09;451;684;66;148;142;230;199;387;40;110;26;66;0;0;0;0;15;39;0;4;0;17;15;17;1;1;0;0;0;0;2;3;11;58
3168804;Tiradentes;MG;Mapeado;2026-09;197;372;30;120;110;200;48;182;18;88;12;51;0;0;0;2;5;52;0;3;0;8;4;5;0;1;0;0;0;0;0;0;0;20
3168903;Tiros;MG;Mapeado;2026-09;48;78;17;33;8;18;17;50;10;23;7;16;0;0;0;1;0;5;0;0;1;2;5;5;0;0;0;0;0;1;0;0;0;1
3169000;Tocantins;MG;Mapeado;2026-09;100;148;38;64;18;35;37;86;29;50;9;21;0;0;0;1;3;8;0;0;0;1;4;4;0;0;0;0;0;1;0;1;0;4
3169059;Tocos do Moji;MG;Mapeado;2026-09;18;32;5;13;5;12;7;23;3;9;2;5;0;0;0;0;1;2;0;0;0;0;0;0;0;0;0;0;0;0;0;0;0;0
3169109;Toledo;MG;Mapeado;2026-09;54;76;16;38;10;31;28;57;12;29;4;12;0;0;0;0;0;3;0;0;0;0;0;0;0;0;0;0;0;1;0;0;0;2
3169208;Tombos;MG;Mapeado;2026-09;74;141;21;76;11;40;33;97;11;52;10;34;0;0;0;4;1;21;0;0;0;0;7;7;0;0;0;0;0;2;0;0;1;7
3169307;Três Corações;MG;Mapeado;2026-09;508;758;99;209;106;213;258;509;70;154;29;82;0;0;1;7;15;42;2;3;0;4;17;18;0;2;0;0;0;5;1;4;9;30
3169356;Três Marias;MG;Mapeado;2026-09;248;418;73;158;71;154;88;271;43;113;30;67;0;0;0;0;6;29;0;1;1;4;4;4;0;0;0;0;0;1;2;4;3;17
3169406;Três Pontas;MG;Mapeado;2026-09;291;490;87;176;59;136;118;262;50;113;37;76;0;0;0;1;5;24;0;0;0;1;10;12;1;2;0;0;0;0;1;3;10;30
3169505;Tumiritinga;MG;Mapeado;2026-09;32;61;5;21;10;21;12;39;2;15;3;8;0;0;0;0;1;10;1;2;0;1;2;3;1;2;0;0;0;3;0;0;0;2
3169604;Tupaciguara;MG;Mapeado;2026-09;139;240;35;81;46;77;47;144;22;65;13;25;0;0;0;0;5;13;1;2;0;2;3;4;0;0;0;0;0;0;0;1;2;7
3169703;Turmalina;MG;Mapeado;2026-09;99;180;35;75;17;47;30;110;18;42;17;45;0;0;0;0;2;15;0;0;0;1;8;8;2;2;0;0;0;1;0;0;5;13
3169802;Turvolândia;MG;Mapeado;2026-09;30;50;8;24;7;14;14;36;5;17;3;12;0;0;0;0;1;2;0;0;0;0;0;0;0;0;0;0;0;0;0;0;0;0
3170057;Ubaporanga;MG;Mapeado;2026-09;56;95;23;51;4;22;18;54;10;30;13;27;0;0;0;0;7;19;0;0;0;0;4;4;0;0;0;0;0;3;0;1;0;3
3170008;Ubaí;MG;Mapeado;2026-09;25;52;15;31;3;16;7;28;6;26;9;13;0;0;0;0;0;5;0;0;0;1;0;0;0;0;0;0;0;0;0;0;0;0
3170107;Uberaba;MG;Mapeado;2026-09;2417;3585;556;1149;767;1327;929;2151;355;811;201;459;0;0;2;20;79;187;8;13;1;27;38;43;3;3;0;0;0;17;2;11;32;134
3170206;Uberlândia;MG;Mapeado;2026-09;5162;8406;805;2170;1998;3608;1982;4753;494;1593;311;832;0;0;5;20;159;469;8;49;1;89;61;95;7;17;0;2;7;55;22;65;107;527
3169901;Ubá;MG;Mapeado;2026-09;559;817;133;273;125;226;248;506;107;229;26;67;0;0;2;4;8;25;1;1;0;4;21;25;0;1;0;0;0;4;0;5;21;64
3170305;Umburatiba;MG;Mapeado;2026-09;16;21;6;8;1;2;7;12;5;6;1;2;0;0;0;0;1;1;0;0;0;0;0;0;0;0;0;0;0;0;0;0;1;1
3170404;Unaí;MG;Mapeado;2026-09;473;725;87;229;145;251;203;449;56;171;31;77;0;0;1;2;7;27;0;0;0;4;14;18;1;1;0;0;0;4;1;2;14;46
3170438;União de Minas;MG;Mapeado;2026-09;21;34;6;13;5;16;10;24;1;6;5;7;0;0;0;0;0;0;0;0;0;0;0;1;0;0;0;0;0;2;0;0;0;0
3170479;Uruana de Minas;MG;Mapeado;2026-09;11;32;0;12;4;13;7;23;0;9;0;5;0;0;0;0;0;2;0;0;0;0;0;0;0;0;0;0;0;1;0;0;0;0
3170529;Urucuia;MG;Mapeado;2026-09;31;78;7;28;10;37;13;50;3;14;4;18;0;0;0;0;1;7;0;0;0;0;0;1;0;0;0;0;0;1;0;0;0;6
3170503;Urucânia;MG;Mapeado;2026-09;56;89;21;36;8;20;23;56;16;25;5;14;0;0;0;1;1;6;0;0;0;1;3;3;0;0;0;0;0;1;0;0;0;2
3170578;Vargem Alegre;MG;Mapeado;2026-09;24;49;7;16;5;17;11;37;0;4;7;13;0;0;0;0;1;2;0;0;0;0;0;0;0;0;0;0;0;2;0;0;0;1
3170602;Vargem Bonita;MG;Mapeado;2026-09;26;54;2;19;13;30;11;36;0;8;2;15;0;0;0;0;0;4;0;0;0;0;0;0;0;0;0;0;0;0;0;0;0;4
3170651;Vargem Grande do Rio Pardo;MG;Mapeado;2026-09;8;21;3;9;3;5;2;11;2;7;1;2;0;0;0;0;0;0;0;0;0;0;0;0;0;0;0;0;0;0;0;0;0;3
3170701;Varginha;MG;Mapeado;2026-09;981;1504;192;431;262;530;434;878;129;317;63;149;0;0;0;4;25;75;1;6;2;10;29;37;1;4;1;1;0;4;6;15;28;106
3170750;Varjão de Minas;MG;Mapeado;2026-09;34;82;13;50;11;28;6;51;6;42;7;24;0;0;0;0;4;10;0;0;0;0;0;0;0;0;0;0;0;1;0;1;0;1
3170909;Varzelândia;MG;Mapeado;2026-09;47;89;7;32;16;26;20;58;3;21;4;16;0;0;0;0;0;5;0;0;0;0;4;6;0;0;0;0;0;0;0;0;0;4
3171006;Vazante;MG;Mapeado;2026-09;122;206;40;99;25;62;43;122;24;79;16;36;0;0;1;5;8;19;0;0;0;2;5;5;0;0;0;0;0;1;0;0;0;7
3171030;Verdelândia;MG;Mapeado;2026-09;17;34;7;16;4;7;5;17;5;11;2;10;0;0;0;0;1;6;0;0;0;0;0;0;0;0;0;0;0;0;0;0;0;1
3171071;Veredinha;MG;Mapeado;2026-09;29;41;8;21;8;14;11;23;3;12;5;11;0;0;0;0;0;3;0;0;0;0;1;2;0;0;0;0;0;1;0;0;1;1
3171154;Vermelho Novo;MG;Mapeado;2026-09;23;37;6;17;2;12;13;26;2;10;4;9;0;0;0;0;0;1;0;0;0;0;1;2;1;1;0;0;0;1;0;0;0;1
3171105;Veríssimo;MG;Mapeado;2026-09;20;31;7;13;5;8;8;26;3;8;4;5;0;0;0;0;0;0;0;0;0;0;0;0;0;0;0;0;0;0;0;0;0;0
3171204;Vespasiano;MG;Mapeado;2026-09;747;1153;141;319;259;464;271;663;68;184;73;168;0;0;1;1;24;64;0;0;0;1;23;25;1;1;0;0;0;6;3;4;24;73
3171402;Vieiras;MG;Mapeado;2026-09;15;27;5;10;3;8;6;19;5;9;0;2;0;0;0;0;0;0;0;0;0;0;1;1;0;0;0;0;0;0;0;0;0;0
3171600;Virgem da Lapa;MG;Mapeado;2026-09;40;74;13;27;9;28;17;36;10;21;3;7;0;0;0;0;0;11;0;0;0;3;1;1;0;0;0;0;0;0;0;2;0;6
3171808;Virginópolis;MG;Mapeado;2026-09;59;94;22;57;14;32;19;61;15;49;7;23;0;0;0;0;1;6;0;0;0;1;2;2;0;0;0;0;0;0;0;1;1;3
3171907;Virgolândia;MG;Mapeado;2026-09;20;38;9;19;4;4;5;26;8;15;1;5;0;0;0;0;1;2;0;1;0;0;1;1;0;0;0;0;0;2;0;0;0;0
3171709;Virgínia;MG;Mapeado;2026-09;81;174;27;98;5;43;27;108;18;79;9;50;0;0;0;2;0;8;0;0;0;0;1;2;1;3;0;0;0;3;0;0;20;31
3172004;Visconde do Rio Branco;MG;Mapeado;2026-09;202;356;58;149;38;89;85;229;42;129;16;43;0;0;0;0;7;22;0;0;0;1;6;6;0;0;0;0;0;2;2;7;6;26
3171303;Viçosa;MG;Mapeado;2026-09;555;849;147;304;153;285;208;444;97;213;50;132;0;0;2;10;14;53;1;6;1;14;17;18;0;1;0;0;0;3;2;5;10;54
3172103;Volta Grande;MG;Mapeado;2026-09;33;54;14;30;8;14;11;33;8;21;6;15;0;0;0;0;0;2;0;0;0;0;0;0;0;0;0;0;0;0;0;0;0;2
3170800;Várzea da Palma;MG;Mapeado;2026-09;178;326;65;152;32;67;61;173;45;120;20;43;0;0;1;4;6;33;1;1;0;0;9;9;0;2;0;0;0;3;0;0;3;11
3172202;Wenceslau Braz;MG;Mapeado;2026-09;21;35;9;23;2;9;10;29;7;19;2;6;0;0;0;0;0;1;0;0;0;0;0;0;0;0;0;0;0;6;0;1;0;0
3100609;Água Boa;MG;Mapeado;2026-09;19;49;1;18;8;18;10;39;0;14;1;11;0;0;0;0;0;5;0;0;0;0;0;1;0;0;0;0;0;2;0;0;0;2
3100708;Água Comprida;MG;Mapeado;2026-09;11;24;4;12;3;4;3;12;2;7;2;6;0;0;0;0;0;1;0;0;0;0;1;1;0;0;0;0;0;0;0;0;0;3
3100906;Águas Formosas;MG;Mapeado;2026-09;87;142;36;80;12;31;33;68;17;47;19;38;0;0;0;2;1;4;0;0;0;0;4;4;0;0;0;0;0;1;0;0;1;2
3101003;Águas Vermelhas;MG;Mapeado;2026-09;26;59;7;19;12;28;6;40;3;11;4;9;0;0;0;0;0;5;0;0;0;0;1;1;0;0;0;0;0;0;0;0;0;1
5000252;Alcinópolis;MS;Mapeado;2026-09;36;71;12;26;8;19;12;47;5;9;7;17;0;0;0;0;2;17;0;0;0;2;1;1;0;0;0;0;0;5;0;0;1;5
5000609;Amambai;MS;Mapeado;2026-09;158;256;29;72;31;67;74;167;13;42;16;36;0;0;0;0;8;17;0;1;0;4;10;11;0;0;0;0;0;6;0;3;6;11
5000708;Anastácio;MS;Mapeado;2026-09;88;161;5;35;30;51;43;108;0;19;5;17;0;0;1;1;3;11;0;0;0;0;2;2;0;0;0;0;0;2;0;0;4;9
5000807;Anaurilândia;MS;Mapeado;2026-09;37;72;12;39;16;33;8;38;2;21;10;25;0;0;0;0;0;5;0;0;0;0;0;0;0;0;0;0;0;1;1;1;0;2
5000856;Angélica;MS;Mapeado;2026-09;36;57;5;12;9;22;18;40;4;10;1;5;0;0;0;0;1;5;0;0;0;0;3;4;0;0;0;0;0;0;0;0;0;0
5000906;Antônio João;MS;Mapeado;2026-09;48;80;2;11;13;29;31;60;0;7;2;7;0;0;0;1;1;9;0;0;0;0;1;1;0;0;0;0;0;2;0;1;0;1
5001003;Aparecida do Taboado;MS;Mapeado;2026-09;185;311;44;112;60;96;68;183;35;92;9;35;0;0;0;4;5;19;0;0;0;3;3;8;0;1;0;0;0;3;1;2;4;15
5001102;Aquidauana;MS;Mapeado;2026-09;250;428;40;121;74;156;104;263;14;60;26;70;0;0;0;1;8;38;1;3;1;9;19;21;0;3;0;1;0;7;1;4;2;20
5001243;Aral Moreira;MS;Mapeado;2026-09;44;78;10;25;10;29;20;56;2;11;8;16;0;0;0;0;2;5;0;0;0;0;1;1;0;0;0;0;1;5;0;0;0;2
5001508;Bandeirantes;MS;Mapeado;2026-09;52;86;7;23;19;36;25;61;2;11;5;14;0;0;0;0;0;2;0;0;0;0;1;1;0;1;0;0;0;2;0;0;0;2
5001904;Bataguassu;MS;Mapeado;2026-09;157;265;29;73;54;108;66;176;13;42;16;39;0;0;0;1;2;12;0;0;0;1;2;3;0;0;0;0;0;0;1;2;3;9
5002001;Batayporã;MS;Mapeado;2026-09;63;106;9;38;20;45;28;78;8;33;1;5;0;0;0;0;2;6;0;0;0;0;3;3;0;0;0;0;0;0;0;0;1;2
5002100;Bela Vista;MS;Mapeado;2026-09;94;155;16;51;24;38;45;97;10;32;6;20;0;0;0;0;4;10;0;0;0;0;3;5;0;0;0;0;0;1;0;1;2;6
5002159;Bodoquena;MS;Mapeado;2026-09;52;116;9;34;13;52;21;79;4;15;5;23;0;0;0;0;0;9;0;0;0;0;1;2;0;1;0;0;0;2;0;0;8;22
5002209;Bonito;MS;Mapeado;2026-09;301;535;58;172;81;204;112;311;23;92;35;108;0;0;0;2;6;36;0;0;1;3;5;6;1;10;0;0;0;5;0;3;37;90
5002308;Brasilândia;MS;Mapeado;2026-09;76;115;18;41;32;58;22;63;10;25;8;19;0;0;0;0;2;8;0;0;0;0;1;1;0;0;0;0;0;2;0;0;1;1
5002407;Caarapó;MS;Mapeado;2026-09;175;282;36;89;34;66;86;192;14;45;22;52;0;0;0;0;7;24;0;0;0;2;7;8;0;0;0;0;0;17;0;2;5;13
5002605;Camapuã;MS;Mapeado;2026-09;121;198;44;105;24;47;41;119;34;92;10;31;0;0;0;0;2;13;0;0;0;0;7;8;0;0;0;0;1;12;0;0;2;6
5002704;Campo Grande;MS;Mapeado;2026-09;6361;11043;623;2164;2583;4548;2691;6553;367;1508;256;854;0;0;10;26;174;765;10;68;3;121;81;124;6;11;0;1;9;127;20;92;151;696
5002803;Caracol;MS;Mapeado;2026-09;32;53;8;16;8;21;14;33;2;7;6;10;0;0;0;0;1;5;0;0;0;0;1;2;0;0;0;0;0;0;0;0;0;0
5002902;Cassilândia;MS;Mapeado;2026-09;137;249;38;98;29;69;63;177;20;69;18;32;0;0;0;0;1;10;0;0;0;1;5;6;0;0;0;0;0;1;0;1;1;6
5002951;Chapadão do Sul;MS;Mapeado;2026-09;263;477;51;128;72;146;125;329;24;78;27;63;0;0;0;2;4;22;0;0;0;1;7;7;1;1;0;0;1;27;1;3;1;16
5003108;Corguinho;MS;Mapeado;2026-09;25;56;4;22;6;28;13;39;1;12;3;14;0;0;0;0;1;5;0;0;0;0;1;1;0;0;0;0;0;1;0;0;0;2
5003157;Coronel Sapucaia;MS;Mapeado;2026-09;42;70;3;19;10;17;27;49;2;13;1;9;0;0;0;1;1;7;0;0;0;0;0;0;0;0;0;0;0;1;0;2;1;4
5003207;Corumbá;MS;Mapeado;2026-09;561;935;88;246;151;277;249;553;53;148;35;109;0;0;2;5;25;71;2;4;2;7;18;23;0;0;0;0;1;8;1;5;22;62
5003256;Costa Rica;MS;Mapeado;2026-09;213;392;45;137;61;142;91;257;29;93;16;53;0;0;0;2;7;33;0;0;0;0;6;9;0;0;0;0;1;14;0;4;2;10
5003306;Coxim;MS;Mapeado;2026-09;173;317;38;97;47;88;73;189;22;59;16;46;0;0;0;1;2;13;0;1;0;1;11;13;0;0;0;0;0;2;0;1;2;12
5003454;Deodápolis;MS;Mapeado;2026-09;68;127;18;45;16;40;29;91;14;31;4;25;0;0;0;1;2;7;0;0;0;0;3;3;0;0;0;0;0;2;0;0;0;2
5003488;Dois Irmãos do Buriti;MS;Mapeado;2026-09;36;73;0;17;9;33;23;50;0;10;0;8;0;0;0;0;2;3;0;0;0;0;0;0;0;0;0;0;0;1;0;0;2;6
5003504;Douradina;MS;Mapeado;2026-09;28;45;4;7;10;17;11;30;1;4;3;3;0;0;0;0;1;2;0;0;0;0;2;3;0;0;0;0;0;2;0;0;0;0
5003702;Dourados;MS;Mapeado;2026-09;1297;2112;119;405;455;804;593;1279;60;251;59;192;0;0;2;8;42;114;1;5;0;9;41;52;3;8;1;1;1;19;2;11;37;145
5003751;Eldorado;MS;Mapeado;2026-09;53;79;10;28;13;19;27;54;9;23;1;5;0;0;0;0;1;1;0;1;0;0;1;1;0;0;0;0;0;0;0;0;1;4
5003900;Figueirão;MS;Mapeado;2026-09;22;54;3;16;5;16;11;35;1;13;2;6;0;0;0;0;1;8;0;0;0;0;2;2;0;0;0;0;0;5;0;0;0;1
5003801;Fátima do Sul;MS;Mapeado;2026-09;95;156;11;35;23;49;49;92;5;19;6;18;0;0;0;0;3;7;0;2;0;0;7;7;1;1;0;0;0;1;0;1;1;8
5004007;Glória de Dourados;MS;Mapeado;2026-09;76;110;18;41;18;35;35;73;13;27;5;17;0;0;0;0;1;4;0;0;0;1;3;3;0;0;0;0;0;4;0;1;1;4
5004106;Guia Lopes da Laguna;MS;Mapeado;2026-09;48;89;10;22;13;25;18;58;5;15;5;8;0;0;0;0;0;2;0;0;0;0;7;7;0;0;0;0;0;3;0;0;0;3
5004304;Iguatemi;MS;Mapeado;2026-09;61;114;19;46;7;26;28;74;9;28;10;22;0;0;0;0;1;9;0;0;0;6;6;7;0;0;0;0;0;1;0;1;0;3
5004403;Inocência;MS;Mapeado;2026-09;124;320;22;112;46;163;50;209;5;46;17;75;0;0;0;2;1;7;0;0;0;0;3;3;0;1;0;0;0;5;0;0;2;4
5004502;Itaporã;MS;Mapeado;2026-09;70;118;10;35;17;29;32;65;8;25;2;13;0;0;0;0;3;8;0;0;0;0;5;5;0;1;0;0;0;1;0;0;3;13
5004601;Itaquiraí;MS;Mapeado;2026-09;62;103;14;43;18;28;26;65;13;37;1;15;0;0;0;0;1;3;0;0;0;0;1;1;0;0;0;0;0;1;0;0;2;6
5004700;Ivinhema;MS;Mapeado;2026-09;136;227;32;76;30;70;69;157;18;46;14;33;0;0;0;1;2;8;0;1;0;1;3;4;0;0;0;0;0;1;0;0;0;4
5004809;Japorã;MS;Mapeado;2026-09;13;26;2;8;1;7;9;18;2;6;0;2;0;0;0;0;0;1;0;0;0;0;1;2;0;0;0;0;0;0;0;0;0;1
5004908;Jaraguari;MS;Mapeado;2026-09;36;58;8;17;14;24;11;29;4;6;4;11;0;0;0;0;2;10;0;0;0;0;0;0;0;0;0;0;0;0;0;0;1;6
5005004;Jardim;MS;Mapeado;2026-09;136;277;18;83;45;102;60;181;7;42;11;49;0;0;0;0;4;23;0;0;0;0;6;6;0;1;0;0;0;9;0;0;3;15
5005103;Jateí;MS;Mapeado;2026-09;9;24;0;13;5;7;3;15;0;8;0;7;0;0;0;0;0;5;0;0;0;0;0;0;0;0;0;0;0;0;0;0;1;2
5005152;Juti;MS;Mapeado;2026-09;26;57;3;29;9;16;14;38;2;15;1;16;0;0;0;0;0;6;0;0;0;0;0;0;0;0;0;0;0;1;0;0;0;1
5005202;Ladário;MS;Mapeado;2026-09;95;158;26;48;17;39;40;85;3;11;23;39;0;0;0;1;8;21;0;0;0;0;2;3;0;0;0;0;0;1;0;1;2;12
5005251;Laguna Carapã;MS;Mapeado;2026-09;38;79;17;39;9;22;7;43;9;30;8;13;0;0;0;0;3;11;0;0;0;0;2;2;0;0;0;0;0;9;0;0;0;2
5005400;Maracaju;MS;Mapeado;2026-09;233;425;33;124;70;156;94;280;13;69;20;69;0;0;0;4;10;41;0;0;0;0;19;23;0;0;0;0;1;19;0;2;6;13
5005608;Miranda;MS;Mapeado;2026-09;92;171;19;43;21;65;43;96;13;37;6;12;0;0;0;4;5;15;0;0;0;0;2;3;0;1;0;0;0;2;0;0;2;12
5005681;Mundo Novo;MS;Mapeado;2026-09;113;182;18;56;34;57;54;122;8;35;10;27;0;0;0;0;0;4;0;0;0;3;5;7;0;0;0;0;0;1;0;0;2;7
5005707;Naviraí;MS;Mapeado;2026-09;211;359;33;72;57;106;96;220;16;44;17;36;0;0;2;4;7;15;0;0;1;4;8;13;0;0;0;0;0;0;0;3;7;21
5005806;Nioaque;MS;Mapeado;2026-09;72;131;20;52;16;47;27;96;13;28;7;24;0;0;0;0;5;8;0;0;0;1;1;1;0;0;0;0;0;6;1;1;2;9
5006002;Nova Alvorada do Sul;MS;Mapeado;2026-09;148;260;19;80;55;96;63;178;8;45;11;48;0;0;0;0;4;24;0;0;0;1;5;6;0;0;0;0;0;9;1;1;1;10
5006200;Nova Andradina;MS;Mapeado;2026-09;289;494;64;171;81;158;115;328;43;123;21;62;0;0;0;0;4;14;0;0;1;5;9;10;0;0;0;1;1;11;1;3;13;27
5006259;Novo Horizonte do Sul;MS;Mapeado;2026-09;29;44;13;22;2;5;13;28;6;15;7;11;0;0;0;0;0;1;0;0;0;0;1;1;0;0;0;0;0;3;0;0;0;4
5006309;Paranaíba;MS;Mapeado;2026-09;283;469;38;117;107;191;113;270;18;86;20;55;0;0;0;0;12;33;0;0;0;1;6;6;1;1;0;0;0;8;0;3;6;18
5006358;Paranhos;MS;Mapeado;2026-09;28;53;3;9;4;13;19;44;1;5;2;4;0;0;0;0;0;2;0;0;0;0;2;3;0;0;0;0;0;0;0;0;0;4
5006275;Paraíso das Águas;MS;Mapeado;2026-09;50;99;12;40;15;45;23;73;3;21;9;21;0;0;0;0;0;6;0;0;0;0;0;0;0;0;0;0;0;2;0;1;0;2
5006408;Pedro Gomes;MS;Mapeado;2026-09;29;43;8;19;10;14;7;20;5;9;3;11;0;0;0;0;1;4;0;0;0;0;1;1;0;0;0;0;0;1;0;0;2;2
5006606;Ponta Porã;MS;Mapeado;2026-09;565;837;41;141;212;319;245;505;14;85;27;81;0;0;1;2;17;53;1;1;0;6;26;31;0;0;1;1;1;6;0;3;20;49
5006903;Porto Murtinho;MS;Mapeado;2026-09;54;146;8;47;13;52;29;88;2;24;6;26;0;0;0;0;2;15;0;0;0;0;1;1;0;0;0;0;0;4;0;0;1;14
5007109;Ribas do Rio Pardo;MS;Mapeado;2026-09;247;457;39;125;92;202;104;326;15;81;24;55;0;0;0;0;7;20;0;0;0;1;3;3;1;1;0;0;0;9;0;2;1;8
5007208;Rio Brilhante;MS;Mapeado;2026-09;169;320;11;81;49;106;97;235;6;44;5;46;0;0;0;1;3;15;0;0;0;1;6;7;0;0;0;1;1;7;0;0;2;5
5007307;Rio Negro;MS;Mapeado;2026-09;19;44;6;15;5;13;6;28;1;7;5;8;0;0;0;0;1;2;0;0;0;0;1;1;0;0;0;0;0;2;0;1;0;2
5007406;Rio Verde de Mato Grosso;MS;Mapeado;2026-09;115;184;28;65;24;52;52;115;9;25;19;41;0;0;0;0;5;18;0;0;1;2;3;3;0;0;0;0;0;1;0;1;2;10
5007505;Rochedo;MS;Mapeado;2026-09;33;71;9;32;4;29;19;51;3;20;6;19;0;0;0;0;0;3;0;0;0;0;1;1;0;0;0;0;0;4;0;0;0;2
5007554;Santa Rita do Pardo;MS;Mapeado;2026-09;48;91;9;30;16;41;21;58;5;20;4;14;0;0;0;0;1;3;0;0;0;0;1;1;0;0;0;0;0;0;0;0;0;3
5007802;Selvíria;MS;Mapeado;2026-09;47;89;10;37;13;30;21;59;6;26;4;18;0;0;2;3;0;4;0;0;0;0;1;1;0;0;0;0;0;3;0;1;0;1
5007703;Sete Quedas;MS;Mapeado;2026-09;31;49;10;16;4;12;15;38;10;16;0;2;0;0;0;0;0;1;0;0;0;0;2;2;0;0;0;0;0;1;0;0;0;1
5007901;Sidrolândia;MS;Mapeado;2026-09;225;377;29;101;83;146;87;234;17;66;12;47;0;0;2;2;5;20;0;2;0;2;10;11;0;0;0;0;0;7;0;1;9;31
5007935;Sonora;MS;Mapeado;2026-09;106;179;25;62;28;67;43;119;13;39;12;34;0;0;1;2;4;7;0;0;0;0;3;3;0;0;0;0;0;6;0;0;2;4
5007695;São Gabriel do Oeste;MS;Mapeado;2026-09;196;295;39;89;60;98;81;193;19;50;20;46;0;0;1;1;2;16;0;0;0;7;10;10;0;0;0;0;0;5;0;0;3;7
5007950;Tacuru;MS;Mapeado;2026-09;25;39;5;11;8;11;10;25;4;7;1;4;0;0;0;0;0;0;0;0;0;0;1;1;0;0;0;0;0;0;0;0;1;2
5007976;Taquarussu;MS;Mapeado;2026-09;15;26;5;10;2;4;8;19;2;4;3;6;0;0;0;0;0;2;0;0;0;0;0;0;0;0;0;0;0;0;0;0;0;0
5008008;Terenos;MS;Mapeado;2026-09;69;124;9;38;24;48;31;86;5;27;4;15;0;0;0;0;2;11;0;0;0;0;3;3;0;0;0;0;0;4;0;0;0;6
5008305;Três Lagoas;MS;Mapeado;2026-09;991;1511;157;372;333;542;389;890;96;236;61;160;0;0;3;13;49;99;1;3;0;9;27;32;2;5;0;0;0;12;4;10;26;74
5008404;Vicentina;MS;Mapeado;2026-09;21;36;5;13;9;12;3;14;3;9;2;4;0;0;0;0;0;5;0;0;0;1;3;3;0;0;0;0;0;0;0;0;1;4
5000203;Água Clara;MS;Mapeado;2026-09;142;284;32;110;57;129;44;192;20;82;12;48;0;0;1;3;7;30;0;1;0;0;0;1;0;0;0;0;0;2;0;3;1;7
5100102;Acorizal;MT;Mapeado;2026-09;28;57;3;20;8;21;14;35;1;8;2;12;0;0;0;0;2;8;0;0;0;0;0;0;0;0;0;0;0;0;0;0;1;1
5100250;Alta Floresta;MT;Mapeado;2026-09;312;500;65;164;91;167;123;302;26;90;39;94;0;0;0;4;9;32;1;3;1;6;10;18;0;2;0;0;0;7;0;0;12;29
5100300;Alto Araguaia;MT;Mapeado;2026-09;103;167;24;47;37;56;37;92;11;25;13;24;0;0;0;0;2;8;0;0;0;0;2;3;1;2;0;0;0;2;0;0;0;8
5100359;Alto Boa Vista;MT;Mapeado;2026-09;36;94;6;33;11;32;17;60;2;19;4;18;0;0;0;0;1;5;0;0;0;0;1;1;0;0;0;0;0;7;0;0;0;6
5100409;Alto Garças;MT;Mapeado;2026-09;66;115;18;37;17;38;28;75;11;24;7;15;0;0;0;0;2;5;0;0;0;0;1;1;0;0;0;0;0;11;0;0;0;2
5100508;Alto Paraguai;MT;Mapeado;2026-09;15;44;2;9;4;17;8;26;0;6;2;4;0;0;0;1;1;3;0;1;0;0;0;0;0;0;0;0;0;1;0;0;0;0
5100607;Alto Taquari;MT;Mapeado;2026-09;76;143;23;58;22;45;26;97;12;32;11;29;0;0;0;0;2;14;0;0;0;0;3;4;0;0;0;0;0;7;0;0;0;2
5100805;Apiacás;MT;Mapeado;2026-09;64;108;32;45;5;23;26;79;26;38;6;11;0;0;0;0;1;7;0;1;0;0;0;0;0;0;0;0;0;5;0;0;0;0
5101001;Araguaiana;MT;Mapeado;2026-09;23;37;5;13;6;11;11;21;2;8;3;6;0;0;0;0;1;1;0;0;0;1;0;0;0;0;0;0;0;0;0;0;0;1
5101209;Araguainha;MT;Mapeado;2026-09;1;16;0;5;0;6;1;13;0;3;0;2;0;0;0;0;0;0;0;0;0;1;0;0;0;0;0;0;0;0;0;0;0;0
5101258;Araputanga;MT;Mapeado;2026-09;59;136;8;32;15;44;24;93;5;16;3;18;0;0;0;1;4;9;0;2;0;2;5;7;0;0;0;0;0;0;0;0;3;11
5101308;Arenápolis;MT;Mapeado;2026-09;50;129;14;49;11;32;16;78;3;26;11;25;0;0;0;1;2;12;0;0;0;0;4;4;0;0;0;0;0;2;0;0;3;12
5101407;Aripuanã;MT;Mapeado;2026-09;172;338;59;171;42;138;61;212;22;84;37;101;0;0;1;6;1;24;0;0;0;2;7;10;0;0;0;0;0;11;0;3;1;10
5101704;Barra do Bugres;MT;Mapeado;2026-09;176;256;41;96;47;78;76;154;25;64;16;38;0;0;0;0;5;10;0;0;0;0;5;6;0;1;0;0;0;3;0;1;2;5
5101803;Barra do Garças;MT;Mapeado;2026-09;425;766;61;194;146;292;189;445;36;145;25;73;0;0;0;4;13;58;1;9;0;13;10;12;0;4;0;0;0;3;2;3;3;38
5101605;Barão de Melgaço;MT;Mapeado;2026-09;12;50;3;12;5;23;4;23;2;8;1;4;0;0;0;0;0;5;0;0;0;0;0;0;0;0;0;0;0;2;0;1;0;4
5101837;Boa Esperança do Norte;MT;Mapeado;2026-09;29;61;11;28;9;25;6;37;5;16;6;20;0;0;0;1;2;8;0;0;0;0;1;2;0;0;0;0;0;1;0;1;0;1
5101852;Bom Jesus do Araguaia;MT;Mapeado;2026-09;67;115;15;45;23;58;26;89;7;29;8;21;0;0;0;1;2;7;0;0;0;0;1;1;0;0;0;0;0;1;0;0;0;4
5101902;Brasnorte;MT;Mapeado;2026-09;107;184;24;78;35;78;41;145;9;45;15;49;0;0;0;0;2;18;0;0;0;4;3;3;0;0;0;0;0;5;0;1;2;6
5102603;Campinápolis;MT;Mapeado;2026-09;46;86;7;40;19;37;19;69;4;28;3;26;0;0;0;0;0;5;0;0;0;0;1;1;0;0;0;0;0;2;0;0;0;3
5102637;Campo Novo do Parecis;MT;Mapeado;2026-09;384;699;69;237;98;214;184;504;26;135;43;140;0;0;1;3;12;47;0;0;0;1;11;13;0;0;1;1;0;3;0;2;8;35
5102678;Campo Verde;MT;Mapeado;2026-09;294;501;47;117;90;185;138;336;14;53;33;77;0;0;2;7;4;24;1;1;0;3;11;12;0;0;0;0;0;10;0;0;1;30
5102686;Campos de Júlio;MT;Mapeado;2026-09;77;139;26;56;18;51;31;105;13;35;13;28;0;0;0;0;2;14;0;0;0;0;0;0;0;0;0;0;0;16;0;0;0;2
5102694;Canabrava do Norte;MT;Mapeado;2026-09;31;51;6;24;8;22;15;35;1;9;5;17;0;0;0;0;1;8;0;0;0;0;1;1;0;0;0;0;0;1;0;0;0;1
5102702;Canarana;MT;Mapeado;2026-09;249;430;63;185;69;169;93;291;36;102;27;101;0;0;0;0;13;30;0;0;0;0;7;12;0;0;0;0;0;2;0;1;4;8
5102793;Carlinda;MT;Mapeado;2026-09;45;85;9;37;18;35;18;62;3;14;6;29;0;0;0;0;0;6;0;1;0;1;0;1;0;0;0;0;0;7;0;0;0;6
5102850;Castanheira;MT;Mapeado;2026-09;27;59;10;26;5;17;11;43;7;17;3;15;0;0;0;0;1;6;0;0;0;0;0;0;0;0;0;0;0;3;0;0;0;1
5103007;Chapada dos Guimarães;MT;Mapeado;2026-09;239;472;40;146;100;228;74;287;18;103;22;85;0;0;0;3;4;59;0;5;0;9;5;6;4;7;0;0;0;10;0;0;12;52
5103056;Cláudia;MT;Mapeado;2026-09;58;105;5;36;18;34;31;71;3;23;2;15;0;0;0;0;0;3;0;0;0;0;3;3;0;0;0;0;0;1;0;0;1;4
5103106;Cocalinho;MT;Mapeado;2026-09;67;122;18;48;18;51;31;83;6;28;12;22;0;0;0;0;0;2;0;0;0;0;0;0;0;0;0;0;0;0;0;0;0;4
5103254;Colniza;MT;Mapeado;2026-09;117;251;29;92;36;89;46;163;11;52;18;55;0;0;0;0;4;27;0;0;0;0;1;3;0;0;0;0;0;34;1;1;0;5
5103205;Colíder;MT;Mapeado;2026-09;170;298;45;117;42;109;68;172;30;91;15;39;0;0;0;0;4;21;0;0;0;1;9;11;0;2;0;0;1;5;0;0;1;17
5103304;Comodoro;MT;Mapeado;2026-09;133;185;35;66;42;66;48;111;21;42;14;29;0;0;1;3;6;10;0;0;0;0;1;5;0;0;0;0;0;4;0;0;0;5
5103353;Confresa;MT;Mapeado;2026-09;241;376;59;111;83;154;73;190;23;51;36;63;0;0;1;1;10;22;0;0;0;0;11;12;0;0;0;0;0;3;0;1;4;8
5103361;Conquista D'Oeste;MT;Mapeado;2026-09;27;41;9;12;11;21;6;22;5;6;4;7;0;0;0;0;1;5;0;0;0;0;0;0;0;0;0;0;0;0;0;0;0;0
5103379;Cotriguaçu;MT;Mapeado;2026-09;50;103;13;40;8;35;28;75;5;23;8;25;0;0;0;0;0;6;0;0;0;0;1;2;0;0;0;0;0;3;0;0;0;1
5103403;Cuiabá;MT;Mapeado;2026-09;5213;9454;455;1887;2202;3946;2118;5505;198;1150;257;1031;0;0;5;50;178;829;13;90;4;211;78;127;10;32;1;2;3;70;12;84;134;661
5103437;Curvelândia;MT;Mapeado;2026-09;17;34;3;14;9;16;5;20;1;7;2;8;0;0;0;0;0;0;0;0;0;0;0;0;0;0;0;0;0;0;0;1;0;1
5102504;Cáceres;MT;Mapeado;2026-09;524;927;83;251;132;277;263;610;60;150;23;124;0;0;0;3;22;95;3;4;0;6;14;22;0;0;0;0;0;9;2;4;5;50
5103452;Denise;MT;Mapeado;2026-09;30;58;5;9;10;23;14;36;5;8;0;2;0;0;0;0;1;6;0;0;0;1;0;0;0;0;0;0;0;2;0;0;0;2
5103502;Diamantino;MT;Mapeado;2026-09;165;321;32;105;59;128;65;226;15;64;17;55;0;0;0;1;4;15;0;0;0;1;3;6;0;0;0;0;0;5;0;1;2;12
5103601;Dom Aquino;MT;Mapeado;2026-09;36;67;6;17;13;23;14;41;2;8;4;12;0;0;0;0;1;4;0;0;0;0;1;1;0;0;0;0;0;3;0;0;1;4
5103700;Feliz Natal;MT;Mapeado;2026-09;82;141;35;66;13;33;27;95;11;26;24;44;0;0;0;1;5;22;0;0;0;0;1;2;0;0;0;0;0;31;0;0;1;2
5103809;Figueirópolis D'Oeste;MT;Mapeado;2026-09;6;26;0;18;1;8;4;20;0;15;0;4;0;0;0;0;1;3;0;1;0;0;0;0;0;0;0;0;0;0;0;0;0;1
5103858;Gaúcha do Norte;MT;Mapeado;2026-09;74;133;20;45;23;56;27;73;7;21;13;26;0;0;1;1;1;9;0;0;0;0;2;3;0;0;0;0;0;2;0;1;0;3
5103908;General Carneiro;MT;Mapeado;2026-09;31;57;4;22;13;28;14;36;3;15;1;12;0;0;0;0;0;2;0;0;0;0;0;0;0;0;0;0;0;2;0;0;0;4
5103957;Glória D'Oeste;MT;Mapeado;2026-09;19;38;3;10;4;17;12;30;1;5;2;5;0;0;0;0;0;3;0;0;0;0;0;0;0;0;0;0;0;0;0;0;0;0
5104104;Guarantã do Norte;MT;Mapeado;2026-09;201;355;39;114;57;120;87;234;25;81;14;51;0;0;0;4;8;32;1;1;0;2;5;5;0;2;0;0;0;8;0;2;4;16
5104203;Guiratinga;MT;Mapeado;2026-09;62;110;22;54;12;23;22;80;17;44;5;14;0;0;0;0;0;3;0;0;0;0;6;6;0;0;0;0;0;3;0;0;0;0
5104500;Indiavaí;MT;Mapeado;2026-09;18;29;3;6;5;13;6;20;2;4;1;2;0;0;0;0;2;4;0;0;0;0;0;0;0;0;0;0;0;0;0;0;2;3
5104526;Ipiranga do Norte;MT;Mapeado;2026-09;56;97;10;32;12;33;23;66;5;21;5;14;0;0;0;2;1;2;0;0;0;0;3;4;0;0;0;0;0;0;0;2;7;9
5104542;Itanhangá;MT;Mapeado;2026-09;65;94;13;35;14;39;29;67;8;25;5;15;0;0;0;0;5;9;0;0;1;1;3;3;0;0;0;0;0;3;0;1;0;1
5104559;Itaúba;MT;Mapeado;2026-09;50;74;7;19;16;30;20;44;1;7;6;12;0;0;0;1;2;9;0;0;0;0;2;2;0;1;0;0;0;3;0;1;3;8
5104609;Itiquira;MT;Mapeado;2026-09;86;155;7;59;32;71;42;113;1;31;6;32;0;0;1;2;3;13;0;0;0;0;0;0;0;0;0;0;0;4;0;0;1;3
5104807;Jaciara;MT;Mapeado;2026-09;188;300;33;105;54;115;86;202;18;74;15;37;0;0;0;1;9;23;0;1;0;0;6;7;0;2;0;0;0;3;0;0;0;25
5104906;Jangada;MT;Mapeado;2026-09;37;65;2;10;21;34;14;45;1;5;1;5;0;0;0;0;0;1;0;0;0;0;0;0;0;0;0;0;0;0;0;1;0;0
5105002;Jauru;MT;Mapeado;2026-09;36;78;5;33;8;19;17;43;4;26;1;11;0;0;0;0;2;3;0;0;0;0;4;4;0;0;0;0;0;1;0;0;0;4
5105101;Juara;MT;Mapeado;2026-09;185;298;52;94;37;79;74;183;41;71;11;34;0;0;2;4;14;25;0;0;0;3;4;9;0;1;0;0;0;4;0;0;2;18
5105176;Juruena;MT;Mapeado;2026-09;65;145;12;42;15;41;36;110;8;23;4;25;0;0;0;0;0;26;0;0;0;0;2;2;0;0;0;0;0;10;0;0;0;4
5105200;Juscimeira;MT;Mapeado;2026-09;55;112;8;34;19;39;25;83;4;27;4;17;0;0;0;0;1;3;0;0;0;0;1;1;1;1;0;0;0;2;0;0;0;6
5105150;Juína;MT;Mapeado;2026-09;239;458;50;136;63;145;106;313;30;92;20;58;0;0;2;4;2;21;0;1;1;2;4;9;0;1;0;0;0;11;1;3;10;47
5105234;Lambari D'Oeste;MT;Mapeado;2026-09;12;32;2;7;5;12;4;17;1;5;1;3;0;0;0;1;0;3;0;0;0;0;1;1;0;0;0;0;0;1;0;0;0;1
5105259;Lucas do Rio Verde;MT;Mapeado;2026-09;564;1079;70;331;174;374;246;746;48;227;22;157;0;0;6;13;24;68;1;4;0;6;14;18;0;3;1;1;0;25;1;7;27;67
5105309;Luciara;MT;Mapeado;2026-09;9;46;0;11;2;29;7;21;0;2;0;9;0;0;0;0;0;10;0;0;0;0;0;0;0;0;0;0;0;1;0;0;0;3
5105580;Marcelândia;MT;Mapeado;2026-09;82;145;26;67;10;26;29;95;11;38;15;33;0;0;0;1;10;24;0;0;0;0;4;4;2;2;0;0;0;1;0;0;1;5
5105606;Matupá;MT;Mapeado;2026-09;148;273;31;101;41;105;65;191;13;62;18;61;0;0;0;4;4;27;0;0;0;0;4;5;0;1;0;0;0;2;0;2;3;19
5105622;Mirassol d'Oeste;MT;Mapeado;2026-09;115;214;29;71;22;53;50;152;20;43;9;32;0;0;0;3;9;20;0;1;0;0;2;3;1;1;0;0;0;2;0;0;2;7
5105903;Nobres;MT;Mapeado;2026-09;149;227;41;73;44;83;54;123;24;44;17;34;0;0;0;0;2;14;0;1;0;0;1;3;0;1;0;0;0;1;0;0;7;19
5106000;Nortelândia;MT;Mapeado;2026-09;23;51;7;24;8;12;7;30;2;11;5;15;0;0;0;0;0;5;0;0;0;0;0;0;0;0;0;0;0;1;0;0;1;4
5106109;Nossa Senhora do Livramento;MT;Mapeado;2026-09;62;132;20;61;13;25;23;68;6;20;14;45;0;0;0;0;4;13;0;0;0;2;1;1;0;0;0;0;0;0;0;0;1;5
5106158;Nova Bandeirantes;MT;Mapeado;2026-09;108;182;28;87;27;73;49;144;14;63;14;42;0;0;0;0;1;17;0;0;0;1;3;3;0;0;0;0;0;11;0;2;0;4
5106208;Nova Brasilândia;MT;Mapeado;2026-09;32;50;7;17;11;16;12;23;7;14;0;3;0;0;0;0;2;5;0;0;0;1;0;1;0;0;0;0;0;3;0;1;0;2
5106216;Nova Canaã do Norte;MT;Mapeado;2026-09;74;133;12;47;20;59;37;92;4;19;8;35;0;0;0;0;0;3;0;0;0;0;2;3;0;0;0;0;0;2;0;0;3;7
5108808;Nova Guarita;MT;Mapeado;2026-09;28;62;4;33;9;21;13;46;1;18;3;20;0;0;0;2;0;5;0;0;0;0;2;2;0;0;0;0;0;4;0;0;0;1
5106182;Nova Lacerda;MT;Mapeado;2026-09;37;79;12;39;9;20;13;47;5;23;7;20;0;0;0;1;1;5;0;0;0;1;1;1;0;0;0;0;0;0;0;0;1;4
5108857;Nova Marilândia;MT;Mapeado;2026-09;20;41;3;13;10;16;6;29;0;9;3;5;0;0;0;0;1;2;0;0;0;0;0;0;0;0;0;0;0;0;0;0;0;0
5108907;Nova Maringá;MT;Mapeado;2026-09;62;130;21;77;14;50;21;83;4;63;17;57;0;0;0;0;4;20;0;0;0;0;1;1;0;0;0;0;1;3;0;0;0;2
5108956;Nova Monte Verde;MT;Mapeado;2026-09;66;114;20;65;20;39;21;92;8;43;12;39;0;0;1;2;1;10;0;0;0;1;3;3;0;1;0;0;0;3;0;0;0;2
5106224;Nova Mutum;MT;Mapeado;2026-09;352;603;38;147;131;228;139;414;25;118;13;39;0;0;3;9;14;46;1;2;0;2;14;19;0;1;0;1;2;15;1;5;9;26
5106174;Nova Nazaré;MT;Mapeado;2026-09;29;48;5;17;14;23;10;29;2;12;3;8;0;0;0;0;0;3;0;0;0;0;0;1;0;0;0;0;0;0;0;0;0;4
5106232;Nova Olímpia;MT;Mapeado;2026-09;80;155;18;50;17;57;37;105;6;29;12;32;0;0;0;1;8;21;0;0;0;1;0;0;0;0;0;0;0;2;0;1;0;4
5106190;Nova Santa Helena;MT;Mapeado;2026-09;31;66;9;22;12;27;8;45;6;17;3;6;0;0;0;0;1;2;0;0;1;1;0;0;0;0;0;0;0;1;0;0;0;1
5106240;Nova Ubiratã;MT;Mapeado;2026-09;79;154;23;58;29;67;23;107;7;24;16;41;0;0;0;1;0;19;0;0;0;1;2;4;0;0;0;0;0;8;0;0;2;6
5106257;Nova Xavantina;MT;Mapeado;2026-09;168;290;41;119;52;108;60;178;14;61;27;74;0;0;0;1;4;19;0;0;0;1;10;14;0;0;0;0;0;10;0;1;1;8
5106273;Novo Horizonte do Norte;MT;Mapeado;2026-09;13;38;1;13;3;14;8;30;1;6;0;7;0;0;0;0;0;1;0;0;0;0;0;0;0;0;0;0;0;1;0;0;1;4
5106265;Novo Mundo;MT;Mapeado;2026-09;46;81;26;53;2;22;17;51;16;38;10;20;0;0;0;0;0;7;0;0;0;0;0;0;0;2;1;1;0;3;0;2;0;1
5106315;Novo Santo Antônio;MT;Mapeado;2026-09;8;26;1;13;4;13;3;20;1;6;0;8;0;0;0;0;0;3;0;0;0;0;0;0;0;0;0;0;0;0;0;0;0;0
5106281;Novo São Joaquim;MT;Mapeado;2026-09;31;61;6;31;7;33;16;46;1;14;5;25;0;0;0;0;0;5;0;0;0;0;1;1;0;0;0;0;0;1;1;1;0;1
5106307;Paranatinga;MT;Mapeado;2026-09;235;365;74;178;55;134;88;237;42;113;32;84;0;0;1;2;12;23;0;0;0;2;3;4;0;0;0;1;0;1;0;0;2;10
5106299;Paranaíta;MT;Mapeado;2026-09;92;132;47;74;13;24;30;70;44;68;3;8;0;0;0;0;0;7;0;0;0;0;2;3;0;0;0;0;0;44;0;1;0;8
5106372;Pedra Preta;MT;Mapeado;2026-09;104;175;33;57;33;55;33;110;15;28;18;31;0;0;0;0;4;12;0;0;0;0;1;2;0;1;0;0;0;1;0;0;0;5
5106422;Peixoto de Azevedo;MT;Mapeado;2026-09;238;371;82;164;56;119;84;221;31;87;51;88;0;0;0;1;11;35;0;1;0;2;5;5;0;1;0;0;0;8;0;1;0;9
5106455;Planalto da Serra;MT;Mapeado;2026-09;21;41;5;10;5;15;9;28;3;6;2;4;0;0;0;0;0;6;0;0;0;0;1;2;0;0;0;0;0;4;0;0;1;4
5106505;Poconé;MT;Mapeado;2026-09;215;390;40;125;46;113;113;261;22;72;18;61;0;0;1;1;8;20;0;0;0;0;1;2;0;0;0;0;0;3;0;0;6;35
5106653;Pontal do Araguaia;MT;Mapeado;2026-09;42;71;6;14;12;19;20;45;1;3;5;13;0;0;0;0;2;9;0;1;0;0;2;2;0;0;0;0;0;0;0;0;0;4
5106703;Ponte Branca;MT;Mapeado;2026-09;5;15;0;2;4;8;0;8;0;0;0;2;0;0;0;0;0;4;0;0;0;0;0;0;0;0;0;0;0;0;0;0;1;2
5106752;Pontes e Lacerda;MT;Mapeado;2026-09;401;644;81;219;128;240;151;378;51;158;30;89;0;0;1;9;23;54;1;3;0;2;6;9;0;2;0;0;0;8;3;5;7;31
5106778;Porto Alegre do Norte;MT;Mapeado;2026-09;71;135;21;61;32;67;15;78;8;33;13;41;0;0;0;0;2;14;0;0;0;0;1;1;0;0;0;0;0;1;0;0;0;4
5106828;Porto Esperidião;MT;Mapeado;2026-09;62;128;11;43;22;51;29;93;6;29;5;21;0;0;0;0;0;13;0;0;0;0;0;0;0;0;0;0;0;2;0;1;0;3
5106851;Porto Estrela;MT;Mapeado;2026-09;8;26;1;12;4;10;2;13;1;8;0;7;0;0;0;1;0;3;0;0;0;0;1;1;0;0;0;0;0;0;0;0;0;2
5106802;Porto dos Gaúchos;MT;Mapeado;2026-09;45;75;3;16;18;35;21;52;1;10;2;8;0;0;0;0;1;5;0;0;1;2;0;1;0;0;0;0;0;1;0;1;1;2
5107008;Poxoréu;MT;Mapeado;2026-09;92;174;32;93;31;58;25;117;14;49;18;52;0;0;0;0;3;15;0;0;0;1;1;2;0;0;0;0;0;5;0;1;0;0
5107040;Primavera do Leste;MT;Mapeado;2026-09;663;1147;121;337;245;447;250;747;93;262;28;103;0;0;2;7;17;63;1;2;0;5;15;21;0;1;0;2;1;28;2;2;9;62
5107065;Querência;MT;Mapeado;2026-09;200;366;29;111;70;151;87;255;22;89;7;40;0;0;0;2;5;25;0;1;0;2;3;3;1;1;1;1;0;3;0;0;4;19
5107156;Reserva do Cabaçal;MT;Mapeado;2026-09;13;27;4;15;2;8;7;18;2;11;2;5;0;0;0;0;0;4;0;0;0;0;0;0;0;0;0;0;0;0;0;0;0;2
5107180;Ribeirão Cascalheira;MT;Mapeado;2026-09;68;122;21;50;15;48;29;88;6;16;15;39;0;0;0;0;3;21;0;0;0;0;0;3;0;0;0;0;0;4;0;1;0;4
5107198;Ribeirãozinho;MT;Mapeado;2026-09;19;38;3;10;4;11;12;27;1;4;2;8;0;0;0;0;0;2;0;0;0;0;0;1;0;0;0;0;0;0;0;0;0;5
5107206;Rio Branco;MT;Mapeado;2026-09;21;48;4;11;6;20;9;37;1;5;3;7;0;0;0;0;1;6;0;0;0;0;1;1;0;0;0;0;0;1;0;0;0;2
5107578;Rondolândia;MT;Mapeado;2026-09;8;22;2;7;3;7;3;17;1;5;1;7;0;0;0;0;0;5;0;0;0;0;0;0;0;0;0;0;0;5;0;1;0;1
5107602;Rondonópolis;MT;Mapeado;2026-09;1386;2350;176;582;505;914;614;1497;104;409;72;232;0;0;2;12;38;123;1;6;0;12;23;34;2;13;1;4;1;21;3;14;20;115
5107701;Rosário Oeste;MT;Mapeado;2026-09;104;170;23;52;36;69;36;105;12;28;11;29;0;0;0;0;4;23;0;0;0;0;4;5;0;0;0;0;0;3;0;0;1;7
5107750;Salto do Céu;MT;Mapeado;2026-09;13;18;2;4;9;10;2;11;0;1;2;3;0;0;0;0;0;0;0;0;0;0;0;0;0;0;0;0;0;0;0;0;0;0
5107248;Santa Carmem;MT;Mapeado;2026-09;29;60;3;24;6;13;18;46;2;7;1;19;0;0;0;0;0;0;0;0;0;0;2;2;0;0;0;0;0;2;0;0;0;2
5107743;Santa Cruz do Xingu;MT;Mapeado;2026-09;15;39;2;13;9;19;3;25;1;10;1;7;0;0;0;0;0;3;0;0;0;0;1;1;0;0;0;0;0;0;0;0;0;0
5107768;Santa Rita do Trivelato;MT;Mapeado;2026-09;24;54;3;20;8;24;10;37;2;11;1;10;0;0;0;0;2;6;0;1;0;0;1;1;0;0;0;0;0;0;0;0;0;2
5107776;Santa Terezinha;MT;Mapeado;2026-09;31;76;11;38;4;32;12;51;3;22;8;23;0;0;0;0;1;9;0;0;0;0;3;3;0;0;0;0;0;2;0;0;0;0
5107263;Santo Afonso;MT;Mapeado;2026-09;11;31;1;12;6;13;4;25;0;7;1;6;0;0;0;0;0;2;0;0;0;0;0;0;0;0;0;0;0;1;0;1;0;0
5107800;Santo Antônio de Leverger;MT;Mapeado;2026-09;105;208;3;37;45;81;43;126;0;21;3;20;0;0;0;0;6;20;0;2;0;3;5;6;0;0;0;0;0;1;0;0;3;13
5107792;Santo Antônio do Leste;MT;Mapeado;2026-09;28;44;12;17;5;12;11;27;5;8;7;9;0;0;0;0;0;11;0;0;0;0;0;0;0;0;0;0;0;1;0;0;0;2
5107875;Sapezal;MT;Mapeado;2026-09;201;372;40;135;52;124;97;287;22;101;18;55;0;0;1;3;3;27;0;1;0;1;2;4;0;0;0;0;0;7;0;3;6;15
5107883;Serra Nova Dourada;MT;Mapeado;2026-09;6;18;0;5;3;6;3;13;0;3;0;3;0;0;0;0;0;0;0;0;0;0;0;0;0;0;0;0;0;0;0;0;0;1
5107909;Sinop;MT;Mapeado;2026-09;1265;2011;160;466;439;730;564;1241;95;339;65;166;0;0;1;12;35;117;2;6;1;16;23;37;0;4;1;1;0;24;0;12;39;118
5107925;Sorriso;MT;Mapeado;2026-09;725;1219;129;330;200;409;325;728;86;241;43;121;0;0;3;5;15;52;2;7;0;12;28;37;0;1;1;1;1;15;1;6;20;93
5107859;São Félix do Araguaia;MT;Mapeado;2026-09;93;207;23;85;24;85;44;130;3;29;20;60;0;0;0;0;0;29;0;0;0;1;1;2;0;0;0;0;0;12;0;2;1;6
5107297;São José do Povo;MT;Mapeado;2026-09;10;16;5;8;1;2;3;8;5;7;0;3;0;0;0;0;0;2;0;0;0;0;1;1;0;0;0;0;0;0;0;1;0;0
5107305;São José do Rio Claro;MT;Mapeado;2026-09;88;155;31;67;16;41;31;93;20;41;11;34;0;0;0;0;4;14;0;0;0;0;3;3;0;0;0;0;0;4;0;0;3;10
5107354;São José do Xingu;MT;Mapeado;2026-09;55;119;11;52;18;61;26;89;6;36;5;31;0;0;0;0;0;10;0;0;0;0;0;0;0;0;0;0;0;5;0;0;0;2
5107107;São José dos Quatro Marcos;MT;Mapeado;2026-09;62;149;8;55;18;45;27;103;6;41;2;25;0;0;0;2;5;18;0;0;0;2;3;3;0;0;0;0;0;1;0;0;1;7
5107404;São Pedro da Cipa;MT;Mapeado;2026-09;10;38;0;5;2;12;7;25;0;2;0;3;0;0;0;0;1;6;0;0;0;0;0;0;0;0;0;0;0;0;0;0;0;0
5107941;Tabaporã;MT;Mapeado;2026-09;95;180;31;81;32;69;25;120;8;27;23;58;0;0;0;2;5;30;0;0;0;2;2;3;0;1;0;0;0;18;0;0;0;7
5107958;Tangará da Serra;MT;Mapeado;2026-09;662;1116;130;337;172;337;304;739;115;298;15;54;0;0;0;15;23;53;1;2;0;11;18;22;0;1;0;2;0;6;1;6;13;54
5108006;Tapurah;MT;Mapeado;2026-09;140;205;26;78;35;70;67;140;9;43;17;51;0;0;0;2;3;15;0;0;0;2;4;8;1;1;0;0;2;26;0;0;2;10
5108055;Terra Nova do Norte;MT;Mapeado;2026-09;73;123;17;49;18;42;31;81;8;23;9;29;0;0;0;0;1;8;0;0;0;0;6;6;0;0;0;0;0;21;0;0;0;3
5108105;Tesouro;MT;Mapeado;2026-09;8;19;1;4;5;7;2;12;0;3;1;2;0;0;0;0;0;0;0;0;0;0;0;0;0;0;0;0;0;0;0;0;0;2
5108204;Torixoréu;MT;Mapeado;2026-09;16;40;3;15;5;13;7;23;2;10;1;8;0;0;0;1;0;8;0;1;0;0;1;1;0;0;0;0;0;5;0;1;0;1
5108303;União do Sul;MT;Mapeado;2026-09;35;63;13;35;4;19;16;48;4;16;9;24;0;0;0;0;0;10;0;0;0;0;2;2;0;0;0;0;0;11;0;0;0;3
5108352;Vale de São Domingos;MT;Mapeado;2026-09;18;33;3;8;9;16;6;25;1;5;2;3;0;0;0;0;0;1;0;0;0;0;0;0;0;0;0;0;0;2;0;0;0;1
5108501;Vera;MT;Mapeado;2026-09;79;149;13;45;29;53;36;109;4;28;9;20;0;0;0;0;1;11;0;0;0;0;0;1;0;0;0;0;0;4;0;2;0;3
5105507;Vila Bela da Santíssima Trindade;MT;Mapeado;2026-09;67;131;20;48;19;40;26;90;6;19;14;32;0;0;0;0;1;8;0;1;0;0;1;1;0;0;0;0;0;3;0;0;0;3
5108600;Vila Rica;MT;Mapeado;2026-09;120;223;45;109;24;62;44;135;10;54;35;60;0;0;1;1;2;9;0;0;0;0;4;6;0;0;0;0;0;2;0;1;0;13
5108402;Várzea Grande;MT;Mapeado;2026-09;1575;2950;126;596;636;1210;701;1855;61;386;65;278;0;0;1;7;61;196;1;9;0;27;19;28;2;2;0;0;2;21;1;7;25;138
5100201;Água Boa;MT;Mapeado;2026-09;218;365;66;138;54;138;89;251;51;110;15;40;0;0;0;0;1;18;0;0;0;0;8;10;0;0;0;0;0;2;0;2;0;7
1500107;Abaetetuba;PA;Mapeado;2026-09;332;700;111;264;97;308;57;323;23;107;88;195;0;0;0;6;49;129;0;0;0;6;12;18;1;5;0;2;0;7;1;2;4;27
1500131;Abel Figueiredo;PA;Mapeado;2026-09;16;36;1;8;7;13;6;23;1;5;0;7;0;0;0;0;2;5;0;0;0;0;0;0;0;0;0;0;0;0;0;0;0;1
1500206;Acará;PA;Mapeado;2026-09;69;132;10;34;37;76;14;64;2;16;8;22;0;0;0;1;3;12;0;0;0;0;3;3;0;0;0;0;0;0;0;0;2;6
1500305;Afuá;PA;Mapeado;2026-09;28;49;9;18;9;20;4;19;0;2;9;17;0;0;1;2;2;9;0;0;0;0;1;1;0;0;0;0;0;3;0;0;2;4
1500404;Alenquer;PA;Mapeado;2026-09;67;159;12;47;25;69;21;66;1;24;11;37;0;0;0;2;2;24;0;0;0;2;5;8;0;0;0;0;0;3;0;2;2;11
1500503;Almeirim;PA;Mapeado;2026-09;54;132;7;40;22;61;16;72;4;27;3;16;0;0;0;2;5;19;0;0;0;1;3;4;0;0;0;0;0;3;1;2;0;5
1500602;Altamira;PA;Mapeado;2026-09;651;1195;110;348;277;537;225;699;38;240;72;178;0;0;4;16;13;100;1;4;0;6;8;18;2;6;0;2;1;15;2;11;8;49
1500701;Anajás;PA;Mapeado;2026-09;13;31;5;8;3;11;2;9;0;2;5;7;0;0;0;0;2;6;0;1;0;1;1;3;0;0;0;0;0;0;0;0;0;4
1500800;Ananindeua;PA;Mapeado;2026-09;1945;3385;204;676;876;1582;689;1888;92;387;112;378;0;0;1;14;104;290;0;11;0;20;21;28;3;6;0;1;9;35;9;33;29;143
1500859;Anapu;PA;Mapeado;2026-09;78;179;21;57;26;75;23;107;15;44;6;19;0;0;0;1;3;7;0;0;0;1;3;3;1;2;0;0;0;3;0;1;1;5
1500909;Augusto Corrêa;PA;Mapeado;2026-09;24;53;2;17;12;33;7;20;1;10;1;13;0;0;0;0;0;7;0;0;0;0;2;2;0;0;0;0;0;2;0;1;1;2
1500958;Aurora do Pará;PA;Mapeado;2026-09;7;40;1;9;3;22;3;26;0;5;1;6;0;0;0;0;0;5;0;1;0;0;0;1;0;0;0;0;0;0;0;1;0;3
1501006;Aveiro;PA;Mapeado;2026-09;12;25;4;9;5;10;2;10;2;4;2;6;0;0;0;0;0;4;0;0;0;0;0;0;0;0;0;0;0;0;0;0;1;3
1501105;Bagre;PA;Mapeado;2026-09;14;45;2;12;7;24;1;15;0;5;2;8;0;0;0;1;2;7;0;0;0;0;2;3;0;0;0;0;0;0;0;0;0;2
1501204;Baião;PA;Mapeado;2026-09;25;80;4;21;13;32;3;39;1;10;3;13;0;0;0;1;4;11;0;0;0;1;1;4;0;0;0;0;0;0;0;0;0;2
1501253;Bannach;PA;Mapeado;2026-09;9;15;0;2;4;7;4;9;0;0;0;2;0;0;0;0;0;1;0;0;0;0;1;1;0;1;0;0;0;2;0;0;0;0
1501303;Barcarena;PA;Mapeado;2026-09;558;1162;110;316;236;615;169;647;22;155;88;218;0;0;1;2;27;121;0;1;0;6;10;16;0;1;0;0;1;18;0;5;4;38
1501451;Belterra;PA;Mapeado;2026-09;73;125;25;55;30;59;11;47;10;28;15;28;0;0;0;0;4;8;0;0;0;0;1;1;2;2;0;0;0;0;0;0;0;5
1501402;Belém;PA;Mapeado;2026-09;6691;11049;863;2490;3207;5419;2146;5514;377;1425;486;1408;0;0;2;36;220;979;7;64;3;125;83;101;12;19;0;0;2;69;25;95;121;619
1501501;Benevides;PA;Mapeado;2026-09;199;363;52;109;79;163;39;169;14;54;38;72;0;0;0;2;14;38;0;0;0;3;11;12;3;4;0;0;0;3;0;1;1;21
1501576;Bom Jesus do Tocantins;PA;Mapeado;2026-09;39;77;6;17;15;28;9;51;0;8;6;11;0;0;0;0;5;9;0;1;0;0;4;5;0;0;0;0;0;0;0;1;0;0
1501600;Bonito;PA;Mapeado;2026-09;15;33;2;10;7;17;6;18;1;6;1;5;0;0;0;0;0;3;0;0;0;3;0;0;0;0;0;0;0;0;0;0;0;0
1501709;Bragança;PA;Mapeado;2026-09;239;477;55;145;89;227;70;222;19;86;36;91;0;0;0;3;16;68;0;6;0;3;6;13;1;6;0;0;0;5;2;4;0;14
1501725;Brasil Novo;PA;Mapeado;2026-09;24;57;2;12;12;18;10;40;0;6;2;6;0;0;0;0;0;3;0;0;0;0;0;1;0;0;0;0;0;0;0;0;0;0
1501758;Brejo Grande do Araguaia;PA;Mapeado;2026-09;14;23;4;7;7;10;2;10;0;2;4;6;0;0;0;0;1;2;0;0;0;0;0;0;0;0;0;0;0;0;0;0;0;1
1501782;Breu Branco;PA;Mapeado;2026-09;65;181;13;50;19;75;19;110;6;35;7;33;0;0;0;1;4;13;0;1;0;0;9;14;0;0;0;0;0;0;0;1;1;10
1501808;Breves;PA;Mapeado;2026-09;115;249;31;93;37;111;17;107;4;41;27;76;0;0;2;5;16;56;0;0;0;3;8;9;1;1;0;0;0;2;0;3;3;24
1501907;Bujaru;PA;Mapeado;2026-09;27;63;3;15;12;34;7;36;2;3;1;12;0;0;0;0;4;8;0;0;0;1;0;1;0;0;0;0;0;1;0;0;1;2
1502004;Cachoeira do Arari;PA;Mapeado;2026-09;17;40;4;12;6;18;3;23;0;3;4;10;0;0;0;0;3;7;0;0;0;1;1;1;0;0;0;0;0;1;0;0;0;0
1501956;Cachoeira do Piriá;PA;Mapeado;2026-09;13;34;1;5;3;15;9;26;0;2;1;4;0;0;0;0;0;2;0;0;0;0;0;0;0;0;0;0;0;0;0;0;0;1
1502103;Cametá;PA;Mapeado;2026-09;130;289;33;97;40;133;21;127;4;54;29;70;0;0;0;1;29;76;1;3;0;7;3;5;0;0;0;0;0;4;0;0;3;28
1502152;Canaã dos Carajás;PA;Mapeado;2026-09;537;1585;66;375;251;866;193;1051;31;285;35;177;0;0;0;15;15;176;1;8;0;25;6;19;0;7;0;1;0;9;0;17;5;92
1502202;Capanema;PA;Mapeado;2026-09;301;498;59;125;102;207;122;277;24;58;35;85;0;0;0;1;9;42;0;0;0;3;5;8;0;1;0;0;0;3;1;4;3;12
1502301;Capitão Poço;PA;Mapeado;2026-09;77;154;11;37;30;72;26;86;3;17;8;25;0;0;0;3;4;19;0;0;0;1;4;4;0;1;0;0;0;2;0;0;2;9
1502400;Castanhal;PA;Mapeado;2026-09;739;1163;89;220;312;547;279;633;31;106;58;140;0;0;1;2;25;88;1;2;1;8;20;24;3;5;0;0;4;16;0;5;4;41
1502509;Chaves;PA;Mapeado;2026-09;10;23;4;10;2;6;4;9;2;5;2;8;0;0;0;0;0;1;0;1;0;0;0;0;0;0;0;0;0;4;0;0;0;2
1502608;Colares;PA;Mapeado;2026-09;31;49;4;12;7;17;6;18;0;5;4;8;0;0;0;0;1;4;0;0;1;1;11;11;0;0;0;0;0;0;0;0;1;1
1502707;Conceição do Araguaia;PA;Mapeado;2026-09;219;377;45;125;74;175;85;249;22;75;23;56;0;0;0;2;7;31;0;1;0;0;4;10;0;1;0;0;1;6;0;2;3;14
1502756;Concórdia do Pará;PA;Mapeado;2026-09;44;98;8;24;18;41;11;57;1;12;7;17;0;0;0;1;5;17;0;0;0;1;1;1;0;0;0;0;0;4;0;0;1;3
1502764;Cumaru do Norte;PA;Mapeado;2026-09;22;48;6;14;9;27;6;23;3;6;3;10;0;0;0;0;1;1;0;0;0;0;0;1;0;0;0;0;0;0;0;0;0;1
1502772;Curionópolis;PA;Mapeado;2026-09;51;140;1;22;22;62;13;91;0;11;1;12;0;0;0;0;2;18;0;1;0;2;2;5;2;2;0;0;0;0;1;1;8;17
1502806;Curralinho;PA;Mapeado;2026-09;26;59;11;39;6;28;0;15;1;11;10;33;0;0;0;1;5;20;0;0;0;1;3;5;0;0;0;0;0;2;0;0;1;5
1502855;Curuá;PA;Mapeado;2026-09;16;42;1;11;6;20;4;27;0;6;1;5;0;0;0;0;2;4;0;0;0;0;2;3;0;0;0;0;0;0;0;0;1;1
1502905;Curuçá;PA;Mapeado;2026-09;46;109;8;28;16;51;15;56;0;10;8;20;0;0;0;1;5;15;0;0;0;0;2;4;0;1;0;0;0;3;0;0;0;6
1502939;Dom Eliseu;PA;Mapeado;2026-09;125;248;12;55;60;115;46;141;5;25;7;38;0;0;0;0;0;20;0;1;0;0;6;6;0;0;0;0;1;3;0;1;0;7
1502954;Eldorado do Carajás;PA;Mapeado;2026-09;61;137;5;17;19;55;33;101;3;14;2;10;0;0;0;0;1;8;0;3;0;3;2;3;1;2;0;0;0;1;0;2;0;7
1503002;Faro;PA;Mapeado;2026-09;6;22;0;7;2;7;3;12;0;5;0;3;0;0;1;1;0;4;0;0;0;0;0;0;0;0;0;0;0;0;0;0;0;0
1503044;Floresta do Araguaia;PA;Mapeado;2026-09;37;76;2;15;14;41;20;53;2;11;0;6;0;0;0;0;1;3;0;0;0;0;0;0;0;0;0;0;0;2;0;2;0;0
1503077;Garrafão do Norte;PA;Mapeado;2026-09;21;48;4;15;11;20;4;21;1;8;3;9;0;0;0;0;0;2;0;0;0;0;2;2;0;1;0;0;0;0;0;0;0;3
1503093;Goianésia do Pará;PA;Mapeado;2026-09;47;106;4;19;24;61;15;58;2;12;2;11;0;0;0;1;1;9;0;1;0;2;2;2;0;0;0;0;0;0;0;0;1;5
1503101;Gurupá;PA;Mapeado;2026-09;13;58;0;11;9;33;3;32;0;7;0;6;0;0;0;0;0;5;0;0;0;1;0;3;0;0;0;0;0;1;0;1;1;5
1503200;Igarapé-Açu;PA;Mapeado;2026-09;67;119;6;25;27;53;16;55;3;13;3;16;0;0;0;0;5;17;0;0;0;3;10;10;0;1;0;0;0;2;0;0;3;11
1503309;Igarapé-Miri;PA;Mapeado;2026-09;51;137;13;36;12;50;11;63;1;13;12;27;0;0;0;0;13;29;0;0;0;3;1;4;0;0;0;0;0;3;1;3;0;9
1503408;Inhangapi;PA;Mapeado;2026-09;15;28;4;5;5;11;4;11;0;1;4;4;0;0;0;0;0;1;0;0;0;0;1;2;0;0;0;0;0;1;0;1;1;3
1503457;Ipixuna do Pará;PA;Mapeado;2026-09;65;154;20;62;22;57;14;87;3;40;17;50;0;0;0;0;9;34;0;0;0;2;0;1;0;1;0;0;0;2;0;2;0;4
1503507;Irituia;PA;Mapeado;2026-09;33;62;5;15;17;32;7;30;1;6;4;10;0;0;0;0;0;8;0;0;0;3;2;2;0;0;0;0;0;3;0;0;2;4
1503606;Itaituba;PA;Mapeado;2026-09;468;827;101;245;166;347;144;414;33;124;68;157;0;0;0;7;26;98;1;2;4;12;16;23;0;0;0;0;0;8;2;2;8;27
1503705;Itupiranga;PA;Mapeado;2026-09;47;114;3;19;20;50;18;73;0;9;3;11;0;0;0;0;2;15;0;1;0;1;4;5;0;0;0;0;0;2;0;0;0;2
1503754;Jacareacanga;PA;Mapeado;2026-09;41;94;11;28;19;67;8;51;5;21;6;21;0;0;1;2;1;17;1;1;0;0;0;1;0;0;0;0;0;2;0;0;0;1
1503804;Jacundá;PA;Mapeado;2026-09;53;124;4;18;23;52;22;72;2;12;2;10;0;0;0;0;1;8;0;1;0;1;3;5;0;0;0;0;0;2;0;0;0;6
1503903;Juruti;PA;Mapeado;2026-09;196;307;85;150;58;158;39;133;30;67;55;96;0;0;0;0;10;38;0;0;0;2;3;5;0;0;0;0;0;2;0;0;1;9
1504000;Limoeiro do Ajuru;PA;Mapeado;2026-09;11;42;2;17;5;31;3;22;0;4;2;14;0;0;0;0;1;13;0;0;0;3;0;0;0;0;0;0;0;3;0;0;0;1
1504109;Magalhães Barata;PA;Mapeado;2026-09;8;21;1;7;2;7;1;12;0;3;1;5;0;0;0;0;0;3;0;0;0;0;4;4;0;0;0;0;0;0;0;0;0;0
1504208;Marabá;PA;Mapeado;2026-09;1405;2481;332;771;515;1134;420;1292;69;346;263;545;0;0;14;49;68;225;2;16;1;26;26;51;4;14;0;0;3;21;3;24;17;126
1504307;Maracanã;PA;Mapeado;2026-09;64;117;20;56;27;61;10;58;3;21;17;43;0;0;0;0;3;12;0;1;0;2;4;5;0;1;0;0;0;0;0;1;0;3
1504406;Marapanim;PA;Mapeado;2026-09;32;64;7;23;12;29;8;29;4;16;3;11;0;0;0;0;1;7;0;0;0;0;3;8;0;0;0;0;0;0;0;0;1;3
1504422;Marituba;PA;Mapeado;2026-09;309;552;47;139;132;226;101;304;17;65;30;90;0;0;0;0;14;51;0;2;0;4;7;9;1;1;0;0;2;5;0;2;5;27
1504455;Medicilândia;PA;Mapeado;2026-09;84;161;52;84;18;53;13;65;19;52;33;52;0;0;0;0;1;13;0;0;0;2;0;1;0;1;0;0;0;1;0;1;0;5
1504505;Melgaço;PA;Mapeado;2026-09;8;28;2;9;2;8;1;8;0;3;2;8;0;0;0;6;2;8;0;1;0;0;1;2;0;0;0;0;0;0;0;1;0;2
1504604;Mocajuba;PA;Mapeado;2026-09;25;68;7;19;8;28;4;38;3;11;4;12;0;0;0;0;3;11;0;0;0;0;3;3;0;0;0;0;0;1;0;0;0;3
1504703;Moju;PA;Mapeado;2026-09;93;200;28;58;30;91;20;101;4;16;24;47;0;0;0;1;9;34;0;0;0;2;4;7;2;4;0;0;0;4;0;1;0;6
1504752;Mojuí dos Campos;PA;Mapeado;2026-09;23;48;4;14;12;23;5;23;1;3;3;12;0;0;0;0;1;3;0;0;0;0;0;1;0;0;0;0;0;0;0;0;1;4
1504802;Monte Alegre;PA;Mapeado;2026-09;76;148;7;40;27;60;20;70;3;15;4;27;0;0;0;2;6;29;0;0;1;1;14;15;0;0;0;0;0;4;0;0;1;8
1504901;Muaná;PA;Mapeado;2026-09;17;56;5;23;1;19;1;23;1;9;4;18;0;0;0;2;8;21;0;0;0;1;2;3;0;0;0;0;0;4;0;1;0;5
1504059;Mãe do Rio;PA;Mapeado;2026-09;54;129;8;34;25;61;16;74;0;20;8;26;0;0;0;1;1;16;0;0;0;1;3;5;0;0;0;0;0;1;0;0;1;8
1504950;Nova Esperança do Piriá;PA;Mapeado;2026-09;12;38;2;14;7;17;3;15;0;12;2;6;0;0;0;0;0;5;0;0;0;1;0;0;0;0;0;0;0;3;0;0;0;3
1504976;Nova Ipixuna;PA;Mapeado;2026-09;20;55;1;9;6;21;10;40;1;5;0;7;0;0;0;0;1;7;0;0;0;0;2;3;0;1;0;0;0;2;0;0;0;3
1505007;Nova Timboteua;PA;Mapeado;2026-09;41;75;15;38;8;27;10;28;3;15;12;30;0;0;0;0;5;15;0;0;0;1;2;3;1;1;0;0;0;4;0;0;0;2
1505031;Novo Progresso;PA;Mapeado;2026-09;343;526;136;249;93;207;88;310;118;207;18;73;0;0;1;5;20;50;0;0;0;3;4;6;0;1;1;1;0;17;0;2;0;13
1505064;Novo Repartimento;PA;Mapeado;2026-09;84;186;13;54;36;94;23;102;7;31;6;30;0;0;0;0;2;25;0;1;0;0;8;10;2;3;0;0;0;0;0;1;0;4
1505205;Oeiras do Pará;PA;Mapeado;2026-09;32;79;13;43;6;31;4;26;4;20;9;30;0;0;5;5;1;21;0;0;0;2;2;3;0;0;0;0;0;6;0;1;1;4
1505304;Oriximiná;PA;Mapeado;2026-09;141;268;21;72;54;136;46;134;6;40;15;45;0;0;0;1;5;18;0;2;0;5;14;15;0;0;0;0;0;2;0;1;1;20
1505437;Ourilândia do Norte;PA;Mapeado;2026-09;140;298;34;99;58;139;40;182;13;40;21;66;0;0;0;2;5;20;0;1;0;4;3;4;0;0;0;0;0;5;0;2;0;10
1505403;Ourém;PA;Mapeado;2026-09;7;30;3;13;3;9;0;15;0;6;3;9;0;0;0;0;0;3;0;0;0;0;1;1;0;0;0;0;0;0;0;0;0;2
1505486;Pacajá;PA;Mapeado;2026-09;58;148;8;41;27;70;14;78;2;25;6;28;0;0;1;3;3;17;0;0;0;0;4;6;0;0;0;0;0;2;1;2;0;2
1505494;Palestina do Pará;PA;Mapeado;2026-09;10;20;1;6;5;10;3;16;0;1;1;5;0;0;0;0;1;2;0;0;0;0;0;0;0;0;0;0;0;0;0;0;0;0
1505502;Paragominas;PA;Mapeado;2026-09;504;853;119;258;194;423;132;450;23;123;96;173;0;0;5;10;33;93;2;2;0;4;13;18;1;1;2;2;0;2;0;1;3;29
1505536;Parauapebas;PA;Mapeado;2026-09;1278;3243;195;676;530;1462;429;1973;58;386;137;410;0;0;1;44;63;325;3;30;0;85;31;91;5;17;0;3;0;19;0;18;21;284
1505551;Pau D'Arco;PA;Mapeado;2026-09;27;38;1;10;16;25;8;21;0;3;1;8;0;0;0;0;0;2;0;0;0;0;0;0;0;0;0;0;0;0;0;0;2;2
1505601;Peixe-Boi;PA;Mapeado;2026-09;14;32;3;8;7;18;2;17;1;2;2;6;0;0;0;0;0;3;0;0;0;0;1;1;0;0;0;0;0;0;0;0;1;3
1505635;Piçarra;PA;Mapeado;2026-09;27;54;4;12;11;23;9;35;0;5;4;7;0;0;0;0;0;3;0;1;0;0;1;1;0;0;0;0;0;1;2;5;0;2
1505650;Placas;PA;Mapeado;2026-09;25;51;3;12;15;23;5;30;0;6;3;7;0;0;0;1;1;6;0;0;0;2;1;1;0;0;0;0;0;0;0;0;0;0
1505700;Ponta de Pedras;PA;Mapeado;2026-09;68;107;39;73;10;49;5;38;6;29;33;65;0;0;0;0;12;30;0;0;0;0;1;2;0;0;0;0;0;1;0;1;1;1
1505809;Portel;PA;Mapeado;2026-09;63;141;8;29;27;67;16;74;0;9;8;22;0;0;0;0;6;18;0;0;0;0;3;4;0;0;0;0;0;3;0;0;3;13
1505908;Porto de Moz;PA;Mapeado;2026-09;21;63;6;12;10;34;4;31;1;5;5;9;0;0;0;0;1;5;0;0;0;0;0;2;0;0;0;0;0;2;0;1;0;5
1506005;Prainha;PA;Mapeado;2026-09;9;50;1;15;3;27;1;27;1;6;0;10;0;0;0;0;1;3;0;1;0;0;2;2;0;1;0;0;0;0;0;0;1;6
1506104;Primavera;PA;Mapeado;2026-09;26;60;7;23;6;27;10;35;3;14;4;16;0;0;0;0;0;5;0;0;0;0;2;2;0;0;0;0;0;2;0;0;1;3
1506112;Quatipuru;PA;Mapeado;2026-09;11;34;1;11;5;15;4;10;0;6;1;6;0;0;0;0;0;4;0;1;0;0;0;0;0;0;0;0;0;0;0;0;1;1
1506138;Redenção;PA;Mapeado;2026-09;469;798;68;218;201;375;155;458;29;149;39;111;0;0;3;7;13;44;2;8;1;10;16;23;1;3;1;1;2;9;1;5;5;35
1506161;Rio Maria;PA;Mapeado;2026-09;73;113;30;46;15;26;26;48;4;16;26;32;0;0;0;0;1;8;0;1;0;2;1;1;0;0;0;0;0;1;0;0;0;2
1506187;Rondon do Pará;PA;Mapeado;2026-09;139;232;30;82;49;86;53;138;13;49;17;47;0;0;1;1;3;27;0;1;0;1;3;5;0;0;0;0;0;4;0;2;0;8
1506195;Rurópolis;PA;Mapeado;2026-09;97;181;33;67;36;91;20;92;15;46;18;49;0;0;0;1;5;16;0;0;0;0;3;3;0;0;0;0;0;19;0;1;0;4
1506203;Salinópolis;PA;Mapeado;2026-09;292;447;23;129;185;298;66;222;6;76;17;70;0;0;0;4;2;29;0;0;0;0;7;8;1;2;0;0;0;1;0;1;8;13
1506302;Salvaterra;PA;Mapeado;2026-09;84;154;22;77;20;71;11;57;2;22;20;67;0;0;0;1;29;49;0;0;0;2;0;1;1;1;0;0;0;2;0;1;1;11
1506351;Santa Bárbara do Pará;PA;Mapeado;2026-09;54;102;16;38;21;63;11;45;4;14;12;26;0;0;0;0;2;17;0;0;0;2;2;2;0;0;0;0;0;0;0;0;2;6
1506401;Santa Cruz do Arari;PA;Mapeado;2026-09;8;14;2;4;4;8;0;3;0;1;2;3;0;0;0;1;2;4;0;0;0;0;0;0;0;0;0;0;0;0;0;0;0;0
1506500;Santa Izabel do Pará;PA;Mapeado;2026-09;287;447;88;157;112;215;63;229;21;53;67;124;0;0;0;1;13;42;0;1;0;6;8;10;1;3;0;0;0;3;0;2;2;8
1506559;Santa Luzia do Pará;PA;Mapeado;2026-09;21;51;4;9;11;26;1;26;2;7;2;4;0;0;0;0;2;7;0;1;0;1;2;2;1;1;0;0;0;0;0;0;0;2
1506583;Santa Maria das Barreiras;PA;Mapeado;2026-09;36;86;4;33;21;46;9;55;1;28;3;13;0;0;0;0;1;5;0;0;0;0;0;2;0;0;0;0;0;0;0;0;1;2
1506609;Santa Maria do Pará;PA;Mapeado;2026-09;63;119;4;22;38;80;18;74;3;9;1;16;0;0;0;0;1;15;0;0;0;2;1;1;0;0;0;0;0;2;1;2;0;2
1506708;Santana do Araguaia;PA;Mapeado;2026-09;144;326;11;92;58;152;65;244;4;69;7;55;0;0;0;0;5;35;0;0;0;1;3;5;1;1;0;0;0;2;1;3;0;6
1506807;Santarém;PA;Mapeado;2026-09;1839;3045;458;1073;760;1396;484;1385;116;440;342;768;0;0;1;17;65;290;0;11;1;24;34;40;5;6;1;1;0;37;4;17;26;123
1506906;Santarém Novo;PA;Mapeado;2026-09;8;21;2;3;2;8;0;6;2;2;0;1;0;0;0;0;0;1;0;0;0;1;3;3;0;0;0;0;0;0;0;0;1;4
1507003;Santo Antônio do Tauá;PA;Mapeado;2026-09;42;82;5;21;14;36;17;52;1;9;4;16;0;0;0;0;1;4;0;0;0;0;4;5;0;0;0;0;0;1;0;0;1;6
1507755;Sapucaia;PA;Mapeado;2026-09;10;24;0;3;5;12;4;16;0;3;0;0;0;0;0;0;0;1;0;0;0;0;1;1;0;0;0;0;0;0;0;0;0;0
1507805;Senador José Porfírio;PA;Mapeado;2026-09;28;69;6;19;12;31;7;41;4;12;2;12;0;0;0;0;1;10;0;0;0;1;1;1;0;0;0;0;0;2;1;1;0;5
1507904;Soure;PA;Mapeado;2026-09;111;223;48;89;32;116;15;74;13;38;35;65;0;0;0;0;12;43;0;1;1;9;2;2;0;2;0;0;0;2;0;2;1;13
1507102;São Caetano de Odivelas;PA;Mapeado;2026-09;35;68;11;26;11;35;8;33;3;11;8;20;0;0;0;0;0;5;0;0;0;0;1;1;0;0;0;0;0;0;0;0;4;8
1507151;São Domingos do Araguaia;PA;Mapeado;2026-09;35;72;4;11;14;29;11;45;2;5;2;7;0;0;0;0;5;9;0;0;0;1;1;1;0;0;0;0;0;1;0;0;0;2
1507201;São Domingos do Capim;PA;Mapeado;2026-09;17;52;0;15;7;22;5;27;0;7;0;11;0;0;0;0;3;10;0;0;0;1;1;2;0;0;0;0;0;0;0;0;1;1
1507409;São Francisco do Pará;PA;Mapeado;2026-09;23;40;3;10;14;20;2;21;0;3;3;8;0;0;0;0;3;10;0;1;0;0;1;1;0;0;0;0;0;4;0;2;0;2
1507300;São Félix do Xingu;PA;Mapeado;2026-09;126;298;21;94;59;148;41;183;11;65;10;48;0;0;0;3;1;19;0;1;0;1;3;6;0;0;0;0;0;2;0;1;1;12
1507458;São Geraldo do Araguaia;PA;Mapeado;2026-09;68;143;7;22;28;64;27;94;4;18;3;5;0;0;0;1;2;10;0;0;0;0;4;4;0;0;0;0;0;2;0;1;0;1
1507466;São João da Ponta;PA;Mapeado;2026-09;7;14;1;2;3;4;0;6;0;1;1;2;0;0;0;0;0;1;0;0;0;0;3;3;0;0;0;0;0;0;0;0;0;0
1507474;São João de Pirabas;PA;Mapeado;2026-09;36;63;5;18;18;25;7;33;0;11;5;12;0;0;0;0;0;6;0;0;0;0;5;5;0;0;0;0;0;0;0;0;1;4
1507508;São João do Araguaia;PA;Mapeado;2026-09;14;33;4;8;3;8;5;15;0;2;4;6;0;0;0;0;0;5;0;0;0;0;2;2;0;0;0;0;0;1;0;0;0;1
1507607;São Miguel do Guamá;PA;Mapeado;2026-09;90;176;29;65;28;73;21;80;16;42;13;29;0;0;0;0;6;28;0;0;0;2;3;7;0;0;0;0;1;1;1;1;1;6
1507706;São Sebastião da Boa Vista;PA;Mapeado;2026-09;7;38;2;13;2;19;0;13;0;8;2;6;0;0;1;1;2;6;0;0;0;1;0;0;0;0;0;0;0;0;0;0;0;3
1507953;Tailândia;PA;Mapeado;2026-09;167;371;28;99;70;192;44;240;13;66;15;51;0;0;0;5;13;47;0;0;0;2;6;9;1;2;0;0;0;5;1;2;4;20
1507961;Terra Alta;PA;Mapeado;2026-09;7;15;0;1;5;8;1;3;0;0;0;1;0;0;0;0;0;3;0;0;0;0;1;2;0;1;0;0;0;0;0;0;0;3
1507979;Terra Santa;PA;Mapeado;2026-09;43;107;4;34;24;67;12;53;1;14;3;25;0;0;1;2;1;18;0;0;0;0;1;4;0;0;0;0;0;0;0;0;0;8
1508001;Tomé-Açu;PA;Mapeado;2026-09;180;400;31;111;86;197;41;227;13;66;18;64;0;0;0;1;18;54;0;0;0;5;2;2;0;2;0;0;0;4;0;7;2;16
1508035;Tracuateua;PA;Mapeado;2026-09;22;45;4;12;12;19;3;21;0;3;4;10;0;0;0;0;0;2;0;0;0;0;1;1;0;0;0;0;0;1;0;0;2;2
1508050;Trairão;PA;Mapeado;2026-09;95;149;26;41;44;84;21;86;13;18;13;24;0;0;0;0;3;8;0;0;0;0;1;1;0;0;0;0;0;0;0;0;0;2
1508084;Tucumã;PA;Mapeado;2026-09;124;300;15;78;53;152;47;174;2;42;13;57;0;0;1;6;4;25;0;2;0;7;3;6;1;2;0;0;0;9;0;1;0;11
1508100;Tucuruí;PA;Mapeado;2026-09;212;512;27;116;90;227;65;310;9;75;18;71;0;0;1;5;7;50;1;7;0;6;14;26;2;4;0;0;0;9;2;5;3;29
1508126;Ulianópolis;PA;Mapeado;2026-09;77;156;18;49;30;70;25;97;4;31;14;32;0;0;0;0;3;19;0;1;0;0;1;2;0;0;0;0;0;2;0;0;0;4
1508159;Uruará;PA;Mapeado;2026-09;73;162;20;50;29;74;22;99;9;34;11;24;0;0;1;1;1;13;0;0;0;1;0;0;0;0;0;0;0;1;0;2;0;3
1508209;Vigia;PA;Mapeado;2026-09;96;167;21;52;32;70;28;85;3;20;18;42;0;0;0;1;6;31;0;0;0;3;9;12;0;0;0;0;0;4;0;0;0;3
1508308;Viseu;PA;Mapeado;2026-09;40;85;8;22;17;37;11;39;3;6;5;16;0;0;0;0;1;6;0;0;0;0;2;2;0;0;0;0;0;1;0;1;1;6
1508357;Vitória do Xingu;PA;Mapeado;2026-09;35;85;7;25;14;39;11;50;5;16;2;11;0;0;0;1;2;5;0;0;0;0;1;4;0;0;0;0;0;0;0;0;0;3
1508407;Xinguara;PA;Mapeado;2026-09;183;342;21;90;81;157;59;223;14;67;7;42;0;0;0;1;6;31;1;3;0;1;8;9;0;0;0;0;1;5;2;4;4;16
1500347;Água Azul do Norte;PA;Mapeado;2026-09;38;82;7;13;17;38;12;60;3;8;4;9;0;0;0;0;0;2;0;0;0;0;0;1;0;0;0;0;0;2;0;0;2;6
1505106;Óbidos;PA;Mapeado;2026-09;121;201;51;108;27;59;26;74;30;73;21;65;0;0;0;4;7;15;0;0;0;0;9;10;0;0;0;0;0;8;0;1;1;10
2500205;Aguiar;PB;Mapeado;2026-09;15;19;2;4;5;7;8;11;0;2;2;3;0;0;0;0;0;0;0;0;0;0;0;0;0;0;0;0;0;0;0;0;0;0
2500304;Alagoa Grande;PB;Mapeado;2026-09;57;83;8;18;16;27;30;51;3;8;5;11;0;0;0;1;1;6;0;0;0;0;1;1;0;0;0;0;0;0;0;1;1;3
2500403;Alagoa Nova;PB;Mapeado;2026-09;47;67;17;25;17;27;13;34;7;12;10;16;0;0;0;0;0;8;0;0;0;0;0;0;0;0;0;0;0;1;0;1;0;3
2500502;Alagoinha;PB;Mapeado;2026-09;29;48;3;5;12;19;13;26;2;3;1;5;0;0;0;0;0;4;0;0;0;0;0;0;0;0;0;0;0;1;0;1;1;5
2500536;Alcantil;PB;Mapeado;2026-09;9;13;1;1;4;4;4;6;1;1;0;0;0;0;0;0;0;0;0;0;0;1;0;0;0;0;0;0;0;0;0;0;0;1
2500577;Algodão de Jandaíra;PB;Mapeado;2026-09;7;11;0;6;6;6;0;1;0;6;0;1;0;0;0;0;0;2;0;0;0;0;0;0;0;0;0;0;1;1;0;0;0;0
2500601;Alhandra;PB;Mapeado;2026-09;56;86;5;13;28;42;20;51;1;7;4;8;0;0;0;0;1;7;0;0;0;0;1;2;0;1;0;0;0;0;0;0;1;5
2500734;Amparo;PB;Mapeado;2026-09;2;6;0;0;2;5;0;4;0;0;0;0;0;0;0;0;0;0;0;0;0;0;0;0;0;0;0;0;0;0;0;0;0;0
2500775;Aparecida;PB;Mapeado;2026-09;22;37;6;14;6;15;9;23;4;11;2;4;0;0;0;0;0;5;0;0;0;0;1;1;0;0;0;0;0;0;0;0;0;1
2500908;Arara;PB;Mapeado;2026-09;26;40;4;7;9;11;11;21;3;6;1;2;0;0;0;0;0;2;0;0;0;1;0;0;0;0;0;0;0;0;0;0;2;3
2501005;Araruna;PB;Mapeado;2026-09;43;74;6;17;11;32;25;46;3;11;3;10;0;0;0;0;0;3;0;0;0;0;0;0;0;0;0;0;0;0;0;0;1;4
2500809;Araçagi;PB;Mapeado;2026-09;32;40;7;13;10;16;13;18;5;11;2;4;0;0;0;0;0;2;0;0;0;0;0;0;1;1;0;0;0;0;0;0;1;6
2501104;Areia;PB;Mapeado;2026-09;97;135;20;41;25;46;45;75;13;31;7;12;0;0;0;1;2;10;0;1;0;2;1;2;0;0;0;0;1;2;0;0;3;7
2501153;Areia de Baraúnas;PB;Mapeado;2026-09;3;6;0;1;2;2;1;2;0;0;0;1;0;0;0;0;0;1;0;0;0;0;0;0;0;0;0;0;0;0;0;0;0;0
2501203;Areial;PB;Mapeado;2026-09;15;24;4;9;5;11;6;13;1;7;3;3;0;0;0;0;0;2;0;0;0;0;0;0;0;0;0;0;0;0;0;0;0;0
2501302;Aroeiras;PB;Mapeado;2026-09;16;29;5;11;9;13;1;15;4;10;1;1;0;0;0;0;0;2;0;0;0;0;0;0;0;0;0;0;0;0;0;0;1;1
2501351;Assunção;PB;Mapeado;2026-09;16;25;7;8;4;8;3;11;1;2;6;7;0;0;0;0;1;1;0;0;0;0;0;0;0;0;0;0;1;1;0;0;0;0
2501500;Bananeiras;PB;Mapeado;2026-09;111;164;21;54;54;87;30;81;9;36;12;24;0;0;0;0;4;15;0;1;0;2;1;3;0;1;0;0;0;0;0;0;1;10
2501534;Baraúna;PB;Mapeado;2026-09;16;33;2;9;7;11;4;17;2;8;0;2;0;0;0;0;0;1;0;0;0;1;0;0;0;0;0;0;0;0;0;0;3;6
2501609;Barra de Santa Rosa;PB;Mapeado;2026-09;29;45;6;13;8;15;7;20;3;9;3;9;0;0;0;0;5;14;0;0;0;0;3;3;0;0;0;0;0;0;0;0;0;4
2501575;Barra de Santana;PB;Mapeado;2026-09;14;15;0;2;11;11;3;10;0;2;0;0;0;0;0;0;0;0;0;0;0;0;0;0;0;0;0;0;0;0;0;0;0;0
2501708;Barra de São Miguel;PB;Mapeado;2026-09;9;13;3;5;3;9;3;8;1;3;2;4;0;0;0;0;0;0;0;0;0;0;0;0;0;0;0;0;0;0;0;0;0;1
2501807;Bayeux;PB;Mapeado;2026-09;245;379;31;62;67;117;128;219;21;44;10;22;0;0;0;0;11;28;0;1;0;2;4;8;2;3;0;0;0;1;0;2;2;30
2501401;Baía da Traição;PB;Mapeado;2026-09;32;57;9;16;16;29;7;26;4;7;5;10;0;0;0;0;0;2;0;0;0;0;0;0;0;0;0;0;0;0;0;0;0;3
2501906;Belém;PB;Mapeado;2026-09;58;91;17;29;15;31;26;48;13;24;4;8;0;0;0;0;0;9;0;0;0;0;0;0;0;0;0;0;0;0;0;0;0;5
2502003;Belém do Brejo do Cruz;PB;Mapeado;2026-09;5;12;2;3;3;4;0;7;1;1;1;2;0;0;0;0;0;1;0;0;0;0;0;0;0;0;0;0;0;0;0;0;0;0
2502052;Bernardino Batista;PB;Mapeado;2026-09;8;9;1;2;5;5;2;8;0;1;1;2;0;0;0;0;0;0;0;0;0;0;0;0;0;0;0;0;0;0;0;0;0;1
2502102;Boa Ventura;PB;Mapeado;2026-09;10;17;1;5;5;10;4;8;0;2;1;4;0;0;0;0;0;0;0;0;0;0;0;0;0;0;0;0;0;0;0;0;0;2
2502151;Boa Vista;PB;Mapeado;2026-09;26;42;7;13;12;19;7;16;4;7;3;8;0;0;0;0;0;5;0;0;0;2;0;0;0;0;0;0;0;0;0;0;0;3
2502201;Bom Jesus;PB;Mapeado;2026-09;5;8;1;4;2;3;1;4;0;2;1;3;0;0;0;0;1;2;0;0;0;0;0;0;0;0;0;0;0;0;0;0;0;0
2502300;Bom Sucesso;PB;Mapeado;2026-09;8;15;0;7;4;7;4;11;0;5;0;3;0;0;0;0;0;0;0;0;0;0;0;0;0;0;0;0;0;0;0;0;0;0
2502409;Bonito de Santa Fé;PB;Mapeado;2026-09;20;29;2;5;11;15;7;22;1;3;1;3;0;0;0;0;0;0;0;0;0;0;0;0;0;0;0;0;0;0;0;0;0;2
2502508;Boqueirão;PB;Mapeado;2026-09;54;71;11;15;16;27;25;44;7;10;4;7;0;0;1;1;1;3;0;0;0;0;0;0;0;0;0;0;0;1;0;1;0;1
2502706;Borborema;PB;Mapeado;2026-09;15;23;4;10;7;13;3;7;0;4;4;6;0;0;0;0;0;1;0;0;0;0;0;0;0;0;0;0;0;1;0;0;1;2
2502805;Brejo do Cruz;PB;Mapeado;2026-09;22;41;2;6;11;15;7;15;1;5;1;2;0;0;0;0;1;5;0;2;0;3;1;1;0;0;0;0;0;1;0;0;0;3
2502904;Brejo dos Santos;PB;Mapeado;2026-09;6;12;1;1;3;6;1;4;1;1;0;0;0;0;0;0;0;1;0;0;0;0;0;0;0;0;0;0;0;0;0;0;1;1
2503001;Caaporã;PB;Mapeado;2026-09;57;79;14;19;23;34;14;34;4;8;10;12;0;0;0;0;2;11;0;0;0;0;2;2;0;0;0;0;0;0;0;0;2;6
2503100;Cabaceiras;PB;Mapeado;2026-09;26;52;2;14;14;28;10;34;2;8;0;9;0;0;0;0;0;5;0;0;0;0;0;0;0;0;0;0;0;0;0;0;0;5
2503209;Cabedelo;PB;Mapeado;2026-09;482;670;94;179;156;255;200;369;73;142;21;60;0;0;0;0;11;36;0;1;0;8;7;10;1;1;0;0;0;1;0;1;13;34
2503308;Cachoeira dos Índios;PB;Mapeado;2026-09;13;21;3;7;9;17;1;9;2;5;1;3;0;0;0;0;0;0;0;0;0;0;0;0;0;0;0;0;0;0;0;0;0;0
2503407;Cacimba de Areia;PB;Mapeado;2026-09;7;8;0;0;1;2;4;4;0;0;0;0;0;0;0;0;1;2;0;0;0;0;1;1;0;0;0;0;0;0;0;0;0;0
2503506;Cacimba de Dentro;PB;Mapeado;2026-09;41;50;9;17;10;17;21;27;3;7;6;11;0;0;0;0;1;2;0;0;0;0;0;0;0;0;0;0;0;1;0;0;0;3
2503555;Cacimbas;PB;Mapeado;2026-09;6;14;1;7;1;3;3;6;0;5;1;5;0;0;0;1;1;3;0;0;0;0;0;0;0;0;0;0;0;1;0;0;0;3
2503605;Caiçara;PB;Mapeado;2026-09;12;21;2;7;4;9;5;13;1;4;1;4;0;0;0;0;1;3;0;0;0;0;0;0;0;0;0;0;0;0;0;0;0;2
2503704;Cajazeiras;PB;Mapeado;2026-09;288;433;50;116;113;194;106;232;30;86;20;44;0;0;0;6;7;32;0;0;0;4;7;11;0;0;0;0;1;2;1;2;3;24
2503753;Cajazeirinhas;PB;Mapeado;2026-09;2;4;0;1;2;3;0;1;0;0;0;1;0;0;0;0;0;0;0;0;0;0;0;0;0;0;0;0;0;0;0;0;0;0
2503803;Caldas Brandão;PB;Mapeado;2026-09;20;23;1;3;6;9;12;14;1;3;0;0;0;0;0;0;1;2;0;0;0;0;0;0;0;0;0;0;0;0;0;0;0;0
2503902;Camalaú;PB;Mapeado;2026-09;13;23;3;7;5;10;5;10;2;5;1;2;0;0;0;0;0;1;0;0;0;1;0;0;0;0;0;0;0;0;0;1;0;0
2504009;Campina Grande;PB;Mapeado;2026-09;2002;2971;189;444;641;1040;1029;1739;100;295;89;208;0;0;0;5;64;205;1;23;1;43;24;33;4;8;0;0;1;12;13;41;35;201
2504033;Capim;PB;Mapeado;2026-09;23;33;7;13;9;11;4;11;2;6;5;8;0;0;0;0;0;3;0;0;0;0;1;1;0;0;0;0;0;1;2;2;0;3
2504074;Caraúbas;PB;Mapeado;2026-09;8;22;0;3;3;11;4;11;0;1;0;2;0;0;0;0;1;1;0;0;0;0;0;0;0;0;0;0;0;0;0;0;0;4
2504108;Carrapateira;PB;Mapeado;2026-09;7;10;1;4;3;8;2;4;0;2;1;2;0;0;0;0;1;1;0;0;0;0;0;0;0;0;0;0;0;0;0;0;0;0
2504157;Casserengue;PB;Mapeado;2026-09;10;13;0;3;6;10;4;7;0;2;0;3;0;0;0;0;0;0;0;0;0;0;0;0;0;0;0;0;0;0;0;0;0;1
2504207;Catingueira;PB;Mapeado;2026-09;7;14;2;7;4;6;0;6;0;3;2;4;0;0;0;0;1;3;0;0;0;1;0;0;0;0;0;0;0;0;0;0;0;1
2504306;Catolé do Rocha;PB;Mapeado;2026-09;79;128;4;29;31;58;32;69;2;22;2;16;0;0;0;1;6;16;0;0;0;1;2;3;0;2;0;0;0;0;0;1;4;10
2504355;Caturité;PB;Mapeado;2026-09;7;9;0;4;5;6;1;3;0;2;0;2;0;0;0;0;1;2;0;0;0;0;0;0;0;0;0;0;0;0;0;0;0;0
2504405;Conceição;PB;Mapeado;2026-09;34;55;5;13;15;35;11;22;2;7;3;9;0;0;0;0;1;5;0;0;0;0;1;1;0;0;0;0;0;0;1;1;0;1
2504504;Condado;PB;Mapeado;2026-09;14;18;5;7;5;8;3;7;3;4;2;3;0;0;0;0;1;1;0;0;0;0;0;0;0;0;0;0;0;0;0;0;0;1
2504603;Conde;PB;Mapeado;2026-09;173;264;41;87;79;126;49;119;25;64;16;37;0;0;0;0;2;17;0;0;0;0;1;1;0;0;0;0;0;1;0;0;1;12
2504702;Congo;PB;Mapeado;2026-09;18;39;1;4;8;19;8;26;1;3;0;1;0;0;0;1;0;2;0;0;0;0;0;0;0;0;0;0;0;0;0;0;1;6
2504801;Coremas;PB;Mapeado;2026-09;36;62;4;17;15;35;15;29;3;13;1;10;0;0;0;0;1;8;0;0;0;0;1;1;0;0;0;0;0;0;0;1;0;2
2504850;Coxixola;PB;Mapeado;2026-09;6;9;1;5;5;5;0;2;0;3;1;2;0;0;0;0;0;1;0;0;0;0;0;0;0;0;0;0;0;0;0;0;0;1
2504900;Cruz do Espírito Santo;PB;Mapeado;2026-09;20;36;2;8;10;14;6;21;1;5;1;5;0;0;0;0;1;4;0;0;0;0;1;1;0;0;0;0;0;0;0;0;0;2
2505006;Cubati;PB;Mapeado;2026-09;13;22;6;10;4;5;2;11;2;5;4;7;0;0;0;0;0;3;0;0;0;0;0;0;0;0;0;0;0;0;0;0;1;2
2505204;Cuitegi;PB;Mapeado;2026-09;21;27;8;8;9;10;3;9;5;8;3;4;0;0;0;0;1;4;0;0;0;0;0;0;0;0;0;0;0;0;0;0;0;2
2505105;Cuité;PB;Mapeado;2026-09;82;130;15;27;27;41;33;54;8;16;7;13;0;0;0;0;2;7;0;0;0;2;1;1;0;0;0;0;0;0;1;27;3;6
2505238;Cuité de Mamanguape;PB;Mapeado;2026-09;10;22;1;3;4;8;4;13;1;2;0;1;0;0;0;0;1;3;0;0;0;0;0;0;0;0;0;0;0;0;0;0;0;2
2505303;Curral Velho;PB;Mapeado;2026-09;6;8;1;3;3;4;2;6;0;2;1;2;0;0;0;0;0;1;0;0;0;0;0;0;0;0;0;0;0;0;0;0;0;1
2505279;Curral de Cima;PB;Mapeado;2026-09;8;16;1;1;2;4;1;9;1;1;0;0;0;0;0;0;0;0;0;0;0;0;0;0;0;0;0;0;0;0;4;6;0;1
2505352;Damião;PB;Mapeado;2026-09;11;15;0;1;6;9;5;11;0;1;0;0;0;0;0;0;0;1;0;0;0;0;0;0;0;0;0;0;0;0;0;0;0;2
2505402;Desterro;PB;Mapeado;2026-09;19;31;2;5;4;10;12;17;0;3;2;3;0;0;0;2;1;2;0;0;0;0;0;1;0;0;0;0;0;1;0;0;0;3
2505600;Diamante;PB;Mapeado;2026-09;8;15;1;5;5;9;1;6;1;3;0;4;0;0;0;0;1;2;0;0;0;0;0;0;0;0;0;0;0;0;0;0;0;2
2505709;Dona Inês;PB;Mapeado;2026-09;37;55;3;9;13;17;10;23;2;4;1;5;0;0;0;0;1;6;0;0;0;0;9;9;0;0;0;0;0;0;0;0;1;5
2505808;Duas Estradas;PB;Mapeado;2026-09;10;21;1;4;4;5;3;10;0;1;1;3;0;0;0;0;0;3;0;0;0;0;0;1;0;0;0;0;0;0;0;0;2;4
2505907;Emas;PB;Mapeado;2026-09;4;10;1;2;1;5;1;4;0;1;1;2;0;0;0;0;0;3;0;0;0;0;1;1;0;0;0;0;0;0;0;0;0;1
2506004;Esperança;PB;Mapeado;2026-09;120;161;15;25;40;51;53;84;9;17;6;11;0;0;0;0;6;9;0;3;0;0;4;4;0;0;0;0;0;0;0;0;2;11
2506103;Fagundes;PB;Mapeado;2026-09;25;33;8;11;8;12;8;17;4;7;4;7;0;0;0;0;1;3;0;0;0;0;0;0;0;0;0;0;0;0;0;0;0;1
2506202;Frei Martinho;PB;Mapeado;2026-09;13;21;3;6;3;8;7;12;1;1;2;5;0;0;0;0;0;2;0;0;0;0;0;0;0;0;0;0;0;0;0;0;0;0
2506251;Gado Bravo;PB;Mapeado;2026-09;6;7;0;1;3;4;2;4;0;1;0;1;0;0;0;0;0;0;0;0;0;0;0;0;0;0;0;0;0;0;0;0;1;1
2506301;Guarabira;PB;Mapeado;2026-09;235;337;26;61;87;122;103;186;12;37;14;29;0;0;0;0;8;25;1;2;0;2;4;5;1;1;0;0;0;1;2;5;3;29
2506400;Gurinhém;PB;Mapeado;2026-09;35;48;5;17;21;28;8;25;3;14;2;4;0;0;0;0;1;4;0;0;0;1;0;0;0;0;0;0;0;0;0;0;0;0
2506509;Gurjão;PB;Mapeado;2026-09;11;17;2;8;5;7;4;12;0;1;2;8;0;0;0;0;0;1;0;0;0;0;0;0;0;0;0;0;0;0;0;0;0;0
2506608;Ibiara;PB;Mapeado;2026-09;7;14;2;6;3;8;2;6;0;2;2;5;0;0;0;0;0;0;0;0;0;0;0;0;0;0;0;0;0;0;0;0;0;2
2502607;Igaracy;PB;Mapeado;2026-09;7;23;0;4;5;10;2;10;0;2;0;2;0;0;0;0;0;6;0;0;0;0;0;0;0;0;0;0;0;0;0;0;0;3
2506707;Imaculada;PB;Mapeado;2026-09;12;15;0;0;3;4;8;8;0;0;0;0;0;0;0;1;0;2;0;1;0;1;1;1;0;0;0;0;0;0;0;0;0;1
2506806;Ingá;PB;Mapeado;2026-09;55;83;8;24;24;31;20;44;2;14;6;13;0;0;0;0;2;6;0;0;0;2;1;1;0;1;0;0;0;0;0;0;0;6
2506905;Itabaiana;PB;Mapeado;2026-09;58;84;14;21;19;26;20;46;8;16;6;10;0;0;0;0;2;6;0;0;1;2;1;1;0;1;0;0;0;0;0;0;1;5
2507002;Itaporanga;PB;Mapeado;2026-09;61;113;7;24;21;48;25;61;4;16;3;13;0;0;0;0;2;19;0;0;0;0;5;6;0;0;0;0;0;0;0;0;1;4
2507101;Itapororoca;PB;Mapeado;2026-09;58;83;8;22;20;36;25;45;6;17;2;8;0;0;0;0;5;5;0;0;0;0;0;0;0;0;0;0;0;0;0;0;0;3
2507200;Itatuba;PB;Mapeado;2026-09;18;28;3;7;6;11;8;18;2;4;1;3;0;0;0;0;1;5;0;0;0;0;0;0;0;0;0;0;0;0;0;0;0;0
2507309;Jacaraú;PB;Mapeado;2026-09;33;51;1;7;9;17;21;31;0;5;1;4;0;0;0;0;0;5;0;0;0;0;0;0;0;0;0;0;0;0;0;0;2;6
2507408;Jericó;PB;Mapeado;2026-09;10;16;0;1;3;7;6;9;0;1;0;0;0;0;0;0;1;1;0;0;0;0;0;0;0;0;0;0;0;0;0;0;0;2
2513653;Joca Claudino;PB;Mapeado;2026-09;7;12;2;4;2;6;3;7;0;2;2;2;0;0;0;0;0;2;0;0;0;0;0;0;0;0;0;0;0;0;0;0;0;0
2507507;João Pessoa;PB;Mapeado;2026-09;5290;7958;433;1261;2000;3112;2458;4690;194;833;239;624;0;0;0;3;107;356;5;88;2;119;100;120;14;14;3;5;3;21;35;93;130;681
2507606;Juarez Távora;PB;Mapeado;2026-09;10;17;0;2;5;7;5;9;0;2;0;2;0;0;0;0;0;2;0;0;0;0;0;0;0;0;0;0;0;0;0;0;0;1
2507705;Juazeirinho;PB;Mapeado;2026-09;32;54;7;21;14;27;11;32;3;17;4;11;0;0;0;0;0;4;0;0;0;1;0;1;0;0;0;0;0;1;0;0;0;2
2507804;Junco do Seridó;PB;Mapeado;2026-09;22;36;2;7;6;17;14;25;1;4;1;6;0;0;0;0;0;1;0;0;0;0;0;1;0;0;0;0;0;0;0;0;0;2
2507903;Juripiranga;PB;Mapeado;2026-09;34;46;6;9;6;9;18;28;4;6;2;3;0;0;0;0;1;1;0;0;0;0;1;1;0;0;0;0;0;0;1;1;1;2
2508000;Juru;PB;Mapeado;2026-09;25;38;3;16;8;20;12;25;1;13;2;15;0;0;0;0;1;7;0;5;0;0;0;0;0;0;0;0;0;1;0;0;1;3
2508109;Lagoa;PB;Mapeado;2026-09;3;5;0;2;1;1;2;4;0;2;0;0;0;0;0;0;0;1;0;0;0;0;0;0;0;0;0;0;0;0;0;0;0;0
2508307;Lagoa Seca;PB;Mapeado;2026-09;73;101;14;27;36;44;16;42;5;15;9;23;0;0;0;0;6;17;0;0;0;3;0;0;0;0;0;0;0;0;1;2;0;2
2508208;Lagoa de Dentro;PB;Mapeado;2026-09;15;24;2;8;8;11;4;11;2;7;0;2;0;0;0;0;1;3;0;0;0;0;0;0;0;0;0;0;0;1;0;0;0;1
2508406;Lastro;PB;Mapeado;2026-09;2;8;0;2;1;4;0;2;0;1;0;1;0;0;0;0;0;1;0;0;0;0;1;1;0;0;0;0;0;0;0;0;0;0
2508505;Livramento;PB;Mapeado;2026-09;12;17;1;3;7;8;3;7;0;1;1;2;0;0;0;0;1;2;0;0;0;0;0;0;0;0;0;0;0;0;0;0;0;1
2508554;Logradouro;PB;Mapeado;2026-09;14;20;2;6;4;9;6;12;1;4;1;2;0;0;0;0;2;4;0;0;0;0;0;0;0;0;0;0;0;1;0;0;0;0
2508604;Lucena;PB;Mapeado;2026-09;49;83;8;23;19;33;19;47;3;13;5;12;0;0;0;0;1;4;0;1;0;3;0;0;0;0;0;0;0;0;0;1;2;3
2508802;Malta;PB;Mapeado;2026-09;12;19;3;7;5;8;4;7;2;5;1;3;0;0;0;0;0;0;0;0;0;0;0;0;0;0;0;0;0;1;0;1;0;1
2508901;Mamanguape;PB;Mapeado;2026-09;131;195;9;19;62;94;55;123;5;15;4;5;0;0;0;0;2;12;0;0;0;0;3;3;0;0;0;0;0;1;0;0;0;5
2509008;Manaíra;PB;Mapeado;2026-09;12;25;2;8;5;13;3;14;0;4;2;8;0;0;0;0;2;7;0;0;0;0;0;0;0;0;0;0;0;0;0;0;0;4
2509057;Marcação;PB;Mapeado;2026-09;11;18;4;6;5;8;2;6;2;3;2;3;0;0;0;0;0;3;0;0;0;0;0;0;0;0;0;0;0;0;0;0;0;0
2509107;Mari;PB;Mapeado;2026-09;47;79;5;10;12;17;28;47;4;6;1;4;0;0;0;0;2;9;0;0;0;1;0;0;0;0;0;0;0;1;0;0;0;7
2509156;Marizópolis;PB;Mapeado;2026-09;9;24;0;6;3;10;6;19;0;3;0;4;0;0;0;0;0;3;0;1;0;0;0;0;0;0;0;0;0;0;0;0;0;1
2509206;Massaranduba;PB;Mapeado;2026-09;28;43;10;16;7;11;8;17;1;3;9;15;0;0;0;0;1;4;0;0;0;1;2;2;0;0;0;0;0;0;0;0;0;3
2509305;Mataraca;PB;Mapeado;2026-09;22;35;3;11;7;19;12;18;2;6;1;5;0;0;0;0;0;2;0;0;0;0;0;0;0;0;0;0;0;0;0;0;0;1
2509339;Matinhas;PB;Mapeado;2026-09;11;15;1;3;5;8;2;11;0;1;1;2;0;0;0;0;3;3;0;0;0;0;0;0;0;0;0;0;0;1;0;0;0;1
2509370;Mato Grosso;PB;Mapeado;2026-09;3;5;1;1;0;1;2;5;1;1;0;0;0;0;0;0;0;0;0;0;0;0;0;0;0;0;0;0;0;0;0;0;0;0
2509396;Maturéia;PB;Mapeado;2026-09;5;9;1;2;3;6;1;3;1;1;0;1;0;0;0;0;0;1;0;0;0;0;0;0;0;0;0;0;0;0;0;0;0;0
2509404;Mogeiro;PB;Mapeado;2026-09;24;31;7;9;7;9;9;16;2;4;5;8;0;0;0;0;1;4;0;0;0;0;0;0;0;0;0;0;0;0;0;1;0;0
2509503;Montadas;PB;Mapeado;2026-09;8;10;3;5;2;2;2;2;2;3;1;2;0;0;0;0;0;1;0;0;0;0;0;0;0;0;0;0;0;0;0;0;1;2
2509602;Monte Horebe;PB;Mapeado;2026-09;10;15;2;6;4;7;3;9;1;2;1;4;0;0;0;0;0;0;0;0;0;0;0;0;0;0;0;0;0;1;1;1;0;0
2509701;Monteiro;PB;Mapeado;2026-09;95;166;7;31;31;63;49;97;4;24;3;9;0;0;0;0;2;19;2;3;0;5;2;3;0;0;0;0;1;2;0;1;1;9
2509800;Mulungu;PB;Mapeado;2026-09;9;15;2;4;2;8;4;7;0;2;2;3;0;0;0;0;1;3;0;0;0;0;0;0;0;0;0;0;0;0;0;0;0;0
2508703;Mãe d'Água;PB;Mapeado;2026-09;4;8;0;4;2;5;2;3;0;2;0;2;0;0;0;0;0;0;0;0;0;0;0;0;0;0;0;0;0;0;0;0;0;1
2509909;Natuba;PB;Mapeado;2026-09;10;12;1;2;7;8;2;5;0;2;1;1;0;0;0;0;0;0;0;0;0;0;0;0;0;0;0;0;0;0;0;0;0;0
2510006;Nazarezinho;PB;Mapeado;2026-09;9;15;1;9;4;11;3;7;0;3;1;7;0;0;0;0;1;2;0;0;0;0;0;0;0;0;0;0;0;0;0;0;0;0
2510105;Nova Floresta;PB;Mapeado;2026-09;22;32;7;12;12;19;2;13;3;8;4;6;0;0;0;0;1;3;0;0;0;0;0;0;0;0;0;0;0;0;0;0;0;0
2510204;Nova Olinda;PB;Mapeado;2026-09;3;7;1;2;0;1;1;3;0;1;1;1;0;0;0;0;0;1;0;0;0;0;1;1;0;0;0;0;0;0;0;0;0;1
2510303;Nova Palmeira;PB;Mapeado;2026-09;10;27;2;10;5;7;1;10;1;9;1;5;0;0;0;0;2;6;0;0;0;0;0;0;0;0;0;0;0;0;0;0;0;3
2510402;Olho d'Água;PB;Mapeado;2026-09;10;14;0;1;6;9;3;5;0;1;0;0;0;0;0;0;1;2;0;0;0;0;0;0;0;0;0;0;0;0;0;0;0;0
2510501;Olivedos;PB;Mapeado;2026-09;11;17;0;2;5;6;5;10;0;1;0;1;0;0;0;0;1;2;0;0;0;0;0;0;0;0;0;0;0;0;0;1;0;0
2510600;Ouro Velho;PB;Mapeado;2026-09;3;15;1;6;2;7;0;3;0;4;1;3;0;0;0;0;0;1;0;0;0;0;0;0;0;0;0;0;0;1;0;0;0;1
2510659;Parari;PB;Mapeado;2026-09;3;6;0;1;2;3;1;5;0;1;0;0;0;0;0;1;0;0;0;0;0;0;0;0;0;0;0;0;0;0;0;0;0;0
2510709;Passagem;PB;Mapeado;2026-09;2;2;0;0;2;2;0;1;0;0;0;0;0;0;0;0;0;0;0;0;0;0;0;0;0;0;0;0;0;0;0;0;0;0
2510808;Patos;PB;Mapeado;2026-09;445;653;42;119;161;261;200;381;21;68;21;70;0;0;1;2;23;53;1;6;0;12;7;12;0;1;0;2;0;2;3;9;7;44
2510907;Paulista;PB;Mapeado;2026-09;23;36;0;12;15;21;7;15;0;9;0;7;0;0;0;0;1;3;0;1;0;0;0;0;0;0;0;0;0;0;0;0;0;2
2511004;Pedra Branca;PB;Mapeado;2026-09;4;9;2;5;2;5;0;3;0;2;2;3;0;0;0;0;0;1;0;0;0;0;0;0;0;0;0;0;0;0;0;1;0;0
2511103;Pedra Lavrada;PB;Mapeado;2026-09;16;24;1;3;7;11;8;18;1;1;0;2;0;0;0;0;0;1;0;0;0;0;0;0;0;0;0;0;0;0;0;0;0;1
2511202;Pedras de Fogo;PB;Mapeado;2026-09;58;94;15;19;17;32;19;48;5;9;10;12;0;0;0;1;3;6;1;2;0;1;2;2;0;0;0;0;0;0;0;1;1;6
2512721;Pedro Régis;PB;Mapeado;2026-09;6;9;1;2;4;5;1;5;1;2;0;1;0;0;0;0;0;0;0;0;0;0;0;0;0;0;0;0;0;0;0;0;0;0
2511301;Piancó;PB;Mapeado;2026-09;23;50;6;13;7;22;5;18;5;8;1;6;0;0;0;0;2;5;0;1;0;1;2;2;0;0;0;0;0;0;0;0;1;3
2511400;Picuí;PB;Mapeado;2026-09;63;94;11;25;25;32;20;46;8;17;3;12;0;0;0;0;2;8;0;0;0;0;1;1;0;0;0;0;3;3;0;0;1;4
2511509;Pilar;PB;Mapeado;2026-09;14;28;4;6;1;5;8;13;2;4;2;3;0;0;0;0;0;4;0;0;0;0;0;3;0;0;0;0;0;1;0;0;1;6
2511608;Pilões;PB;Mapeado;2026-09;16;22;3;6;10;12;3;9;2;5;1;4;0;0;0;0;0;1;0;0;0;1;0;0;0;0;0;0;0;0;0;0;0;2
2511707;Pilõezinhos;PB;Mapeado;2026-09;9;18;1;5;5;8;2;10;0;4;1;1;0;0;0;0;1;3;0;0;0;0;0;0;0;0;0;0;0;0;0;0;0;0
2511806;Pirpirituba;PB;Mapeado;2026-09;27;44;6;15;13;18;8;23;5;13;1;5;0;0;0;0;0;6;0;0;0;0;0;0;0;0;0;0;0;0;0;0;0;1
2511905;Pitimbu;PB;Mapeado;2026-09;63;104;11;32;30;56;18;49;6;22;5;12;0;0;0;0;3;13;0;0;0;0;0;0;0;0;0;0;0;0;1;1;0;6
2512002;Pocinhos;PB;Mapeado;2026-09;32;57;6;16;16;23;7;34;3;14;3;9;0;0;0;0;1;6;0;0;0;0;1;1;0;0;0;0;0;0;0;1;1;6
2512101;Pombal;PB;Mapeado;2026-09;100;168;8;32;29;51;54;111;7;18;1;16;0;0;0;0;3;11;0;1;0;2;5;5;0;0;0;0;0;1;1;4;0;5
2512036;Poço Dantas;PB;Mapeado;2026-09;7;11;0;2;6;7;1;5;0;2;0;0;0;0;0;0;0;1;0;0;0;0;0;1;0;0;0;0;0;0;0;0;0;2
2512077;Poço de José de Moura;PB;Mapeado;2026-09;10;24;1;7;4;9;4;8;0;4;1;4;0;0;0;0;0;3;0;0;0;1;1;1;0;1;0;0;0;0;0;0;0;5
2512200;Prata;PB;Mapeado;2026-09;11;22;2;6;3;9;6;14;1;3;1;4;0;0;0;1;0;1;0;0;0;0;0;0;0;0;0;0;0;0;0;0;0;1
2512309;Princesa Isabel;PB;Mapeado;2026-09;57;132;8;38;22;51;21;77;1;19;7;27;0;0;0;0;2;18;0;1;0;0;3;3;0;0;0;0;0;1;0;0;1;7
2512408;Puxinanã;PB;Mapeado;2026-09;25;33;3;10;14;17;5;14;1;6;2;6;0;0;0;0;2;6;0;0;0;0;0;0;0;0;0;0;0;0;0;0;1;4
2512507;Queimadas;PB;Mapeado;2026-09;139;193;24;32;44;65;62;110;15;22;9;15;0;0;0;1;6;12;0;0;0;0;2;2;0;0;0;0;0;0;0;3;1;9
2512606;Quixaba;PB;Mapeado;2026-09;1;2;0;0;0;0;1;2;0;0;0;0;0;0;0;0;0;0;0;0;0;0;0;0;0;0;0;0;0;0;0;0;0;0
2512705;Remígio;PB;Mapeado;2026-09;50;73;11;19;14;21;19;29;4;14;7;8;0;0;0;0;1;7;1;1;0;0;0;0;0;0;0;0;0;0;0;1;4;9
2512788;Riacho de Santo Antônio;PB;Mapeado;2026-09;3;5;0;3;2;2;1;3;0;2;0;2;0;0;0;0;0;0;0;0;0;0;0;0;0;0;0;0;0;1;0;0;0;0
2512804;Riacho dos Cavalos;PB;Mapeado;2026-09;9;21;1;6;1;9;7;13;0;1;1;6;0;0;0;0;0;0;0;0;0;0;0;0;0;0;0;0;0;0;0;1;0;4
2512747;Riachão;PB;Mapeado;2026-09;7;9;2;2;3;5;2;7;1;1;1;1;0;0;0;0;0;0;0;0;0;0;0;0;0;0;0;0;0;0;0;0;0;0
2512754;Riachão do Bacamarte;PB;Mapeado;2026-09;14;19;0;3;6;7;7;17;0;3;0;1;0;0;0;0;1;1;0;0;0;0;0;0;0;0;0;0;0;0;0;0;0;0
2512762;Riachão do Poço;PB;Mapeado;2026-09;6;11;0;2;1;4;5;6;0;2;0;1;0;0;0;0;0;0;0;0;0;0;0;0;0;0;0;0;0;0;0;0;0;0
2512903;Rio Tinto;PB;Mapeado;2026-09;54;98;4;13;21;43;25;51;2;7;2;10;0;0;0;1;2;10;0;1;0;1;0;0;0;0;0;0;0;0;0;1;2;10
2513000;Salgadinho;PB;Mapeado;2026-09;8;10;1;1;1;2;6;9;0;1;1;1;0;0;0;0;0;0;0;0;0;0;0;0;0;0;0;0;0;0;0;0;0;0
2513109;Salgado de São Félix;PB;Mapeado;2026-09;12;16;2;2;5;7;4;8;1;1;1;1;0;0;0;0;0;1;0;0;0;0;1;1;0;0;0;0;0;1;0;0;0;2
2513158;Santa Cecília;PB;Mapeado;2026-09;11;17;0;1;6;8;4;9;0;0;0;1;0;0;0;0;1;1;0;0;0;0;0;0;0;0;0;0;0;0;0;0;0;1
2513208;Santa Cruz;PB;Mapeado;2026-09;15;25;3;8;9;15;3;10;1;2;2;6;0;0;0;1;0;1;0;0;0;0;0;0;0;0;0;0;0;0;0;0;0;1
2513307;Santa Helena;PB;Mapeado;2026-09;9;18;3;10;4;13;1;5;2;5;1;6;0;0;0;0;0;2;0;0;0;0;1;1;0;0;0;0;0;0;0;1;0;0
2513356;Santa Inês;PB;Mapeado;2026-09;6;9;1;3;2;4;3;3;0;2;1;2;0;0;0;0;0;1;0;0;0;0;0;0;0;0;0;0;0;0;0;0;0;0
2513406;Santa Luzia;PB;Mapeado;2026-09;70;100;6;15;25;38;34;62;2;10;4;6;0;0;0;0;2;5;0;0;0;0;3;3;0;0;0;0;0;0;0;0;0;5
2513703;Santa Rita;PB;Mapeado;2026-09;367;543;41;79;129;198;166;308;23;53;18;34;0;0;0;0;16;30;0;0;0;0;6;7;1;1;0;0;1;5;0;3;7;34
2513802;Santa Teresinha;PB;Mapeado;2026-09;11;14;1;3;8;9;2;7;1;3;0;0;0;0;0;0;0;0;0;0;0;0;0;0;0;0;0;0;0;0;0;0;0;0
2513505;Santana de Mangueira;PB;Mapeado;2026-09;7;10;1;2;4;8;2;6;1;2;0;1;0;0;0;0;0;0;0;0;0;0;0;0;0;0;0;0;0;0;0;0;0;1
2513604;Santana dos Garrotes;PB;Mapeado;2026-09;14;17;5;7;3;5;6;8;3;4;2;3;0;0;0;0;0;1;0;0;0;0;0;0;0;0;0;0;0;0;0;0;0;0
2513851;Santo André;PB;Mapeado;2026-09;10;15;1;3;4;6;4;8;0;2;1;1;0;0;0;0;0;0;0;0;0;0;1;1;0;0;0;0;0;0;0;0;0;0
2515302;Sapé;PB;Mapeado;2026-09;118;160;17;32;30;44;60;94;13;20;4;14;0;0;0;0;6;12;0;1;0;2;3;5;0;0;0;0;0;1;1;2;1;7
2515500;Serra Branca;PB;Mapeado;2026-09;23;49;4;18;7;17;10;26;4;12;0;8;0;0;0;0;0;3;0;0;0;0;2;2;0;0;0;0;0;0;0;1;0;4
2515708;Serra Grande;PB;Mapeado;2026-09;6;13;0;3;5;9;0;3;0;2;0;2;0;0;0;0;1;2;0;0;0;0;0;1;0;1;0;0;0;0;0;0;0;3
2515807;Serra Redonda;PB;Mapeado;2026-09;14;19;3;8;5;9;4;6;2;7;1;4;0;0;0;0;1;3;0;0;0;0;1;1;0;0;0;0;0;0;0;0;0;0
2515609;Serra da Raiz;PB;Mapeado;2026-09;6;12;0;1;4;9;2;5;0;1;0;1;0;0;0;0;0;3;0;0;0;0;0;0;0;0;0;0;0;0;0;0;0;0
2515906;Serraria;PB;Mapeado;2026-09;11;21;0;12;7;13;3;13;0;8;0;5;0;0;0;0;0;1;0;0;0;1;0;0;0;0;0;0;0;1;0;0;1;2
2515930;Sertãozinho;PB;Mapeado;2026-09;12;17;1;3;4;8;6;12;1;1;0;2;0;0;0;0;0;0;0;0;0;0;0;0;0;0;0;0;0;0;0;0;1;1
2515971;Sobrado;PB;Mapeado;2026-09;27;33;2;7;14;15;10;18;1;4;1;3;0;0;0;0;0;0;0;0;0;1;0;0;0;0;0;0;0;0;0;0;1;2
2516102;Soledade;PB;Mapeado;2026-09;41;70;3;12;13;23;23;47;0;4;3;8;0;0;0;0;0;9;0;0;0;1;1;1;0;0;0;0;1;2;0;0;0;1
2516003;Solânea;PB;Mapeado;2026-09;98;146;14;42;30;54;43;88;7;26;7;18;0;0;0;0;4;11;1;1;0;1;5;5;0;0;0;0;0;2;0;1;1;4
2516151;Sossêgo;PB;Mapeado;2026-09;10;15;2;5;6;7;2;5;0;2;2;4;0;0;0;0;0;1;0;0;0;1;0;0;0;0;0;0;0;0;0;0;0;0
2516201;Sousa;PB;Mapeado;2026-09;234;397;19;79;89;158;104;227;9;58;10;33;0;0;0;5;5;38;1;7;0;6;14;16;0;0;0;0;0;1;0;0;2;22
2516300;Sumé;PB;Mapeado;2026-09;63;114;14;33;21;40;23;52;6;22;8;19;0;0;0;0;2;13;0;1;0;2;1;1;0;0;0;0;0;1;0;0;2;12
2513927;São Bentinho;PB;Mapeado;2026-09;6;11;0;1;2;3;4;8;0;1;0;0;0;0;0;0;0;1;0;0;0;0;0;1;0;0;0;0;0;0;0;0;0;0
2513901;São Bento;PB;Mapeado;2026-09;88;138;9;29;26;58;44;88;3;18;6;19;0;0;0;0;2;13;0;2;0;2;2;2;1;1;0;0;0;2;2;4;2;11
2513968;São Domingos;PB;Mapeado;2026-09;3;6;1;4;1;3;1;5;0;0;1;4;0;0;0;0;0;0;0;0;0;0;0;0;0;0;0;0;0;0;0;0;0;0
2513943;São Domingos do Cariri;PB;Mapeado;2026-09;8;17;0;4;4;7;4;11;0;1;0;3;0;0;0;0;0;3;0;0;0;0;0;0;0;0;0;0;0;0;0;0;0;1
2513984;São Francisco;PB;Mapeado;2026-09;4;10;0;2;3;8;1;8;0;2;0;0;0;0;0;0;0;0;0;0;0;0;0;0;0;0;0;0;0;0;0;0;0;1
2514206;São José da Lagoa Tapada;PB;Mapeado;2026-09;8;26;2;9;2;10;4;13;1;6;1;5;0;0;0;1;0;4;0;0;0;0;0;0;0;0;0;0;0;0;0;0;0;0
2514305;São José de Caiana;PB;Mapeado;2026-09;4;11;0;2;2;5;2;5;0;2;0;2;0;0;0;0;0;3;0;0;0;0;0;0;0;0;0;0;0;0;0;0;0;1
2514404;São José de Espinharas;PB;Mapeado;2026-09;5;8;2;5;1;3;2;4;0;3;2;2;0;0;0;0;0;0;0;0;0;0;0;0;0;0;0;0;0;0;0;0;0;0
2514503;São José de Piranhas;PB;Mapeado;2026-09;45;71;8;18;23;40;10;31;3;14;5;11;0;0;0;0;1;7;0;0;0;0;2;2;0;0;0;0;0;0;0;0;1;2
2514552;São José de Princesa;PB;Mapeado;2026-09;5;9;0;2;2;3;3;9;0;1;0;2;0;0;0;0;0;1;0;0;0;0;0;0;0;0;0;0;0;0;0;0;0;1
2514602;São José do Bonfim;PB;Mapeado;2026-09;7;9;2;2;2;4;1;2;0;2;2;2;0;0;0;0;1;1;0;0;0;0;1;1;0;0;0;0;0;0;0;0;0;2
2514651;São José do Brejo do Cruz;PB;Mapeado;2026-09;2;8;0;0;2;3;0;3;0;0;0;0;0;0;0;0;0;0;0;0;0;0;0;1;0;0;0;0;0;0;0;0;0;3
2514701;São José do Sabugi;PB;Mapeado;2026-09;17;31;1;4;5;13;6;14;1;1;0;3;0;0;0;0;3;5;0;0;0;0;0;0;0;0;0;0;2;2;0;1;0;5
2514800;São José dos Cordeiros;PB;Mapeado;2026-09;5;10;1;1;3;7;1;2;1;1;0;0;0;0;0;0;0;2;0;0;0;0;0;0;0;0;0;0;0;0;0;0;0;0
2514453;São José dos Ramos;PB;Mapeado;2026-09;4;7;1;2;2;3;1;5;0;1;1;1;0;0;0;0;0;0;0;0;0;0;0;0;0;0;0;0;0;0;0;0;0;1
2514008;São João do Cariri;PB;Mapeado;2026-09;18;26;4;8;8;13;3;9;2;6;2;3;0;0;0;0;1;3;0;1;0;0;1;2;0;0;0;0;0;0;0;0;1;2
2500700;São João do Rio do Peixe;PB;Mapeado;2026-09;26;45;8;17;9;25;5;22;3;9;5;8;0;0;0;0;1;5;0;0;0;1;3;3;0;0;0;0;0;0;0;1;0;3
2514107;São João do Tigre;PB;Mapeado;2026-09;4;11;2;4;1;6;1;4;1;2;1;2;0;0;0;0;0;2;0;0;0;0;0;0;0;0;0;0;0;1;0;0;0;0
2514909;São Mamede;PB;Mapeado;2026-09;22;33;0;3;6;10;15;26;0;3;0;0;0;0;0;0;0;2;0;0;0;1;0;0;1;1;0;0;0;0;0;0;0;1
2515005;São Miguel de Taipu;PB;Mapeado;2026-09;10;20;2;5;5;9;2;11;1;2;1;3;0;0;0;0;0;2;0;0;0;1;0;0;0;0;0;0;0;0;0;0;1;2
2515104;São Sebastião de Lagoa de Roça;PB;Mapeado;2026-09;25;36;5;8;5;11;13;23;3;7;2;3;0;0;0;0;1;2;0;0;0;0;0;0;0;0;0;0;0;0;0;0;1;3
2515203;São Sebastião do Umbuzeiro;PB;Mapeado;2026-09;9;12;1;4;4;5;4;7;1;3;0;1;0;0;0;0;0;1;0;0;0;0;0;0;0;0;0;0;0;0;0;0;0;0
2515401;São Vicente do Seridó;PB;Mapeado;2026-09;12;18;2;2;7;13;3;7;1;2;1;1;0;0;0;0;0;0;0;0;0;0;0;0;0;0;0;0;0;0;0;0;0;0
2516409;Tacima;PB;Mapeado;2026-09;11;15;1;3;4;5;6;11;0;1;1;2;0;0;0;0;0;1;0;0;0;0;0;0;0;0;0;0;0;0;0;0;0;1
2516508;Taperoá;PB;Mapeado;2026-09;42;59;8;20;12;20;17;32;6;14;2;12;0;0;0;0;3;8;0;0;0;2;1;1;0;0;0;0;0;0;0;1;1;1
2516607;Tavares;PB;Mapeado;2026-09;25;36;8;14;6;11;10;20;2;7;6;8;0;0;0;0;1;5;0;1;0;0;0;0;0;0;0;0;0;0;0;0;0;0
2516706;Teixeira;PB;Mapeado;2026-09;17;34;1;5;8;18;8;20;0;2;1;5;0;0;0;1;0;4;0;0;0;0;0;0;0;0;0;0;0;0;0;1;0;1
2516755;Tenório;PB;Mapeado;2026-09;4;11;1;4;2;5;1;5;0;2;1;2;0;0;0;0;0;0;0;0;0;0;0;0;0;0;0;0;0;0;0;0;0;1
2516805;Triunfo;PB;Mapeado;2026-09;15;27;3;12;8;15;2;12;3;9;0;6;0;0;0;0;1;2;0;0;0;1;1;1;0;0;0;0;0;1;0;0;0;3
2516904;Uiraúna;PB;Mapeado;2026-09;32;60;6;17;8;19;16;33;4;11;2;7;0;0;0;0;0;4;0;1;0;3;2;2;0;0;0;0;0;0;0;0;0;3
2517001;Umbuzeiro;PB;Mapeado;2026-09;11;21;1;7;4;9;5;12;1;5;0;3;0;0;0;0;0;0;0;0;0;1;1;1;0;0;0;0;0;0;0;0;0;0
2517209;Vieirópolis;PB;Mapeado;2026-09;6;9;1;3;3;5;2;6;0;2;1;2;0;0;0;0;0;2;0;0;0;0;0;0;0;0;0;0;0;0;0;0;0;1
2505501;Vista Serrana;PB;Mapeado;2026-09;11;13;7;7;2;4;2;6;6;6;1;1;0;0;0;0;0;3;0;0;0;0;0;0;0;0;0;0;0;0;0;0;0;0
2517100;Várzea;PB;Mapeado;2026-09;4;9;1;3;3;3;0;5;0;2;1;1;0;0;0;0;0;3;0;0;0;0;0;0;0;0;0;0;0;0;0;0;0;0
2517407;Zabelê;PB;Mapeado;2026-09;3;6;0;0;1;2;2;4;0;0;0;0;0;0;0;0;0;0;0;0;0;0;0;0;0;0;0;0;0;0;0;0;0;0
2500106;Água Branca;PB;Mapeado;2026-09;21;29;2;10;10;14;6;17;0;5;2;7;0;0;0;0;2;3;0;0;0;0;1;1;0;0;0;0;0;1;0;2;0;1
2600054;Abreu e Lima;PE;Mapeado;2026-09;278;413;27;53;98;152;130;248;16;40;11;20;0;0;0;1;12;28;0;0;0;1;2;3;2;2;0;0;0;1;1;3;6;23
2600104;Afogados da Ingazeira;PE;Mapeado;2026-09;187;259;55;87;48;84;70;119;24;47;31;46;0;0;0;1;9;16;0;2;0;1;3;3;0;2;0;1;1;2;0;1;1;13
2600203;Afrânio;PE;Mapeado;2026-09;26;46;4;16;9;21;12;29;2;10;2;7;0;0;0;0;1;5;0;0;0;0;0;0;0;0;0;0;0;0;0;0;0;0
2600302;Agrestina;PE;Mapeado;2026-09;46;64;6;11;13;23;22;35;3;6;3;6;0;0;0;0;2;6;0;0;0;1;0;0;0;0;0;0;1;1;0;1;2;4
2600609;Alagoinha;PE;Mapeado;2026-09;20;30;2;6;5;8;8;10;0;4;2;3;0;0;0;0;0;1;0;0;0;0;0;0;0;0;0;0;0;0;5;5;0;6
2600708;Aliança;PE;Mapeado;2026-09;65;93;8;11;19;29;21;43;5;8;3;5;0;0;0;0;3;11;0;1;0;3;13;14;0;1;0;0;0;0;0;0;1;6
2600807;Altinho;PE;Mapeado;2026-09;20;34;2;6;8;10;7;17;1;3;1;3;0;0;0;0;2;5;0;0;1;1;0;1;0;0;0;0;0;0;0;0;0;2
2600906;Amaraji;PE;Mapeado;2026-09;34;58;4;7;11;19;15;37;3;6;1;1;0;0;0;0;0;2;0;0;0;0;0;0;0;0;0;0;0;0;1;1;3;3
2601003;Angelim;PE;Mapeado;2026-09;10;20;1;6;3;8;6;11;1;3;0;3;0;0;0;0;0;1;0;0;0;0;0;0;0;0;0;0;0;0;0;1;0;0
2601102;Araripina;PE;Mapeado;2026-09;240;356;41;84;97;158;81;164;26;59;15;36;0;0;0;0;7;33;0;1;1;3;5;9;0;3;0;0;1;3;1;3;6;32
2601052;Araçoiaba;PE;Mapeado;2026-09;30;44;3;4;10;15;14;25;3;4;0;0;0;0;0;1;1;5;0;0;0;0;2;2;0;0;0;0;0;0;0;1;0;2
2601201;Arcoverde;PE;Mapeado;2026-09;357;539;66;119;116;211;149;294;49;88;17;36;0;0;0;2;12;36;0;6;0;9;8;13;0;0;0;0;0;3;0;1;6;41
2601300;Barra de Guabiraba;PE;Mapeado;2026-09;25;30;4;9;7;13;6;10;3;7;1;2;0;0;0;0;3;5;0;0;0;0;0;0;0;0;0;0;1;1;0;0;4;5
2601409;Barreiros;PE;Mapeado;2026-09;108;166;11;23;46;71;33;83;10;19;1;6;0;0;0;0;3;14;0;0;0;2;6;6;2;2;0;0;0;0;1;2;6;14
2601706;Belo Jardim;PE;Mapeado;2026-09;251;381;43;71;93;143;91;190;24;45;19;38;0;0;0;0;8;40;1;4;0;2;3;7;1;2;0;0;2;4;1;5;8;29
2601508;Belém de Maria;PE;Mapeado;2026-09;4;15;0;2;0;4;4;10;0;1;0;1;0;0;0;0;0;1;0;0;0;0;0;0;0;0;0;0;0;0;0;1;0;0
2601607;Belém do São Francisco;PE;Mapeado;2026-09;31;57;3;14;14;29;9;31;1;4;2;10;0;0;0;0;0;11;1;1;0;1;1;1;0;0;0;0;0;0;0;0;3;5
2601805;Betânia;PE;Mapeado;2026-09;8;12;3;5;2;5;3;3;1;3;2;4;0;0;0;0;0;1;0;0;0;0;0;1;0;0;0;0;0;0;0;0;0;0
2601904;Bezerros;PE;Mapeado;2026-09;174;256;10;33;83;119;71;144;6;24;4;14;0;0;0;0;4;17;0;4;1;4;3;3;1;1;0;0;0;0;0;2;1;13
2602001;Bodocó;PE;Mapeado;2026-09;38;74;4;13;18;32;15;36;0;8;4;7;0;0;0;0;1;4;0;1;0;1;0;0;0;0;0;0;0;1;0;0;0;7
2602100;Bom Conselho;PE;Mapeado;2026-09;51;85;3;12;20;35;25;56;1;8;2;5;0;0;0;0;2;3;0;0;0;1;1;2;0;0;0;0;0;0;0;0;0;4
2602209;Bom Jardim;PE;Mapeado;2026-09;49;68;3;14;32;38;10;30;3;13;0;5;0;0;0;0;1;6;0;0;0;0;3;3;0;0;0;0;0;1;0;1;0;4
2602308;Bonito;PE;Mapeado;2026-09;57;105;5;17;26;44;18;52;1;7;4;11;0;0;0;0;1;11;0;0;0;1;3;4;1;1;0;0;0;0;0;0;3;8
2602506;Brejinho;PE;Mapeado;2026-09;15;25;2;3;7;14;5;11;1;2;1;2;0;0;0;0;1;3;0;0;0;0;0;0;0;0;0;0;0;0;0;0;0;1
2602605;Brejo da Madre de Deus;PE;Mapeado;2026-09;78;124;14;33;22;39;36;76;10;25;4;16;0;0;0;0;5;20;0;0;0;1;0;0;0;0;0;0;0;0;0;1;1;2
2602407;Brejão;PE;Mapeado;2026-09;10;13;2;4;4;5;2;7;2;4;0;2;0;0;0;0;1;3;0;0;0;0;0;0;0;0;0;0;1;1;0;0;0;1
2602704;Buenos Aires;PE;Mapeado;2026-09;16;24;3;4;5;7;3;8;3;3;0;1;0;0;0;0;1;2;0;1;0;0;3;4;0;0;0;0;0;1;0;0;1;2
2602803;Buíque;PE;Mapeado;2026-09;57;101;4;9;28;43;22;56;2;2;2;7;0;0;0;0;1;7;0;1;0;1;1;1;0;0;0;0;0;1;1;1;0;5
2602902;Cabo de Santo Agostinho;PE;Mapeado;2026-09;761;1149;125;224;277;446;326;654;92;168;33;68;0;0;0;1;15;52;0;3;0;5;4;9;2;4;0;1;1;4;0;7;11;59
2603009;Cabrobó;PE;Mapeado;2026-09;84;135;2;19;41;64;33;75;0;10;2;12;0;0;1;3;3;12;0;0;0;2;4;7;0;2;0;0;0;1;0;2;0;9
2603108;Cachoeirinha;PE;Mapeado;2026-09;29;50;2;8;7;14;9;24;1;5;1;4;0;0;0;1;1;3;0;0;0;0;10;12;0;0;0;0;0;0;0;1;0;2
2603207;Caetés;PE;Mapeado;2026-09;12;23;1;4;4;8;7;13;0;1;1;3;0;0;0;0;0;2;0;0;0;0;0;0;0;0;0;0;0;0;0;0;0;2
2603405;Calumbi;PE;Mapeado;2026-09;6;8;3;3;1;2;2;5;2;2;1;1;0;0;0;0;0;0;0;0;0;0;0;0;0;0;0;0;0;0;0;0;0;0
2603306;Calçado;PE;Mapeado;2026-09;5;8;0;1;2;3;3;4;0;0;0;1;0;0;0;0;0;1;0;0;0;0;0;0;0;0;0;0;0;0;0;1;0;0
2603454;Camaragibe;PE;Mapeado;2026-09;727;1064;71;137;236;360;359;661;53;105;18;44;0;0;0;1;26;67;1;2;0;7;11;17;2;2;0;0;1;3;3;10;17;72
2603504;Camocim de São Félix;PE;Mapeado;2026-09;22;39;4;6;10;20;8;14;4;5;0;3;0;0;0;0;0;2;0;0;0;0;0;3;0;0;0;0;0;0;0;1;0;5
2603603;Camutanga;PE;Mapeado;2026-09;9;18;0;0;1;4;5;10;0;0;0;0;0;0;0;0;0;1;0;0;0;0;3;3;0;0;0;0;0;0;0;0;0;3
2603702;Canhotinho;PE;Mapeado;2026-09;22;41;2;8;9;16;10;22;0;5;2;4;0;0;0;0;1;4;0;0;0;0;0;0;0;0;0;0;0;0;0;2;0;2
2603801;Capoeiras;PE;Mapeado;2026-09;18;24;2;4;8;9;6;14;1;2;1;2;0;0;0;0;1;3;0;0;0;0;1;1;0;0;0;0;0;0;0;0;0;0
2603926;Carnaubeira da Penha;PE;Mapeado;2026-09;6;10;1;1;3;6;2;8;0;0;1;1;0;0;0;0;0;0;0;0;0;0;0;0;0;0;0;0;0;0;0;0;0;0
2603900;Carnaíba;PE;Mapeado;2026-09;22;49;1;9;10;20;9;28;1;6;0;4;0;0;0;0;2;6;0;0;0;0;0;1;0;0;0;0;0;0;0;0;0;2
2604007;Carpina;PE;Mapeado;2026-09;315;465;23;59;109;166;154;290;15;43;8;25;0;0;0;0;8;28;1;6;0;4;10;11;1;2;0;0;1;3;0;5;8;26
2604106;Caruaru;PE;Mapeado;2026-09;1883;2673;195;375;702;1085;873;1520;114;254;81;170;0;0;0;7;40;138;3;15;3;40;18;28;5;7;1;2;2;8;5;22;36;126
2604155;Casinhas;PE;Mapeado;2026-09;3;8;0;0;2;3;1;3;0;0;0;0;0;0;0;0;0;2;0;0;0;0;0;0;0;0;0;0;0;0;0;0;0;0
2604205;Catende;PE;Mapeado;2026-09;43;71;7;16;12;21;21;44;6;10;1;7;0;0;0;0;0;4;0;0;0;0;2;2;1;2;0;0;0;0;0;0;0;1
2604304;Cedro;PE;Mapeado;2026-09;12;23;2;6;6;6;4;14;0;3;2;4;0;0;0;0;0;1;0;0;0;0;0;0;0;0;0;0;0;0;0;0;0;2
2604502;Chã Grande;PE;Mapeado;2026-09;46;60;4;8;13;19;20;31;1;4;3;4;0;0;0;0;5;9;0;0;0;0;4;4;0;0;0;0;0;3;0;3;0;3
2604403;Chã de Alegria;PE;Mapeado;2026-09;15;22;1;4;6;6;7;12;1;2;0;3;0;0;0;0;0;2;0;0;0;0;0;0;0;0;0;0;0;0;0;0;1;2
2604601;Condado;PE;Mapeado;2026-09;53;80;16;21;15;25;19;42;9;16;7;8;0;0;0;0;0;3;0;0;0;1;1;2;0;0;0;0;0;0;0;0;2;6
2604700;Correntes;PE;Mapeado;2026-09;7;17;0;1;3;6;3;7;0;1;0;1;0;0;0;0;0;2;0;3;0;3;0;0;1;1;0;0;0;0;0;1;0;1
2604809;Cortês;PE;Mapeado;2026-09;19;26;5;7;5;10;7;10;1;4;4;4;0;0;0;0;2;6;0;0;0;0;0;0;0;0;0;0;0;0;0;0;0;0
2604908;Cumaru;PE;Mapeado;2026-09;15;21;2;7;6;10;5;13;1;5;1;2;0;0;0;0;0;0;0;0;0;0;1;2;0;0;0;0;1;1;0;1;0;1
2605004;Cupira;PE;Mapeado;2026-09;51;82;4;14;22;34;21;53;2;12;2;3;0;0;0;0;2;9;0;0;0;1;2;2;0;0;0;0;0;2;0;1;0;2
2605103;Custódia;PE;Mapeado;2026-09;64;127;5;21;28;55;29;86;4;16;1;9;0;0;0;0;0;13;0;0;0;0;1;1;1;1;0;0;0;0;0;1;0;2
2605152;Dormentes;PE;Mapeado;2026-09;16;39;3;7;7;24;5;21;3;7;0;3;0;0;0;0;1;3;0;0;0;0;0;1;0;0;0;0;0;0;0;0;0;1
2605202;Escada;PE;Mapeado;2026-09;122;205;29;41;40;66;47;114;22;32;7;11;0;0;0;0;2;14;0;0;0;1;2;2;1;1;0;0;0;0;1;2;0;5
2605301;Exu;PE;Mapeado;2026-09;45;85;3;17;16;34;16;49;3;12;0;6;0;0;0;0;6;15;0;0;1;3;2;2;0;0;0;0;0;0;0;0;1;7
2605400;Feira Nova;PE;Mapeado;2026-09;33;48;4;9;15;18;12;24;1;6;3;8;0;0;0;0;0;1;0;0;0;0;1;1;0;0;0;0;0;0;0;0;1;4
2605459;Fernando de Noronha;PE;Mapeado;2026-09;137;304;13;78;81;189;30;116;7;49;6;39;0;0;0;0;1;23;0;1;0;4;0;0;1;1;0;0;0;1;0;0;11;53
2605509;Ferreiros;PE;Mapeado;2026-09;16;30;1;6;5;9;8;15;1;6;0;1;0;0;0;0;0;0;0;0;0;0;2;2;0;0;0;0;0;0;0;1;0;3
2605608;Flores;PE;Mapeado;2026-09;22;46;5;12;6;19;10;27;1;3;4;10;0;0;0;0;1;4;0;0;0;0;0;0;0;0;0;0;0;1;0;0;0;3
2605707;Floresta;PE;Mapeado;2026-09;49;80;6;17;22;36;18;39;1;7;5;12;0;0;0;0;1;7;0;1;0;1;2;2;0;1;0;0;0;0;0;0;0;5
2605806;Frei Miguelinho;PE;Mapeado;2026-09;19;30;1;3;4;7;13;23;1;2;0;1;0;0;0;0;1;2;0;1;0;0;0;0;0;0;0;0;0;0;0;0;0;1
2605905;Gameleira;PE;Mapeado;2026-09;35;55;10;17;11;28;11;38;7;15;3;10;0;0;0;0;1;6;0;0;0;0;1;1;0;0;0;0;0;1;1;1;0;0
2606002;Garanhuns;PE;Mapeado;2026-09;594;869;78;164;230;359;245;485;54;123;24;58;0;0;0;1;17;51;1;10;0;12;14;18;0;2;1;1;2;4;1;8;5;55
2606101;Glória do Goitá;PE;Mapeado;2026-09;42;91;10;21;13;26;12;42;2;15;8;15;0;0;0;0;2;15;0;0;0;3;2;2;1;3;0;0;0;1;1;2;1;9
2606200;Goiana;PE;Mapeado;2026-09;272;430;42;82;83;152;121;252;23;55;19;36;0;0;0;1;10;35;0;5;1;12;12;16;0;1;0;0;0;1;0;1;3;28
2606309;Granito;PE;Mapeado;2026-09;5;24;1;3;1;7;2;14;1;2;0;1;0;0;0;0;1;3;0;0;0;0;0;0;0;0;0;0;0;0;0;0;0;4
2606408;Gravatá;PE;Mapeado;2026-09;414;554;51;113;170;249;164;301;32;69;19;53;0;0;0;0;8;38;0;2;0;9;11;14;2;2;0;0;0;2;0;0;8;23
2606507;Iati;PE;Mapeado;2026-09;15;22;2;4;7;12;6;14;2;4;0;1;0;0;0;0;0;1;0;0;0;0;0;0;0;0;0;0;0;0;0;0;0;0
2606606;Ibimirim;PE;Mapeado;2026-09;32;45;4;11;14;23;7;20;1;5;3;6;0;0;0;0;2;8;0;1;1;1;2;2;1;1;0;0;0;1;0;0;1;1
2606705;Ibirajuba;PE;Mapeado;2026-09;2;8;1;3;1;3;0;6;0;2;1;2;0;0;0;0;0;1;0;0;0;0;0;0;0;0;0;0;0;0;0;0;0;0
2606804;Igarassu;PE;Mapeado;2026-09;410;606;54;107;125;217;198;370;33;70;21;50;0;0;0;0;16;56;1;2;0;3;8;10;0;5;0;0;0;1;0;3;8;38
2606903;Iguaracy;PE;Mapeado;2026-09;8;17;1;3;4;8;3;10;0;2;1;2;0;0;0;0;0;0;0;0;0;0;0;0;0;0;0;0;0;0;0;0;0;1
2607604;Ilha de Itamaracá;PE;Mapeado;2026-09;96;154;30;63;40;79;22;70;20;50;10;33;0;0;0;0;1;8;0;4;0;3;2;2;1;1;0;0;0;1;0;0;0;4
2607000;Inajá;PE;Mapeado;2026-09;18;41;3;11;9;19;5;24;1;7;2;4;0;0;0;0;1;1;0;0;0;0;0;0;0;0;0;0;0;0;0;2;0;1
2607109;Ingazeira;PE;Mapeado;2026-09;8;12;2;5;3;6;3;6;1;4;1;2;0;0;0;0;0;1;0;0;0;0;0;0;0;0;0;0;0;0;0;0;0;1
2607208;Ipojuca;PE;Mapeado;2026-09;760;1132;60;219;397;616;255;578;39;157;21;89;0;0;3;6;8;40;0;1;1;5;8;11;2;5;0;0;0;4;2;4;24;62
2607307;Ipubi;PE;Mapeado;2026-09;33;47;8;20;13;23;8;25;3;9;5;13;0;0;0;0;1;3;0;0;0;0;1;2;1;1;0;0;0;0;0;0;1;2
2607406;Itacuruba;PE;Mapeado;2026-09;6;9;2;2;2;3;1;3;2;2;0;0;0;0;0;0;0;1;0;0;0;0;0;0;0;0;0;0;0;0;0;0;1;1
2607653;Itambé;PE;Mapeado;2026-09;71;111;17;30;18;34;31;57;8;19;9;14;0;0;0;0;2;11;0;0;0;2;1;1;0;0;0;0;1;2;0;0;1;9
2607703;Itapetim;PE;Mapeado;2026-09;12;25;1;7;6;13;5;15;1;5;0;2;0;0;0;0;0;2;0;0;0;0;0;0;0;1;0;0;0;0;0;0;0;0
2607752;Itapissuma;PE;Mapeado;2026-09;48;84;6;24;16;36;24;55;4;20;2;10;0;0;0;2;1;8;0;0;0;0;1;1;0;0;0;0;0;0;0;0;0;1
2607802;Itaquitinga;PE;Mapeado;2026-09;24;33;5;5;6;14;11;21;5;5;0;0;0;0;0;0;1;1;0;0;0;0;0;0;0;0;0;0;0;1;0;0;1;2
2607505;Itaíba;PE;Mapeado;2026-09;31;52;6;9;8;13;13;31;5;7;1;2;0;0;0;0;1;7;0;0;0;0;0;1;0;0;0;0;0;0;0;1;3;8
2607901;Jaboatão dos Guararapes;PE;Mapeado;2026-09;2659;3949;208;489;935;1428;1375;2507;138;348;70;189;0;0;0;1;72;187;2;15;2;21;17;25;3;4;0;0;1;13;2;19;42;189
2607950;Jaqueira;PE;Mapeado;2026-09;10;14;1;3;4;6;5;10;1;1;0;2;0;0;0;0;0;1;0;0;0;0;0;0;0;0;0;0;0;0;0;0;0;0
2608008;Jataúba;PE;Mapeado;2026-09;16;22;0;2;7;8;7;10;0;1;0;1;0;0;0;0;1;3;0;0;0;0;1;1;0;0;0;0;0;0;0;0;0;1
2608057;Jatobá;PE;Mapeado;2026-09;20;50;1;14;7;17;9;30;0;10;1;6;0;0;0;0;1;6;0;1;0;0;0;0;0;0;0;0;0;0;0;0;2;2
2608206;Joaquim Nabuco;PE;Mapeado;2026-09;11;30;1;5;6;13;4;15;1;5;0;2;0;0;0;0;0;5;0;1;0;1;0;0;0;0;0;0;0;0;0;1;0;2
2608107;João Alfredo;PE;Mapeado;2026-09;41;64;7;16;17;29;15;36;5;15;2;6;0;0;0;0;0;3;0;0;0;0;1;1;0;0;0;0;1;1;0;1;0;1
2608255;Jucati;PE;Mapeado;2026-09;4;11;2;3;1;3;1;7;2;3;0;0;0;0;0;0;0;0;0;0;0;0;0;0;0;0;0;0;0;0;0;0;0;0
2608305;Jupi;PE;Mapeado;2026-09;15;25;0;4;7;12;6;13;0;4;0;1;0;0;0;0;0;2;0;0;0;1;2;3;0;0;0;0;0;0;0;1;0;2
2608404;Jurema;PE;Mapeado;2026-09;5;16;1;3;0;3;3;12;1;3;0;0;0;0;0;0;0;1;0;0;0;0;0;0;0;0;0;0;0;1;0;1;1;3
2608750;Lagoa Grande;PE;Mapeado;2026-09;41;79;6;21;17;36;16;46;4;14;2;9;0;0;0;0;1;6;0;0;0;0;0;1;1;1;0;0;0;1;0;0;0;7
2608503;Lagoa de Itaenga;PE;Mapeado;2026-09;26;39;3;4;10;15;10;18;2;4;1;1;0;0;0;0;0;0;0;0;0;2;3;3;0;0;0;0;0;0;0;0;0;4
2608453;Lagoa do Carro;PE;Mapeado;2026-09;43;69;4;9;16;18;22;38;3;5;1;4;0;0;0;1;0;5;0;0;0;1;0;1;1;1;0;0;0;0;0;0;0;6
2608602;Lagoa do Ouro;PE;Mapeado;2026-09;17;23;2;5;8;9;7;12;1;3;1;2;0;0;0;0;0;1;0;0;0;1;0;0;0;0;0;0;0;0;0;1;0;0
2608701;Lagoa dos Gatos;PE;Mapeado;2026-09;14;19;0;3;5;10;8;12;0;3;0;0;0;0;0;0;0;0;0;0;0;0;0;0;0;0;0;0;0;0;0;0;1;1
2608800;Lajedo;PE;Mapeado;2026-09;79;130;9;22;27;41;31;69;7;16;2;6;0;0;0;0;2;6;0;0;0;0;6;6;1;1;0;0;1;1;1;3;1;6
2608909;Limoeiro;PE;Mapeado;2026-09;132;215;17;46;42;70;62;118;10;37;7;17;0;0;1;1;4;15;0;2;0;8;1;4;1;4;0;0;0;0;0;0;4;20
2609006;Macaparana;PE;Mapeado;2026-09;32;50;10;14;8;20;14;33;7;10;3;6;0;0;0;0;0;3;0;1;0;0;0;0;0;0;0;0;0;0;0;1;0;5
2609105;Machados;PE;Mapeado;2026-09;20;32;1;7;8;14;8;16;0;6;1;3;0;0;0;0;1;2;0;0;0;2;0;0;1;1;0;0;0;0;0;0;1;3
2609154;Manari;PE;Mapeado;2026-09;7;13;0;4;2;5;4;7;0;1;0;3;0;0;0;0;0;0;0;0;0;0;0;0;0;0;0;0;1;1;0;0;0;1
2609204;Maraial;PE;Mapeado;2026-09;7;13;1;1;4;4;1;7;0;1;1;1;0;0;0;0;1;1;0;0;0;0;0;0;0;0;0;0;0;0;0;0;0;0
2609303;Mirandiba;PE;Mapeado;2026-09;17;29;4;11;6;17;7;19;2;8;2;5;0;0;0;0;0;3;0;0;0;0;0;1;0;0;0;0;0;0;0;0;0;0
2614303;Moreilândia;PE;Mapeado;2026-09;9;14;4;6;1;5;4;7;4;6;0;1;0;0;0;0;0;0;0;0;0;0;0;0;0;0;0;0;0;0;0;0;0;1
2609402;Moreno;PE;Mapeado;2026-09;109;170;27;35;26;51;46;78;17;25;10;16;0;0;0;0;5;21;0;0;0;0;2;2;0;1;0;0;0;0;0;3;3;14
2609501;Nazaré da Mata;PE;Mapeado;2026-09;74;119;5;15;20;38;35;57;5;12;0;3;0;0;0;1;6;17;0;1;0;0;6;7;0;0;0;0;0;0;0;0;2;7
2609600;Olinda;PE;Mapeado;2026-09;1674;2599;131;339;562;888;854;1595;76;223;55;157;0;0;0;5;43;138;1;22;4;42;20;25;1;6;0;0;0;5;3;20;55;221
2609709;Orobó;PE;Mapeado;2026-09;34;52;6;17;16;20;9;23;3;13;3;8;0;0;0;0;3;7;0;1;0;1;0;1;0;0;0;0;0;0;0;0;0;3
2609808;Orocó;PE;Mapeado;2026-09;12;24;2;4;5;14;5;14;2;4;0;1;0;0;0;0;0;1;0;0;0;0;0;0;0;0;0;0;0;0;0;0;0;0
2609907;Ouricuri;PE;Mapeado;2026-09;117;174;16;37;49;72;40;103;7;23;9;18;0;0;0;0;5;16;0;2;1;2;4;4;1;1;0;0;0;0;0;0;1;7
2610004;Palmares;PE;Mapeado;2026-09;167;311;22;57;69;109;63;166;9;31;13;36;0;0;0;1;5;55;0;2;1;6;5;6;0;1;0;0;0;0;1;2;1;10
2610103;Palmeirina;PE;Mapeado;2026-09;7;11;1;3;1;2;3;8;1;3;0;1;0;0;0;0;1;1;0;0;0;0;1;1;0;0;0;0;0;0;0;1;0;0
2610202;Panelas;PE;Mapeado;2026-09;19;50;1;5;8;17;9;28;1;5;0;1;0;0;0;0;0;11;0;1;0;0;1;1;0;0;0;0;0;1;0;0;0;0
2610301;Paranatama;PE;Mapeado;2026-09;15;28;1;4;6;11;7;16;1;2;0;3;0;0;0;0;1;1;0;0;0;0;0;0;0;0;0;0;0;1;0;0;0;2
2610400;Parnamirim;PE;Mapeado;2026-09;29;46;4;14;15;24;7;29;3;10;1;5;0;0;0;0;1;2;0;0;0;0;2;2;0;0;0;0;0;0;0;0;0;0
2610509;Passira;PE;Mapeado;2026-09;30;50;1;7;13;21;14;29;0;5;1;2;0;0;0;0;1;4;0;0;0;1;1;1;0;0;0;0;0;0;0;1;0;4
2610608;Paudalho;PE;Mapeado;2026-09;111;177;21;35;27;52;54;94;10;17;11;21;0;0;0;2;3;13;0;2;0;3;4;6;1;2;0;0;0;2;0;5;1;13
2610707;Paulista;PE;Mapeado;2026-09;1613;2415;172;367;552;889;792;1496;103;250;69;163;0;0;1;5;40;124;0;3;0;6;10;13;1;2;0;0;0;3;3;13;42;153
2610806;Pedra;PE;Mapeado;2026-09;19;34;6;11;6;12;6;17;3;7;3;5;0;0;0;0;1;4;0;0;0;0;0;0;0;0;0;0;0;0;0;1;0;2
2610905;Pesqueira;PE;Mapeado;2026-09;110;194;17;40;45;81;35;108;9;26;8;20;0;0;0;0;4;13;0;6;0;0;6;6;0;0;0;0;0;0;0;1;3;8
2611101;Petrolina;PE;Mapeado;2026-09;2170;3246;323;789;837;1452;874;1859;189;540;134;307;0;0;1;2;59;193;2;23;0;28;20;28;9;12;0;0;3;13;8;24;34;134
2611002;Petrolândia;PE;Mapeado;2026-09;75;123;10;23;29;53;32;69;7;16;3;9;0;0;0;0;2;4;0;2;0;2;1;1;1;1;0;0;0;0;0;0;0;6
2611309;Pombos;PE;Mapeado;2026-09;47;79;3;7;19;25;20;44;2;5;1;2;0;0;0;0;4;7;0;0;0;1;0;0;0;0;0;0;0;0;0;1;1;7
2611200;Poção;PE;Mapeado;2026-09;9;16;0;1;5;9;3;8;0;1;0;0;0;0;0;0;1;2;0;0;0;0;0;0;0;0;0;0;0;0;0;0;0;1
2611408;Primavera;PE;Mapeado;2026-09;30;48;3;11;15;19;10;29;3;10;0;1;0;0;0;0;0;0;0;0;0;0;1;1;0;0;0;0;0;0;0;0;1;3
2611507;Quipapá;PE;Mapeado;2026-09;21;35;2;7;6;11;11;24;1;5;1;2;0;0;0;0;1;3;0;0;0;1;1;1;0;0;0;0;0;2;0;0;0;1
2611533;Quixaba;PE;Mapeado;2026-09;10;14;1;2;4;5;2;6;0;0;1;2;0;0;0;0;1;1;0;0;0;0;0;0;0;0;0;0;0;0;0;0;2;3
2611606;Recife;PE;Mapeado;2026-09;8875;13513;650;1768;3168;4865;4495;8270;411;1329;239;585;0;0;3;12;141;567;11;129;20;264;137;172;15;27;0;4;4;24;27;95;204;1042
2611705;Riacho das Almas;PE;Mapeado;2026-09;23;40;5;9;8;11;10;25;2;6;3;4;0;0;0;1;0;3;0;1;0;1;0;0;0;0;0;0;0;0;0;0;0;1
2611804;Ribeirão;PE;Mapeado;2026-09;86;113;16;25;26;39;39;64;10;19;6;8;0;0;0;0;3;7;0;0;0;1;0;0;0;1;0;0;0;0;1;3;1;4
2611903;Rio Formoso;PE;Mapeado;2026-09;55;89;5;20;24;43;20;51;4;14;1;9;0;0;0;0;3;6;0;0;0;0;1;1;0;0;0;0;0;0;0;0;2;3
2612000;Sairé;PE;Mapeado;2026-09;21;38;6;9;10;18;4;18;5;8;1;4;0;0;0;0;1;2;0;0;0;0;0;0;0;0;0;0;0;0;0;0;0;4
2612109;Salgadinho;PE;Mapeado;2026-09;3;5;1;3;0;2;2;3;1;3;0;0;0;0;0;0;0;0;0;1;0;0;0;0;0;0;0;0;0;1;0;0;0;1
2612208;Salgueiro;PE;Mapeado;2026-09;258;381;35;89;108;167;97;198;20;55;15;41;0;0;0;0;8;36;0;0;0;8;1;2;1;1;0;0;0;0;1;2;7;31
2612307;Saloá;PE;Mapeado;2026-09;13;23;2;4;6;9;3;13;0;1;2;3;0;0;0;0;2;3;0;0;0;0;0;0;0;1;0;0;0;0;0;1;0;1
2612406;Sanharó;PE;Mapeado;2026-09;45;83;15;29;15;36;12;46;7;19;8;12;0;0;0;0;1;8;0;0;0;1;2;2;0;0;0;0;0;0;0;0;0;4
2612455;Santa Cruz;PE;Mapeado;2026-09;10;23;1;5;6;12;3;15;0;3;1;4;0;0;0;0;0;3;0;0;0;0;0;0;0;0;0;0;0;0;0;0;0;1
2612471;Santa Cruz da Baixa Verde;PE;Mapeado;2026-09;12;23;6;7;3;7;3;8;3;4;3;5;0;0;0;0;0;1;0;0;0;0;0;0;0;0;0;0;0;0;0;0;0;3
2612505;Santa Cruz do Capibaribe;PE;Mapeado;2026-09;425;558;62;107;152;242;185;311;19;49;43;68;0;0;0;1;9;27;0;2;1;4;9;16;0;0;0;0;1;4;0;4;6;22
2612554;Santa Filomena;PE;Mapeado;2026-09;9;21;0;6;5;6;3;14;0;1;0;5;0;0;0;0;0;0;0;0;0;0;1;1;0;0;0;0;0;0;0;0;0;1
2612604;Santa Maria da Boa Vista;PE;Mapeado;2026-09;27;57;3;8;13;30;10;41;2;6;1;2;0;0;0;0;0;6;0;1;0;1;1;2;0;0;0;0;0;0;0;0;0;1
2612703;Santa Maria do Cambucá;PE;Mapeado;2026-09;6;13;2;4;2;4;1;5;2;4;0;0;0;0;0;0;1;2;0;1;0;0;0;0;0;0;0;0;0;0;0;0;0;1
2612802;Santa Terezinha;PE;Mapeado;2026-09;11;17;3;3;2;6;6;12;3;3;0;1;0;0;0;0;0;1;0;1;0;0;0;0;0;0;0;0;0;0;0;0;0;1
2613909;Serra Talhada;PE;Mapeado;2026-09;377;584;36;88;158;260;154;307;20;53;16;49;0;0;0;2;8;43;2;4;0;8;6;9;2;4;0;0;1;5;1;10;9;45
2614006;Serrita;PE;Mapeado;2026-09;8;17;0;4;2;4;5;10;0;2;0;2;0;0;0;0;0;3;0;1;0;0;0;0;0;0;0;0;1;1;0;0;0;1
2614105;Sertânia;PE;Mapeado;2026-09;67;114;7;19;28;53;30;74;3;8;4;11;0;0;0;0;1;10;0;0;0;0;1;2;0;0;0;0;0;0;0;2;0;2
2614204;Sirinhaém;PE;Mapeado;2026-09;87;133;10;33;41;60;29;61;7;25;3;12;0;0;0;0;1;7;0;0;0;1;0;0;0;0;0;0;0;0;0;0;6;16
2614402;Solidão;PE;Mapeado;2026-09;0;4;0;0;0;1;0;4;0;0;0;0;0;0;0;0;0;1;0;0;0;0;0;0;0;0;0;0;0;0;0;0;0;0
2614501;Surubim;PE;Mapeado;2026-09;144;214;19;43;59;90;47;109;14;35;5;12;0;0;0;0;6;12;0;2;1;2;5;6;1;1;0;0;1;3;0;3;5;20
2612901;São Benedito do Sul;PE;Mapeado;2026-09;12;19;2;5;4;7;5;10;1;3;1;2;0;0;0;0;0;0;0;1;0;0;1;1;0;0;0;0;0;0;0;0;0;2
2613008;São Bento do Una;PE;Mapeado;2026-09;44;92;4;12;18;30;17;52;2;7;2;8;0;0;0;0;0;7;0;0;0;2;4;4;0;0;0;0;0;0;0;1;1;4
2613107;São Caitano;PE;Mapeado;2026-09;69;93;12;16;29;37;24;54;3;5;9;13;0;0;0;0;2;4;0;0;0;0;1;3;0;0;0;0;0;0;0;0;1;3
2613305;São Joaquim do Monte;PE;Mapeado;2026-09;19;29;3;4;6;11;10;15;1;3;2;3;0;0;0;0;0;2;0;0;0;0;0;0;0;0;0;0;0;0;0;0;0;1
2613404;São José da Coroa Grande;PE;Mapeado;2026-09;89;162;10;35;41;83;34;82;4;16;6;22;0;0;0;0;0;11;0;0;0;0;0;0;0;0;0;0;1;2;0;0;3;15
2613503;São José do Belmonte;PE;Mapeado;2026-09;57;87;7;35;22;50;24;62;4;29;3;27;0;0;0;0;1;6;0;0;0;0;1;1;0;0;0;0;0;2;2;2;0;1
2613602;São José do Egito;PE;Mapeado;2026-09;71;116;14;23;24;48;27;50;9;18;5;7;0;0;1;1;0;10;0;0;0;3;2;3;0;2;0;0;0;1;2;2;1;10
2613206;São João;PE;Mapeado;2026-09;25;43;4;12;13;19;7;19;2;8;2;5;0;0;0;0;0;2;0;0;0;1;0;0;0;1;0;0;0;0;0;1;1;3
2613701;São Lourenço da Mata;PE;Mapeado;2026-09;350;526;39;86;103;162;169;298;20;63;19;37;0;0;0;3;12;32;1;6;0;5;6;10;1;2;0;0;1;3;0;1;18;54
2613800;São Vicente Férrer;PE;Mapeado;2026-09;30;44;5;10;7;12;16;23;3;7;2;4;0;0;0;0;2;3;0;0;0;0;0;0;0;0;0;0;0;0;0;0;0;2
2614600;Tabira;PE;Mapeado;2026-09;50;77;9;18;12;30;24;46;6;14;3;7;0;0;0;0;3;4;0;1;0;2;1;2;1;1;0;0;0;0;0;0;0;1
2614709;Tacaimbó;PE;Mapeado;2026-09;7;17;0;3;4;9;3;14;0;1;0;3;0;0;0;0;0;1;0;0;0;0;0;0;0;0;0;0;0;0;0;0;0;0
2614808;Tacaratu;PE;Mapeado;2026-09;17;43;4;15;6;16;7;19;2;11;2;5;0;0;0;0;0;3;0;0;0;0;0;2;0;0;0;0;0;0;0;0;0;4
2614857;Tamandaré;PE;Mapeado;2026-09;244;367;37;108;126;197;72;181;18;71;19;47;0;0;0;0;4;21;0;0;0;4;0;1;1;1;0;0;0;0;0;1;4;18
2615003;Taquaritinga do Norte;PE;Mapeado;2026-09;57;98;4;23;27;52;20;52;1;12;3;17;0;0;0;0;1;8;0;1;0;0;3;4;0;0;0;0;0;0;1;1;1;6
2615102;Terezinha;PE;Mapeado;2026-09;5;11;1;2;1;3;2;7;0;1;1;2;0;0;0;0;0;1;0;0;0;1;1;2;0;0;0;0;0;0;0;0;0;0
2615201;Terra Nova;PE;Mapeado;2026-09;11;28;2;13;8;14;1;11;1;10;1;4;0;0;0;0;0;4;0;0;0;0;0;0;0;0;0;0;0;0;0;0;0;5
2615300;Timbaúba;PE;Mapeado;2026-09;85;140;12;27;38;59;22;64;6;18;6;11;0;0;0;1;3;12;0;0;1;1;7;9;0;0;0;0;0;2;1;3;1;7
2615409;Toritama;PE;Mapeado;2026-09;108;149;22;31;31;54;47;84;13;20;9;12;0;0;0;0;3;4;0;2;0;0;4;8;0;1;0;0;0;0;1;1;0;3
2615508;Tracunhaém;PE;Mapeado;2026-09;20;22;1;3;10;10;4;7;0;2;1;1;0;0;0;0;0;0;0;0;0;0;3;3;0;0;0;0;0;0;2;2;0;1
2615607;Trindade;PE;Mapeado;2026-09;137;181;63;91;35;57;32;60;27;54;36;50;0;0;0;0;3;14;0;0;0;0;3;4;0;0;0;0;1;4;0;0;0;10
2615706;Triunfo;PE;Mapeado;2026-09;57;108;17;34;20;43;16;42;11;19;6;20;0;0;0;0;0;10;1;3;0;2;1;1;0;0;0;0;0;0;0;0;2;16
2615805;Tupanatinga;PE;Mapeado;2026-09;9;27;0;1;3;8;6;21;0;0;0;1;0;0;0;0;0;2;0;0;0;0;0;0;0;0;0;0;0;0;0;0;0;0
2615904;Tuparetama;PE;Mapeado;2026-09;15;20;1;7;8;8;5;11;1;4;0;5;0;0;0;0;0;3;0;0;0;0;0;0;0;0;0;0;0;0;0;0;1;2
2616001;Venturosa;PE;Mapeado;2026-09;15;31;1;3;5;9;7;18;1;2;0;1;0;0;0;0;0;2;0;0;0;0;1;1;0;0;0;0;0;0;0;0;1;1
2616100;Verdejante;PE;Mapeado;2026-09;9;22;1;3;6;9;1;6;0;0;1;3;0;0;0;0;1;6;0;0;0;0;0;0;0;0;0;0;0;0;0;0;0;6
2616183;Vertente do Lério;PE;Mapeado;2026-09;3;6;1;1;1;1;1;2;0;0;1;1;0;0;0;0;0;0;0;0;0;1;0;0;0;0;0;0;0;0;0;0;0;1
2616209;Vertentes;PE;Mapeado;2026-09;27;38;2;9;12;19;9;16;1;7;1;2;0;0;0;0;2;3;0;0;0;1;2;2;0;1;0;0;0;0;0;0;0;1
2616308;Vicência;PE;Mapeado;2026-09;42;61;12;18;10;13;18;33;6;10;6;9;0;0;0;0;2;4;0;1;0;1;0;0;0;0;0;0;0;0;0;0;0;0
2616407;Vitória de Santo Antão;PE;Mapeado;2026-09;450;632;43;88;186;269;175;383;25;53;18;39;0;0;0;0;15;44;2;3;0;4;12;13;1;4;1;1;1;2;4;10;10;29
2616506;Xexéu;PE;Mapeado;2026-09;18;32;3;7;8;17;6;18;0;1;3;6;0;0;0;0;1;4;0;0;0;0;0;1;0;0;0;0;0;0;0;0;0;0
2600401;Água Preta;PE;Mapeado;2026-09;37;72;2;9;11;23;17;42;1;6;1;3;0;0;0;0;3;8;0;0;0;1;2;3;1;3;0;0;0;1;0;0;1;4
2600500;Águas Belas;PE;Mapeado;2026-09;44;78;6;14;20;34;18;47;1;5;5;10;0;0;0;0;0;4;0;0;0;0;0;0;0;0;0;0;0;0;0;2;0;7
2200053;Acauã;PI;Mapeado;2026-09;9;13;1;3;4;7;4;10;1;2;0;1;0;0;0;0;0;0;0;0;0;0;0;0;0;0;0;0;0;0;0;0;0;0
2200103;Agricolândia;PI;Mapeado;2026-09;10;20;1;8;6;11;3;10;1;5;0;4;0;0;0;0;0;3;0;0;0;0;0;0;0;0;0;0;0;0;0;0;0;0
2200251;Alagoinha do Piauí;PI;Mapeado;2026-09;6;11;1;2;4;9;1;5;0;2;1;2;0;0;0;0;0;2;0;0;0;0;0;0;0;0;0;0;0;0;0;0;0;0
2200277;Alegrete do Piauí;PI;Mapeado;2026-09;11;20;2;2;3;8;6;12;0;0;2;2;0;0;0;0;0;2;0;0;0;1;0;0;0;0;0;0;0;0;0;0;0;3
2200301;Alto Longá;PI;Mapeado;2026-09;16;32;3;7;6;17;3;8;1;4;2;3;0;0;0;0;1;4;0;1;0;1;1;1;0;0;0;0;0;0;0;0;2;5
2200400;Altos;PI;Mapeado;2026-09;121;238;22;89;52;101;44;143;7;54;15;50;0;0;0;0;0;28;0;0;0;1;2;3;0;0;0;0;0;2;0;1;1;8
2200459;Alvorada do Gurguéia;PI;Mapeado;2026-09;16;42;3;16;5;17;7;27;2;13;1;6;0;0;0;0;0;4;0;0;0;0;1;1;0;0;0;0;0;0;0;0;0;0
2200509;Amarante;PI;Mapeado;2026-09;32;79;1;31;15;39;13;48;1;16;0;19;0;0;0;0;1;12;0;0;0;0;2;2;0;0;0;0;0;0;0;0;0;3
2200608;Angical do Piauí;PI;Mapeado;2026-09;22;34;3;18;13;25;6;16;2;12;1;10;0;0;0;0;0;2;0;0;0;0;0;0;0;0;0;0;0;0;0;0;0;1
2200806;Antônio Almeida;PI;Mapeado;2026-09;8;21;2;7;3;11;3;14;1;4;1;3;0;0;0;0;0;2;0;0;0;0;0;0;0;0;0;0;0;0;0;0;0;0
2200707;Anísio de Abreu;PI;Mapeado;2026-09;12;51;0;13;5;28;5;26;0;9;0;8;0;0;0;1;0;7;0;0;0;0;2;2;0;0;0;0;0;0;0;0;0;6
2200905;Aroazes;PI;Mapeado;2026-09;8;16;1;11;3;5;4;10;0;6;1;7;0;0;0;0;0;1;0;0;0;0;0;0;0;0;0;0;0;0;0;0;0;0
2200954;Aroeiras do Itaim;PI;Mapeado;2026-09;3;3;0;1;2;2;1;1;0;0;0;1;0;0;0;0;0;0;0;0;0;0;0;0;0;0;0;0;0;0;0;0;0;0
2201002;Arraial;PI;Mapeado;2026-09;9;18;1;3;3;7;5;12;1;2;0;1;0;0;0;0;0;4;0;0;0;0;0;0;0;0;0;0;0;0;0;0;0;0
2201051;Assunção do Piauí;PI;Mapeado;2026-09;8;16;1;9;5;8;2;11;1;5;0;5;0;0;0;0;0;4;0;0;0;0;0;0;0;0;0;0;0;1;0;0;0;0
2201101;Avelino Lopes;PI;Mapeado;2026-09;12;36;6;10;1;14;5;21;5;5;1;5;0;0;0;0;0;7;0;0;0;1;0;0;0;0;0;0;0;1;0;0;0;0
2201150;Baixa Grande do Ribeiro;PI;Mapeado;2026-09;69;179;11;62;32;85;16;68;2;35;9;43;0;0;0;0;8;35;0;1;1;1;1;3;0;0;0;0;0;0;0;2;0;3
2201176;Barra D'Alcântara;PI;Mapeado;2026-09;12;20;3;6;5;12;4;18;2;6;1;2;0;0;0;0;0;0;0;0;0;0;0;0;0;0;0;0;0;1;0;0;0;0
2201200;Barras;PI;Mapeado;2026-09;36;99;3;19;15;32;13;48;2;15;1;7;0;0;0;0;2;13;0;0;0;1;2;3;0;0;0;0;0;0;0;0;1;7
2201309;Barreiras do Piauí;PI;Mapeado;2026-09;6;15;1;9;2;9;3;10;0;3;1;8;0;0;0;0;0;3;0;0;0;0;0;0;0;0;0;0;0;0;0;0;0;2
2201408;Barro Duro;PI;Mapeado;2026-09;11;24;1;3;6;8;4;13;1;2;0;2;0;0;0;0;0;4;0;0;0;0;0;0;0;0;0;0;0;0;0;0;0;1
2201507;Batalha;PI;Mapeado;2026-09;30;65;5;17;10;28;12;39;1;8;4;10;0;0;0;0;1;6;0;0;0;1;2;2;0;1;0;0;0;1;0;1;0;3
2201556;Bela Vista do Piauí;PI;Mapeado;2026-09;8;15;4;10;1;5;3;9;3;9;1;4;0;0;0;0;0;3;0;0;0;0;0;0;0;0;0;0;0;1;0;0;0;0
2201572;Belém do Piauí;PI;Mapeado;2026-09;7;16;1;4;1;8;4;6;0;0;1;4;0;0;0;0;0;2;0;0;0;0;0;0;0;0;0;0;0;0;0;0;1;3
2201606;Beneditinos;PI;Mapeado;2026-09;14;29;2;9;4;10;8;17;0;5;2;4;0;0;0;0;0;2;0;0;0;1;0;0;0;1;0;0;0;0;0;0;0;1
2201705;Bertolínia;PI;Mapeado;2026-09;11;32;1;12;4;12;4;14;1;7;0;7;0;0;0;0;1;4;0;0;0;0;1;1;0;0;0;0;0;0;0;0;0;0
2201739;Betânia do Piauí;PI;Mapeado;2026-09;7;16;1;3;4;9;2;8;0;2;1;2;0;0;0;0;0;0;0;0;0;0;0;1;0;0;0;0;0;0;0;0;0;2
2201770;Boa Hora;PI;Mapeado;2026-09;8;13;1;5;4;6;1;9;1;4;0;3;0;0;0;0;1;3;0;0;0;0;1;1;0;0;0;0;0;0;0;0;0;0
2201804;Bocaina;PI;Mapeado;2026-09;8;9;0;4;7;8;1;6;0;2;0;2;0;0;0;0;0;0;0;0;0;0;0;0;0;0;0;0;0;0;0;0;0;0
2201903;Bom Jesus;PI;Mapeado;2026-09;151;324;20;134;71;160;45;216;11;87;9;86;0;0;1;2;5;38;0;1;0;4;8;12;0;1;0;0;0;0;0;1;1;16
2201919;Bom Princípio do Piauí;PI;Mapeado;2026-09;2;2;1;1;1;1;0;0;0;0;1;1;0;0;0;0;0;0;0;0;0;0;0;0;0;0;0;0;0;0;0;0;0;0
2201929;Bonfim do Piauí;PI;Mapeado;2026-09;6;10;1;2;4;6;1;4;0;0;1;2;0;0;0;0;0;1;0;0;0;0;0;0;0;0;0;0;0;0;0;0;0;0
2201945;Boqueirão do Piauí;PI;Mapeado;2026-09;10;18;2;7;3;7;5;10;1;7;1;2;0;0;0;0;0;0;0;0;0;0;0;1;0;0;0;0;0;0;0;0;0;0
2201960;Brasileira;PI;Mapeado;2026-09;18;29;5;10;9;15;2;11;4;10;1;5;0;0;0;0;2;5;0;0;0;0;0;0;0;0;0;0;0;0;0;0;0;1
2201988;Brejo do Piauí;PI;Mapeado;2026-09;3;13;1;4;0;4;1;6;1;3;0;1;0;0;0;0;1;3;0;0;0;0;0;0;0;0;0;0;0;0;0;0;0;0
2202000;Buriti dos Lopes;PI;Mapeado;2026-09;29;42;2;8;12;23;12;25;1;4;1;5;0;0;0;0;1;4;0;0;0;0;2;2;0;0;0;0;0;1;0;0;0;2
2202026;Buriti dos Montes;PI;Mapeado;2026-09;13;29;1;8;6;11;4;19;0;5;1;3;0;0;0;0;0;4;0;0;0;0;1;1;0;0;0;0;1;3;0;0;0;1
2202059;Cabeceiras do Piauí;PI;Mapeado;2026-09;8;21;0;3;5;12;3;13;0;2;0;2;0;0;0;0;0;0;0;0;0;0;0;0;0;0;0;0;0;0;0;0;0;1
2202075;Cajazeiras do Piauí;PI;Mapeado;2026-09;10;20;5;9;2;7;3;13;2;3;3;7;0;0;0;0;0;3;0;0;0;0;0;0;0;0;0;0;0;0;0;0;0;0
2202083;Cajueiro da Praia;PI;Mapeado;2026-09;84;197;13;71;52;134;19;80;6;43;7;34;0;0;0;0;0;17;0;0;0;1;0;0;0;0;0;0;0;0;0;0;0;8
2202091;Caldeirão Grande do Piauí;PI;Mapeado;2026-09;4;6;2;4;2;3;0;2;1;2;1;3;0;0;0;0;0;1;0;0;0;0;0;0;0;0;0;0;0;0;0;0;0;0
2202109;Campinas do Piauí;PI;Mapeado;2026-09;4;11;1;2;1;8;2;9;0;0;1;2;0;0;0;0;0;0;0;0;0;0;0;0;0;0;0;0;0;0;0;1;0;0
2202117;Campo Alegre do Fidalgo;PI;Mapeado;2026-09;8;26;4;8;3;14;1;14;0;2;4;8;0;0;0;0;0;2;0;0;0;0;0;0;0;0;0;0;0;0;0;0;0;1
2202133;Campo Grande do Piauí;PI;Mapeado;2026-09;11;25;1;5;6;10;3;14;1;4;0;4;0;0;0;0;0;1;0;0;0;0;1;1;0;0;0;0;0;0;0;0;0;2
2202174;Campo Largo do Piauí;PI;Mapeado;2026-09;7;10;1;4;3;4;2;5;1;3;0;1;0;0;0;0;0;2;0;0;0;0;1;1;0;0;0;0;0;0;0;0;0;0
2202208;Campo Maior;PI;Mapeado;2026-09;201;286;49;88;79;131;64;133;26;56;23;42;0;0;0;0;3;15;0;0;0;2;5;8;0;0;0;0;0;0;0;1;1;4
2202251;Canavieira;PI;Mapeado;2026-09;6;12;1;2;2;5;3;8;1;2;0;0;0;0;0;0;0;1;0;0;0;0;0;0;0;0;0;0;0;0;0;0;0;1
2202307;Canto do Buriti;PI;Mapeado;2026-09;51;125;8;46;24;71;14;76;3;28;5;27;0;0;0;0;3;23;0;0;0;0;2;4;0;0;0;0;0;0;0;0;0;2
2202455;Capitão Gervásio Oliveira;PI;Mapeado;2026-09;9;25;0;8;5;16;3;12;0;4;0;6;0;0;0;0;0;0;0;0;0;0;0;0;0;0;0;0;0;0;0;0;1;3
2202406;Capitão de Campos;PI;Mapeado;2026-09;14;38;1;14;12;22;1;19;0;10;1;7;0;0;0;1;0;5;0;0;0;1;0;0;0;0;0;0;0;0;0;0;0;2
2202505;Caracol;PI;Mapeado;2026-09;23;58;6;21;9;34;5;35;3;16;3;6;0;0;0;0;0;10;0;0;0;0;3;4;0;0;0;0;0;1;0;0;0;0
2202539;Caraúbas do Piauí;PI;Mapeado;2026-09;8;15;0;7;5;12;2;7;0;3;0;4;0;0;0;0;0;3;0;0;0;0;1;1;0;0;0;0;0;0;0;0;0;1
2202554;Caridade do Piauí;PI;Mapeado;2026-09;5;16;1;9;0;8;4;9;0;4;1;6;0;0;0;0;0;3;0;0;0;0;0;0;0;0;0;0;0;0;0;0;0;1
2202604;Castelo do Piauí;PI;Mapeado;2026-09;49;94;6;40;15;45;22;58;4;27;2;27;0;0;0;0;4;15;0;0;0;1;1;1;0;0;0;0;0;1;0;0;1;3
2202653;Caxingó;PI;Mapeado;2026-09;5;8;0;0;4;6;1;5;0;0;0;0;0;0;0;0;0;1;0;0;0;0;0;0;0;0;0;0;0;0;0;0;0;0
2202703;Cocal;PI;Mapeado;2026-09;49;86;9;21;19;38;19;52;4;14;5;8;0;0;0;0;1;6;0;1;0;1;1;1;0;0;0;0;0;0;0;0;0;2
2202711;Cocal de Telha;PI;Mapeado;2026-09;8;16;0;2;4;7;3;11;0;1;0;1;0;0;0;0;1;2;0;0;0;0;0;0;0;0;0;0;0;0;0;0;0;0
2202729;Cocal dos Alves;PI;Mapeado;2026-09;7;21;0;4;4;10;3;15;0;2;0;3;0;0;0;0;0;3;0;0;0;0;0;0;0;0;0;0;0;0;0;0;0;0
2202737;Coivaras;PI;Mapeado;2026-09;4;11;1;3;2;7;1;10;0;2;1;2;0;0;0;0;0;0;0;0;0;0;0;1;0;0;0;0;0;0;0;0;0;0
2202752;Colônia do Gurguéia;PI;Mapeado;2026-09;15;34;1;11;8;19;5;27;0;7;1;4;0;0;0;0;1;2;0;0;0;0;0;0;0;0;0;0;0;0;0;0;0;0
2202778;Colônia do Piauí;PI;Mapeado;2026-09;17;27;5;12;7;13;5;18;1;7;4;7;0;0;0;0;0;2;0;0;0;0;0;0;0;0;0;0;0;0;0;0;0;1
2202802;Conceição do Canindé;PI;Mapeado;2026-09;11;22;2;10;3;10;6;14;1;4;1;7;0;0;0;0;0;0;0;0;0;0;0;0;0;0;0;0;0;0;0;0;0;0
2202851;Coronel José Dias;PI;Mapeado;2026-09;6;20;1;3;2;11;3;11;0;2;1;3;0;0;0;0;0;2;0;1;0;3;0;0;0;0;0;0;0;0;0;0;0;1
2202901;Corrente;PI;Mapeado;2026-09;76;152;19;56;27;63;27;75;4;23;15;35;0;0;0;1;1;21;0;0;0;1;2;3;0;0;0;0;0;0;0;0;0;4
2203008;Cristalândia do Piauí;PI;Mapeado;2026-09;11;24;3;6;3;6;5;14;1;2;2;4;0;0;0;0;0;3;0;0;0;2;0;0;0;0;0;0;0;0;0;0;0;1
2203107;Cristino Castro;PI;Mapeado;2026-09;32;87;2;30;19;51;11;52;0;21;2;17;0;0;0;0;0;14;0;1;0;1;0;0;0;0;0;0;0;0;0;0;0;1
2203206;Curimatá;PI;Mapeado;2026-09;20;55;2;18;9;22;8;24;2;12;0;9;0;0;0;0;0;4;0;0;0;0;1;2;0;0;0;0;0;0;0;0;0;0
2203230;Currais;PI;Mapeado;2026-09;10;23;2;14;3;10;1;13;2;8;0;12;0;0;0;0;3;8;0;0;0;0;1;1;0;0;0;0;0;0;0;0;0;2
2203271;Curral Novo do Piauí;PI;Mapeado;2026-09;4;11;0;2;2;5;1;4;0;2;0;0;0;0;0;0;1;4;0;0;0;0;0;0;0;0;0;0;0;0;0;0;0;0
2203255;Curralinhos;PI;Mapeado;2026-09;8;16;4;8;3;6;1;8;0;0;4;8;0;0;0;0;0;0;0;0;0;0;0;0;0;0;0;0;0;0;0;0;0;0
2203305;Demerval Lobão;PI;Mapeado;2026-09;44;94;5;30;25;46;14;52;3;16;2;15;0;0;0;0;0;4;0;0;0;0;0;0;0;0;0;0;0;1;0;0;0;2
2203354;Dirceu Arcoverde;PI;Mapeado;2026-09;6;12;2;4;2;9;2;8;2;4;0;3;0;0;0;0;0;0;0;0;0;0;0;0;0;0;0;0;0;0;0;0;0;0
2203404;Dom Expedito Lopes;PI;Mapeado;2026-09;8;28;2;6;3;12;3;19;1;4;1;4;0;0;0;0;0;1;0;0;0;0;0;1;0;0;0;0;0;0;0;0;0;0
2203453;Dom Inocêncio;PI;Mapeado;2026-09;11;40;1;7;6;28;3;13;0;4;1;4;0;0;0;0;1;3;0;0;0;2;0;0;0;0;0;0;0;0;0;0;0;3
2203420;Domingos Mourão;PI;Mapeado;2026-09;14;24;2;10;6;12;5;14;1;3;1;7;0;0;0;0;0;3;0;0;0;0;0;0;0;0;0;0;0;0;0;0;1;1
2203503;Elesbão Veloso;PI;Mapeado;2026-09;30;55;2;14;13;26;13;37;1;10;1;5;0;0;0;0;0;4;0;0;0;0;2;2;0;0;0;0;0;0;0;0;0;1
2203602;Eliseu Martins;PI;Mapeado;2026-09;11;37;3;8;4;13;4;22;1;2;2;7;0;0;0;0;0;3;0;0;0;0;0;0;0;0;0;0;0;0;0;1;0;1
2203701;Esperantina;PI;Mapeado;2026-09;67;153;1;27;19;66;35;98;1;19;0;13;0;0;0;0;5;27;0;0;0;1;3;3;1;2;0;0;0;1;1;3;2;12
2203750;Fartura do Piauí;PI;Mapeado;2026-09;6;11;1;4;2;2;2;6;0;2;1;3;0;0;0;0;0;1;0;0;0;0;0;0;0;0;0;0;0;0;0;0;1;1
2203800;Flores do Piauí;PI;Mapeado;2026-09;4;14;0;3;2;7;2;10;0;3;0;0;0;0;0;0;0;0;0;0;0;0;0;1;0;0;0;0;0;0;0;0;0;0
2203859;Floresta do Piauí;PI;Mapeado;2026-09;4;9;1;4;2;6;1;4;1;2;0;2;0;0;0;0;0;3;0;0;0;0;0;0;0;0;0;0;0;0;0;0;0;0
2203909;Floriano;PI;Mapeado;2026-09;355;656;64;218;146;311;117;370;22;136;42;131;0;0;0;7;12;94;0;7;1;16;3;11;0;0;0;0;0;2;2;3;10;37
2204006;Francinópolis;PI;Mapeado;2026-09;11;19;2;4;5;8;4;13;0;1;2;3;0;0;0;0;0;1;0;0;0;0;0;0;0;0;0;0;0;0;0;0;0;0
2204105;Francisco Ayres;PI;Mapeado;2026-09;8;17;0;1;2;5;6;12;0;0;0;1;0;0;0;0;0;2;0;0;0;0;0;1;0;0;0;0;0;0;0;0;0;0
2204154;Francisco Macedo;PI;Mapeado;2026-09;7;18;0;5;3;8;3;6;0;3;0;3;0;0;0;0;0;1;0;0;0;0;0;1;1;1;0;0;0;1;0;1;0;1
2204204;Francisco Santos;PI;Mapeado;2026-09;7;13;1;1;3;6;3;9;1;1;0;0;0;0;0;0;0;1;0;0;0;0;0;1;0;0;0;0;0;0;0;0;0;0
2204303;Fronteiras;PI;Mapeado;2026-09;10;33;1;5;2;8;4;16;0;4;1;2;0;0;0;0;1;8;0;0;0;0;1;2;0;0;0;0;0;1;0;0;1;4
2204352;Geminiano;PI;Mapeado;2026-09;2;6;0;4;1;5;0;5;0;2;0;4;0;0;0;0;0;0;0;0;0;0;1;2;0;0;0;0;0;0;0;0;0;0
2204402;Gilbués;PI;Mapeado;2026-09;28;66;4;24;11;28;12;35;2;16;2;16;0;0;1;2;0;2;0;0;0;2;0;1;0;0;0;0;0;0;0;0;0;2
2204501;Guadalupe;PI;Mapeado;2026-09;28;95;2;26;14;52;11;65;2;22;0;8;0;0;0;0;1;8;0;0;0;0;0;0;0;0;0;0;0;1;0;0;0;0
2204550;Guaribas;PI;Mapeado;2026-09;1;19;0;3;0;11;1;12;0;3;0;0;0;0;0;0;0;1;0;0;0;1;0;1;0;0;0;0;0;0;0;0;0;0
2204600;Hugo Napoleão;PI;Mapeado;2026-09;2;8;0;2;1;2;1;3;0;2;0;1;0;0;0;0;0;0;0;0;0;0;0;0;0;0;0;0;0;0;0;0;0;2
2204659;Ilha Grande;PI;Mapeado;2026-09;20;30;2;11;10;15;7;19;1;8;1;4;0;0;0;0;0;3;0;0;0;0;0;0;0;0;0;0;0;1;0;0;1;3
2204709;Inhuma;PI;Mapeado;2026-09;12;34;2;11;4;11;5;22;1;8;1;5;0;0;0;0;0;1;0;0;0;1;1;1;0;0;0;0;0;0;0;0;0;1
2204808;Ipiranga do Piauí;PI;Mapeado;2026-09;22;33;4;17;8;16;9;25;2;14;2;6;0;0;0;0;0;1;0;0;0;0;1;1;0;0;0;0;0;0;0;0;0;2
2204907;Isaías Coelho;PI;Mapeado;2026-09;3;9;0;5;2;6;0;7;0;1;0;5;0;0;0;0;0;1;0;0;0;0;1;1;0;0;0;0;0;0;0;0;0;0
2205003;Itainópolis;PI;Mapeado;2026-09;13;30;1;9;5;13;5;17;1;6;0;5;0;0;0;0;1;4;0;0;0;1;1;1;0;0;0;0;0;0;0;0;0;1
2205102;Itaueira;PI;Mapeado;2026-09;30;73;1;16;11;33;15;51;0;16;1;3;0;0;0;0;0;5;0;0;0;0;2;2;0;0;0;0;1;1;0;0;0;0
2205151;Jacobina do Piauí;PI;Mapeado;2026-09;11;19;0;7;7;10;4;15;0;3;0;6;0;0;0;0;0;2;0;0;0;0;0;1;0;0;0;0;0;0;0;0;0;0
2205201;Jaicós;PI;Mapeado;2026-09;36;85;3;23;21;47;11;45;2;16;1;16;0;0;0;0;0;8;0;1;0;0;0;0;0;2;0;0;1;2;0;1;0;6
2205250;Jardim do Mulato;PI;Mapeado;2026-09;2;3;0;1;0;1;1;1;0;1;0;0;0;0;0;0;1;1;0;0;0;0;0;0;0;0;0;0;0;0;0;0;0;0
2205276;Jatobá do Piauí;PI;Mapeado;2026-09;8;10;0;1;5;8;2;6;0;0;0;1;0;0;0;0;0;1;0;0;0;0;1;1;0;0;0;0;0;0;0;0;0;0
2205300;Jerumenha;PI;Mapeado;2026-09;6;16;1;4;4;8;1;6;1;4;0;0;0;0;0;0;0;1;0;0;0;0;0;0;0;0;0;0;0;0;0;0;0;2
2205409;Joaquim Pires;PI;Mapeado;2026-09;16;32;3;6;5;11;5;17;1;4;2;2;0;0;0;0;1;4;0;0;0;0;2;2;0;0;0;0;0;0;0;0;0;1
2205458;Joca Marques;PI;Mapeado;2026-09;3;7;0;1;1;3;1;5;0;1;0;0;0;0;0;0;0;1;0;0;0;0;0;0;0;0;0;0;0;0;0;0;1;1
2205508;José de Freitas;PI;Mapeado;2026-09;61;156;15;57;22;50;23;88;7;33;8;24;0;0;0;0;1;12;0;0;0;2;0;1;0;0;0;0;0;0;0;0;0;6
2205359;João Costa;PI;Mapeado;2026-09;5;11;0;2;3;6;2;7;0;1;0;1;0;0;0;0;0;1;0;0;0;0;0;0;0;0;0;0;0;1;0;0;0;1
2205516;Juazeiro do Piauí;PI;Mapeado;2026-09;12;35;0;17;8;21;3;17;0;11;0;9;0;0;0;0;0;7;0;0;0;0;1;1;0;0;0;0;0;0;0;0;0;2
2205532;Jurema;PI;Mapeado;2026-09;5;16;1;4;1;9;3;11;0;4;1;2;0;0;0;0;0;6;0;0;0;0;0;1;0;0;0;0;0;0;0;0;0;1
2205524;Júlio Borges;PI;Mapeado;2026-09;8;10;1;4;3;4;3;7;1;3;0;1;0;0;0;0;0;0;0;0;0;0;1;1;0;0;0;0;0;0;0;0;0;0
2205557;Lagoa Alegre;PI;Mapeado;2026-09;4;24;2;16;1;11;1;8;0;11;2;7;0;0;0;0;0;6;0;0;0;0;0;0;0;0;0;0;0;0;0;1;0;0
2205573;Lagoa de São Francisco;PI;Mapeado;2026-09;12;22;4;12;3;11;4;14;2;11;2;9;0;0;0;0;1;2;0;0;0;0;0;0;0;0;0;0;0;0;0;0;0;1
2205565;Lagoa do Barro do Piauí;PI;Mapeado;2026-09;17;32;5;8;5;17;7;18;1;2;4;6;0;0;0;0;0;2;0;0;0;0;0;0;0;0;0;0;0;0;0;0;0;0
2205581;Lagoa do Piauí;PI;Mapeado;2026-09;12;24;3;10;5;11;2;13;2;7;1;5;0;0;0;0;1;3;0;0;1;1;0;1;0;1;0;0;0;0;0;0;0;2
2205599;Lagoa do Sítio;PI;Mapeado;2026-09;6;13;1;3;0;4;5;9;1;3;0;1;0;0;0;0;0;1;0;0;0;0;0;0;0;0;0;0;0;0;0;0;0;1
2205540;Lagoinha do Piauí;PI;Mapeado;2026-09;8;13;0;0;1;6;7;10;0;0;0;0;0;0;0;0;0;1;0;0;0;0;0;1;0;0;0;0;0;0;0;0;0;0
2205607;Landri Sales;PI;Mapeado;2026-09;10;36;2;15;4;17;3;18;1;11;1;7;0;0;0;0;0;6;0;0;0;0;1;3;0;0;0;0;0;0;0;0;0;1
2205805;Luzilândia;PI;Mapeado;2026-09;32;76;2;17;16;38;9;48;1;16;1;12;0;0;0;0;1;6;0;0;0;0;3;4;0;0;0;0;0;1;1;3;0;1
2205706;Luís Correia;PI;Mapeado;2026-09;130;212;15;78;95;160;17;82;10;59;5;31;0;0;0;3;1;10;0;0;0;0;1;2;0;3;0;0;0;0;0;0;1;14
2205854;Madeiro;PI;Mapeado;2026-09;4;6;1;2;3;4;0;4;1;1;0;2;0;0;0;0;0;1;0;0;0;0;0;0;0;0;0;0;0;0;0;0;0;0
2205904;Manoel Emídio;PI;Mapeado;2026-09;16;31;1;11;9;15;5;15;0;2;1;11;0;0;0;0;0;4;0;0;0;0;1;1;0;0;0;0;0;0;0;0;0;1
2205953;Marcolândia;PI;Mapeado;2026-09;23;39;3;9;11;20;8;17;1;6;2;5;0;0;0;0;0;1;0;0;0;1;1;2;0;1;0;0;0;0;0;0;0;1
2206001;Marcos Parente;PI;Mapeado;2026-09;10;25;1;9;3;9;3;13;0;4;1;6;0;0;0;0;2;5;0;0;0;1;1;1;0;0;0;0;0;1;0;0;0;0
2206050;Massapê do Piauí;PI;Mapeado;2026-09;3;9;0;2;2;5;1;8;0;1;0;1;0;0;0;0;0;0;0;0;0;0;0;0;0;0;0;0;0;0;0;0;0;0
2206100;Matias Olímpio;PI;Mapeado;2026-09;6;14;1;2;4;10;1;6;0;0;1;2;0;0;0;0;0;1;0;0;0;0;0;0;0;0;0;0;0;0;0;1;0;0
2206209;Miguel Alves;PI;Mapeado;2026-09;34;79;10;37;11;37;12;48;3;30;7;21;0;0;0;1;1;13;0;0;0;0;0;0;0;0;0;0;0;0;0;0;0;1
2206308;Miguel Leão;PI;Mapeado;2026-09;5;8;0;4;2;4;3;5;0;2;0;4;0;0;0;0;0;3;0;0;0;0;0;0;0;0;0;0;0;0;0;0;0;2
2206357;Milton Brandão;PI;Mapeado;2026-09;6;11;2;5;2;4;2;5;0;1;2;4;0;0;0;0;0;2;0;0;0;0;0;0;0;0;0;0;0;0;0;0;0;1
2206407;Monsenhor Gil;PI;Mapeado;2026-09;26;38;4;10;8;20;13;26;2;6;2;6;0;0;0;0;1;3;0;0;0;0;0;0;0;0;0;0;0;0;0;0;0;0
2206506;Monsenhor Hipólito;PI;Mapeado;2026-09;6;18;1;6;2;5;3;10;0;4;1;2;0;0;0;0;0;3;0;0;0;0;0;0;0;0;0;0;0;1;0;1;0;0
2206605;Monte Alegre do Piauí;PI;Mapeado;2026-09;26;60;0;21;19;28;6;37;0;15;0;14;0;0;0;0;0;4;0;0;0;1;0;0;0;0;0;0;0;1;0;0;1;1
2206654;Morro Cabeça no Tempo;PI;Mapeado;2026-09;5;19;2;9;1;8;2;10;0;2;2;7;0;0;0;0;0;3;0;0;0;0;0;0;0;0;0;0;0;0;0;0;0;0
2206670;Morro do Chapéu do Piauí;PI;Mapeado;2026-09;2;6;0;1;1;4;1;2;0;1;0;0;0;0;0;0;0;2;0;0;0;0;0;0;0;0;0;0;0;0;0;0;0;2
2206696;Murici dos Portelas;PI;Mapeado;2026-09;10;15;0;3;2;5;7;10;0;0;0;3;0;0;0;0;1;2;0;0;0;0;0;0;0;0;0;0;0;0;0;0;0;1
2206704;Nazaré do Piauí;PI;Mapeado;2026-09;12;29;4;11;5;15;3;18;2;6;2;9;0;0;0;0;0;1;0;0;0;0;0;0;0;0;0;0;0;1;0;1;0;1
2206720;Nazária;PI;Mapeado;2026-09;13;32;2;10;5;14;6;17;0;5;2;5;0;0;0;0;0;1;0;0;0;0;0;0;0;0;0;0;0;0;0;0;0;4
2206753;Nossa Senhora de Nazaré;PI;Mapeado;2026-09;10;21;3;10;5;11;2;12;1;9;2;6;0;0;0;0;0;0;0;0;0;0;0;0;0;0;0;0;0;0;0;0;0;0
2206803;Nossa Senhora dos Remédios;PI;Mapeado;2026-09;6;11;3;5;1;2;2;6;1;1;2;4;0;0;0;0;0;0;0;0;0;0;0;0;0;0;0;0;0;0;0;0;0;0
2207959;Nova Santa Rita;PI;Mapeado;2026-09;10;13;3;9;5;9;2;7;1;5;2;6;0;0;0;0;0;0;0;0;0;0;0;0;0;0;0;0;0;0;0;0;0;0
2206902;Novo Oriente do Piauí;PI;Mapeado;2026-09;5;12;2;6;1;3;2;8;0;2;2;5;0;0;0;0;0;1;0;0;0;0;0;0;0;0;0;0;0;0;0;0;0;0
2206951;Novo Santo Antônio;PI;Mapeado;2026-09;1;6;0;1;1;1;0;4;0;1;0;0;0;0;0;0;0;1;0;0;0;0;0;0;0;0;0;0;0;0;0;0;0;0
2207009;Oeiras;PI;Mapeado;2026-09;127;229;22;68;40;90;52;125;15;41;7;31;0;0;0;1;7;23;0;0;0;4;3;6;0;1;0;0;0;1;1;1;2;13
2207108;Olho D'Água do Piauí;PI;Mapeado;2026-09;3;4;0;0;0;2;3;4;0;0;0;0;0;0;0;0;0;0;0;0;0;0;0;0;0;0;0;0;0;0;0;0;0;0
2207207;Padre Marcos;PI;Mapeado;2026-09;11;21;4;6;6;15;1;12;0;2;4;6;0;0;0;0;0;10;0;0;0;0;0;0;0;0;0;0;0;1;0;0;0;6
2207306;Paes Landim;PI;Mapeado;2026-09;16;33;4;9;6;16;6;20;1;6;3;5;0;0;0;1;0;4;0;0;0;6;0;1;0;0;0;0;0;1;0;0;0;2
2207355;Pajeú do Piauí;PI;Mapeado;2026-09;3;15;0;1;2;10;1;10;0;0;0;1;0;0;0;0;0;1;0;0;0;0;0;0;0;0;0;0;0;0;0;0;0;0
2207405;Palmeira do Piauí;PI;Mapeado;2026-09;14;31;4;14;6;18;4;22;1;8;3;8;0;0;0;1;0;9;0;0;0;1;0;0;0;0;0;0;0;0;0;0;0;1
2207504;Palmeirais;PI;Mapeado;2026-09;11;31;2;13;5;14;4;16;0;8;2;8;0;0;0;0;0;4;0;0;0;0;0;2;0;0;0;0;0;2;0;0;0;1
2207553;Paquetá;PI;Mapeado;2026-09;1;3;0;0;0;1;1;3;0;0;0;0;0;0;0;0;0;0;0;0;0;0;0;0;0;0;0;0;0;0;0;0;0;0
2207603;Parnaguá;PI;Mapeado;2026-09;11;25;1;7;3;15;7;17;0;4;1;4;0;0;0;0;0;4;0;0;0;0;0;0;0;0;0;0;0;0;0;0;0;0
2207702;Parnaíba;PI;Mapeado;2026-09;876;1281;105;305;387;607;333;679;58;203;47;137;0;0;2;11;22;96;1;6;0;11;14;18;2;6;0;0;0;3;1;11;9;51
2207751;Passagem Franca do Piauí;PI;Mapeado;2026-09;5;12;0;3;3;6;2;7;0;2;0;3;0;0;0;0;0;2;0;0;0;0;0;0;0;0;0;0;0;0;0;1;0;2
2207777;Patos do Piauí;PI;Mapeado;2026-09;7;14;0;3;3;6;4;8;0;2;0;2;0;0;0;0;0;1;0;0;0;0;0;2;0;0;0;0;0;0;0;0;0;0
2207793;Pau D'Arco do Piauí;PI;Mapeado;2026-09;2;7;1;2;0;3;0;4;0;0;1;2;0;0;0;0;1;2;0;0;0;0;0;0;0;0;0;0;0;0;0;0;0;0
2207801;Paulistana;PI;Mapeado;2026-09;49;103;2;21;19;51;24;58;0;8;2;16;0;0;0;0;1;11;0;0;0;1;1;10;1;1;0;0;0;1;1;4;0;1
2207850;Pavussu;PI;Mapeado;2026-09;2;13;1;5;0;5;0;9;0;5;1;3;0;0;0;0;1;3;0;0;0;0;0;0;0;0;0;0;0;0;0;0;0;0
2207900;Pedro II;PI;Mapeado;2026-09;109;184;20;64;46;82;38;116;13;44;7;26;0;0;0;0;1;16;0;0;1;1;2;3;0;0;0;0;0;1;0;0;1;10
2207934;Pedro Laurentino;PI;Mapeado;2026-09;3;10;0;1;1;5;0;1;0;0;0;1;0;0;0;0;0;0;0;0;0;0;0;0;0;0;0;0;0;0;0;0;2;3
2208007;Picos;PI;Mapeado;2026-09;506;815;33;149;272;437;172;479;17;104;16;71;0;0;1;4;8;55;1;4;0;6;11;21;2;4;0;0;0;1;1;5;5;20
2208106;Pimenteiras;PI;Mapeado;2026-09;1;18;0;8;0;6;1;14;0;4;0;4;0;0;0;0;0;0;0;0;0;0;0;0;0;0;0;0;0;0;0;0;0;0
2208205;Pio IX;PI;Mapeado;2026-09;33;66;8;25;12;31;11;34;3;17;5;14;0;0;0;0;1;5;0;0;0;2;1;1;0;0;0;0;0;0;0;0;0;2
2208304;Piracuruca;PI;Mapeado;2026-09;66;125;9;48;23;56;27;76;9;36;0;19;0;0;0;0;3;13;0;0;0;0;3;3;0;1;0;0;0;3;0;0;1;6
2208403;Piripiri;PI;Mapeado;2026-09;218;342;58;146;77;155;58;162;28;100;30;83;0;0;0;2;16;52;0;1;1;3;7;8;0;0;0;1;0;4;1;4;0;16
2208502;Porto;PI;Mapeado;2026-09;21;31;2;13;9;16;8;17;0;9;2;11;0;0;0;0;1;5;0;0;0;0;0;0;0;0;0;0;0;1;0;0;1;1
2208551;Porto Alegre do Piauí;PI;Mapeado;2026-09;7;11;2;4;1;4;3;6;0;1;2;3;0;0;0;0;1;3;0;0;0;0;0;0;0;0;0;0;0;0;0;0;0;0
2208601;Prata do Piauí;PI;Mapeado;2026-09;5;12;0;2;4;7;1;9;0;1;0;2;0;0;0;0;0;0;0;0;0;0;0;0;0;0;0;0;0;0;0;0;0;1
2208650;Queimada Nova;PI;Mapeado;2026-09;16;37;2;7;9;23;5;25;1;4;1;3;0;0;0;0;0;0;0;0;0;0;0;0;0;0;0;0;0;0;0;0;0;0
2208700;Redenção do Gurguéia;PI;Mapeado;2026-09;19;50;3;12;7;20;9;36;1;6;2;7;0;0;0;0;0;3;0;0;0;0;0;0;0;0;0;0;0;1;0;0;0;0
2208809;Regeneração;PI;Mapeado;2026-09;59;93;17;41;17;33;16;46;12;24;5;19;0;0;0;0;7;11;0;0;0;2;2;3;0;0;0;0;0;0;0;1;0;3
2208858;Riacho Frio;PI;Mapeado;2026-09;2;5;1;1;1;2;0;3;0;0;1;1;0;0;0;0;0;1;0;0;0;0;0;0;0;0;0;0;0;0;0;0;0;0
2208874;Ribeira do Piauí;PI;Mapeado;2026-09;3;17;2;8;0;6;1;10;1;1;1;7;0;0;0;0;0;2;0;1;0;0;0;0;0;0;0;0;0;0;0;0;0;0
2208908;Ribeiro Gonçalves;PI;Mapeado;2026-09;52;83;11;34;25;53;15;48;2;11;9;24;0;0;0;0;1;5;0;0;0;0;0;0;0;0;0;0;0;1;0;0;0;1
2209005;Rio Grande do Piauí;PI;Mapeado;2026-09;7;29;2;8;2;13;3;20;1;4;1;7;0;0;0;0;0;3;0;0;0;0;0;1;0;0;0;0;0;0;0;0;0;0
2209104;Santa Cruz do Piauí;PI;Mapeado;2026-09;12;21;1;5;7;11;4;11;0;2;1;3;0;0;0;0;0;4;0;0;0;0;0;0;0;0;0;0;0;0;0;0;0;0
2209153;Santa Cruz dos Milagres;PI;Mapeado;2026-09;10;28;2;4;4;17;4;18;0;0;2;4;0;0;0;0;0;1;0;0;0;0;0;0;0;0;0;0;0;0;0;0;0;1
2209203;Santa Filomena;PI;Mapeado;2026-09;19;50;7;20;7;18;4;28;1;7;6;15;0;0;0;1;1;7;0;0;0;1;0;1;0;0;0;0;0;1;0;1;0;1
2209302;Santa Luz;PI;Mapeado;2026-09;13;33;3;15;4;14;6;22;2;10;1;7;0;0;0;0;0;1;0;0;0;0;0;0;0;0;0;0;0;1;0;0;0;1
2209377;Santa Rosa do Piauí;PI;Mapeado;2026-09;26;57;14;30;5;21;7;31;3;8;11;22;0;0;0;0;0;8;0;0;0;1;0;0;0;0;0;0;0;0;0;0;0;2
2209351;Santana do Piauí;PI;Mapeado;2026-09;3;8;1;1;0;2;2;7;1;1;0;0;0;0;0;0;0;0;0;0;0;0;0;0;0;1;0;0;0;0;0;0;0;0
2209401;Santo Antônio de Lisboa;PI;Mapeado;2026-09;8;11;0;0;6;10;2;6;0;0;0;0;0;0;0;0;0;0;0;0;0;0;0;0;0;0;0;0;0;0;0;0;0;0
2209450;Santo Antônio dos Milagres;PI;Mapeado;2026-09;1;2;0;0;0;1;1;2;0;0;0;0;0;0;0;0;0;0;0;0;0;0;0;0;0;0;0;0;0;0;0;0;0;0
2209500;Santo Inácio do Piauí;PI;Mapeado;2026-09;4;12;2;4;0;2;2;7;0;2;2;3;0;0;0;0;0;0;0;0;0;0;0;0;0;0;0;0;0;1;0;0;0;0
2210623;Sebastião Barros;PI;Mapeado;2026-09;2;4;0;0;1;2;1;2;0;0;0;0;0;0;0;0;0;0;0;0;0;0;0;0;0;0;0;0;0;0;0;0;0;0
2210631;Sebastião Leal;PI;Mapeado;2026-09;15;33;0;14;11;19;3;13;0;5;0;12;0;0;0;0;1;2;0;0;0;0;0;0;0;0;0;0;0;0;0;0;0;0
2210656;Sigefredo Pacheco;PI;Mapeado;2026-09;12;21;1;6;6;10;4;15;0;5;1;4;0;0;0;0;0;8;0;0;0;0;0;0;0;0;0;0;1;1;0;0;0;0
2210805;Simplício Mendes;PI;Mapeado;2026-09;39;89;10;37;12;46;12;49;4;20;6;23;0;0;0;0;2;9;0;0;0;0;3;5;0;1;0;0;0;0;0;0;0;3
2210706;Simões;PI;Mapeado;2026-09;22;51;5;15;10;24;7;26;1;8;4;10;0;0;0;0;0;5;0;3;0;0;0;2;0;0;0;0;0;0;0;2;0;5
2210904;Socorro do Piauí;PI;Mapeado;2026-09;16;39;14;29;2;14;0;14;3;6;11;23;0;0;0;0;0;2;0;0;0;0;0;0;0;0;0;0;0;1;0;0;0;0
2210938;Sussuapara;PI;Mapeado;2026-09;13;21;2;7;5;9;5;13;0;4;2;5;0;0;0;0;0;1;0;0;0;0;0;0;1;1;0;0;0;0;0;0;0;1
2209559;São Braz do Piauí;PI;Mapeado;2026-09;5;15;1;2;1;4;2;9;0;1;1;2;0;0;0;0;0;4;0;0;0;0;1;1;0;0;0;0;0;0;0;0;0;1
2209658;São Francisco de Assis do Piauí;PI;Mapeado;2026-09;6;10;1;9;4;6;1;7;1;7;0;4;0;0;0;0;0;1;0;0;0;0;0;0;0;0;0;0;0;0;0;0;0;0
2209708;São Francisco do Piauí;PI;Mapeado;2026-09;12;24;4;11;3;9;5;14;0;4;4;7;0;0;0;0;0;2;0;0;0;0;0;0;0;0;0;0;0;0;0;0;0;1
2209609;São Félix do Piauí;PI;Mapeado;2026-09;6;14;1;4;0;5;3;9;1;3;0;2;0;0;0;0;1;1;0;0;0;0;1;1;0;0;0;0;0;0;0;0;0;0
2209757;São Gonçalo do Gurguéia;PI;Mapeado;2026-09;11;21;2;11;8;12;1;10;0;7;2;5;0;0;0;0;0;1;0;0;0;0;0;0;0;0;0;0;0;0;0;0;0;0
2209807;São Gonçalo do Piauí;PI;Mapeado;2026-09;5;12;3;5;0;4;2;5;1;2;2;3;0;0;0;0;0;1;0;0;0;0;0;0;0;0;0;0;0;0;0;0;0;0
2210052;São José do Divino;PI;Mapeado;2026-09;6;20;0;14;6;14;0;14;0;11;0;8;0;0;0;0;0;3;0;0;0;0;0;0;0;0;0;0;0;0;0;0;0;0
2210102;São José do Peixe;PI;Mapeado;2026-09;10;17;2;9;4;8;4;11;0;6;2;6;0;0;0;0;0;2;0;0;0;0;0;0;0;0;0;0;0;0;0;0;0;0
2210201;São José do Piauí;PI;Mapeado;2026-09;8;13;1;7;3;4;4;10;0;3;1;4;0;0;0;0;0;2;0;0;0;0;0;0;0;0;0;0;0;0;0;0;0;0
2209856;São João da Canabrava;PI;Mapeado;2026-09;8;12;1;2;2;6;5;9;0;1;1;1;0;0;0;0;0;1;0;0;0;0;0;1;0;0;0;0;0;0;0;1;0;0
2209872;São João da Fronteira;PI;Mapeado;2026-09;15;22;5;9;5;13;4;12;2;5;3;5;0;0;0;0;1;3;0;0;0;0;0;0;0;1;0;0;0;0;0;0;0;0
2209906;São João da Serra;PI;Mapeado;2026-09;11;24;1;11;4;13;6;17;0;3;1;9;0;0;0;0;0;3;0;0;0;0;0;0;0;0;0;0;0;1;0;0;0;0
2209955;São João da Varjota;PI;Mapeado;2026-09;3;14;0;2;2;3;1;8;0;1;0;1;0;0;0;0;0;4;0;0;0;0;0;0;0;0;0;0;0;0;0;0;0;1
2209971;São João do Arraial;PI;Mapeado;2026-09;9;20;2;9;4;12;3;10;1;5;1;5;0;0;0;0;0;3;0;0;0;0;0;0;0;0;0;0;0;0;0;0;0;0
2210003;São João do Piauí;PI;Mapeado;2026-09;89;198;11;76;37;120;35;114;5;53;6;35;0;0;0;1;1;18;0;1;0;0;2;4;0;0;0;0;0;0;0;0;3;6
2210300;São Julião;PI;Mapeado;2026-09;6;17;0;2;1;10;5;11;0;0;0;2;0;0;0;0;0;1;0;0;0;1;0;0;0;0;0;0;0;0;0;0;0;0
2210359;São Lourenço do Piauí;PI;Mapeado;2026-09;6;15;4;9;1;3;1;9;4;7;0;2;0;0;0;0;0;4;0;0;0;1;0;1;0;0;0;0;0;0;0;0;0;1
2210375;São Luis do Piauí;PI;Mapeado;2026-09;1;6;1;1;0;0;0;4;0;0;1;1;0;0;0;0;0;1;0;0;0;0;0;0;0;0;0;0;0;0;0;0;0;0
2210383;São Miguel da Baixa Grande;PI;Mapeado;2026-09;4;10;0;2;2;5;2;5;0;1;0;1;0;0;0;0;0;0;0;0;0;0;0;1;0;0;0;0;0;0;0;0;0;1
2210391;São Miguel do Fidalgo;PI;Mapeado;2026-09;4;9;0;4;1;3;3;5;0;3;0;3;0;0;0;0;0;1;0;0;0;0;0;0;0;0;0;0;0;0;0;0;0;0
2210409;São Miguel do Tapuio;PI;Mapeado;2026-09;27;46;2;7;9;19;14;23;0;3;2;6;0;0;0;0;0;4;0;0;1;2;0;0;0;0;0;0;0;1;0;1;1;2
2210508;São Pedro do Piauí;PI;Mapeado;2026-09;32;45;6;14;6;19;14;25;3;9;3;8;0;0;0;0;5;7;0;0;0;1;1;1;0;0;0;0;0;0;0;0;0;1
2210607;São Raimundo Nonato;PI;Mapeado;2026-09;141;310;17;89;66;160;45;171;6;66;11;53;0;0;0;2;4;47;0;3;0;13;7;19;0;2;0;0;1;1;0;0;1;32
2210953;Tamboril do Piauí;PI;Mapeado;2026-09;6;15;2;7;2;10;2;11;1;3;1;5;0;0;0;0;0;1;0;0;0;0;0;0;0;0;0;0;0;0;0;0;0;0
2210979;Tanque do Piauí;PI;Mapeado;2026-09;18;31;8;18;4;15;5;23;7;16;1;10;0;0;0;0;1;5;0;0;0;0;0;0;0;0;0;0;0;0;0;0;0;0
2211001;Teresina;PI;Mapeado;2026-09;4420;7521;510;1699;1985;3439;1665;4164;298;1229;212;676;0;0;0;20;82;570;5;61;2;200;68;106;16;39;0;2;5;24;11;62;71;446
2211100;União;PI;Mapeado;2026-09;80;169;18;59;34;64;20;78;6;34;12;33;0;0;0;1;3;10;0;2;0;4;3;5;0;1;0;0;0;0;0;0;2;6
2211209;Uruçuí;PI;Mapeado;2026-09;132;272;16;96;61;127;48;163;6;64;10;53;0;0;0;0;1;23;0;0;0;1;3;4;0;0;0;2;0;1;0;2;3;5
2211308;Valença do Piauí;PI;Mapeado;2026-09;79;168;13;55;30;86;31;96;7;42;6;30;0;0;0;0;2;14;0;0;0;2;1;3;1;2;0;0;0;0;0;0;1;5
2211506;Vera Mendes;PI;Mapeado;2026-09;2;5;1;1;1;2;0;1;1;1;0;0;0;0;0;0;0;1;0;0;0;0;0;0;0;0;0;0;0;0;0;0;0;0
2211605;Vila Nova do Piauí;PI;Mapeado;2026-09;4;14;0;1;2;5;1;8;0;1;0;0;0;0;0;0;0;2;0;1;1;1;0;0;0;0;0;0;0;0;0;0;0;1
2211357;Várzea Branca;PI;Mapeado;2026-09;2;11;0;3;2;8;0;9;0;3;0;1;0;0;0;0;0;0;0;0;0;0;0;0;0;0;0;0;0;0;0;0;0;0
2211407;Várzea Grande;PI;Mapeado;2026-09;9;16;5;6;2;5;2;13;5;5;0;4;0;0;0;0;0;1;0;0;0;1;0;0;0;0;0;0;0;0;0;0;0;0
2211704;Wall Ferraz;PI;Mapeado;2026-09;4;13;0;4;1;6;3;8;0;3;0;3;0;0;0;0;0;1;0;0;0;0;0;0;0;0;0;0;0;0;0;0;0;1
2200202;Água Branca;PI;Mapeado;2026-09;80;141;11;42;30;60;32;91;10;34;1;17;0;0;0;0;2;11;0;0;0;1;2;2;1;1;0;0;0;1;1;1;1;5
4100103;Abatiá;PR;Mapeado;2026-09;36;55;15;32;6;11;13;30;12;26;3;8;0;0;0;0;0;1;0;0;0;0;2;2;0;0;0;0;0;0;0;1;0;0
4100202;Adrianópolis;PR;Mapeado;2026-09;44;101;11;37;12;25;19;81;8;23;3;14;0;0;0;0;1;7;0;0;0;0;0;0;0;0;0;0;1;13;0;0;0;0
4100301;Agudos do Sul;PR;Mapeado;2026-09;65;114;21;56;14;30;24;68;12;29;9;31;0;0;0;1;6;17;0;0;0;0;0;0;0;0;0;0;0;6;0;1;0;4
4100400;Almirante Tamandaré;PR;Mapeado;2026-09;575;945;93;212;178;316;269;625;55;135;38;92;0;0;0;1;17;54;0;0;0;1;8;11;1;1;0;0;1;16;1;9;7;41
4100459;Altamira do Paraná;PR;Mapeado;2026-09;12;32;3;4;2;5;7;28;1;2;2;3;0;0;0;0;0;1;0;0;0;0;0;0;0;0;0;0;0;0;0;0;0;1
4100608;Alto Paraná;PR;Mapeado;2026-09;63;106;10;37;9;21;38;70;9;23;1;17;0;0;0;0;2;4;0;0;0;1;3;3;0;0;0;0;0;0;0;0;1;12
4128625;Alto Paraíso;PR;Mapeado;2026-09;23;41;5;16;10;13;4;28;3;15;2;6;0;0;0;0;1;1;0;0;0;1;0;0;0;0;0;0;0;0;0;0;3;8
4100707;Alto Piquiri;PR;Mapeado;2026-09;43;62;11;16;7;13;23;41;1;3;10;13;0;0;0;0;0;4;0;0;0;1;2;2;0;0;0;0;0;2;0;0;0;1
4100509;Altônia;PR;Mapeado;2026-09;102;152;29;53;12;32;47;90;19;39;10;19;0;0;0;1;3;12;0;0;0;0;5;5;0;0;0;0;0;2;0;3;6;11
4100806;Alvorada do Sul;PR;Mapeado;2026-09;71;116;15;44;12;37;38;72;8;27;7;19;0;0;0;0;1;5;0;0;0;0;1;1;0;1;0;0;0;0;1;3;3;6
4100905;Amaporã;PR;Mapeado;2026-09;36;54;5;23;11;15;19;43;1;8;4;19;0;0;0;0;0;1;0;0;0;0;0;0;0;0;0;0;0;1;0;0;1;2
4101002;Ampére;PR;Mapeado;2026-09;117;190;29;63;29;51;42;102;27;59;2;7;0;0;0;1;8;11;0;0;1;1;6;6;0;0;0;0;0;1;0;0;2;13
4101051;Anahy;PR;Mapeado;2026-09;12;27;4;11;5;8;3;22;2;6;2;7;0;0;0;0;0;4;0;0;0;0;0;0;0;0;0;0;0;0;0;0;0;1
4101101;Andirá;PR;Mapeado;2026-09;107;177;21;49;17;33;48;110;18;44;3;6;0;0;0;0;16;23;0;2;0;0;3;3;0;0;0;0;0;0;0;1;2;7
4101200;Antonina;PR;Mapeado;2026-09;208;311;50;106;44;81;94;216;30;62;20;51;0;0;0;1;4;18;0;0;1;5;9;11;1;2;0;0;0;16;0;1;5;16
4101309;Antônio Olinto;PR;Mapeado;2026-09;40;62;10;28;9;17;20;46;7;21;3;8;0;0;0;0;1;8;0;0;0;0;0;0;0;0;0;0;0;4;0;0;0;1
4101408;Apucarana;PR;Mapeado;2026-09;815;1225;159;383;276;433;311;709;133;316;26;90;0;0;2;8;18;56;1;1;0;13;28;34;0;0;0;0;1;17;3;10;16;57
4101507;Arapongas;PR;Mapeado;2026-09;751;1036;148;270;204;328;347;642;132;236;16;44;0;0;1;1;14;29;1;2;0;4;22;26;0;0;1;1;0;8;1;8;12;40
4101606;Arapoti;PR;Mapeado;2026-09;176;266;32;60;44;69;90;175;20;42;12;25;0;0;0;2;3;17;0;0;0;0;5;5;0;0;0;0;0;2;0;1;2;13
4101655;Arapuã;PR;Mapeado;2026-09;10;22;4;9;3;6;3;15;3;7;1;3;0;0;0;0;0;0;0;0;0;0;0;0;0;0;0;0;0;0;0;0;0;2
4101705;Araruna;PR;Mapeado;2026-09;83;127;23;48;11;25;39;80;13;33;10;18;0;0;0;2;5;12;0;0;0;1;3;4;0;0;0;0;0;1;0;1;2;4
4101804;Araucária;PR;Mapeado;2026-09;861;1380;128;330;275;442;385;879;71;213;57;143;0;0;2;5;24;76;1;1;1;9;23;24;2;2;0;1;0;47;4;16;16;64
4101853;Ariranha do Ivaí;PR;Mapeado;2026-09;7;13;2;8;0;4;4;10;1;6;1;3;0;0;0;0;0;1;0;0;0;0;0;0;1;1;0;0;0;0;0;0;0;0
4101903;Assaí;PR;Mapeado;2026-09;75;104;16;28;22;36;30;57;12;22;4;10;0;0;0;0;2;5;0;0;0;4;3;5;0;0;0;0;0;1;0;1;2;4
4102000;Assis Chateaubriand;PR;Mapeado;2026-09;241;371;37;89;43;91;137;248;14;37;23;55;0;0;1;2;7;24;1;2;0;2;10;11;1;1;0;0;0;7;0;3;4;22
4102109;Astorga;PR;Mapeado;2026-09;171;247;47;83;39;73;76;146;44;72;3;20;0;0;0;0;1;7;0;1;0;1;7;8;0;0;0;0;0;16;0;4;1;16
4102208;Atalaia;PR;Mapeado;2026-09;25;46;8;23;6;15;9;21;7;19;1;8;0;0;0;0;0;5;0;0;0;0;1;1;0;0;0;0;0;1;1;2;0;4
4102307;Balsa Nova;PR;Mapeado;2026-09;121;219;30;83;40;78;36;126;19;62;11;32;0;0;0;1;11;27;0;2;0;2;4;5;0;0;0;0;0;9;0;0;0;16
4102406;Bandeirantes;PR;Mapeado;2026-09;213;324;26;81;41;75;127;207;20;64;6;22;0;0;0;2;6;21;0;0;0;2;6;8;0;4;0;0;0;2;0;0;7;29
4102505;Barbosa Ferraz;PR;Mapeado;2026-09;62;97;15;36;7;16;35;65;11;28;4;11;0;0;0;0;0;4;0;0;0;0;3;3;0;0;0;0;0;2;0;1;2;7
4102703;Barra do Jacaré;PR;Mapeado;2026-09;17;23;2;9;2;3;11;15;2;6;0;3;0;0;0;0;1;4;0;0;0;0;1;1;0;0;0;0;0;0;0;0;0;0
4102604;Barracão;PR;Mapeado;2026-09;73;125;8;45;22;40;30;78;4;31;4;17;0;0;4;4;3;6;0;0;0;1;4;4;0;0;0;0;1;9;0;0;1;10
4102752;Bela Vista da Caroba;PR;Mapeado;2026-09;8;23;1;7;3;9;4;16;1;4;0;5;0;0;0;0;0;2;0;0;0;0;0;0;0;0;0;0;0;0;0;0;0;4
4102802;Bela Vista do Paraíso;PR;Mapeado;2026-09;82;123;22;53;14;35;43;84;19;46;3;15;0;0;0;1;1;2;0;0;0;2;2;2;0;0;0;0;0;1;0;0;0;6
4102901;Bituruna;PR;Mapeado;2026-09;68;137;9;26;20;51;33;97;4;12;5;17;0;0;0;0;2;7;0;0;0;2;3;4;0;0;0;0;0;12;0;0;1;5
4103008;Boa Esperança;PR;Mapeado;2026-09;29;63;3;14;4;15;19;46;2;8;1;7;0;0;0;0;0;7;0;0;0;0;1;1;0;0;0;0;0;3;0;0;2;8
4103024;Boa Esperança do Iguaçu;PR;Mapeado;2026-09;8;24;1;7;3;8;3;18;0;4;1;3;0;0;0;0;0;1;0;0;0;0;0;0;0;1;0;0;0;0;0;0;1;2
4103040;Boa Ventura de São Roque;PR;Mapeado;2026-09;44;71;14;30;14;23;14;45;7;20;7;13;0;0;0;0;1;4;0;0;0;1;1;1;0;0;0;0;0;4;0;0;0;4
4103057;Boa Vista da Aparecida;PR;Mapeado;2026-09;51;113;11;61;14;34;17;81;7;47;4;29;0;0;0;0;1;14;0;0;0;1;4;4;0;2;0;0;0;5;0;0;4;8
4103107;Bocaiúva do Sul;PR;Mapeado;2026-09;90;132;29;47;15;29;42;92;10;22;19;29;0;0;0;0;2;10;0;0;0;2;1;2;0;0;0;0;0;0;1;1;0;2
4103156;Bom Jesus do Sul;PR;Mapeado;2026-09;23;35;12;24;3;8;4;15;7;13;5;13;0;0;0;1;2;3;0;0;0;1;2;2;0;0;0;2;0;2;0;0;0;4
4103206;Bom Sucesso;PR;Mapeado;2026-09;26;45;10;20;4;14;10;25;10;20;0;4;0;0;0;0;2;4;0;0;0;0;0;0;0;1;0;0;0;0;0;0;0;3
4103222;Bom Sucesso do Sul;PR;Mapeado;2026-09;16;27;0;4;7;9;6;21;0;2;0;2;0;0;0;0;0;0;0;0;0;0;3;3;0;0;0;0;0;0;0;0;0;0
4103305;Borrazópolis;PR;Mapeado;2026-09;43;66;9;29;7;13;23;42;5;19;4;14;0;0;0;0;0;4;0;0;0;0;3;4;0;0;0;0;0;1;0;0;1;3
4103354;Braganey;PR;Mapeado;2026-09;23;51;6;24;8;21;8;33;3;17;3;13;0;0;0;0;0;2;0;0;0;0;1;1;0;1;0;0;0;1;0;0;0;6
4103370;Brasilândia do Sul;PR;Mapeado;2026-09;19;26;3;6;10;12;4;15;1;4;2;2;0;0;0;0;1;1;0;0;0;0;1;1;0;0;0;0;0;0;0;0;0;0
4103404;Cafeara;PR;Mapeado;2026-09;17;29;3;17;0;6;12;22;2;12;1;13;0;0;0;0;0;3;0;0;0;1;0;0;0;0;0;0;1;2;0;1;1;3
4103453;Cafelândia;PR;Mapeado;2026-09;88;182;17;49;21;48;40;126;7;31;10;18;0;0;0;1;4;13;0;1;0;1;2;2;0;0;0;0;0;7;0;1;4;6
4103479;Cafezal do Sul;PR;Mapeado;2026-09;29;38;3;14;7;9;19;29;2;5;1;9;0;0;0;0;0;4;0;0;0;0;0;0;0;0;0;0;0;1;0;0;0;1
4103503;Califórnia;PR;Mapeado;2026-09;53;79;13;31;5;26;34;66;8;27;5;8;0;0;0;0;0;4;0;0;0;2;1;1;0;0;0;0;0;4;0;0;0;1
4103602;Cambará;PR;Mapeado;2026-09;146;207;27;55;21;38;80;133;21;42;6;14;0;0;0;1;10;21;0;0;0;0;4;6;0;0;0;0;0;0;1;3;3;8
4103800;Cambira;PR;Mapeado;2026-09;58;93;12;29;12;24;31;58;7;19;5;12;0;0;0;0;2;8;0;0;0;0;0;0;0;1;0;0;0;0;0;1;1;5
4103701;Cambé;PR;Mapeado;2026-09;514;796;80;182;154;283;230;466;44;129;36;64;0;0;0;2;17;37;0;0;0;2;12;17;1;2;0;0;0;21;1;11;19;61
4104006;Campina Grande do Sul;PR;Mapeado;2026-09;313;557;50;114;104;195;126;382;21;65;29;63;0;0;0;0;22;53;0;1;0;4;7;11;0;2;0;1;1;13;1;3;2;28
4103909;Campina da Lagoa;PR;Mapeado;2026-09;93;168;16;66;16;51;48;116;7;34;9;42;0;0;0;1;7;15;0;0;0;0;5;5;0;0;0;0;0;9;1;2;0;6
4103958;Campina do Simão;PR;Mapeado;2026-09;14;26;1;14;4;11;8;21;0;11;1;9;0;0;0;0;0;1;0;0;0;0;1;1;0;0;0;0;0;1;0;0;0;1
4104055;Campo Bonito;PR;Mapeado;2026-09;22;46;8;20;8;13;6;21;6;16;2;7;0;0;0;0;0;2;0;0;0;0;0;0;0;0;0;0;0;2;0;0;0;3
4104204;Campo Largo;PR;Mapeado;2026-09;838;1378;161;386;268;479;323;870;108;287;53;124;0;0;2;7;42;103;1;4;1;6;19;27;1;1;0;0;0;96;1;15;19;84
4104253;Campo Magro;PR;Mapeado;2026-09;139;228;35;64;36;74;52;132;25;45;10;25;0;0;0;0;10;21;0;0;0;1;2;2;0;1;0;0;0;6;0;0;4;11
4104303;Campo Mourão;PR;Mapeado;2026-09;830;1279;135;321;205;371;399;776;91;242;44;98;0;0;2;9;15;54;2;2;1;10;24;25;1;4;1;1;2;6;2;8;41;141
4104105;Campo do Tenente;PR;Mapeado;2026-09;59;99;18;27;15;26;23;68;6;12;12;16;0;0;0;1;0;4;0;1;0;1;3;3;0;0;0;0;0;1;0;0;0;5
4104428;Candói;PR;Mapeado;2026-09;104;175;35;78;18;48;41;118;13;48;22;42;0;0;3;3;2;11;0;0;0;0;4;5;0;1;0;0;0;5;0;4;1;7
4104451;Cantagalo;PR;Mapeado;2026-09;70;125;25;49;23;35;20;76;6;8;19;41;0;0;0;1;0;17;0;0;0;0;2;3;0;1;0;0;0;21;0;0;0;3
4104501;Capanema;PR;Mapeado;2026-09;114;199;27;75;30;64;51;127;10;43;17;42;0;0;0;2;2;17;0;5;0;3;3;5;1;2;0;1;0;21;0;1;0;13
4104600;Capitão Leônidas Marques;PR;Mapeado;2026-09;93;158;21;52;25;59;35;94;10;40;11;26;0;0;0;0;4;11;0;1;0;0;6;7;0;0;0;0;0;1;0;0;2;10
4104659;Carambeí;PR;Mapeado;2026-09;127;211;14;50;31;59;73;155;8;34;6;25;0;0;0;1;1;11;0;0;0;0;4;5;1;1;0;0;0;1;0;0;3;11
4104709;Carlópolis;PR;Mapeado;2026-09;111;174;26;53;19;39;59;118;15;33;11;22;0;0;0;0;2;7;0;0;0;0;2;2;0;0;0;1;0;1;0;1;3;10
4104808;Cascavel;PR;Mapeado;2026-09;2166;3472;298;699;810;1382;851;2062;201;492;97;250;0;0;7;19;72;223;3;14;0;52;73;97;6;9;4;4;1;33;5;21;36;187
4104907;Castro;PR;Mapeado;2026-09;512;744;88;207;129;224;255;516;47;123;41;95;0;0;1;8;16;41;1;1;0;1;14;16;2;3;0;0;1;43;1;4;4;22
4105003;Catanduvas;PR;Mapeado;2026-09;48;83;17;32;10;21;18;57;13;26;4;13;0;0;0;0;0;2;0;0;0;0;2;2;0;0;0;0;0;5;0;0;1;1
4105102;Centenário do Sul;PR;Mapeado;2026-09;63;105;20;47;8;17;30;74;12;33;8;15;0;0;0;0;0;4;0;0;0;0;4;4;0;0;0;0;1;15;0;2;0;4
4105201;Cerro Azul;PR;Mapeado;2026-09;87;167;19;64;21;55;41;125;9;44;10;24;0;0;0;0;6;19;0;0;0;1;0;3;0;0;0;0;0;7;0;0;0;1
4105409;Chopinzinho;PR;Mapeado;2026-09;109;204;28;77;26;56;42;118;16;56;12;29;0;0;2;5;2;12;0;0;0;2;6;11;0;0;0;0;1;13;0;2;2;19
4105508;Cianorte;PR;Mapeado;2026-09;398;568;94;171;95;160;173;329;60;130;34;50;0;0;0;2;10;26;1;1;0;6;17;19;1;1;1;1;0;3;0;5;6;22
4105607;Cidade Gaúcha;PR;Mapeado;2026-09;58;101;6;35;9;22;33;67;4;23;2;20;0;0;0;0;0;6;0;0;0;0;7;7;0;0;0;0;0;1;1;1;2;11
4105706;Clevelândia;PR;Mapeado;2026-09;66;118;13;39;17;35;25;62;7;29;6;13;0;0;0;0;2;6;0;0;0;0;6;7;0;0;0;0;2;2;0;1;1;2
4105805;Colombo;PR;Mapeado;2026-09;1460;2238;191;503;534;841;610;1413;131;374;60;183;0;0;0;3;66;148;1;1;1;5;26;30;4;8;0;0;0;31;4;9;23;110
4105904;Colorado;PR;Mapeado;2026-09;143;203;16;48;27;52;92;141;10;34;6;17;0;0;0;0;4;12;0;0;0;0;3;3;0;0;0;0;0;0;0;0;1;5
4106001;Congonhinhas;PR;Mapeado;2026-09;43;61;10;17;9;16;21;38;2;4;8;14;0;0;0;0;0;0;0;0;0;0;3;3;0;1;0;0;0;0;0;0;0;2
4106100;Conselheiro Mairinck;PR;Mapeado;2026-09;20;31;5;6;5;11;8;23;2;3;3;3;0;0;0;0;1;3;0;0;0;0;0;0;0;0;0;0;0;0;0;0;1;1
4106209;Contenda;PR;Mapeado;2026-09;89;155;23;59;20;42;29;84;13;41;10;21;0;0;0;2;11;26;0;0;0;0;2;2;0;1;0;0;0;9;0;1;4;15
4106308;Corbélia;PR;Mapeado;2026-09;112;197;28;58;32;57;44;127;14;38;14;25;0;0;0;1;1;8;0;0;0;1;5;6;0;0;0;0;0;1;0;0;2;12
4106407;Cornélio Procópio;PR;Mapeado;2026-09;332;485;45;105;87;156;164;297;36;84;9;30;0;0;1;2;4;20;2;3;1;2;14;18;0;1;0;1;0;8;1;9;13;30
4106456;Coronel Domingos Soares;PR;Mapeado;2026-09;39;72;8;21;9;29;19;51;2;12;6;16;0;0;0;0;0;8;0;0;0;0;2;2;0;0;0;0;0;8;0;0;1;3
4106506;Coronel Vivida;PR;Mapeado;2026-09;113;175;42;71;27;44;23;98;17;40;25;38;0;0;1;4;2;12;0;0;0;1;10;11;1;1;0;0;0;30;0;0;7;12
4106555;Corumbataí do Sul;PR;Mapeado;2026-09;10;18;1;5;2;3;6;14;1;3;0;2;0;0;0;0;0;1;0;0;0;0;0;1;0;0;0;0;0;0;0;0;1;3
4106803;Cruz Machado;PR;Mapeado;2026-09;74;122;41;76;4;30;26;78;31;57;10;27;0;0;1;1;2;7;0;0;0;0;0;0;0;0;0;0;0;8;0;0;0;2
4106571;Cruzeiro do Iguaçu;PR;Mapeado;2026-09;29;55;11;25;3;18;12;35;10;20;1;8;0;0;0;1;2;3;0;0;0;0;0;0;1;2;0;0;0;0;0;0;0;5
4106605;Cruzeiro do Oeste;PR;Mapeado;2026-09;152;214;44;90;42;70;48;135;24;48;20;47;0;0;0;0;8;16;0;0;0;0;6;6;0;0;0;0;0;2;0;0;4;9
4106704;Cruzeiro do Sul;PR;Mapeado;2026-09;25;44;13;22;3;5;7;21;7;17;6;7;0;0;0;0;1;3;0;0;0;0;0;0;0;0;0;0;0;1;0;0;1;6
4106852;Cruzmaltina;PR;Mapeado;2026-09;22;30;7;11;6;9;9;15;5;9;2;3;0;0;0;0;0;2;0;0;0;0;0;0;0;0;0;0;0;1;0;0;0;0
4106902;Curitiba;PR;Mapeado;2026-09;14073;23304;1663;5027;5679;8931;5813;13736;1117;3788;546;1608;0;0;19;117;262;1060;22;262;11;437;212;272;9;21;2;6;11;784;65;303;305;1902
4107009;Curiúva;PR;Mapeado;2026-09;88;148;35;71;20;36;28;113;24;53;11;21;0;0;0;0;2;7;0;0;0;0;2;3;0;0;0;0;0;2;0;0;1;4
4104402;Cândido de Abreu;PR;Mapeado;2026-09;89;130;27;53;15;29;40;82;16;28;11;28;0;0;0;0;3;8;0;0;0;1;3;6;0;0;0;0;0;1;0;1;1;6
4105300;Céu Azul;PR;Mapeado;2026-09;68;101;21;36;13;28;28;53;21;36;0;0;0;0;1;1;0;4;0;2;0;0;5;5;0;1;0;0;0;0;0;0;0;7
4107157;Diamante D'Oeste;PR;Mapeado;2026-09;27;42;2;7;5;9;16;30;1;6;1;1;0;0;0;0;0;3;0;0;0;0;3;3;0;0;0;0;0;4;0;1;1;2
4107108;Diamante do Norte;PR;Mapeado;2026-09;41;61;3;15;14;23;19;39;2;10;1;5;0;0;0;0;1;4;0;0;0;0;2;2;0;0;0;0;0;0;1;1;1;1
4107124;Diamante do Sul;PR;Mapeado;2026-09;14;24;1;8;5;10;8;21;1;6;0;2;0;0;0;0;0;1;0;0;0;0;0;0;0;0;0;0;0;2;0;0;0;1
4107207;Dois Vizinhos;PR;Mapeado;2026-09;273;443;64;176;70;123;96;269;49;129;15;60;0;0;2;6;8;20;0;1;0;5;20;25;0;0;1;1;0;5;3;6;9;39
4107256;Douradina;PR;Mapeado;2026-09;58;89;14;33;11;20;28;60;4;15;10;18;0;0;0;0;0;2;0;1;0;0;0;0;0;0;0;0;0;0;0;0;5;11
4107306;Doutor Camargo;PR;Mapeado;2026-09;54;87;13;31;11;23;29;60;6;24;7;19;0;0;0;0;1;8;0;0;0;0;0;0;0;1;0;0;0;0;0;0;0;2
4128633;Doutor Ulysses;PR;Mapeado;2026-09;15;44;9;24;1;7;5;38;7;20;2;11;0;0;0;0;0;0;0;0;0;0;0;0;0;0;0;0;0;2;0;0;0;1
4107504;Engenheiro Beltrão;PR;Mapeado;2026-09;64;103;6;25;16;35;33;66;3;17;3;10;0;0;0;0;1;7;0;0;0;0;6;6;0;0;0;0;0;0;0;0;2;7
4107538;Entre Rios do Oeste;PR;Mapeado;2026-09;26;50;2;12;8;17;12;32;1;9;1;5;0;0;0;0;0;2;0;0;1;2;3;5;0;0;0;0;0;1;0;2;0;5
4107405;Enéas Marques;PR;Mapeado;2026-09;42;69;15;40;10;25;12;39;5;20;10;22;0;0;0;1;3;10;0;0;0;0;2;4;0;1;0;0;0;0;0;0;0;2
4107520;Esperança Nova;PR;Mapeado;2026-09;4;12;1;1;1;3;1;5;1;1;0;0;0;0;0;0;0;1;0;0;0;0;0;0;0;0;0;0;0;0;1;1;0;2
4107546;Espigão Alto do Iguaçu;PR;Mapeado;2026-09;15;27;6;11;3;4;4;15;4;8;2;3;0;0;0;0;0;0;0;2;0;2;2;2;0;0;0;0;0;0;0;0;0;0
4107553;Farol;PR;Mapeado;2026-09;17;27;2;10;3;5;10;24;1;2;1;9;0;0;0;0;1;2;0;0;0;0;0;0;0;0;0;0;0;1;0;0;1;1
4107603;Faxinal;PR;Mapeado;2026-09;153;204;54;85;19;39;64;118;24;48;30;39;0;0;0;0;8;23;0;0;0;1;6;6;0;0;0;0;1;7;0;2;1;6
4107652;Fazenda Rio Grande;PR;Mapeado;2026-09;847;1347;123;293;257;445;402;904;59;159;64;147;0;0;0;4;21;66;1;3;0;4;26;28;1;2;0;1;0;25;0;7;16;56
4107736;Fernandes Pinheiro;PR;Mapeado;2026-09;36;65;11;29;4;16;15;48;8;22;3;9;0;0;0;0;5;6;0;0;0;0;0;0;0;0;0;0;0;5;0;0;1;3
4107751;Figueira;PR;Mapeado;2026-09;61;91;19;38;9;23;28;67;13;25;6;19;0;0;0;0;3;8;0;0;0;0;2;2;0;2;0;0;0;3;0;1;0;1
4107850;Flor da Serra do Sul;PR;Mapeado;2026-09;27;51;9;32;9;16;7;32;6;25;3;15;0;0;0;0;0;4;0;0;0;0;2;2;0;0;0;0;0;4;0;0;0;0
4107801;Floraí;PR;Mapeado;2026-09;22;37;6;11;5;10;10;24;2;6;4;5;0;0;0;0;0;0;0;0;0;0;1;1;0;0;0;0;0;0;0;0;0;1
4107900;Floresta;PR;Mapeado;2026-09;82;134;13;35;22;44;41;94;9;22;4;18;0;0;0;0;1;4;0;0;0;0;1;1;0;0;0;0;0;0;0;0;4;6
4108007;Florestópolis;PR;Mapeado;2026-09;52;103;10;49;11;27;28;77;6;40;4;24;0;0;1;1;1;4;0;0;0;0;1;1;0;0;0;0;0;5;0;2;0;3
4108106;Flórida;PR;Mapeado;2026-09;12;30;1;9;2;5;8;20;1;6;0;4;0;0;0;0;0;3;0;0;0;0;0;1;0;0;0;0;0;0;1;1;0;3
4108205;Formosa do Oeste;PR;Mapeado;2026-09;46;78;11;22;2;15;25;48;6;14;5;8;0;0;0;0;0;2;0;0;0;1;7;7;0;0;0;0;0;3;0;1;1;2
4108304;Foz do Iguaçu;PR;Mapeado;2026-09;2320;3525;213;699;838;1345;1053;2153;138;472;75;266;0;0;7;25;24;140;2;14;0;52;57;73;13;25;1;5;2;73;13;29;97;264
4108452;Foz do Jordão;PR;Mapeado;2026-09;32;75;9;27;6;29;13;54;1;15;8;18;0;0;0;0;1;5;0;0;0;0;1;1;0;0;0;0;0;5;0;0;2;7
4108320;Francisco Alves;PR;Mapeado;2026-09;40;81;5;23;17;31;16;63;2;13;3;12;0;0;0;0;1;10;0;0;0;0;0;0;0;0;0;0;0;1;0;0;1;2
4108403;Francisco Beltrão;PR;Mapeado;2026-09;655;1028;176;396;198;329;191;530;91;224;85;193;0;0;4;19;21;64;1;4;0;11;36;45;2;4;0;0;1;29;3;6;22;93
4107702;Fênix;PR;Mapeado;2026-09;14;22;4;8;0;4;9;16;2;5;2;3;0;0;0;0;0;0;0;0;0;0;1;1;0;0;0;0;0;0;0;0;0;1
4108502;General Carneiro;PR;Mapeado;2026-09;102;183;36;72;28;50;33;109;17;41;19;32;0;0;0;0;1;6;0;0;0;0;3;5;0;1;0;0;0;3;0;3;1;5
4108551;Godoy Moreira;PR;Mapeado;2026-09;16;23;5;14;2;5;9;17;2;7;3;8;0;0;0;0;0;0;0;0;0;0;0;0;0;0;0;0;0;0;0;0;0;1
4108601;Goioerê;PR;Mapeado;2026-09;160;272;59;111;21;57;61;145;39;74;20;40;0;0;0;2;7;20;0;0;0;0;8;10;0;2;0;0;0;2;2;3;2;28
4108650;Goioxim;PR;Mapeado;2026-09;34;56;7;14;7;19;15;33;3;7;4;7;0;0;0;0;4;10;0;0;0;0;0;0;0;0;0;0;0;9;0;0;1;3
4108700;Grandes Rios;PR;Mapeado;2026-09;13;19;3;8;3;6;7;12;2;5;1;3;0;0;0;0;0;0;0;0;0;0;0;0;0;0;0;0;0;0;0;0;0;0
4108908;Guairaçá;PR;Mapeado;2026-09;29;43;7;15;9;14;12;27;3;10;4;12;0;0;0;0;1;3;0;0;0;0;0;0;0;0;0;0;0;0;0;0;0;0
4108957;Guamiranga;PR;Mapeado;2026-09;33;54;12;23;6;15;14;34;11;17;1;6;0;0;0;0;0;2;0;0;0;0;1;1;0;0;0;0;0;2;0;0;0;0
4109005;Guapirama;PR;Mapeado;2026-09;36;66;2;21;4;15;26;55;0;12;2;11;0;0;0;0;2;4;0;0;0;0;1;1;0;0;0;1;1;2;0;0;0;6
4109104;Guaporema;PR;Mapeado;2026-09;13;17;1;2;2;2;6;8;0;1;1;1;0;0;0;0;0;0;0;0;0;0;1;1;0;0;0;0;0;0;0;0;3;5
4109203;Guaraci;PR;Mapeado;2026-09;33;55;6;22;4;11;22;48;4;19;2;5;0;0;0;0;0;0;0;0;0;0;1;1;0;0;0;0;0;1;0;0;0;0
4109302;Guaraniaçu;PR;Mapeado;2026-09;75;127;21;54;15;33;33;74;19;46;2;9;0;0;0;0;1;5;0;0;0;0;3;4;0;0;0;0;0;0;0;1;2;4
4109401;Guarapuava;PR;Mapeado;2026-09;1202;1851;281;565;366;665;451;1086;204;442;77;148;0;0;3;13;27;74;2;3;0;17;38;46;1;5;0;0;1;151;3;14;29;125
4109500;Guaraqueçaba;PR;Mapeado;2026-09;50;126;9;43;18;49;23;93;7;32;2;18;0;0;0;3;0;13;0;1;0;3;0;2;0;0;0;0;0;3;0;0;0;9
4109609;Guaratuba;PR;Mapeado;2026-09;626;996;89;271;194;353;308;731;58;199;31;85;0;0;1;6;6;38;2;3;0;3;12;14;1;2;0;2;0;17;0;16;13;48
4108809;Guaíra;PR;Mapeado;2026-09;207;339;58;121;44;83;87;192;31;69;27;60;0;0;0;0;7;26;0;0;0;1;8;10;0;2;0;0;0;2;0;0;3;25
4109658;Honório Serpa;PR;Mapeado;2026-09;31;60;10;27;8;16;6;33;3;12;7;17;0;0;0;0;1;6;0;0;0;0;6;6;0;0;0;0;0;4;0;0;0;2
4109708;Ibaiti;PR;Mapeado;2026-09;220;336;53;91;50;101;109;250;34;61;19;38;0;0;0;0;3;15;0;0;0;0;3;5;0;0;0;0;0;0;0;2;2;10
4109757;Ibema;PR;Mapeado;2026-09;46;69;11;30;13;27;20;46;8;25;3;14;0;0;0;0;1;3;0;0;0;0;1;2;0;0;0;0;0;3;0;0;0;5
4109807;Ibiporã;PR;Mapeado;2026-09;256;401;53;115;61;105;119;240;44;88;9;31;0;0;0;1;6;17;0;2;0;1;5;5;0;0;0;0;0;3;1;2;11;22
4109906;Icaraíma;PR;Mapeado;2026-09;51;94;13;38;11;26;16;47;7;22;6;16;0;0;0;0;1;3;0;1;0;0;2;2;0;0;0;0;0;3;0;0;8;12
4110003;Iguaraçu;PR;Mapeado;2026-09;55;84;3;19;21;37;26;63;3;15;0;7;0;0;0;1;0;2;0;0;0;0;2;4;2;2;0;1;0;2;1;1;0;5
4110052;Iguatu;PR;Mapeado;2026-09;11;19;2;5;6;7;3;13;1;3;1;3;0;0;0;0;0;3;0;0;0;0;0;0;0;0;0;0;0;0;0;0;0;1
4110078;Imbaú;PR;Mapeado;2026-09;103;174;26;54;21;54;51;128;9;18;17;40;0;0;0;0;3;10;0;0;0;0;2;5;0;0;0;0;0;10;0;1;0;0
4110102;Imbituva;PR;Mapeado;2026-09;134;203;46;80;24;37;47;115;19;41;27;46;0;0;0;0;2;8;0;0;0;1;12;13;1;2;0;0;0;11;0;0;2;5
4110300;Inajá;PR;Mapeado;2026-09;19;26;3;4;4;8;12;20;0;0;3;4;0;0;0;0;0;0;0;0;0;0;0;0;0;0;0;0;0;0;0;0;0;0
4110409;Indianópolis;PR;Mapeado;2026-09;17;35;6;12;2;10;9;21;4;10;2;2;0;0;0;0;0;1;0;0;0;0;0;0;0;0;0;0;0;0;0;0;0;1
4110201;Inácio Martins;PR;Mapeado;2026-09;40;86;22;35;5;14;8;47;8;16;14;22;0;0;2;3;2;6;0;0;0;0;1;1;0;0;0;0;0;11;0;2;0;3
4110508;Ipiranga;PR;Mapeado;2026-09;78;126;35;65;9;15;30;74;10;34;25;32;0;0;0;0;0;5;0;0;0;0;4;4;0;0;0;0;0;4;0;0;0;3
4110607;Iporã;PR;Mapeado;2026-09;67;106;14;31;12;28;32;56;8;17;6;15;0;0;0;0;1;1;0;0;0;0;6;6;0;0;0;0;1;2;0;0;1;7
4110656;Iracema do Oeste;PR;Mapeado;2026-09;10;26;3;13;2;6;5;22;2;6;1;12;0;0;0;0;0;1;0;0;0;0;0;0;0;0;0;0;0;1;0;0;0;1
4110706;Irati;PR;Mapeado;2026-09;345;567;64;152;78;161;161;378;38;106;26;64;0;0;1;7;11;41;2;2;0;2;20;22;0;2;0;0;0;7;2;5;6;36
4110805;Iretama;PR;Mapeado;2026-09;64;129;17;64;17;40;25;79;5;26;12;41;0;0;0;0;1;12;0;0;0;0;3;3;0;1;0;0;0;2;0;0;1;11
4110904;Itaguajé;PR;Mapeado;2026-09;30;49;3;16;6;13;20;36;0;7;3;9;0;0;0;0;0;3;0;0;0;0;1;1;0;0;0;0;0;2;0;2;0;2
4110953;Itaipulândia;PR;Mapeado;2026-09;98;179;30;63;14;40;43;117;18;40;12;27;0;0;0;1;2;9;0;1;0;0;6;6;1;2;0;0;0;1;0;1;2;12
4111001;Itambaracá;PR;Mapeado;2026-09;50;75;22;43;5;9;20;32;15;29;7;16;0;0;0;0;3;6;0;0;0;0;0;0;0;0;0;0;0;1;0;1;0;1
4111100;Itambé;PR;Mapeado;2026-09;42;74;15;25;10;25;14;39;14;22;1;7;0;0;0;0;0;2;0;0;0;1;3;3;0;0;0;0;0;0;0;0;0;4
4111209;Itapejara d'Oeste;PR;Mapeado;2026-09;74;132;16;54;22;43;30;101;10;42;6;25;0;0;0;3;0;9;0;0;0;0;1;3;0;0;0;0;0;4;0;1;5;11
4111258;Itaperuçu;PR;Mapeado;2026-09;130;243;27;73;46;82;47;168;15;47;12;38;0;0;0;2;9;23;0;0;0;1;0;0;0;1;0;0;1;8;0;0;0;8
4111308;Itaúna do Sul;PR;Mapeado;2026-09;15;29;5;12;2;5;7;19;2;6;3;8;0;0;0;0;0;3;0;0;0;0;1;1;0;0;0;0;0;0;0;0;0;1
4111506;Ivaiporã;PR;Mapeado;2026-09;215;320;47;111;54;89;93;191;29;68;18;53;0;0;1;3;7;14;1;1;0;3;9;10;0;0;0;0;0;1;0;0;3;16
4111605;Ivatuba;PR;Mapeado;2026-09;20;32;2;10;7;11;10;23;1;7;1;4;0;0;0;0;0;1;0;0;0;0;1;1;0;0;0;0;0;0;0;1;0;2
4111555;Ivaté;PR;Mapeado;2026-09;37;50;14;19;6;11;16;32;10;13;4;6;0;0;0;0;0;0;0;1;0;0;1;1;0;0;0;0;0;0;0;0;0;0
4111407;Ivaí;PR;Mapeado;2026-09;76;101;29;42;11;17;31;57;16;26;13;16;0;0;0;0;2;6;0;0;0;0;2;2;0;0;0;0;0;3;0;0;1;2
4111704;Jaboti;PR;Mapeado;2026-09;33;46;7;20;12;19;12;33;3;10;4;11;0;0;0;0;0;0;0;0;0;0;1;1;1;1;0;0;0;0;0;0;0;0
4111803;Jacarezinho;PR;Mapeado;2026-09;218;355;42;100;46;98;106;221;27;70;15;39;0;0;0;1;10;17;1;2;0;1;6;6;0;1;0;0;0;2;1;4;6;19
4111902;Jaguapitã;PR;Mapeado;2026-09;115;191;40;75;20;48;49;125;28;51;12;30;0;0;0;1;2;6;0;1;0;2;2;2;0;0;0;0;0;13;0;7;2;10
4112009;Jaguariaíva;PR;Mapeado;2026-09;194;326;41;96;40;90;101;237;16;51;25;53;0;0;0;0;5;16;1;1;0;0;3;3;0;0;0;0;0;4;0;2;3;10
4112108;Jandaia do Sul;PR;Mapeado;2026-09;148;229;39;80;36;79;58;149;23;56;16;30;0;0;1;3;5;14;1;1;0;1;5;7;0;1;0;0;0;0;0;3;3;12
4112207;Janiópolis;PR;Mapeado;2026-09;39;61;5;17;6;10;21;41;4;13;1;5;0;0;0;0;1;4;0;0;0;0;5;5;0;0;0;0;0;0;0;0;1;4
4112306;Japira;PR;Mapeado;2026-09;24;48;7;16;4;12;10;38;4;8;3;11;0;0;0;0;2;4;0;0;0;0;1;1;0;0;0;0;0;0;0;3;0;0
4112405;Japurá;PR;Mapeado;2026-09;48;75;15;28;3;15;26;52;12;23;3;7;0;0;0;0;2;4;0;0;0;0;2;2;0;0;0;0;0;0;0;0;0;2
4112504;Jardim Alegre;PR;Mapeado;2026-09;62;104;14;44;11;29;35;66;0;15;14;34;0;0;0;0;2;7;0;0;0;1;0;0;0;1;0;0;0;0;0;1;0;8
4112603;Jardim Olinda;PR;Mapeado;2026-09;8;13;1;8;2;6;5;9;0;2;1;6;0;0;0;0;0;0;0;0;0;0;0;0;0;0;0;0;0;0;0;0;0;0
4112702;Jataizinho;PR;Mapeado;2026-09;59;104;17;34;11;21;29;63;15;30;2;6;0;0;0;0;0;2;0;0;0;1;0;0;0;0;0;0;0;0;1;1;1;5
4112751;Jesuítas;PR;Mapeado;2026-09;50;80;15;29;5;18;25;55;12;23;3;7;0;0;0;0;2;2;0;0;0;0;3;3;0;0;0;0;0;1;0;0;0;1
4112801;Joaquim Távora;PR;Mapeado;2026-09;59;99;11;26;13;26;27;71;7;21;4;7;0;0;0;0;1;1;0;0;0;1;4;4;0;0;0;0;0;0;0;0;3;5
4112900;Jundiaí do Sul;PR;Mapeado;2026-09;11;23;2;10;3;6;4;12;1;7;1;3;0;0;0;0;0;2;0;0;0;0;2;2;0;0;0;0;0;0;0;0;0;2
4112959;Juranda;PR;Mapeado;2026-09;48;85;12;29;11;27;24;64;5;20;7;13;0;0;0;0;0;4;0;0;0;0;0;0;0;0;0;0;0;5;0;0;1;4
4113007;Jussara;PR;Mapeado;2026-09;36;57;13;16;6;13;16;35;5;8;8;8;0;0;0;0;0;2;0;0;0;0;1;1;0;0;0;0;0;0;0;0;0;2
4113106;Kaloré;PR;Mapeado;2026-09;23;33;2;8;4;10;15;26;1;6;1;3;0;0;0;0;0;1;0;0;0;0;1;1;0;0;0;0;0;0;0;0;1;3
4113205;Lapa;PR;Mapeado;2026-09;258;385;90;185;55;100;86;195;57;122;33;77;0;0;5;8;10;31;0;3;0;2;7;11;0;1;0;0;0;9;0;1;5;19
4113254;Laranjal;PR;Mapeado;2026-09;22;42;12;16;3;12;6;24;5;9;7;7;0;0;0;0;0;3;0;0;0;0;0;0;0;0;0;0;1;6;0;0;0;3
4113304;Laranjeiras do Sul;PR;Mapeado;2026-09;231;367;108;178;37;82;60;180;70;124;38;71;0;0;1;1;8;17;0;0;0;2;14;15;0;0;0;0;2;11;0;2;1;16
4113403;Leópolis;PR;Mapeado;2026-09;26;47;5;12;4;10;17;35;3;7;2;6;0;0;0;0;0;0;0;0;0;0;0;0;0;0;0;0;0;1;0;0;0;4
4113429;Lidianópolis;PR;Mapeado;2026-09;25;39;4;14;11;18;9;29;2;10;2;9;0;0;0;0;0;5;0;0;0;0;0;0;0;0;0;0;0;1;0;0;1;2
4113452;Lindoeste;PR;Mapeado;2026-09;35;57;8;18;9;13;13;41;6;13;2;5;0;0;0;1;2;4;0;0;0;0;2;2;0;0;0;0;0;4;0;0;1;2
4113502;Loanda;PR;Mapeado;2026-09;153;234;33;54;33;68;73;130;17;34;16;24;0;0;0;0;5;11;0;0;0;0;7;11;0;0;0;0;0;0;0;0;2;10
4113601;Lobato;PR;Mapeado;2026-09;20;42;5;17;3;10;9;21;2;10;3;9;0;0;0;0;0;3;0;0;0;1;1;1;1;1;0;0;0;1;0;1;1;7
4113700;Londrina;PR;Mapeado;2026-09;4033;6022;472;1099;1468;2431;1848;3769;337;849;135;320;0;0;8;11;54;171;11;45;1;76;61;75;7;10;1;1;0;42;9;39;93;400
4113734;Luiziana;PR;Mapeado;2026-09;53;71;20;27;12;16;18;43;17;22;3;7;0;0;1;1;1;4;0;0;0;0;1;1;0;0;0;0;0;8;0;0;0;1
4113759;Lunardelli;PR;Mapeado;2026-09;30;59;5;15;5;16;18;42;3;11;2;6;0;0;0;0;1;4;0;0;0;1;1;3;0;0;0;0;0;0;0;0;0;2
4113809;Lupionópolis;PR;Mapeado;2026-09;31;59;9;29;3;18;18;44;7;28;2;9;0;0;0;0;0;4;0;0;0;0;1;1;0;0;0;0;0;1;0;1;0;3
4113908;Mallet;PR;Mapeado;2026-09;68;128;19;42;9;27;31;92;13;24;6;20;0;0;0;1;1;11;0;1;0;1;7;7;0;0;0;0;0;3;0;1;1;5
4114005;Mamborê;PR;Mapeado;2026-09;96;149;40;73;9;30;36;80;26;52;14;30;0;0;0;0;4;10;0;0;0;1;5;6;0;1;0;0;0;1;0;1;2;8
4114203;Mandaguari;PR;Mapeado;2026-09;182;304;42;87;36;79;84;192;23;58;19;44;0;0;0;0;5;14;1;2;0;3;11;11;0;0;0;0;0;1;1;3;2;15
4114104;Mandaguaçu;PR;Mapeado;2026-09;184;273;45;84;35;64;101;193;34;62;11;25;0;0;0;1;1;8;0;0;0;0;1;1;0;0;0;0;0;1;0;1;1;9
4114302;Mandirituba;PR;Mapeado;2026-09;128;206;36;63;36;55;35;111;22;34;14;31;0;0;1;1;13;22;0;1;1;3;2;2;0;0;0;0;0;6;2;5;2;11
4114351;Manfrinópolis;PR;Mapeado;2026-09;18;37;9;22;2;12;6;28;3;16;6;15;0;0;0;1;1;5;0;0;0;0;0;1;0;0;0;0;0;1;0;0;0;3
4114401;Mangueirinha;PR;Mapeado;2026-09;109;192;29;79;35;55;24;97;6;32;23;51;0;0;0;4;4;11;0;0;0;5;13;14;0;0;0;0;0;4;0;0;4;9
4114500;Manoel Ribas;PR;Mapeado;2026-09;73;112;14;35;12;26;33;71;11;26;3;10;0;0;0;0;2;6;0;0;0;0;12;12;0;0;0;0;0;0;0;0;0;3
4114609;Marechal Cândido Rondon;PR;Mapeado;2026-09;360;562;76;195;79;154;123;299;35;112;41;95;0;0;4;11;14;34;0;2;0;4;39;43;0;0;0;0;0;12;0;1;25;61
4114708;Maria Helena;PR;Mapeado;2026-09;32;48;3;14;6;8;20;36;1;9;2;9;0;0;0;0;1;7;0;0;0;0;1;1;0;0;0;0;0;1;0;0;1;3
4114807;Marialva;PR;Mapeado;2026-09;256;376;50;99;53;109;137;251;25;57;25;47;0;0;0;1;1;10;2;2;0;0;5;5;0;0;0;0;1;3;1;2;6;20
4115002;Marilena;PR;Mapeado;2026-09;44;73;8;24;9;21;23;55;3;11;5;13;0;0;0;0;1;3;0;0;0;0;1;1;0;0;0;0;0;4;0;0;2;2
4115101;Mariluz;PR;Mapeado;2026-09;33;54;14;23;3;15;13;43;9;14;5;11;0;0;0;0;1;4;0;0;0;0;2;2;0;1;0;0;0;0;0;0;0;0
4114906;Marilândia do Sul;PR;Mapeado;2026-09;62;86;19;31;12;24;27;57;15;26;4;11;0;0;0;0;2;5;0;0;0;0;2;2;0;0;0;0;0;4;0;0;0;3
4115200;Maringá;PR;Mapeado;2026-09;3275;5239;498;1429;1064;1828;1473;3221;278;942;220;606;0;0;4;30;62;225;10;34;1;72;70;89;6;16;0;3;1;40;12;40;74;405
4115358;Maripá;PR;Mapeado;2026-09;46;69;5;17;9;21;24;48;4;11;1;9;0;0;0;0;0;1;0;0;0;0;5;5;0;0;0;0;0;0;0;1;3;5
4115309;Mariópolis;PR;Mapeado;2026-09;36;69;10;23;6;16;12;39;5;12;5;11;0;0;0;1;0;2;0;0;0;1;7;7;0;0;0;0;0;1;0;0;1;5
4115408;Marmeleiro;PR;Mapeado;2026-09;91;146;30;59;21;42;26;74;19;43;11;19;0;0;0;1;0;7;0;0;0;0;10;13;0;0;0;1;0;8;0;0;4;8
4115457;Marquinho;PR;Mapeado;2026-09;17;33;6;20;2;8;6;21;2;14;4;13;0;0;0;0;2;5;0;0;0;0;0;0;0;0;0;0;0;3;0;0;1;1
4115507;Marumbi;PR;Mapeado;2026-09;20;43;3;12;7;17;9;23;1;7;2;6;0;0;0;0;1;5;0;0;0;0;0;0;0;0;0;0;0;0;0;0;0;0
4115606;Matelândia;PR;Mapeado;2026-09;97;142;28;51;25;37;31;76;20;35;8;17;0;0;0;0;4;8;0;1;0;1;8;9;0;0;0;0;0;1;0;0;1;8
4115705;Matinhos;PR;Mapeado;2026-09;688;1042;69;304;215;367;365;765;32;208;37;121;0;0;0;1;5;38;0;2;0;1;12;15;1;1;1;1;0;12;1;11;19;59
4115739;Mato Rico;PR;Mapeado;2026-09;20;29;12;17;5;6;3;13;8;10;4;7;0;0;0;0;0;1;0;0;0;0;0;0;0;0;0;0;0;10;0;0;0;1
4115754;Mauá da Serra;PR;Mapeado;2026-09;95;158;18;40;29;44;39;117;8;19;10;22;0;0;0;0;5;14;0;0;0;0;3;4;0;0;0;0;0;0;0;0;1;4
4115804;Medianeira;PR;Mapeado;2026-09;353;617;66;227;89;182;161;422;46;184;20;76;0;0;3;7;6;26;1;3;0;3;15;18;0;0;1;2;0;3;1;5;10;49
4115853;Mercedes;PR;Mapeado;2026-09;39;82;9;28;5;21;16;61;5;19;4;15;0;0;0;0;0;5;0;0;0;1;7;8;0;0;0;0;1;4;0;0;1;3
4115903;Mirador;PR;Mapeado;2026-09;14;18;7;11;1;5;6;15;7;10;0;1;0;0;0;0;0;2;0;0;0;0;0;1;0;0;0;0;0;0;0;0;0;1
4116000;Miraselva;PR;Mapeado;2026-09;11;17;3;5;3;6;4;13;1;3;2;3;0;0;0;0;0;2;0;0;0;0;0;1;1;1;0;0;0;1;0;0;0;1
4116059;Missal;PR;Mapeado;2026-09;75;132;22;43;9;30;29;73;19;29;3;14;0;0;0;1;2;8;0;1;0;1;10;10;0;0;0;0;0;1;0;0;3;9
4116109;Moreira Sales;PR;Mapeado;2026-09;58;84;21;35;6;16;26;48;14;25;7;11;0;0;0;2;1;1;0;0;0;0;4;4;0;1;0;0;0;0;0;0;0;2
4116208;Morretes;PR;Mapeado;2026-09;278;422;46;115;75;145;146;312;26;76;20;53;0;0;0;1;4;31;0;0;0;1;4;4;2;2;0;0;0;5;1;5;0;10
4116307;Munhoz de Melo;PR;Mapeado;2026-09;20;35;5;8;2;6;12;26;5;6;0;2;0;0;0;0;0;0;0;0;0;0;1;1;0;0;0;0;0;0;0;0;0;2
4116406;Nossa Senhora das Graças;PR;Mapeado;2026-09;24;45;6;14;7;17;10;35;2;4;4;12;0;0;0;0;0;1;0;0;0;0;1;1;0;0;0;0;0;2;0;0;0;2
4116505;Nova Aliança do Ivaí;PR;Mapeado;2026-09;7;12;1;4;2;4;3;10;0;1;1;3;0;0;0;0;0;0;0;0;0;0;1;1;0;0;0;0;0;0;0;0;0;0
4116604;Nova América da Colina;PR;Mapeado;2026-09;17;29;6;14;5;10;6;20;2;9;4;8;0;0;0;0;0;2;0;0;0;0;0;0;0;0;0;0;0;0;0;0;0;1
4116703;Nova Aurora;PR;Mapeado;2026-09;48;101;13;36;7;21;21;63;9;24;4;18;0;0;0;1;0;5;0;0;0;0;3;4;0;0;0;0;0;3;0;0;4;8
4116802;Nova Cantu;PR;Mapeado;2026-09;55;80;27;51;10;15;16;42;16;37;11;22;0;0;1;1;1;5;0;0;0;0;0;0;0;0;0;0;0;1;0;0;0;2
4116901;Nova Esperança;PR;Mapeado;2026-09;149;230;45;70;31;52;62;138;38;55;7;18;0;0;0;1;1;6;0;0;0;0;7;7;0;0;0;0;0;0;0;0;3;16
4116950;Nova Esperança do Sudoeste;PR;Mapeado;2026-09;26;49;10;23;2;9;11;31;2;7;8;19;0;0;0;0;2;6;0;0;0;1;0;0;0;0;0;0;0;2;0;0;1;6
4117008;Nova Fátima;PR;Mapeado;2026-09;48;83;9;29;6;11;30;61;8;21;1;13;0;0;0;0;0;1;0;0;0;0;1;1;0;0;0;0;0;2;0;0;2;8
4117057;Nova Laranjeiras;PR;Mapeado;2026-09;33;74;18;29;4;20;8;46;9;15;9;16;0;0;0;0;0;1;0;0;0;0;3;3;0;0;0;0;0;3;0;0;0;3
4117107;Nova Londrina;PR;Mapeado;2026-09;62;114;11;22;19;36;24;66;5;9;6;13;0;0;0;0;3;9;0;1;0;1;3;4;0;0;0;0;0;0;0;0;2;8
4117206;Nova Olímpia;PR;Mapeado;2026-09;36;55;5;15;5;10;24;37;5;12;0;4;0;0;0;0;1;5;0;0;0;0;1;1;0;0;0;0;0;0;0;0;0;2
4117255;Nova Prata do Iguaçu;PR;Mapeado;2026-09;78;130;30;68;13;25;22;80;18;42;12;29;0;0;0;1;4;22;0;0;0;0;3;5;0;0;0;0;0;6;0;0;6;12
4117214;Nova Santa Bárbara;PR;Mapeado;2026-09;36;51;8;13;5;12;23;44;5;10;3;4;0;0;0;1;0;3;0;0;0;0;0;0;0;0;0;0;0;3;0;0;0;1
4117222;Nova Santa Rosa;PR;Mapeado;2026-09;43;96;13;38;11;30;14;63;6;22;7;20;0;0;0;0;0;5;0;0;0;0;4;4;0;1;0;0;0;2;0;0;1;7
4117271;Nova Tebas;PR;Mapeado;2026-09;31;63;8;19;6;14;14;43;5;11;3;8;0;0;0;0;0;3;0;0;0;0;1;1;0;0;0;0;0;3;2;2;0;1
4117297;Novo Itacolomi;PR;Mapeado;2026-09;16;28;6;9;2;8;7;17;4;7;2;3;0;0;0;0;0;1;0;0;0;0;1;1;0;0;0;0;0;0;0;0;0;1
4117305;Ortigueira;PR;Mapeado;2026-09;147;246;48;101;34;82;62;171;23;53;25;51;0;0;0;1;3;15;0;0;0;0;0;0;0;0;0;0;0;7;0;0;0;6
4117404;Ourizona;PR;Mapeado;2026-09;13;25;5;11;4;6;4;10;1;7;4;4;0;0;0;0;0;0;0;0;0;0;0;0;0;0;0;0;0;0;0;0;0;2
4117453;Ouro Verde do Oeste;PR;Mapeado;2026-09;35;67;8;29;5;18;19;49;6;21;2;9;0;0;0;0;0;4;0;0;0;0;2;2;0;0;0;0;0;1;0;0;1;3
4117503;Paiçandu;PR;Mapeado;2026-09;235;323;73;112;41;69;109;189;67;105;6;12;0;0;0;0;2;9;0;0;0;0;2;2;0;1;0;0;0;3;0;2;8;15
4117602;Palmas;PR;Mapeado;2026-09;293;464;71;160;57;110;136;304;50;111;21;58;0;0;6;6;5;22;0;1;0;2;12;16;0;0;0;0;0;5;2;3;4;11
4117701;Palmeira;PR;Mapeado;2026-09;210;341;38;107;74;134;72;203;17;66;21;48;0;0;0;6;4;23;0;0;0;3;17;18;0;0;0;0;0;12;0;0;5;16
4117800;Palmital;PR;Mapeado;2026-09;91;140;30;57;18;31;37;93;11;25;19;35;0;0;0;0;1;5;0;0;0;0;3;4;0;1;0;0;1;1;0;0;1;3
4117909;Palotina;PR;Mapeado;2026-09;238;386;80;135;53;111;92;236;52;81;28;61;0;0;0;4;4;16;0;2;0;1;8;11;0;0;0;0;0;1;0;1;1;28
4118105;Paranacity;PR;Mapeado;2026-09;71;116;28;48;4;17;34;77;20;36;8;13;0;0;0;1;1;3;0;0;0;0;2;3;0;0;0;0;0;5;1;1;1;5
4118204;Paranaguá;PR;Mapeado;2026-09;1323;2232;153;462;412;797;634;1604;75;262;78;258;0;0;4;12;35;110;1;4;1;7;32;40;3;3;0;1;0;15;3;17;45;112
4118303;Paranapoema;PR;Mapeado;2026-09;11;26;5;13;0;5;6;15;1;4;4;9;0;0;0;0;0;0;0;0;0;0;0;0;0;0;0;0;0;0;0;0;0;2
4118402;Paranavaí;PR;Mapeado;2026-09;717;1091;80;216;178;325;403;735;50;151;30;80;0;0;3;5;15;45;1;5;0;8;27;28;0;5;0;0;1;7;2;5;7;85
4118006;Paraíso do Norte;PR;Mapeado;2026-09;66;110;18;39;11;28;26;60;15;29;3;10;0;0;0;0;1;3;0;0;0;0;4;6;0;0;0;0;0;0;1;1;5;12
4118451;Pato Bragado;PR;Mapeado;2026-09;34;78;3;16;10;20;16;53;0;10;3;9;0;0;0;0;4;7;0;0;0;0;1;2;0;0;0;0;0;2;0;0;0;7
4118501;Pato Branco;PR;Mapeado;2026-09;527;804;125;263;153;273;174;427;74;182;51;103;0;0;1;3;11;35;3;4;0;7;33;40;0;0;0;1;2;24;2;7;23;85
4118600;Paula Freitas;PR;Mapeado;2026-09;39;56;16;30;9;21;11;35;6;13;10;20;0;0;0;0;1;6;0;0;0;0;1;2;0;1;0;0;0;4;0;0;1;1
4118709;Paulo Frontin;PR;Mapeado;2026-09;33;53;13;26;5;12;11;30;10;21;3;7;0;0;0;0;0;2;0;0;0;1;2;2;0;0;0;0;0;5;0;0;2;2
4118808;Peabiru;PR;Mapeado;2026-09;88;149;28;62;20;36;34;94;21;48;7;21;0;0;1;1;1;6;0;1;0;1;3;3;0;0;0;0;0;3;1;2;0;7
4118857;Perobal;PR;Mapeado;2026-09;31;57;7;21;7;20;12;37;3;14;4;7;0;0;0;0;4;4;0;0;0;0;1;1;0;0;0;0;0;0;0;0;0;1
4119152;Pinhais;PR;Mapeado;2026-09;960;1535;124;322;356;552;378;934;76;226;48;132;0;0;0;5;17;65;0;2;0;8;55;62;0;0;1;3;0;46;6;19;23;91
4119251;Pinhal de São Bento;PR;Mapeado;2026-09;11;26;2;11;2;3;3;14;1;6;1;5;0;0;0;0;0;2;0;0;0;0;2;3;0;0;0;0;0;2;0;1;2;3
4119202;Pinhalão;PR;Mapeado;2026-09;31;61;6;24;7;18;16;44;6;19;0;9;0;0;0;0;1;3;0;0;0;0;0;0;0;0;0;0;0;0;0;0;1;3
4119301;Pinhão;PR;Mapeado;2026-09;161;281;61;137;30;65;57;169;22;66;39;76;0;0;0;2;4;18;0;0;0;0;5;7;0;1;0;1;0;38;0;0;4;13
4119509;Piraquara;PR;Mapeado;2026-09;587;1018;103;254;151;306;287;691;47;140;56;128;0;0;5;8;26;81;1;1;0;4;4;6;0;0;0;0;0;31;2;9;8;45
4119400;Piraí do Sul;PR;Mapeado;2026-09;139;232;48;101;34;61;46;133;23;52;25;59;0;0;0;2;4;15;0;0;0;0;5;5;0;0;0;0;0;12;0;0;2;11
4119608;Pitanga;PR;Mapeado;2026-09;241;346;88;153;55;98;82;194;25;66;63;90;0;0;0;0;5;19;0;1;0;2;8;9;0;0;0;0;0;5;0;0;3;14
4119657;Pitangueiras;PR;Mapeado;2026-09;24;33;3;8;2;7;12;22;3;6;0;2;0;0;0;0;3;4;0;0;0;0;2;2;1;1;0;0;0;0;0;0;1;6
4119103;Piên;PR;Mapeado;2026-09;81;133;31;57;19;35;28;76;14;29;17;30;0;0;0;1;1;9;0;1;0;0;2;2;0;0;0;0;0;1;0;0;0;4
4119707;Planaltina do Paraná;PR;Mapeado;2026-09;20;35;6;13;3;11;7;26;2;8;4;7;0;0;0;0;0;3;0;0;0;0;3;3;0;0;0;0;0;0;0;0;1;3
4119806;Planalto;PR;Mapeado;2026-09;49;97;15;45;13;33;17;55;6;21;9;27;0;0;0;1;2;10;0;0;0;1;2;2;0;0;0;0;0;8;0;3;0;2
4119905;Ponta Grossa;PR;Mapeado;2026-09;2333;3558;417;980;711;1156;986;2144;214;564;203;484;0;0;13;52;77;216;6;12;1;16;53;62;7;12;1;2;2;238;3;21;56;219
4119954;Pontal do Paraná;PR;Mapeado;2026-09;535;925;62;282;170;320;269;685;26;161;36;139;0;0;1;5;4;39;0;2;0;5;6;8;2;2;0;1;1;21;2;16;18;62
4120002;Porecatu;PR;Mapeado;2026-09;70;116;12;35;17;28;35;70;9;24;3;14;0;0;0;0;2;8;0;0;0;0;1;1;0;0;0;0;0;0;0;0;3;5
4120101;Porto Amazonas;PR;Mapeado;2026-09;46;79;6;30;6;28;29;64;4;21;2;16;0;0;0;0;2;7;0;0;0;0;3;3;0;1;0;0;0;4;0;0;0;0
4120150;Porto Barreiro;PR;Mapeado;2026-09;16;29;5;19;3;8;8;19;3;11;2;11;0;0;0;0;0;2;0;0;0;0;0;0;0;0;0;0;0;6;0;0;0;1
4120200;Porto Rico;PR;Mapeado;2026-09;58;86;2;29;18;37;22;50;1;13;1;18;0;0;1;2;1;5;0;0;0;0;0;1;1;1;0;0;0;0;0;0;13;21
4120309;Porto Vitória;PR;Mapeado;2026-09;30;45;6;14;9;12;13;31;2;8;4;7;0;0;0;0;1;3;0;0;0;0;0;0;0;0;0;0;0;0;0;0;1;3
4120333;Prado Ferreira;PR;Mapeado;2026-09;32;55;9;24;7;14;14;39;4;18;5;18;0;0;0;0;0;2;0;0;0;0;1;1;0;0;0;0;0;2;0;0;1;2
4120358;Pranchita;PR;Mapeado;2026-09;33;52;6;18;8;13;12;31;1;9;5;10;0;0;0;0;1;3;0;0;0;1;6;6;0;0;0;0;0;0;0;0;0;0
4120408;Presidente Castelo Branco;PR;Mapeado;2026-09;28;48;8;14;5;10;11;33;6;11;2;3;0;0;0;0;2;2;0;0;0;0;2;2;0;0;0;0;0;1;0;0;0;2
4120507;Primeiro de Maio;PR;Mapeado;2026-09;69;95;18;36;7;20;36;61;14;26;4;14;0;0;0;0;2;6;0;0;0;0;2;2;0;0;0;0;0;1;1;1;3;6
4120606;Prudentópolis;PR;Mapeado;2026-09;254;386;92;165;46;103;95;232;74;130;18;46;0;0;2;8;9;28;1;1;0;4;5;7;0;3;0;0;0;42;1;2;3;12
4118907;Pérola;PR;Mapeado;2026-09;70;104;20;26;13;18;27;59;13;18;7;8;0;0;0;0;3;11;0;0;0;1;1;1;0;2;0;0;0;0;0;1;6;9
4119004;Pérola d'Oeste;PR;Mapeado;2026-09;29;54;6;20;6;15;13;38;4;12;2;13;0;0;0;0;0;5;0;0;0;0;3;3;0;0;0;0;0;2;0;0;1;1
4120655;Quarto Centenário;PR;Mapeado;2026-09;34;54;13;24;11;17;9;33;6;12;7;13;0;0;0;0;0;0;0;0;0;0;0;0;0;0;0;0;0;2;0;0;1;2
4120705;Quatiguá;PR;Mapeado;2026-09;59;91;20;38;12;31;26;53;12;27;8;15;0;0;0;0;0;6;0;0;0;0;1;1;0;0;0;0;0;0;0;0;0;2
4120804;Quatro Barras;PR;Mapeado;2026-09;187;293;36;84;60;106;73;176;17;44;19;46;0;0;0;0;11;43;0;0;0;1;5;5;0;1;0;0;0;8;0;1;2;14
4120853;Quatro Pontes;PR;Mapeado;2026-09;30;63;7;22;11;19;7;39;4;16;3;7;0;0;0;0;0;1;0;0;0;0;4;4;0;0;0;0;0;1;0;0;1;6
4120903;Quedas do Iguaçu;PR;Mapeado;2026-09;178;270;41;84;48;83;70;164;28;59;13;42;0;0;1;2;5;16;0;1;0;1;10;10;0;0;0;1;0;6;0;1;3;9
4121000;Querência do Norte;PR;Mapeado;2026-09;67;103;15;50;13;20;35;67;11;27;4;25;0;0;0;0;0;1;0;0;0;0;2;2;0;0;0;0;0;2;0;0;2;5
4121109;Quinta do Sol;PR;Mapeado;2026-09;22;30;4;12;7;7;10;16;3;9;1;3;0;0;0;0;0;1;0;0;0;0;1;1;0;0;0;0;0;0;0;0;0;1
4121208;Quitandinha;PR;Mapeado;2026-09;86;144;36;62;22;41;16;80;29;56;7;19;0;0;0;0;10;18;0;1;0;1;1;1;0;3;0;0;0;2;0;0;1;8
4121257;Ramilândia;PR;Mapeado;2026-09;23;39;9;15;4;8;7;21;5;9;4;6;0;0;0;0;0;0;0;0;0;0;2;3;0;0;0;0;0;1;0;0;1;2
4121307;Rancho Alegre;PR;Mapeado;2026-09;22;30;5;17;5;12;9;20;4;15;1;9;0;0;0;0;1;4;0;0;0;0;1;1;0;0;0;0;0;0;0;0;1;1
4121356;Rancho Alegre D'Oeste;PR;Mapeado;2026-09;12;20;3;10;2;8;7;16;3;8;0;2;0;0;0;0;0;0;0;0;0;0;0;0;0;0;0;0;0;0;0;0;0;0
4121406;Realeza;PR;Mapeado;2026-09;156;241;37;76;45;79;60;125;15;41;22;42;0;0;1;2;4;17;0;1;0;3;8;12;0;1;0;0;0;2;0;1;1;13
4121505;Rebouças;PR;Mapeado;2026-09;84;171;33;71;10;38;34;108;15;41;18;36;0;0;0;3;1;11;0;0;0;1;5;7;1;1;0;0;0;39;0;0;0;3
4121604;Renascença;PR;Mapeado;2026-09;42;85;13;41;6;17;15;60;10;28;3;16;0;0;0;0;1;12;0;0;0;2;6;6;0;2;0;0;0;7;0;1;1;7
4121703;Reserva;PR;Mapeado;2026-09;194;291;71;117;35;70;78;189;21;39;50;78;0;0;0;0;2;10;0;0;0;0;5;7;0;0;0;0;0;57;0;1;3;6
4121752;Reserva do Iguaçu;PR;Mapeado;2026-09;27;65;9;21;12;23;6;38;3;10;6;12;0;0;0;1;0;4;0;0;0;0;0;0;0;0;0;0;0;3;0;0;0;5
4121802;Ribeirão Claro;PR;Mapeado;2026-09;90;174;9;56;19;56;32;100;5;40;4;22;0;0;0;0;0;8;0;0;0;1;7;8;1;1;0;0;0;3;0;0;22;42
4121901;Ribeirão do Pinhal;PR;Mapeado;2026-09;59;116;12;46;16;45;25;76;7;23;5;29;0;0;0;0;3;9;0;0;0;0;3;4;0;0;0;0;0;4;0;0;0;2
4122008;Rio Azul;PR;Mapeado;2026-09;76;153;38;74;10;29;21;78;22;51;16;29;0;0;1;1;1;7;0;0;0;1;3;4;0;3;0;0;0;5;1;1;1;19
4122107;Rio Bom;PR;Mapeado;2026-09;30;50;4;10;11;15;14;34;2;6;2;5;0;0;0;0;0;5;0;0;0;1;1;1;0;0;0;0;0;0;0;0;0;0
4122156;Rio Bonito do Iguaçu;PR;Mapeado;2026-09;34;72;9;32;8;20;13;50;4;26;5;9;0;0;0;0;1;4;0;1;0;0;2;2;0;0;0;0;0;5;0;0;1;4
4122172;Rio Branco do Ivaí;PR;Mapeado;2026-09;25;36;3;12;6;13;15;27;2;9;1;4;0;0;0;0;1;1;0;0;0;0;0;1;0;0;0;0;0;0;0;0;0;1
4122206;Rio Branco do Sul;PR;Mapeado;2026-09;149;250;28;67;54;84;61;163;13;40;15;34;0;0;0;0;1;14;0;0;0;1;2;2;0;1;0;0;0;5;0;1;3;8
4122305;Rio Negro;PR;Mapeado;2026-09;204;331;55;118;54;104;72;191;34;82;21;46;0;0;1;3;12;28;0;0;0;2;6;7;0;0;0;1;0;7;1;3;3;19
4122404;Rolândia;PR;Mapeado;2026-09;408;571;74;130;107;182;196;355;53;99;21;39;0;0;1;2;9;28;0;0;0;2;17;21;0;0;0;0;0;3;0;5;4;21
4122503;Roncador;PR;Mapeado;2026-09;69;104;23;39;15;30;26;60;16;26;7;14;0;0;0;0;2;7;0;1;0;2;2;3;0;0;0;0;0;2;0;0;1;5
4122602;Rondon;PR;Mapeado;2026-09;39;69;6;21;13;27;15;38;2;7;4;14;0;0;0;0;2;4;0;0;0;0;2;2;0;0;0;0;0;0;0;0;1;6
4122651;Rosário do Ivaí;PR;Mapeado;2026-09;19;37;4;16;4;11;10;28;1;11;3;10;0;0;0;0;0;4;0;0;0;0;1;1;0;0;0;0;0;4;0;0;0;1
4122701;Sabáudia;PR;Mapeado;2026-09;52;74;13;28;3;18;29;49;8;16;5;15;0;0;0;0;4;5;0;0;0;0;2;3;1;1;0;0;0;1;0;0;0;0
4122800;Salgado Filho;PR;Mapeado;2026-09;32;39;7;24;8;12;12;23;3;8;4;16;0;0;0;0;1;6;0;0;0;0;4;4;0;0;0;0;0;2;0;0;0;1
4122909;Salto do Itararé;PR;Mapeado;2026-09;31;38;10;15;6;10;14;25;7;10;3;6;0;0;0;0;1;3;0;0;0;0;0;0;0;0;0;0;0;0;0;0;0;0
4123006;Salto do Lontra;PR;Mapeado;2026-09;90;126;32;60;17;29;28;63;15;28;17;33;0;0;0;0;4;10;0;0;0;0;8;11;0;0;0;0;0;1;0;0;1;2
4123105;Santa Amélia;PR;Mapeado;2026-09;13;26;3;8;1;7;8;12;2;7;1;1;0;0;0;0;0;0;0;0;0;0;1;1;0;0;0;0;0;0;0;0;0;2
4123204;Santa Cecília do Pavão;PR;Mapeado;2026-09;11;16;1;5;4;4;5;11;0;2;1;3;0;0;0;0;0;0;0;0;0;0;1;1;0;0;0;0;0;0;0;0;0;0
4123303;Santa Cruz de Monte Castelo;PR;Mapeado;2026-09;31;48;11;19;2;10;16;31;7;9;4;10;0;0;0;0;0;1;0;0;0;0;2;2;0;0;0;0;0;2;0;0;0;1
4123402;Santa Fé;PR;Mapeado;2026-09;93;141;18;46;18;38;50;99;9;27;9;22;0;0;0;0;2;6;0;0;0;0;3;3;1;1;0;0;0;1;0;0;1;4
4123501;Santa Helena;PR;Mapeado;2026-09;153;276;51;125;28;70;52;175;44;111;7;19;0;0;0;3;5;12;0;0;0;3;11;12;1;1;1;1;0;13;0;1;4;19
4123600;Santa Inês;PR;Mapeado;2026-09;8;14;1;3;2;3;5;11;0;1;1;2;0;0;0;0;0;2;0;0;0;0;0;0;0;0;0;0;0;0;0;0;0;0
4123709;Santa Isabel do Ivaí;PR;Mapeado;2026-09;56;82;20;33;4;13;26;47;11;18;9;17;0;0;0;0;1;3;0;0;0;0;3;3;0;0;0;0;0;0;0;0;2;4
4123808;Santa Izabel do Oeste;PR;Mapeado;2026-09;92;126;45;68;13;19;28;58;27;43;18;28;0;0;0;1;2;4;0;0;0;1;2;3;1;1;0;0;0;0;0;0;1;6
4123824;Santa Lúcia;PR;Mapeado;2026-09;25;40;7;17;10;11;5;23;3;11;4;8;0;0;0;0;1;3;0;0;0;0;1;1;0;0;0;0;0;3;0;0;1;2
4123857;Santa Maria do Oeste;PR;Mapeado;2026-09;59;87;15;41;13;27;26;61;8;27;7;18;0;0;0;0;3;9;0;0;0;0;2;2;0;0;0;0;0;1;0;0;0;0
4123907;Santa Mariana;PR;Mapeado;2026-09;57;117;13;32;12;26;23;82;10;23;3;11;0;0;0;0;1;3;0;1;0;0;2;2;0;0;0;0;0;1;0;0;6;8
4123956;Santa Mônica;PR;Mapeado;2026-09;21;29;8;14;5;5;8;14;7;12;1;2;0;0;0;0;0;0;0;0;0;0;0;0;0;0;0;0;0;0;0;0;0;0
4124020;Santa Tereza do Oeste;PR;Mapeado;2026-09;76;131;18;38;27;44;24;84;8;29;10;23;0;0;0;0;0;4;0;0;0;0;5;5;1;1;0;0;0;4;0;0;1;8
4124053;Santa Terezinha de Itaipu;PR;Mapeado;2026-09;121;192;23;58;34;51;45;100;17;49;6;16;0;0;1;2;5;16;0;0;0;3;4;6;1;2;0;0;0;2;0;1;8;21
4124004;Santana do Itararé;PR;Mapeado;2026-09;35;49;12;22;9;13;12;23;3;8;9;14;0;0;0;0;1;2;0;0;0;0;0;0;0;0;0;0;0;0;0;0;1;1
4124103;Santo Antônio da Platina;PR;Mapeado;2026-09;266;380;56;90;48;89;142;245;45;69;11;23;0;0;1;1;7;20;1;1;0;4;7;9;0;0;0;0;0;2;0;0;4;20
4124202;Santo Antônio do Caiuá;PR;Mapeado;2026-09;19;27;3;7;6;12;7;16;1;3;2;5;0;0;0;0;1;2;0;0;0;0;2;2;0;0;0;0;0;0;0;0;0;3
4124301;Santo Antônio do Paraíso;PR;Mapeado;2026-09;12;25;2;10;3;6;7;22;2;6;0;5;0;0;0;0;0;0;0;0;0;0;0;0;0;0;0;0;0;0;0;0;0;0
4124400;Santo Antônio do Sudoeste;PR;Mapeado;2026-09;124;204;38;88;13;50;52;111;12;36;26;56;0;0;2;8;5;22;0;0;1;1;10;11;0;0;0;0;0;19;0;0;3;9
4124509;Santo Inácio;PR;Mapeado;2026-09;51;97;8;27;14;40;25;71;4;17;4;11;0;0;0;0;0;3;0;0;0;0;3;3;1;1;0;0;0;1;0;0;0;5
4126207;Sapopema;PR;Mapeado;2026-09;59;113;14;54;13;28;31;79;7;26;7;31;0;0;0;0;1;9;0;0;0;0;0;0;0;0;0;0;0;2;0;0;0;2
4126256;Sarandi;PR;Mapeado;2026-09;701;1099;200;381;128;240;332;673;131;270;69;143;0;0;0;2;13;42;0;1;0;2;8;8;4;5;0;0;0;11;1;11;15;59
4126272;Saudade do Iguaçu;PR;Mapeado;2026-09;44;90;14;42;12;25;14;69;10;29;4;21;0;0;0;0;1;8;0;1;0;1;2;2;0;1;0;0;0;1;0;0;1;4
4126306;Sengés;PR;Mapeado;2026-09;91;152;25;51;20;38;42;102;15;35;10;19;0;0;0;0;2;8;0;0;0;0;0;0;0;0;0;0;0;0;0;0;2;3
4126355;Serranópolis do Iguaçu;PR;Mapeado;2026-09;23;52;7;20;3;11;8;36;5;14;2;7;0;0;0;0;1;7;0;0;0;0;2;3;0;0;0;0;0;1;0;0;2;5
4126405;Sertaneja;PR;Mapeado;2026-09;43;85;9;31;15;36;13;49;7;19;2;15;0;0;0;0;1;3;0;0;0;0;3;3;0;1;0;0;0;1;0;0;2;7
4126504;Sertanópolis;PR;Mapeado;2026-09;122;176;20;44;26;39;69;116;13;29;7;16;0;0;0;0;3;9;0;0;0;1;4;5;0;0;0;0;0;0;0;0;0;7
4126603;Siqueira Campos;PR;Mapeado;2026-09;149;250;18;65;42;79;73;179;10;52;8;26;0;0;0;4;7;12;0;1;0;0;7;8;0;1;0;0;0;1;0;0;2;13
4126652;Sulina;PR;Mapeado;2026-09;19;36;7;18;4;11;6;25;6;13;1;6;0;0;0;0;0;1;0;0;0;0;1;1;0;1;0;0;1;4;0;0;0;5
4124608;São Carlos do Ivaí;PR;Mapeado;2026-09;47;75;11;27;10;16;20;44;4;19;7;14;0;0;0;0;4;5;0;0;0;0;2;3;0;0;0;0;0;0;0;0;0;7
4124707;São Jerônimo da Serra;PR;Mapeado;2026-09;45;71;10;29;6;27;27;52;8;21;2;11;0;0;1;1;1;6;0;0;0;1;0;0;0;0;0;0;0;2;0;1;0;2
4125209;São Jorge d'Oeste;PR;Mapeado;2026-09;61;125;12;40;13;34;29;86;7;22;5;19;0;0;0;1;0;5;0;0;0;0;5;6;0;1;0;0;0;1;0;0;2;11
4125308;São Jorge do Ivaí;PR;Mapeado;2026-09;29;46;11;20;9;12;5;20;7;13;4;8;0;0;0;0;0;2;0;1;0;2;2;3;0;0;0;0;0;0;0;1;2;4
4125357;São Jorge do Patrocínio;PR;Mapeado;2026-09;25;41;8;16;4;8;10;16;6;8;2;8;0;0;0;0;0;1;0;0;0;0;2;2;0;0;0;0;0;0;0;0;1;6
4125407;São José da Boa Vista;PR;Mapeado;2026-09;16;30;4;13;4;8;8;21;3;10;1;3;0;0;0;0;0;3;0;0;0;0;0;0;0;0;0;0;0;0;0;0;0;1
4125456;São José das Palmeiras;PR;Mapeado;2026-09;34;55;14;22;5;11;12;35;10;16;4;7;0;0;0;1;1;4;0;0;0;0;2;2;0;0;0;0;0;1;0;1;0;2
4125506;São José dos Pinhais;PR;Mapeado;2026-09;2141;3491;303;956;793;1327;864;2184;211;758;92;248;0;0;3;20;92;204;1;7;0;17;24;33;5;6;0;0;3;166;6;26;47;219
4124806;São João;PR;Mapeado;2026-09;73;126;28;50;12;25;20;79;13;31;15;23;0;0;0;0;0;4;0;0;0;0;10;11;0;0;1;1;0;3;0;0;2;5
4124905;São João do Caiuá;PR;Mapeado;2026-09;35;47;18;24;4;8;9;22;12;20;6;12;0;0;0;0;1;5;0;0;0;0;2;2;0;0;0;0;0;0;0;0;1;1
4125001;São João do Ivaí;PR;Mapeado;2026-09;63;104;17;46;9;28;32;78;10;30;7;22;0;0;0;0;2;7;0;0;0;1;2;3;0;0;0;0;0;1;0;0;1;4
4125100;São João do Triunfo;PR;Mapeado;2026-09;75;107;41;69;7;20;23;71;25;47;16;25;0;0;0;1;2;5;0;0;0;0;0;0;1;1;0;0;0;12;0;0;1;3
4125555;São Manoel do Paraná;PR;Mapeado;2026-09;8;19;1;9;0;5;6;10;1;7;0;4;0;0;0;0;0;1;0;0;0;0;1;1;0;0;0;0;0;0;0;0;0;2
4125605;São Mateus do Sul;PR;Mapeado;2026-09;291;477;75;173;71;137;114;310;38;110;37;77;0;0;3;10;10;41;0;0;0;3;13;14;0;0;0;0;1;26;1;4;3;19
4125704;São Miguel do Iguaçu;PR;Mapeado;2026-09;140;208;26;57;33;54;58;135;11;30;15;32;0;0;0;0;6;10;0;1;0;2;13;13;0;2;0;0;0;2;1;1;3;10
4125753;São Pedro do Iguaçu;PR;Mapeado;2026-09;48;65;22;28;7;11;12;34;11;13;11;16;0;0;1;2;4;4;0;0;0;0;1;1;0;1;0;0;0;2;0;0;1;2
4125803;São Pedro do Ivaí;PR;Mapeado;2026-09;45;87;12;30;9;23;24;67;7;19;5;12;0;0;0;0;0;5;0;0;0;0;0;1;0;0;0;0;0;0;0;0;0;1
4125902;São Pedro do Paraná;PR;Mapeado;2026-09;26;39;1;8;7;13;9;20;1;7;0;1;0;0;0;0;0;0;0;0;0;0;2;2;0;0;0;1;0;0;0;0;7;9
4126009;São Sebastião da Amoreira;PR;Mapeado;2026-09;59;92;14;41;14;23;25;55;10;35;4;15;0;0;0;0;1;8;0;0;0;0;1;1;0;0;0;0;0;0;1;1;3;6
4126108;São Tomé;PR;Mapeado;2026-09;29;38;6;18;4;11;18;28;2;4;4;14;0;0;0;0;0;1;0;0;0;0;0;0;0;0;0;0;0;0;0;1;1;1
4126678;Tamarana;PR;Mapeado;2026-09;63;117;16;51;15;44;28;92;15;43;1;10;0;0;0;0;2;7;0;0;0;0;2;2;0;0;0;0;0;1;0;2;0;4
4126702;Tamboara;PR;Mapeado;2026-09;24;40;5;13;1;7;15;28;4;12;1;1;0;0;0;0;1;1;0;0;0;0;1;1;0;0;0;0;0;0;0;0;1;2
4126801;Tapejara;PR;Mapeado;2026-09;62;109;14;30;8;28;36;77;7;20;7;17;0;0;0;1;1;6;0;0;0;0;3;3;0;0;0;0;0;3;0;1;0;1
4126900;Tapira;PR;Mapeado;2026-09;30;56;9;35;5;11;14;44;4;22;5;15;0;0;0;0;1;4;0;0;0;0;1;1;0;0;0;0;0;1;0;0;0;0
4127007;Teixeira Soares;PR;Mapeado;2026-09;70;111;18;41;21;38;22;77;14;28;4;18;0;0;0;1;4;12;0;0;0;0;4;5;0;2;0;0;1;11;0;0;0;5
4127106;Telêmaco Borba;PR;Mapeado;2026-09;449;728;108;207;104;217;210;478;51;117;57;105;0;0;1;5;10;35;1;1;0;1;8;9;0;0;0;1;0;2;2;5;5;27
4127205;Terra Boa;PR;Mapeado;2026-09;72;98;21;34;15;24;28;58;17;22;4;12;0;0;0;0;0;0;0;0;0;0;5;5;0;0;0;0;0;0;0;0;3;6
4127304;Terra Rica;PR;Mapeado;2026-09;73;116;16;39;9;26;41;84;8;25;8;18;0;0;0;0;1;6;0;0;0;0;4;4;0;0;0;0;0;1;0;0;2;8
4127403;Terra Roxa;PR;Mapeado;2026-09;109;177;31;50;21;42;46;107;18;32;13;22;0;0;1;2;5;15;0;0;0;1;2;2;0;0;0;0;0;0;0;0;3;7
4127502;Tibagi;PR;Mapeado;2026-09;153;261;43;94;38;85;64;162;19;45;24;55;0;0;0;1;4;15;0;0;0;1;4;4;0;0;0;0;0;21;0;2;0;16
4127601;Tijucas do Sul;PR;Mapeado;2026-09;137;210;40;81;34;61;58;134;29;57;11;28;0;0;0;0;2;19;0;1;0;0;2;3;0;1;0;0;0;2;0;0;1;12
4127700;Toledo;PR;Mapeado;2026-09;1010;1598;164;437;305;556;428;1008;96;301;68;172;0;0;3;19;19;69;1;4;0;15;46;56;1;2;2;2;2;19;3;17;36;136
4127809;Tomazina;PR;Mapeado;2026-09;58;79;17;45;13;24;26;44;14;32;3;15;0;0;0;1;1;2;0;0;0;1;1;2;0;0;0;0;0;1;0;0;0;3
4127858;Três Barras do Paraná;PR;Mapeado;2026-09;65;137;30;70;11;29;21;98;15;46;15;40;0;0;1;2;1;16;0;1;0;1;0;1;0;0;0;0;0;8;0;0;1;5
4127882;Tunas do Paraná;PR;Mapeado;2026-09;36;73;9;25;6;27;21;59;5;19;4;11;0;0;0;0;0;1;0;0;0;0;0;0;0;0;0;0;0;5;0;0;0;1
4127908;Tuneiras do Oeste;PR;Mapeado;2026-09;37;53;9;20;8;17;14;30;9;17;0;8;0;0;0;0;4;4;0;0;0;0;0;1;0;0;0;0;0;1;0;0;2;6
4127957;Tupãssi;PR;Mapeado;2026-09;56;98;15;38;9;22;29;61;14;36;1;2;0;0;0;0;1;2;0;0;0;0;1;1;0;0;0;0;0;2;0;0;1;2
4127965;Turvo;PR;Mapeado;2026-09;84;152;18;47;28;44;30;108;9;24;9;25;0;0;0;0;4;13;0;0;0;0;3;3;0;0;0;0;1;11;0;1;0;2
4128005;Ubiratã;PR;Mapeado;2026-09;105;180;20;49;23;56;47;123;15;36;5;14;0;0;0;1;7;21;0;0;0;2;6;7;0;0;1;1;0;0;0;0;1;6
4128104;Umuarama;PR;Mapeado;2026-09;728;1064;136;327;191;315;332;631;87;206;49;137;0;0;1;4;22;50;1;4;0;6;21;23;1;8;0;1;1;33;1;5;21;73
4128302;Uniflor;PR;Mapeado;2026-09;17;25;4;9;2;9;10;20;2;5;2;4;0;0;0;0;0;0;0;0;0;0;1;1;0;0;0;0;0;0;0;0;0;0
4128203;União da Vitória;PR;Mapeado;2026-09;377;592;96;199;87;167;153;383;43;107;53;98;0;0;1;4;9;32;1;1;0;1;21;26;0;2;0;1;0;13;4;5;5;23
4128401;Uraí;PR;Mapeado;2026-09;57;103;5;24;13;27;30;71;3;17;2;10;0;0;0;0;4;8;0;0;0;0;5;6;0;0;0;0;0;1;0;0;0;2
4128534;Ventania;PR;Mapeado;2026-09;76;138;26;41;19;46;29;108;22;28;4;16;0;0;1;2;0;6;0;0;0;1;1;1;0;0;0;0;0;1;0;0;0;6
4128559;Vera Cruz do Oeste;PR;Mapeado;2026-09;46;80;19;37;8;18;17;47;16;32;3;7;0;0;0;1;0;2;0;0;0;3;2;2;0;0;0;0;0;1;0;0;0;0
4128609;Verê;PR;Mapeado;2026-09;44;76;17;38;9;24;10;51;14;33;3;11;0;0;0;1;1;6;0;0;0;0;2;4;1;3;1;1;0;3;0;1;3;7
4128658;Virmond;PR;Mapeado;2026-09;30;42;17;24;5;7;7;28;11;14;6;12;0;0;0;0;1;1;0;0;0;0;0;0;0;0;0;0;0;9;0;1;0;1
4128708;Vitorino;PR;Mapeado;2026-09;57;93;20;40;12;27;17;58;9;20;11;22;0;0;0;0;3;6;0;0;0;0;1;2;4;5;0;0;0;1;0;0;0;2
4128500;Wenceslau Braz;PR;Mapeado;2026-09;117;169;30;48;29;45;48;109;21;34;9;15;0;0;0;3;3;6;0;0;0;1;5;5;0;1;0;0;0;1;0;3;2;10
4128807;Xambrê;PR;Mapeado;2026-09;32;51;8;20;9;15;11;31;3;9;5;13;0;0;0;0;3;6;0;0;0;0;0;0;0;1;0;0;0;3;0;0;1;1
4101150;Ângulo;PR;Mapeado;2026-09;23;37;3;10;6;16;13;23;3;8;0;2;0;0;0;0;0;0;0;0;0;0;0;1;1;2;0;0;0;1;0;0;0;5
3300100;Angra dos Reis;RJ;Mapeado;2026-09;1843;2894;437;999;637;1149;675;1697;260;688;177;394;0;0;2;6;20;87;1;4;1;13;20;25;0;0;0;0;1;17;2;12;47;196
3300159;Aperibé;RJ;Mapeado;2026-09;87;143;24;56;21;43;33;81;11;35;13;26;0;0;0;0;5;15;0;1;0;1;1;1;0;0;0;0;0;0;0;1;3;10
3300209;Araruama;RJ;Mapeado;2026-09;1022;1740;142;394;361;655;453;1046;86;276;56;178;0;0;0;1;27;91;2;4;2;69;11;17;1;1;0;0;0;13;5;9;18;205
3300225;Areal;RJ;Mapeado;2026-09;78;139;19;48;26;49;20;65;14;35;5;18;0;0;0;0;6;13;0;0;0;0;3;3;0;0;0;0;0;4;1;1;3;19
3300233;Armação dos Búzios;RJ;Mapeado;2026-09;1146;1771;141;620;592;1002;372;932;104;525;37;130;0;0;2;7;10;72;1;3;0;5;7;11;2;2;0;0;0;4;0;9;19;92
3300258;Arraial do Cabo;RJ;Mapeado;2026-09;556;899;64;244;259;446;212;537;32;156;32;114;0;0;0;0;6;32;0;2;0;4;5;6;0;1;0;0;0;1;0;3;10;35
3300407;Barra Mansa;RJ;Mapeado;2026-09;1336;2020;357;616;307;629;577;1214;235;439;122;235;0;0;0;3;43;98;1;8;1;12;19;23;1;2;0;0;0;9;1;6;29;120
3300308;Barra do Piraí;RJ;Mapeado;2026-09;798;1162;230;422;189;365;302;653;138;271;92;190;0;0;0;4;18;52;1;4;0;5;11;15;1;1;0;0;0;2;2;3;44;88
3300456;Belford Roxo;RJ;Mapeado;2026-09;2151;3235;267;573;641;1076;1072;2045;150;397;117;268;0;0;0;2;74;180;0;2;0;3;11;14;1;2;0;1;1;12;3;8;81;226
3300506;Bom Jardim;RJ;Mapeado;2026-09;191;285;63;115;55;92;58;141;49;92;14;29;0;0;0;1;7;19;0;1;0;0;2;2;0;5;0;0;0;1;0;1;6;22
3300605;Bom Jesus do Itabapoana;RJ;Mapeado;2026-09;215;396;60;147;49;125;85;260;38;109;22;56;0;0;0;0;8;35;0;1;1;1;6;7;0;0;0;0;0;2;0;1;6;26
3300704;Cabo Frio;RJ;Mapeado;2026-09;2640;4078;305;916;1028;1735;1148;2512;178;651;127;369;0;0;0;11;56;209;4;18;0;32;29;39;0;5;0;0;0;16;7;28;63;232
3300803;Cachoeiras de Macacu;RJ;Mapeado;2026-09;386;627;96;210;107;211;147;367;53;121;43;103;0;0;0;1;16;45;0;0;0;9;7;10;0;1;0;0;0;0;0;4;13;35
3300902;Cambuci;RJ;Mapeado;2026-09;77;146;29;67;13;36;29;81;20;47;9;27;0;0;0;0;1;9;0;0;0;1;4;4;0;0;0;0;0;1;0;1;1;19
3301009;Campos dos Goytacazes;RJ;Mapeado;2026-09;2899;4727;386;1046;846;1741;1454;2985;227;735;159;441;0;0;0;10;108;353;5;25;1;40;39;54;1;3;0;1;1;18;4;17;54;274
3301108;Cantagalo;RJ;Mapeado;2026-09;197;283;79;113;33;69;68;163;46;75;33;49;0;0;0;2;6;20;0;0;0;1;5;5;0;1;0;0;0;1;0;1;6;21
3300936;Carapebus;RJ;Mapeado;2026-09;78;143;22;49;20;47;30;89;15;35;7;19;0;0;0;0;4;13;0;0;0;0;2;2;0;1;0;0;0;1;0;0;0;2
3301157;Cardoso Moreira;RJ;Mapeado;2026-09;103;174;18;72;18;69;59;134;15;68;3;34;0;0;0;0;3;21;0;0;0;3;3;5;1;1;0;0;0;5;1;3;0;5
3301207;Carmo;RJ;Mapeado;2026-09;113;246;25;76;25;90;51;155;18;56;7;28;0;0;0;1;3;27;0;1;0;3;6;6;0;3;0;0;0;1;0;3;3;23
3301306;Casimiro de Abreu;RJ;Mapeado;2026-09;363;592;47;155;119;235;166;376;28;102;19;63;0;0;0;2;19;50;0;1;1;4;7;8;0;0;0;0;0;8;0;1;4;33
3300951;Comendador Levy Gasparian;RJ;Mapeado;2026-09;81;122;19;37;11;28;43;84;13;29;6;13;0;0;0;0;3;7;0;0;0;0;2;2;1;1;0;0;0;0;0;0;2;5
3301405;Conceição de Macabu;RJ;Mapeado;2026-09;128;226;34;77;22;62;64;150;20;55;14;32;0;0;0;1;3;14;0;0;0;2;3;3;0;1;0;0;0;1;0;0;2;13
3301504;Cordeiro;RJ;Mapeado;2026-09;181;299;53;110;32;74;80;182;35;83;18;29;0;0;0;2;5;24;1;3;0;1;6;6;0;6;0;0;0;0;1;8;3;25
3301603;Duas Barras;RJ;Mapeado;2026-09;87;152;33;77;19;57;26;78;25;65;8;16;0;0;0;0;6;22;0;1;0;0;2;2;0;0;0;0;0;0;0;1;1;4
3301702;Duque de Caxias;RJ;Mapeado;2026-09;5284;8018;580;1461;1793;2998;2557;5005;337;1032;243;631;0;0;4;10;175;411;8;33;3;42;29;50;3;7;1;3;1;26;12;50;118;427
3301801;Engenheiro Paulo de Frontin;RJ;Mapeado;2026-09;87;162;27;61;23;54;32;89;16;44;11;19;0;0;0;1;0;7;0;0;0;3;2;4;0;0;0;0;0;0;0;0;3;14
3301850;Guapimirim;RJ;Mapeado;2026-09;395;645;55;155;121;221;182;387;29;95;26;73;0;0;0;1;20;57;0;4;0;5;4;5;1;1;0;0;0;2;1;3;11;51
3301876;Iguaba Grande;RJ;Mapeado;2026-09;261;423;35;90;89;163;121;275;21;55;14;45;0;0;0;1;7;25;0;1;0;4;4;4;1;1;0;0;0;4;0;6;4;27
3301900;Itaboraí;RJ;Mapeado;2026-09;991;1612;119;322;342;617;461;1008;59;215;60;145;0;0;2;6;35;95;1;3;0;10;8;10;1;2;0;0;0;5;1;8;21;97
3302007;Itaguaí;RJ;Mapeado;2026-09;749;1188;101;241;293;488;294;668;57;165;44;100;0;0;1;2;25;80;1;2;2;15;8;13;0;0;0;2;0;5;3;10;21;79
3302056;Italva;RJ;Mapeado;2026-09;83;152;18;57;20;44;37;109;14;45;4;16;0;0;0;1;4;12;0;0;0;0;3;3;0;0;0;0;0;2;0;1;1;10
3302106;Itaocara;RJ;Mapeado;2026-09;125;206;42;87;32;77;39;134;25;61;17;35;0;0;0;0;5;23;0;0;0;0;4;4;0;0;0;0;0;2;1;2;2;10
3302205;Itaperuna;RJ;Mapeado;2026-09;717;1133;129;286;175;375;362;726;95;219;34;86;0;0;1;5;14;68;2;5;1;10;16;22;0;0;0;0;0;4;2;7;15;64
3302254;Itatiaia;RJ;Mapeado;2026-09;474;736;79;202;172;297;198;447;67;174;12;36;0;0;0;0;4;28;0;0;0;4;3;3;1;1;1;1;0;3;0;5;16;48
3302270;Japeri;RJ;Mapeado;2026-09;311;527;50;131;95;180;132;313;27;85;23;59;0;0;0;1;18;41;0;1;0;2;5;5;0;0;0;0;0;3;0;2;11;25
3302304;Laje do Muriaé;RJ;Mapeado;2026-09;53;89;17;50;7;19;25;52;13;39;4;12;0;0;0;0;1;5;0;0;0;0;3;3;0;1;0;0;0;0;0;0;0;3
3302403;Macaé;RJ;Mapeado;2026-09;2013;3306;228;732;814;1461;864;2121;141;526;87;310;0;0;2;8;43;204;1;8;2;11;19;32;0;1;0;1;0;17;7;23;33;162
3302452;Macuco;RJ;Mapeado;2026-09;57;105;5;19;17;37;29;70;4;14;1;6;0;0;0;0;3;15;0;0;0;0;2;2;0;3;0;0;0;2;0;2;1;7
3302502;Magé;RJ;Mapeado;2026-09;1408;2167;278;540;401;734;648;1313;162;369;116;227;0;0;0;6;49;123;0;7;1;10;12;15;1;2;0;1;0;12;0;9;18;114
3302601;Mangaratiba;RJ;Mapeado;2026-09;541;923;113;306;200;381;204;521;63;187;50;140;0;0;0;1;4;30;0;2;0;4;8;9;0;0;0;0;0;6;1;6;11;59
3302700;Maricá;RJ;Mapeado;2026-09;1879;3029;298;759;652;1183;798;1756;172;486;126;335;0;0;2;3;50;164;0;7;4;22;24;29;0;2;0;1;0;14;0;11;51;163
3302809;Mendes;RJ;Mapeado;2026-09;178;288;72;132;32;72;49;143;40;76;32;63;0;0;0;2;7;21;0;1;0;1;8;8;0;0;0;0;0;2;0;2;10;27
3302858;Mesquita;RJ;Mapeado;2026-09;941;1458;107;243;308;531;470;915;63;165;44;116;0;0;0;1;33;65;0;4;0;5;4;6;0;1;0;0;0;4;1;6;18;95
3302908;Miguel Pereira;RJ;Mapeado;2026-09;197;378;40;128;71;154;66;209;30;80;10;52;0;0;0;2;0;18;1;4;1;10;3;4;1;2;0;0;0;4;2;8;12;35
3303005;Miracema;RJ;Mapeado;2026-09;169;318;59;131;27;71;55;181;39;98;20;56;0;0;0;1;2;28;1;1;0;0;12;14;0;0;0;0;0;0;1;3;12;34
3303104;Natividade;RJ;Mapeado;2026-09;108;153;17;41;24;45;54;99;13;32;4;16;0;0;0;1;7;14;0;0;0;0;5;5;0;0;0;0;0;0;0;0;1;4
3303203;Nilópolis;RJ;Mapeado;2026-09;977;1425;123;255;328;516;461;841;70;169;53;113;0;0;2;3;29;72;2;6;0;8;7;8;0;0;0;0;0;4;3;10;22;94
3303302;Niterói;RJ;Mapeado;2026-09;4049;6628;446;1423;1497;2365;1775;3734;299;1012;147;561;0;0;5;12;93;293;5;73;9;172;77;103;3;4;0;2;0;22;12;60;127;773
3303401;Nova Friburgo;RJ;Mapeado;2026-09;1540;2392;368;757;559;936;503;1254;208;476;160;362;0;0;2;4;33;133;2;15;2;26;30;40;1;2;0;1;0;12;5;18;35;153
3303500;Nova Iguaçu;RJ;Mapeado;2026-09;5279;7792;559;1392;1797;2881;2550;4842;301;959;258;610;0;0;0;9;173;398;4;23;1;28;27;37;3;8;0;0;2;24;7;42;156;470
3303609;Paracambi;RJ;Mapeado;2026-09;233;389;33;91;80;139;105;244;23;70;10;31;0;0;0;1;5;20;0;1;1;2;4;5;0;0;0;0;0;0;0;2;5;26
3303807;Paraty;RJ;Mapeado;2026-09;804;1383;105;472;417;728;237;723;64;341;41;200;0;0;2;5;4;65;0;14;0;18;10;12;0;0;0;0;0;4;0;3;29;106
3303708;Paraíba do Sul;RJ;Mapeado;2026-09;354;553;146;266;69;147;114;353;126;240;20;75;0;0;1;1;14;42;0;1;0;4;5;7;0;0;0;0;0;5;0;1;5;32
3303856;Paty do Alferes;RJ;Mapeado;2026-09;218;390;45;126;58;138;99;262;28;89;17;49;0;0;0;0;9;45;0;3;0;2;3;8;0;0;0;0;0;2;0;2;4;27
3303906;Petrópolis;RJ;Mapeado;2026-09;2134;3513;372;971;791;1467;802;2043;253;733;119;323;0;0;4;8;48;177;5;34;6;67;45;55;3;6;1;2;0;15;6;21;51;268
3303955;Pinheiral;RJ;Mapeado;2026-09;210;303;72;121;44;88;71;160;43;72;29;54;0;0;1;1;12;22;0;2;0;1;2;2;0;0;0;0;1;2;0;1;7;19
3304003;Piraí;RJ;Mapeado;2026-09;241;395;67;149;73;144;90;215;45;109;22;54;0;0;0;1;3;11;0;2;0;0;5;5;0;0;0;0;0;1;1;1;2;16
3304102;Porciúncula;RJ;Mapeado;2026-09;80;138;22;50;9;26;43;87;19;37;3;19;0;0;0;1;1;10;0;0;0;0;1;1;0;0;0;0;0;0;0;0;4;13
3304110;Porto Real;RJ;Mapeado;2026-09;172;261;34;69;52;79;75;164;27;52;7;18;0;0;0;0;3;9;0;0;0;1;3;3;0;0;0;0;0;2;0;1;5;14
3304128;Quatis;RJ;Mapeado;2026-09;131;184;41;72;28;55;46;95;31;52;10;25;0;0;3;3;3;11;0;0;1;1;6;7;0;0;0;0;0;1;0;0;3;11
3304144;Queimados;RJ;Mapeado;2026-09;673;1060;88;237;241;421;291;619;55;164;33;105;0;0;0;1;24;52;0;3;0;5;11;11;1;1;0;0;0;3;2;7;15;49
3304151;Quissamã;RJ;Mapeado;2026-09;131;233;45;78;31;83;46;133;36;59;9;21;0;0;0;1;2;15;0;0;0;1;2;3;0;0;0;0;1;4;1;4;3;22
3304201;Resende;RJ;Mapeado;2026-09;1289;1815;286;500;382;659;521;1034;244;423;42;96;0;0;1;7;35;75;3;10;1;15;17;21;0;0;0;3;0;7;4;10;39;109
3304300;Rio Bonito;RJ;Mapeado;2026-09;357;584;60;149;96;186;155;316;43;104;17;59;0;0;0;2;28;54;1;7;0;8;9;11;0;0;0;0;0;3;1;4;7;67
3304409;Rio Claro;RJ;Mapeado;2026-09;156;241;46;92;41;83;64;127;25;53;21;55;0;0;0;2;2;21;0;0;0;1;2;3;0;0;0;0;0;3;0;0;1;13
3304508;Rio das Flores;RJ;Mapeado;2026-09;85;130;36;75;17;35;29;72;14;35;22;44;0;0;0;0;1;8;0;0;0;0;0;0;0;0;0;0;0;0;0;0;2;9
3304524;Rio das Ostras;RJ;Mapeado;2026-09;1550;2670;234;722;586;1103;627;1800;111;432;123;361;0;0;4;9;51;198;2;5;0;10;18;24;1;1;0;1;0;21;4;19;23;133
3304557;Rio de Janeiro;RJ;Mapeado;2026-09;45020;70702;5481;14068;16524;25664;19713;39776;3677;10525;1804;4818;0;0;53;138;1099;3140;85;901;83;1074;414;664;21;37;2;9;9;194;118;440;1418;6345
3304607;Santa Maria Madalena;RJ;Mapeado;2026-09;62;145;19;57;25;68;15;76;14;47;5;14;0;0;0;0;1;15;0;2;0;0;1;1;0;0;0;1;0;1;0;2;1;13
3304706;Santo Antônio de Pádua;RJ;Mapeado;2026-09;278;411;91;166;74;135;93;237;79;146;12;30;0;0;0;0;9;27;1;1;0;2;5;6;0;0;0;0;0;2;1;2;4;20
3305406;Sapucaia;RJ;Mapeado;2026-09;152;263;54;99;32;79;57;159;35;69;19;35;0;0;0;0;3;12;0;1;0;2;2;5;0;0;0;0;0;2;0;0;4;17
3305505;Saquarema;RJ;Mapeado;2026-09;1040;1592;191;459;387;636;407;925;124;313;67;210;0;0;0;2;20;86;2;7;0;12;11;14;0;1;0;0;0;6;4;12;18;87
3305554;Seropédica;RJ;Mapeado;2026-09;343;585;35;95;115;224;170;372;20;59;15;44;0;0;0;0;13;38;0;3;0;4;3;4;0;0;0;0;0;1;0;2;7;23
3305604;Silva Jardim;RJ;Mapeado;2026-09;118;232;26;82;43;104;41;136;20;55;6;36;0;0;0;3;4;26;0;0;0;3;3;3;0;0;0;0;0;2;0;1;1;27
3305703;Sumidouro;RJ;Mapeado;2026-09;114;179;46;87;24;55;36;113;31;66;15;29;0;0;0;0;3;9;0;0;0;0;2;2;0;0;0;0;0;1;0;2;3;5
3304805;São Fidélis;RJ;Mapeado;2026-09;215;339;51;105;48;127;86;215;26;60;25;50;0;0;0;1;19;40;0;0;0;3;7;9;0;0;0;1;0;6;1;4;3;19
3304755;São Francisco de Itabapoana;RJ;Mapeado;2026-09;187;398;37;114;61;164;77;238;24;78;13;50;0;0;0;0;7;35;0;1;0;3;4;9;0;2;0;0;0;1;1;2;0;20
3304904;São Gonçalo;RJ;Mapeado;2026-09;5280;7860;581;1366;1709;2767;2692;5082;316;913;265;625;0;0;3;11;148;368;2;23;0;48;27;39;2;3;0;2;5;30;4;30;107;455
3305133;São José de Ubá;RJ;Mapeado;2026-09;37;66;8;24;5;16;22;43;6;18;2;8;0;0;0;0;1;8;0;0;0;2;1;1;0;0;0;0;0;0;0;0;0;1
3305158;São José do Vale do Rio Preto;RJ;Mapeado;2026-09;127;221;42;75;23;45;49;121;23;50;19;30;0;0;0;0;4;18;0;0;1;2;3;3;0;0;0;0;0;3;0;1;5;27
3305000;São João da Barra;RJ;Mapeado;2026-09;296;507;62;130;107;211;92;277;29;83;33;65;0;0;0;1;11;48;0;3;0;5;16;19;0;1;0;0;0;3;0;1;8;42
3305109;São João de Meriti;RJ;Mapeado;2026-09;2359;3518;307;667;745;1299;1136;2146;168;451;139;284;0;0;2;5;84;223;4;9;0;11;12;14;5;6;0;0;2;24;4;28;58;181
3305208;São Pedro da Aldeia;RJ;Mapeado;2026-09;846;1378;137;344;297;537;362;846;69;209;68;168;0;0;1;2;23;73;1;2;0;7;9;11;0;0;0;0;0;7;2;8;14;86
3305307;São Sebastião do Alto;RJ;Mapeado;2026-09;44;77;11;29;10;24;21;54;5;17;6;15;0;0;0;1;0;3;0;1;0;1;2;2;0;0;0;0;0;0;0;0;0;1
3305752;Tanguá;RJ;Mapeado;2026-09;146;246;37;68;45;91;52;132;15;45;22;33;0;0;0;0;5;21;0;2;0;0;4;4;1;1;0;0;0;1;0;2;2;20
3305802;Teresópolis;RJ;Mapeado;2026-09;1326;2120;276;592;439;756;506;1281;236;522;40;94;0;0;4;5;22;72;1;15;2;21;16;19;3;5;0;0;1;7;0;2;56;188
3305901;Trajano de Moraes;RJ;Mapeado;2026-09;114;193;36;98;23;74;45;130;21;79;15;50;0;0;1;4;2;15;0;1;0;4;3;3;0;0;0;0;0;1;0;0;4;10
3306008;Três Rios;RJ;Mapeado;2026-09;634;1004;139;308;167;320;284;647;98;233;41;106;0;0;1;3;14;50;2;5;1;14;11;16;2;2;0;0;0;2;0;5;13;64
3306107;Valença;RJ;Mapeado;2026-09;607;916;171;321;147;268;259;545;127;249;44;91;0;0;0;1;7;45;1;4;0;6;14;16;0;1;0;0;0;6;0;9;8;36
3306156;Varre-Sai;RJ;Mapeado;2026-09;57;137;26;64;16;37;12;88;22;48;4;24;0;0;0;0;2;11;0;0;0;1;0;0;0;0;0;0;0;0;0;1;1;9
3306206;Vassouras;RJ;Mapeado;2026-09;344;599;92;216;95;208;123;362;60;151;32;84;0;0;0;4;8;46;2;3;0;6;5;5;0;0;1;1;0;6;2;7;16;51
3306305;Volta Redonda;RJ;Mapeado;2026-09;2138;3192;407;842;668;1162;921;1933;293;646;114;259;0;0;4;8;64;121;4;15;1;29;19;22;2;3;0;1;1;4;3;15;44;174
2400109;Acari;RN;Mapeado;2026-09;35;58;5;10;11;20;16;32;2;5;3;5;0;0;0;0;2;3;0;0;0;0;1;1;0;0;0;0;0;0;0;1;0;5
2400307;Afonso Bezerra;RN;Mapeado;2026-09;15;37;4;13;6;16;3;21;1;9;3;7;0;0;0;0;1;4;0;0;0;0;0;0;0;0;0;0;0;0;0;0;1;4
2400505;Alexandria;RN;Mapeado;2026-09;21;52;3;13;9;20;7;20;2;10;1;5;0;0;0;0;1;6;0;0;0;0;1;5;0;0;0;0;0;0;0;1;0;5
2400604;Almino Afonso;RN;Mapeado;2026-09;4;12;0;4;1;4;3;6;0;3;0;1;0;0;0;0;0;2;0;0;0;0;0;0;0;1;0;0;0;0;0;0;0;1
2400703;Alto do Rodrigues;RN;Mapeado;2026-09;36;79;4;22;17;39;11;35;3;19;1;7;0;0;0;0;1;13;0;0;0;2;2;5;0;1;0;0;0;0;0;0;1;8
2400802;Angicos;RN;Mapeado;2026-09;48;96;2;19;20;45;24;64;0;9;2;12;0;0;0;0;1;9;0;0;0;0;0;1;0;1;0;0;0;1;0;2;1;7
2400901;Antônio Martins;RN;Mapeado;2026-09;3;8;0;1;0;2;3;5;0;0;0;1;0;0;0;0;0;0;0;0;0;0;0;0;0;0;0;0;0;0;0;0;0;0
2401008;Apodi;RN;Mapeado;2026-09;73;151;10;46;34;73;22;82;6;35;4;23;0;0;1;7;1;15;0;1;0;0;2;3;1;7;0;0;0;1;1;4;1;7
2401107;Areia Branca;RN;Mapeado;2026-09;98;173;10;50;44;81;31;71;5;29;5;28;0;0;0;0;2;17;0;0;0;2;7;8;0;2;0;0;0;0;0;0;4;22
2401206;Arez;RN;Mapeado;2026-09;25;37;5;11;5;13;13;23;1;7;4;6;0;0;0;0;1;5;0;0;0;0;0;0;0;0;0;0;0;0;0;0;1;2
2400208;Assú;RN;Mapeado;2026-09;174;356;10;58;76;173;63;214;6;48;4;32;0;0;0;0;5;54;0;1;1;9;11;14;1;4;0;0;1;1;1;1;5;21
2401453;Baraúna;RN;Mapeado;2026-09;54;106;8;24;25;49;17;62;4;18;4;13;0;0;0;0;3;10;0;1;0;0;1;3;0;0;0;0;0;0;0;1;0;2
2401503;Barcelona;RN;Mapeado;2026-09;13;19;3;5;4;9;6;14;2;4;1;1;0;0;0;0;0;0;0;0;0;0;0;0;0;0;0;0;0;0;0;0;0;0
2401404;Baía Formosa;RN;Mapeado;2026-09;38;101;8;27;16;51;9;37;6;22;2;11;0;0;0;0;1;9;1;1;0;1;1;1;0;0;0;0;0;1;0;0;2;19
2401602;Bento Fernandes;RN;Mapeado;2026-09;4;9;2;4;2;7;0;4;2;3;0;1;0;0;0;0;0;2;0;0;0;0;0;0;0;0;0;0;0;1;0;1;0;0
2401651;Bodó;RN;Mapeado;2026-09;4;5;1;1;0;1;3;4;0;0;1;1;0;0;0;0;0;0;0;0;0;0;0;0;0;0;0;0;0;0;0;0;0;0
2401701;Bom Jesus;RN;Mapeado;2026-09;25;48;6;13;5;19;14;28;3;9;3;9;0;0;0;0;0;2;0;0;0;0;0;0;0;0;0;0;0;3;0;0;0;2
2401800;Brejinho;RN;Mapeado;2026-09;28;45;5;13;10;17;8;22;2;4;3;10;0;0;0;0;3;7;0;0;0;0;2;2;0;0;0;0;0;0;0;1;0;3
2402006;Caicó;RN;Mapeado;2026-09;255;420;33;94;77;158;123;254;23;78;10;30;0;0;0;2;6;34;1;6;0;8;11;14;1;6;0;0;1;4;0;4;2;40
2401859;Caiçara do Norte;RN;Mapeado;2026-09;9;22;0;2;1;8;8;17;0;1;0;2;0;0;0;0;0;0;0;0;0;0;0;0;0;0;0;0;0;0;0;0;0;1
2401909;Caiçara do Rio do Vento;RN;Mapeado;2026-09;7;13;0;3;4;6;3;7;0;0;0;3;0;0;0;0;0;1;0;0;0;0;0;0;0;0;0;0;0;0;0;0;0;0
2401305;Campo Grande;RN;Mapeado;2026-09;12;40;2;9;9;21;1;19;0;6;2;8;0;0;0;3;0;13;0;0;0;0;0;0;0;0;0;0;0;1;0;0;0;9
2402105;Campo Redondo;RN;Mapeado;2026-09;19;31;4;5;6;16;8;18;2;4;2;3;0;0;0;0;0;0;0;0;0;0;1;1;0;1;0;0;0;0;0;0;0;1
2402204;Canguaretama;RN;Mapeado;2026-09;95;140;11;32;50;75;27;70;4;17;7;20;0;0;0;0;1;18;0;0;0;2;2;3;1;1;0;0;1;2;0;0;2;4
2402303;Caraúbas;RN;Mapeado;2026-09;43;104;3;21;23;57;14;57;2;18;1;8;0;0;0;1;1;13;0;0;0;8;0;0;0;1;0;0;0;1;1;4;1;12
2402501;Carnaubais;RN;Mapeado;2026-09;19;38;4;8;6;15;7;13;2;6;2;3;0;0;0;0;0;4;0;0;0;2;2;3;0;0;0;0;0;2;0;0;0;4
2402402;Carnaúba dos Dantas;RN;Mapeado;2026-09;39;64;8;14;11;25;19;40;5;11;3;9;0;0;0;0;1;2;0;0;0;0;0;1;0;0;0;0;0;0;0;0;0;1
2402600;Ceará-Mirim;RN;Mapeado;2026-09;219;329;18;66;97;148;82;180;4;39;14;42;0;0;0;1;4;39;0;0;0;3;13;14;0;0;0;0;0;3;0;0;5;25
2402709;Cerro Corá;RN;Mapeado;2026-09;35;52;9;17;16;24;10;24;3;10;6;10;0;0;0;0;0;0;0;0;0;0;0;2;0;0;0;0;0;0;0;0;0;2
2402808;Coronel Ezequiel;RN;Mapeado;2026-09;5;11;0;1;2;6;3;8;0;0;0;1;0;0;0;0;0;0;0;0;0;0;0;0;0;0;0;0;0;0;0;0;0;0
2402907;Coronel João Pessoa;RN;Mapeado;2026-09;1;10;1;4;0;2;0;6;1;3;0;2;0;0;0;0;0;0;0;0;0;0;0;0;0;0;0;0;0;0;0;0;0;0
2403004;Cruzeta;RN;Mapeado;2026-09;26;46;3;12;11;17;11;28;1;6;2;7;0;0;0;0;0;3;0;0;0;0;0;0;0;0;0;0;0;0;0;0;1;5
2403103;Currais Novos;RN;Mapeado;2026-09;182;293;24;49;59;99;80;148;16;37;8;16;0;0;0;1;4;27;1;3;1;5;7;10;2;2;0;0;0;2;1;3;3;35
2403202;Doutor Severiano;RN;Mapeado;2026-09;6;17;0;3;3;6;2;7;0;2;0;1;0;0;0;0;1;3;0;0;0;0;0;0;0;0;0;0;0;0;0;0;0;3
2403301;Encanto;RN;Mapeado;2026-09;15;22;1;8;11;16;2;10;0;5;1;5;0;0;0;0;0;1;0;0;0;0;0;0;0;0;0;0;0;1;0;0;1;1
2403400;Equador;RN;Mapeado;2026-09;20;34;6;15;1;9;9;18;5;10;1;7;0;0;0;1;1;2;0;1;0;1;1;1;0;0;0;0;0;0;1;1;1;4
2403509;Espírito Santo;RN;Mapeado;2026-09;15;21;1;2;6;7;7;12;0;0;1;2;0;0;0;0;0;0;0;0;0;0;0;0;0;0;0;0;1;1;0;0;0;0
2403608;Extremoz;RN;Mapeado;2026-09;291;439;25;87;118;203;121;244;9;50;16;51;0;0;0;1;10;33;0;0;0;1;9;13;2;3;0;0;0;1;1;4;5;24
2403707;Felipe Guerra;RN;Mapeado;2026-09;14;23;2;10;7;17;4;7;0;6;2;7;0;0;0;0;1;2;0;0;0;1;0;0;0;0;0;0;0;0;0;0;0;1
2403756;Fernando Pedroza;RN;Mapeado;2026-09;10;21;0;6;6;14;2;9;0;2;0;4;0;0;0;0;2;2;0;0;0;0;0;0;0;0;0;0;0;0;0;1;0;4
2403806;Florânia;RN;Mapeado;2026-09;35;60;7;20;9;22;16;32;3;11;4;10;0;0;0;0;1;4;0;0;0;0;0;0;1;3;0;0;0;0;0;0;1;4
2403905;Francisco Dantas;RN;Mapeado;2026-09;3;8;1;2;0;2;1;3;0;1;1;1;0;0;0;0;0;0;0;0;0;0;0;1;0;0;0;0;0;0;1;1;0;1
2404002;Frutuoso Gomes;RN;Mapeado;2026-09;1;3;0;1;0;0;1;2;0;1;0;0;0;0;0;0;0;0;0;0;0;0;0;0;0;0;0;0;0;0;0;0;0;0
2404101;Galinhos;RN;Mapeado;2026-09;14;39;3;10;8;26;3;14;3;8;0;2;0;0;0;0;0;0;0;0;0;0;0;0;0;0;0;0;0;0;0;0;0;4
2404200;Goianinha;RN;Mapeado;2026-09;88;147;16;30;35;65;31;79;7;20;9;13;0;0;0;0;2;8;0;3;0;3;2;2;0;0;0;0;0;0;0;1;2;10
2404309;Governador Dix-Sept Rosado;RN;Mapeado;2026-09;12;28;0;4;7;15;5;17;0;3;0;1;0;0;0;0;0;1;0;0;0;3;0;0;0;1;0;0;0;0;0;0;0;1
2404408;Grossos;RN;Mapeado;2026-09;24;57;0;11;15;36;7;23;0;7;0;5;0;0;0;0;0;6;0;0;0;0;1;5;0;1;0;0;0;1;0;0;1;7
2404507;Guamaré;RN;Mapeado;2026-09;62;107;3;15;35;73;21;59;0;5;3;11;0;0;0;0;3;11;0;0;0;1;0;0;0;0;0;0;0;1;0;1;0;5
2404606;Ielmo Marinho;RN;Mapeado;2026-09;8;14;4;5;2;4;1;2;2;3;2;2;0;0;0;0;1;2;0;0;0;0;0;0;0;0;0;0;0;0;0;1;0;1
2404705;Ipanguaçu;RN;Mapeado;2026-09;21;45;2;8;7;14;9;20;0;7;2;4;0;0;0;0;2;12;0;0;0;1;1;2;0;1;0;0;0;1;0;0;0;5
2404804;Ipueira;RN;Mapeado;2026-09;4;11;0;4;3;7;1;7;0;4;0;0;0;0;0;0;0;2;0;1;0;1;0;0;0;0;0;0;0;0;0;0;0;1
2404853;Itajá;RN;Mapeado;2026-09;24;40;2;7;11;17;6;17;1;6;1;5;0;0;0;0;2;7;0;0;0;1;1;3;0;0;0;0;0;1;0;1;2;4
2404903;Itaú;RN;Mapeado;2026-09;5;9;0;2;2;2;2;3;0;1;0;1;0;0;0;0;0;3;0;0;0;0;1;1;0;0;0;0;0;0;0;0;0;0
2405108;Jandaíra;RN;Mapeado;2026-09;9;19;1;4;3;10;5;14;0;2;1;2;0;0;0;0;0;1;0;0;0;0;0;0;0;0;0;0;0;0;0;0;0;1
2405207;Janduís;RN;Mapeado;2026-09;3;30;0;3;0;9;2;7;0;2;0;1;0;0;0;0;0;5;0;4;1;4;0;0;0;0;0;0;0;0;0;0;0;8
2405306;Januário Cicco;RN;Mapeado;2026-09;6;16;0;2;4;7;2;9;0;0;0;2;0;0;0;0;0;3;0;0;0;0;0;0;0;0;0;0;0;0;0;1;0;2
2405405;Japi;RN;Mapeado;2026-09;5;9;2;3;1;4;2;6;0;1;2;3;0;0;0;0;0;1;0;0;0;0;0;0;0;0;0;0;0;0;0;0;0;0
2405504;Jardim de Angicos;RN;Mapeado;2026-09;1;2;0;1;1;1;0;0;0;0;0;1;0;0;0;0;0;0;0;0;0;0;0;0;0;0;0;0;0;0;0;0;0;1
2405603;Jardim de Piranhas;RN;Mapeado;2026-09;28;38;1;4;10;13;12;20;1;4;0;1;0;0;0;0;0;1;0;0;0;0;3;4;0;0;0;0;0;0;0;0;2;2
2405702;Jardim do Seridó;RN;Mapeado;2026-09;43;85;13;23;7;28;21;52;5;13;8;11;0;0;0;0;0;6;0;0;0;1;1;2;0;0;0;0;1;1;0;1;0;4
2405009;Jaçanã;RN;Mapeado;2026-09;9;19;0;4;5;9;4;9;0;4;0;0;0;0;0;0;0;1;0;0;0;0;0;0;0;0;0;0;0;0;0;0;0;0
2406007;José da Penha;RN;Mapeado;2026-09;5;13;1;6;3;7;1;6;1;5;0;2;0;0;0;0;0;2;0;0;0;0;0;1;0;0;0;0;0;1;0;0;0;2
2405801;João Câmara;RN;Mapeado;2026-09;114;204;13;34;42;90;51;120;8;22;5;15;0;0;0;0;5;13;0;0;0;0;2;6;0;2;0;0;0;2;0;0;1;8
2405900;João Dias;RN;Mapeado;2026-09;2;3;0;1;0;1;2;2;0;0;0;1;0;0;0;0;0;0;0;0;0;0;0;0;0;0;0;0;0;0;0;0;0;0
2406106;Jucurutu;RN;Mapeado;2026-09;53;83;6;25;21;36;22;60;2;16;4;13;0;0;1;1;1;7;0;0;0;2;1;3;1;2;0;0;0;0;0;0;0;1
2406155;Jundiá;RN;Mapeado;2026-09;6;8;1;1;4;5;1;2;0;0;1;1;0;0;0;0;0;1;0;0;0;0;0;0;0;0;0;0;0;0;0;0;0;1
2406502;Lagoa Nova;RN;Mapeado;2026-09;46;81;5;16;23;34;15;42;3;11;2;8;0;0;0;0;1;7;0;1;1;1;1;4;0;0;0;0;0;0;0;0;0;2
2406601;Lagoa Salgada;RN;Mapeado;2026-09;19;43;11;19;1;11;7;20;2;9;9;13;0;0;0;0;0;1;0;0;0;0;0;0;0;0;0;0;0;0;0;1;0;0
2406205;Lagoa d'Anta;RN;Mapeado;2026-09;2;4;0;1;0;1;0;0;0;1;0;0;0;0;0;0;2;2;0;0;0;0;0;0;0;0;0;0;0;0;0;0;0;1
2406304;Lagoa de Pedras;RN;Mapeado;2026-09;5;10;1;1;1;3;3;7;0;0;1;1;0;0;0;0;0;0;0;0;0;0;0;0;0;0;0;0;0;0;0;1;0;0
2406403;Lagoa de Velhos;RN;Mapeado;2026-09;7;18;1;5;0;6;4;11;0;3;1;2;0;0;0;0;1;1;0;0;0;0;1;1;0;0;0;0;0;0;0;0;0;3
2406700;Lajes;RN;Mapeado;2026-09;48;102;6;17;16;43;24;56;3;12;3;8;0;0;0;0;0;9;0;0;1;1;0;0;0;0;0;0;0;1;0;1;1;16
2406809;Lajes Pintadas;RN;Mapeado;2026-09;14;21;6;11;4;9;3;14;2;8;4;8;0;0;0;0;1;3;0;0;0;0;0;0;0;0;0;0;0;0;0;0;0;1
2406908;Lucrécia;RN;Mapeado;2026-09;12;24;2;6;3;9;6;13;1;5;1;2;0;0;0;0;0;1;0;0;0;0;1;1;0;0;0;0;0;1;0;1;0;1
2407005;Luís Gomes;RN;Mapeado;2026-09;9;17;1;5;3;9;4;8;0;4;1;1;0;0;0;0;0;1;0;0;0;1;0;0;0;0;0;0;0;0;0;0;1;1
2407203;Macau;RN;Mapeado;2026-09;140;228;11;47;66;128;53;140;6;32;5;24;0;0;0;0;5;20;0;0;0;1;2;5;0;0;0;0;0;0;0;1;3;14
2407104;Macaíba;RN;Mapeado;2026-09;177;297;26;52;62;107;75;163;9;23;17;32;0;0;0;0;3;23;0;1;0;1;10;12;1;1;0;0;0;1;0;2;0;19
2407252;Major Sales;RN;Mapeado;2026-09;7;16;2;8;4;5;0;2;1;4;1;4;0;0;0;0;0;2;0;1;0;1;0;1;1;1;0;0;0;0;0;0;0;4
2407302;Marcelino Vieira;RN;Mapeado;2026-09;15;30;4;12;2;10;8;18;3;11;1;2;0;0;0;0;1;6;0;0;0;0;0;0;0;0;0;0;0;0;0;0;0;0
2407401;Martins;RN;Mapeado;2026-09;49;84;6;25;24;48;17;40;4;19;2;12;0;0;0;0;0;7;0;0;0;0;0;1;0;0;0;0;0;1;0;1;2;8
2407500;Maxaranguape;RN;Mapeado;2026-09;43;83;7;20;19;39;15;39;5;12;2;11;0;0;0;0;0;5;0;0;0;1;0;3;1;3;0;0;0;0;0;0;1;11
2407609;Messias Targino;RN;Mapeado;2026-09;10;17;1;5;2;10;6;11;0;0;1;5;0;0;0;0;0;4;0;0;0;0;0;1;0;0;0;0;0;0;0;0;1;1
2407708;Montanhas;RN;Mapeado;2026-09;14;23;3;3;6;12;4;8;0;1;3;3;0;0;0;0;0;1;0;0;0;0;1;1;0;0;0;0;0;1;0;1;0;2
2407807;Monte Alegre;RN;Mapeado;2026-09;32;57;4;11;11;23;11;28;2;9;2;4;0;0;0;0;4;6;0;0;0;3;0;1;0;0;0;0;0;0;0;0;2;4
2407906;Monte das Gameleiras;RN;Mapeado;2026-09;12;24;1;4;4;16;5;13;1;3;0;1;0;0;0;0;0;4;0;0;0;0;0;0;0;0;0;0;0;0;0;0;2;3
2408003;Mossoró;RN;Mapeado;2026-09;1393;2238;68;356;581;1059;678;1463;36;272;32;139;0;0;0;10;14;154;1;11;1;32;26;32;3;11;0;0;0;5;4;14;17;108
2408102;Natal;RN;Mapeado;2026-09;4984;7978;473;1400;1917;3203;2222;4454;245;984;228;673;0;0;3;41;99;621;6;75;6;147;100;147;10;26;0;0;2;16;22;82;124;597
2408300;Nova Cruz;RN;Mapeado;2026-09;88;136;12;28;27;47;39;74;6;19;6;14;0;0;0;0;5;14;0;1;0;1;3;5;0;1;0;0;0;1;0;2;2;8
2408201;Nísia Floresta;RN;Mapeado;2026-09;189;265;22;73;107;148;41;111;15;57;7;31;0;0;0;0;4;21;0;1;1;4;5;5;3;5;0;0;0;0;0;1;6;17
2408409;Olho d'Água do Borges;RN;Mapeado;2026-09;11;17;3;7;2;5;4;10;2;5;1;3;0;0;0;0;1;4;0;0;0;0;0;0;0;0;0;0;0;0;0;0;1;3
2408508;Ouro Branco;RN;Mapeado;2026-09;10;20;4;8;2;5;4;16;1;4;3;5;0;0;0;0;0;4;0;0;0;0;0;0;0;0;0;0;0;1;0;1;0;3
2408607;Paraná;RN;Mapeado;2026-09;4;9;0;7;2;4;2;7;0;6;0;2;0;0;0;0;0;1;0;0;0;0;0;0;0;0;0;0;0;0;0;0;0;0
2408805;Parazinho;RN;Mapeado;2026-09;15;25;2;4;6;14;7;13;1;2;1;3;0;0;0;0;0;1;0;0;0;0;0;0;0;0;0;0;0;0;0;0;0;1
2408706;Paraú;RN;Mapeado;2026-09;7;8;0;0;4;4;2;3;0;0;0;0;0;0;0;0;0;0;0;0;0;0;1;1;0;0;0;0;0;0;0;0;0;0
2408904;Parelhas;RN;Mapeado;2026-09;87;174;19;50;28;62;27;80;10;34;9;26;0;0;0;1;4;17;0;1;0;3;6;6;0;1;0;0;0;0;2;4;1;17
2403251;Parnamirim;RN;Mapeado;2026-09;1346;2180;111;347;535;948;627;1316;60;246;51;157;0;0;0;2;17;138;0;11;1;20;25;32;1;4;1;3;0;3;2;14;26;133
2409100;Passa e Fica;RN;Mapeado;2026-09;39;63;8;18;10;24;21;40;5;12;3;8;0;0;0;0;0;1;0;0;0;1;0;0;0;0;0;0;0;0;0;0;0;5
2409209;Passagem;RN;Mapeado;2026-09;3;10;1;1;1;3;1;7;0;0;1;1;0;0;0;0;0;0;0;0;0;0;0;0;0;0;0;0;0;0;0;0;0;1
2409308;Patu;RN;Mapeado;2026-09;24;40;2;10;9;25;11;23;1;7;1;6;0;0;0;0;1;4;0;0;0;0;0;2;0;0;0;0;0;0;1;1;0;2
2409407;Pau dos Ferros;RN;Mapeado;2026-09;162;248;39;86;54;113;65;144;28;60;11;42;0;0;0;3;0;16;0;0;0;2;3;6;0;0;0;0;0;0;0;1;1;9
2409506;Pedra Grande;RN;Mapeado;2026-09;7;11;0;1;6;8;1;4;0;0;0;1;0;0;0;0;0;1;0;0;0;0;0;0;0;0;0;0;0;0;0;0;0;0
2409605;Pedra Preta;RN;Mapeado;2026-09;1;3;0;2;1;2;0;3;0;1;0;1;0;0;0;0;0;0;0;0;0;0;0;0;0;0;0;0;0;0;0;0;0;0
2409704;Pedro Avelino;RN;Mapeado;2026-09;11;20;1;6;7;12;3;11;1;3;0;4;0;0;0;0;0;1;0;0;0;0;0;0;0;0;0;0;0;0;0;0;0;0
2409803;Pedro Velho;RN;Mapeado;2026-09;22;35;4;8;3;4;12;20;1;4;3;5;0;0;0;0;2;4;0;0;0;1;0;1;1;1;0;0;0;0;0;0;0;2
2409902;Pendências;RN;Mapeado;2026-09;32;49;7;12;12;27;11;23;5;9;2;6;0;0;0;0;1;3;0;0;0;0;0;0;0;0;0;0;1;1;0;0;0;1
2410009;Pilões;RN;Mapeado;2026-09;5;7;1;1;2;4;1;3;0;0;1;1;0;0;0;0;0;2;0;0;0;0;0;0;0;0;0;0;0;0;0;0;1;2
2410207;Portalegre;RN;Mapeado;2026-09;20;39;5;15;9;17;5;12;3;8;2;9;0;0;0;0;0;3;0;0;0;0;0;0;0;3;0;0;0;0;0;0;1;7
2410256;Porto do Mangue;RN;Mapeado;2026-09;9;23;1;5;4;14;4;13;1;3;0;3;0;0;0;0;0;1;0;0;0;0;0;0;0;0;0;0;0;0;0;2;0;0
2410108;Poço Branco;RN;Mapeado;2026-09;22;35;5;13;7;14;7;15;3;9;2;6;0;0;0;0;2;5;0;0;0;0;0;0;0;0;0;0;1;2;0;0;0;0
2410405;Pureza;RN;Mapeado;2026-09;17;28;5;8;6;17;4;11;4;6;1;3;0;0;0;0;0;4;0;0;0;0;0;0;1;1;0;0;0;0;0;0;1;2
2410504;Rafael Fernandes;RN;Mapeado;2026-09;12;20;0;5;5;9;4;10;0;5;0;1;0;0;0;0;0;0;0;0;0;0;2;2;0;0;0;0;0;1;0;0;1;1
2410603;Rafael Godeiro;RN;Mapeado;2026-09;1;6;0;2;0;2;0;3;0;0;0;2;0;0;0;1;0;1;0;0;0;0;1;1;0;0;0;0;0;0;0;0;0;0
2410702;Riacho da Cruz;RN;Mapeado;2026-09;3;8;0;0;2;5;1;5;0;0;0;0;0;0;0;1;0;2;0;0;0;0;0;0;0;0;0;0;0;0;0;0;0;0
2410801;Riacho de Santana;RN;Mapeado;2026-09;5;9;2;5;1;1;1;3;1;5;1;1;0;0;0;0;0;0;0;0;0;0;1;2;0;0;0;0;0;0;0;0;0;1
2410900;Riachuelo;RN;Mapeado;2026-09;22;32;3;9;9;13;9;14;2;7;1;5;0;0;0;1;1;5;0;0;0;0;0;0;0;0;0;0;0;0;0;0;0;2
2408953;Rio do Fogo;RN;Mapeado;2026-09;39;58;2;11;24;35;7;14;1;7;1;6;0;0;0;2;3;7;0;0;0;0;1;1;1;2;0;0;0;0;0;0;1;11
2411007;Rodolfo Fernandes;RN;Mapeado;2026-09;12;18;4;7;2;10;6;12;2;6;2;3;0;0;0;0;0;2;0;0;0;0;0;1;0;0;0;0;0;0;0;0;0;0
2411106;Ruy Barbosa;RN;Mapeado;2026-09;7;10;3;4;2;4;2;8;3;4;0;0;0;0;0;0;0;0;0;0;0;0;0;0;0;0;0;0;0;0;0;0;0;0
2411205;Santa Cruz;RN;Mapeado;2026-09;124;201;9;28;46;92;60;106;7;22;2;11;0;0;0;0;2;14;0;1;0;0;1;5;0;3;0;0;0;3;1;2;5;14
2409332;Santa Maria;RN;Mapeado;2026-09;17;27;1;4;8;14;7;15;0;2;1;3;0;0;0;0;1;1;0;0;0;0;0;0;0;0;0;0;0;0;0;0;0;0
2411403;Santana do Matos;RN;Mapeado;2026-09;21;42;3;12;9;17;8;27;3;9;0;3;0;0;0;0;0;4;0;0;0;0;1;2;0;0;0;0;0;0;0;0;0;3
2411429;Santana do Seridó;RN;Mapeado;2026-09;4;7;0;3;1;2;2;3;0;3;0;0;0;0;0;0;0;0;0;0;0;0;1;1;0;0;0;0;0;0;0;0;0;1
2411502;Santo Antônio;RN;Mapeado;2026-09;37;69;5;13;17;33;11;24;0;7;5;8;0;0;0;0;1;8;0;0;0;0;0;1;1;1;0;0;0;0;1;3;1;8
2413102;Senador Elói de Souza;RN;Mapeado;2026-09;9;24;1;3;3;10;4;12;1;3;0;2;0;0;0;1;0;1;0;0;0;0;1;1;0;0;0;0;0;1;0;0;0;5
2413201;Senador Georgino Avelino;RN;Mapeado;2026-09;9;12;1;4;5;7;3;7;0;1;1;3;0;0;0;0;0;1;0;0;0;0;0;0;0;0;0;0;0;0;0;0;0;0
2410306;Serra Caiada;RN;Mapeado;2026-09;19;31;2;8;4;7;11;20;2;6;0;3;0;0;0;0;1;3;0;0;1;1;0;0;0;0;0;0;0;0;0;0;0;0
2413409;Serra Negra do Norte;RN;Mapeado;2026-09;14;23;1;7;4;8;6;14;1;4;0;6;0;0;0;0;0;1;0;0;0;0;3;4;0;0;0;0;0;0;0;0;0;3
2413300;Serra de São Bento;RN;Mapeado;2026-09;19;44;1;10;12;23;5;18;0;9;1;4;0;0;0;0;1;8;0;0;0;0;0;0;0;0;0;0;0;0;0;0;0;3
2413359;Serra do Mel;RN;Mapeado;2026-09;24;47;1;7;14;22;6;31;1;6;0;3;0;0;0;0;0;4;0;0;0;1;3;3;0;0;0;0;0;0;0;0;0;1
2413508;Serrinha;RN;Mapeado;2026-09;5;9;1;3;3;4;1;6;1;2;0;1;0;0;0;0;0;0;0;0;0;1;0;0;0;0;0;0;0;0;0;0;0;1
2413557;Serrinha dos Pintos;RN;Mapeado;2026-09;16;21;3;5;5;8;8;15;1;3;2;2;0;0;0;0;0;1;0;0;0;0;0;0;0;0;0;0;0;0;0;0;0;0
2413607;Severiano Melo;RN;Mapeado;2026-09;12;18;2;6;6;7;4;9;1;4;1;2;0;0;0;0;0;1;0;0;0;0;0;0;0;1;0;0;0;0;0;0;0;1
2411601;São Bento do Norte;RN;Mapeado;2026-09;13;24;2;6;6;16;3;8;0;3;2;5;0;0;0;0;1;2;0;0;0;0;0;0;1;1;0;0;0;0;0;0;0;0
2411700;São Bento do Trairí;RN;Mapeado;2026-09;3;10;2;5;1;3;0;5;0;2;2;4;0;0;0;0;0;2;0;0;0;0;0;0;0;1;0;0;0;0;0;0;0;1
2411809;São Fernando;RN;Mapeado;2026-09;24;31;3;4;7;10;9;17;2;3;1;1;0;0;0;1;2;4;0;0;0;0;2;2;0;1;0;0;1;2;0;0;0;4
2411908;São Francisco do Oeste;RN;Mapeado;2026-09;6;8;0;3;4;4;1;4;0;2;0;3;0;0;0;0;0;0;0;0;0;0;1;1;0;0;0;0;0;0;0;0;0;0
2412005;São Gonçalo do Amarante;RN;Mapeado;2026-09;444;640;36;100;147;239;210;383;22;77;14;38;0;0;0;1;17;42;0;0;1;6;17;20;1;1;0;0;1;1;0;1;14;43
2412203;São José de Mipibu;RN;Mapeado;2026-09;120;193;9;36;50;80;53;110;2;21;7;21;0;0;0;0;3;14;0;0;0;4;3;4;0;1;0;0;0;0;0;0;2;11
2412302;São José do Campestre;RN;Mapeado;2026-09;14;32;3;9;2;11;6;13;1;8;2;4;0;0;0;0;1;4;0;0;0;1;1;1;0;0;0;0;0;0;0;1;1;3
2412401;São José do Seridó;RN;Mapeado;2026-09;12;20;1;3;7;8;4;9;1;2;0;1;0;0;0;0;0;0;0;0;0;0;0;1;0;0;0;0;0;0;0;0;0;2
2412104;São João do Sabugi;RN;Mapeado;2026-09;12;28;1;14;3;14;7;18;0;10;1;7;0;0;0;0;0;4;0;0;0;0;0;0;0;0;0;0;0;0;0;0;1;2
2412500;São Miguel;RN;Mapeado;2026-09;77;134;12;45;33;80;27;70;7;35;5;21;0;0;0;2;2;16;0;0;1;1;0;0;0;1;0;0;0;0;0;1;2;6
2412559;São Miguel do Gostoso;RN;Mapeado;2026-09;123;219;12;67;69;143;36;82;4;42;8;33;0;0;0;0;3;22;0;1;0;1;2;2;1;2;0;0;0;1;0;0;0;10
2412609;São Paulo do Potengi;RN;Mapeado;2026-09;62;93;12;23;18;33;23;44;5;12;7;12;0;0;0;0;6;14;0;0;0;0;0;1;1;2;0;0;0;0;0;0;2;4
2412708;São Pedro;RN;Mapeado;2026-09;9;14;1;4;4;8;4;9;1;4;0;0;0;0;0;0;0;0;0;0;0;1;0;0;0;0;0;0;0;0;0;0;0;1
2412807;São Rafael;RN;Mapeado;2026-09;12;29;0;3;2;4;10;24;0;1;0;2;0;0;0;0;0;1;0;0;0;0;0;1;0;0;0;0;0;0;0;0;0;1
2412906;São Tomé;RN;Mapeado;2026-09;29;57;5;11;8;29;12;27;4;7;1;5;0;0;0;0;3;8;0;0;0;0;0;2;0;0;0;0;1;1;0;0;0;4
2413003;São Vicente;RN;Mapeado;2026-09;11;20;6;11;0;3;3;6;5;9;1;2;0;0;0;0;2;3;0;0;0;0;0;0;0;0;0;0;0;0;0;0;0;0
2413706;Sítio Novo;RN;Mapeado;2026-09;7;16;2;4;1;3;3;9;2;3;0;1;0;0;0;0;1;2;0;0;0;0;0;0;0;0;0;0;0;0;0;0;0;1
2413805;Taboleiro Grande;RN;Mapeado;2026-09;4;10;1;4;0;3;2;6;0;0;1;4;0;0;0;0;1;1;0;0;0;0;0;0;0;0;0;0;0;0;0;0;0;0
2413904;Taipu;RN;Mapeado;2026-09;16;24;3;6;2;3;10;16;0;2;3;4;0;0;0;0;1;4;0;0;0;0;0;0;0;0;0;0;0;0;0;0;0;0
2414001;Tangará;RN;Mapeado;2026-09;39;63;4;13;10;23;24;42;2;11;2;2;0;0;0;0;1;6;0;0;0;0;0;0;0;0;0;0;0;1;0;0;0;7
2414100;Tenente Ananias;RN;Mapeado;2026-09;9;24;2;4;4;8;2;11;1;2;1;2;0;0;0;0;1;1;0;0;0;0;0;2;0;0;0;0;0;0;0;1;0;6
2414159;Tenente Laurentino Cruz;RN;Mapeado;2026-09;13;22;2;5;6;12;5;12;2;3;0;2;0;0;0;0;0;3;0;0;0;0;0;0;0;0;0;0;0;0;0;0;0;3
2411056;Tibau;RN;Mapeado;2026-09;73;108;9;29;40;72;23;48;3;17;6;17;0;0;0;1;1;7;0;0;0;1;0;0;0;2;0;0;0;0;0;1;0;2
2414209;Tibau do Sul;RN;Mapeado;2026-09;425;623;47;235;266;416;100;266;28;168;19;98;0;0;1;4;8;39;0;0;0;4;1;2;0;1;0;0;0;0;0;0;2;27
2414308;Timbaúba dos Batistas;RN;Mapeado;2026-09;3;8;0;1;1;4;2;6;0;0;0;1;0;0;0;0;0;2;0;0;0;0;0;0;0;0;0;0;0;0;0;0;0;0
2414407;Touros;RN;Mapeado;2026-09;81;136;8;32;38;79;32;62;7;22;1;18;0;0;0;1;1;11;0;0;0;1;1;3;0;2;0;0;0;0;1;2;0;9
2414456;Triunfo Potiguar;RN;Mapeado;2026-09;3;7;0;1;1;1;2;4;0;1;0;1;0;0;0;0;0;1;0;0;0;0;0;0;0;0;0;0;0;0;0;0;0;1
2414506;Umarizal;RN;Mapeado;2026-09;30;55;3;13;10;22;13;32;2;10;1;9;0;0;0;0;0;6;0;0;0;0;2;2;1;1;0;0;0;0;1;1;0;6
2414605;Upanema;RN;Mapeado;2026-09;30;54;6;21;10;26;12;32;1;14;5;14;0;0;0;1;2;15;0;0;0;1;0;1;0;0;0;0;0;0;0;0;0;0
2414753;Venha-Ver;RN;Mapeado;2026-09;3;5;0;3;2;4;1;2;0;3;0;0;0;0;0;0;0;0;0;0;0;0;0;0;0;0;0;0;0;0;0;0;0;0
2414803;Vera Cruz;RN;Mapeado;2026-09;25;36;4;11;6;18;13;22;1;7;3;9;0;0;0;0;2;2;0;0;0;0;0;0;0;0;0;0;0;0;0;0;0;3
2415008;Vila Flor;RN;Mapeado;2026-09;5;9;0;2;3;7;2;5;0;0;0;2;0;0;0;0;0;1;0;0;0;0;0;1;0;0;0;0;0;0;0;0;0;0
2414902;Viçosa;RN;Mapeado;2026-09;5;7;1;1;2;3;1;3;0;0;1;1;0;0;0;0;0;0;0;0;0;0;1;1;0;0;0;0;0;0;0;0;0;1
2414704;Várzea;RN;Mapeado;2026-09;4;11;0;0;2;2;2;9;0;0;0;0;0;0;0;0;0;0;0;0;0;0;0;0;0;0;0;0;0;0;0;0;0;1
2400406;Água Nova;RN;Mapeado;2026-09;4;5;0;1;1;1;3;4;0;1;0;0;0;0;0;0;0;0;0;0;0;0;0;0;0;0;0;0;0;0;0;0;0;0
1100015;Alta Floresta D'Oeste;RO;Mapeado;2026-09;54;156;10;56;15;50;20;97;7;40;3;28;0;0;0;1;3;17;0;1;0;1;3;7;0;0;0;0;0;3;0;1;3;10
1100379;Alto Alegre dos Parecis;RO;Mapeado;2026-09;39;69;8;22;10;23;16;47;5;14;3;12;0;0;0;0;1;7;0;0;0;0;2;3;1;2;0;0;0;1;0;1;1;8
1100403;Alto Paraíso;RO;Mapeado;2026-09;56;89;18;27;14;26;22;58;3;9;15;21;0;0;0;1;1;3;0;0;0;0;1;2;0;0;0;0;0;2;0;1;0;2
1100346;Alvorada D'Oeste;RO;Mapeado;2026-09;45;114;9;36;10;46;21;78;3;24;6;24;0;0;0;0;3;21;0;0;0;0;2;3;0;0;0;0;0;1;0;2;0;3
1100023;Ariquemes;RO;Mapeado;2026-09;502;928;59;225;152;322;255;638;34;166;25;89;0;0;3;6;15;47;1;4;1;5;10;23;1;4;0;0;1;9;2;9;2;53
1100452;Buritis;RO;Mapeado;2026-09;143;261;32;86;34;88;62;187;23;65;9;39;0;0;0;2;9;23;0;1;0;0;5;8;0;2;0;0;0;9;0;3;1;11
1100031;Cabixi;RO;Mapeado;2026-09;16;50;5;26;3;18;6;37;3;20;2;11;0;0;0;0;1;7;0;0;0;0;1;2;0;0;0;0;0;1;0;1;0;4
1100601;Cacaulândia;RO;Mapeado;2026-09;9;23;3;9;2;13;4;17;2;8;1;5;0;0;0;0;0;2;0;0;0;0;0;1;0;0;0;0;0;0;0;0;0;0
1100049;Cacoal;RO;Mapeado;2026-09;425;808;49;208;156;348;184;544;33;164;16;79;0;0;2;4;12;55;2;6;0;3;14;22;2;2;1;1;0;6;0;7;3;52
1100700;Campo Novo de Rondônia;RO;Mapeado;2026-09;33;70;11;32;9;33;12;56;7;25;4;15;0;0;0;0;0;2;0;0;0;0;1;1;0;0;0;0;0;5;0;0;0;1
1100809;Candeias do Jamari;RO;Mapeado;2026-09;73;188;12;55;34;88;23;125;4;35;8;33;0;0;0;0;2;23;0;1;0;0;0;1;0;0;0;0;1;4;0;1;1;13
1100908;Castanheiras;RO;Mapeado;2026-09;10;20;2;8;3;8;4;11;2;5;0;5;0;0;0;0;0;0;0;0;0;0;1;1;0;0;0;0;0;0;0;0;0;1
1100056;Cerejeiras;RO;Mapeado;2026-09;83;176;24;71;18;43;34;133;14;54;10;34;0;0;0;0;3;13;0;0;0;0;2;3;0;0;0;0;0;11;0;1;2;13
1100924;Chupinguaia;RO;Mapeado;2026-09;40;129;9;30;10;55;18;104;2;14;7;19;0;0;0;1;1;7;0;0;0;0;0;0;1;1;0;0;0;2;0;2;1;4
1100064;Colorado do Oeste;RO;Mapeado;2026-09;58;126;15;59;11;39;26;90;7;49;8;30;0;0;1;2;1;13;0;0;0;0;4;4;0;0;0;0;0;4;0;1;0;2
1100072;Corumbiara;RO;Mapeado;2026-09;32;77;10;32;11;32;9;61;5;22;5;15;0;0;0;0;2;9;0;0;0;0;0;1;0;0;0;0;0;4;0;1;0;6
1100080;Costa Marques;RO;Mapeado;2026-09;43;104;4;23;16;45;18;71;2;15;2;8;0;0;1;2;1;17;0;0;0;0;0;4;0;0;0;0;0;5;0;2;3;11
1100940;Cujubim;RO;Mapeado;2026-09;83;165;26;49;16;38;38;129;4;14;22;37;0;0;0;0;0;7;0;0;0;0;3;5;0;0;0;0;0;4;0;1;0;5
1100098;Espigão D'Oeste;RO;Mapeado;2026-09;97;172;21;55;18;40;49;115;13;40;8;22;0;0;0;1;2;12;0;1;0;0;4;8;0;0;0;0;0;5;0;0;3;5
1101005;Governador Jorge Teixeira;RO;Mapeado;2026-09;15;47;2;15;3;15;9;37;1;13;1;6;0;0;0;0;1;2;0;0;0;0;0;1;0;0;0;0;0;2;0;0;0;1
1100106;Guajará-Mirim;RO;Mapeado;2026-09;171;325;34;112;67;157;58;159;9;74;25;69;0;0;0;1;6;46;0;1;0;3;2;3;0;1;0;0;1;10;1;6;2;19
1101104;Itapuã do Oeste;RO;Mapeado;2026-09;48;97;10;32;16;46;20;74;2;20;8;15;0;0;0;0;2;7;0;0;0;1;0;3;0;0;0;0;0;4;0;0;0;2
1100114;Jaru;RO;Mapeado;2026-09;229;487;33;169;83;212;95;363;19;140;14;74;0;0;1;3;5;41;1;3;0;2;7;13;2;3;0;0;0;10;1;5;1;28
1100122;Ji-Paraná;RO;Mapeado;2026-09;796;1619;96;405;288;667;353;1123;40;289;56;193;0;0;4;17;28;159;2;5;0;11;17;30;1;4;1;2;0;19;2;20;4;102
1100130;Machadinho D'Oeste;RO;Mapeado;2026-09;182;286;51;135;40;96;78;207;27;90;24;67;0;0;0;2;7;26;0;0;0;0;5;7;0;2;0;0;0;5;0;1;1;9
1101203;Ministro Andreazza;RO;Mapeado;2026-09;15;35;4;8;5;12;6;25;1;2;3;6;0;0;0;0;0;3;0;0;0;0;0;0;0;0;0;0;0;3;0;0;0;3
1101302;Mirante da Serra;RO;Mapeado;2026-09;33;86;9;24;8;24;14;51;6;18;3;8;0;0;0;1;2;10;0;0;0;0;0;1;0;0;0;0;0;3;0;2;0;10
1101401;Monte Negro;RO;Mapeado;2026-09;55;95;13;39;16;29;23;63;9;29;4;16;0;0;0;1;1;9;0;0;0;0;0;2;0;0;0;0;0;5;1;2;1;6
1100148;Nova Brasilândia D'Oeste;RO;Mapeado;2026-09;53;112;9;38;15;46;23;89;4;34;5;25;0;0;0;0;2;11;0;0;0;0;4;6;0;0;0;0;0;6;0;0;0;5
1100338;Nova Mamoré;RO;Mapeado;2026-09;116;195;22;46;44;98;41;123;9;25;13;27;0;0;0;0;4;8;0;0;0;1;3;3;0;0;0;0;0;3;0;1;2;8
1101435;Nova União;RO;Mapeado;2026-09;22;58;5;18;2;22;14;47;1;11;4;14;0;0;0;0;0;6;0;0;0;0;1;2;0;2;0;0;0;2;0;0;0;4
1100502;Novo Horizonte do Oeste;RO;Mapeado;2026-09;18;37;3;11;9;15;6;22;2;8;1;6;0;0;0;0;0;0;0;0;0;0;0;0;0;0;0;0;0;0;0;0;0;1
1100155;Ouro Preto do Oeste;RO;Mapeado;2026-09;223;470;47;164;69;183;91;333;22;125;25;77;0;0;0;1;12;40;0;0;0;1;4;11;0;1;0;0;0;10;0;1;0;48
1101450;Parecis;RO;Mapeado;2026-09;16;34;4;9;7;11;5;27;2;6;2;4;0;0;0;0;0;0;0;0;0;0;0;0;0;0;0;0;0;5;0;0;0;0
1100189;Pimenta Bueno;RO;Mapeado;2026-09;221;345;20;71;79;120;102;240;11;43;9;35;0;0;0;1;9;19;0;0;0;1;3;8;1;2;0;0;1;7;0;3;6;15
1101468;Pimenteiras do Oeste;RO;Mapeado;2026-09;16;49;4;21;4;24;7;35;2;10;2;13;0;0;0;0;1;5;0;0;0;0;0;0;0;0;0;0;0;3;0;0;0;5
1100205;Porto Velho;RO;Mapeado;2026-09;2734;4801;251;1016;1224;2222;1060;2859;120;686;131;460;0;0;13;60;61;364;3;35;6;70;49;91;1;23;1;3;3;46;8;53;54;303
1100254;Presidente Médici;RO;Mapeado;2026-09;95;176;19;56;31;69;38;132;4;30;15;33;0;0;0;0;1;19;0;0;0;0;3;4;0;1;0;0;0;2;0;2;3;11
1101476;Primavera de Rondônia;RO;Mapeado;2026-09;14;22;5;8;3;5;4;13;4;5;1;3;0;0;0;0;0;2;0;0;0;0;1;1;0;0;0;0;0;1;0;0;1;1
1100262;Rio Crespo;RO;Mapeado;2026-09;14;28;5;8;5;10;4;20;1;3;4;6;0;0;0;0;0;2;0;0;0;0;0;0;0;0;0;0;0;2;0;0;0;0
1100288;Rolim de Moura;RO;Mapeado;2026-09;266;499;40;119;80;174;118;334;27;97;13;40;0;0;0;1;9;38;1;2;0;2;9;21;0;2;0;1;1;7;3;3;5;35
1100296;Santa Luzia D'Oeste;RO;Mapeado;2026-09;20;41;6;14;4;9;9;31;5;10;1;5;0;0;0;0;0;3;0;0;0;0;1;2;0;0;0;0;0;0;0;1;0;3
1101500;Seringueiras;RO;Mapeado;2026-09;35;85;5;32;16;38;12;60;1;16;4;26;0;0;0;0;2;18;0;0;0;0;0;1;0;4;0;0;0;1;0;0;0;3
1101484;São Felipe D'Oeste;RO;Mapeado;2026-09;9;31;1;8;3;10;3;19;0;5;1;3;0;0;0;0;1;4;0;0;0;0;1;2;0;0;0;1;0;3;0;2;0;1
1101492;São Francisco do Guaporé;RO;Mapeado;2026-09;69;189;18;70;12;78;34;130;9;49;9;31;0;0;0;3;1;36;0;0;0;3;4;6;0;0;0;1;0;10;0;1;0;12
1100320;São Miguel do Guaporé;RO;Mapeado;2026-09;84;204;10;64;26;81;40;160;6;50;4;33;0;0;0;0;5;27;0;0;0;3;3;4;0;0;0;0;0;4;0;2;0;8
1101559;Teixeirópolis;RO;Mapeado;2026-09;13;34;2;11;2;10;7;25;1;5;1;7;0;0;0;0;1;2;0;0;0;0;0;0;1;1;0;0;0;1;0;0;0;4
1101609;Theobroma;RO;Mapeado;2026-09;21;47;4;15;6;20;10;35;1;9;3;6;0;0;0;0;1;6;0;0;0;0;0;0;0;0;0;0;0;1;0;0;0;1
1101708;Urupá;RO;Mapeado;2026-09;41;75;6;21;10;22;22;56;2;6;4;16;0;0;0;0;3;7;0;0;0;0;0;1;0;0;0;0;0;2;0;0;0;2
1101757;Vale do Anari;RO;Mapeado;2026-09;31;59;9;17;10;22;8;42;4;13;5;12;0;0;0;0;2;6;0;0;0;0;1;1;0;0;0;0;0;1;0;1;1;2
1101807;Vale do Paraíso;RO;Mapeado;2026-09;18;34;4;12;4;6;10;32;2;9;2;9;0;0;0;0;0;5;0;0;0;1;0;0;0;0;0;0;0;0;0;0;0;2
1100304;Vilhena;RO;Mapeado;2026-09;631;1161;60;289;231;512;292;852;19;202;41;156;0;0;0;7;13;81;1;4;0;10;18;31;0;2;0;6;0;28;3;13;13;67
1400050;Alto Alegre;RR;Mapeado;2026-09;45;115;8;52;12;42;15;69;6;35;2;31;0;0;0;1;6;18;0;1;1;2;3;3;0;0;0;0;0;3;0;0;0;4
1400027;Amajari;RR;Mapeado;2026-09;30;64;8;22;14;41;6;42;1;12;7;18;0;0;0;0;2;12;0;0;0;1;0;1;0;0;0;0;0;0;0;0;0;2
1400100;Boa Vista;RR;Mapeado;2026-09;2716;5474;417;1549;1074;2538;976;3182;173;1028;244;866;0;0;6;55;75;700;4;57;0;97;72;125;10;20;1;10;0;56;6;58;75;410
1400159;Bonfim;RR;Mapeado;2026-09;68;143;16;49;28;64;24;111;3;33;13;40;0;0;0;0;0;18;0;0;0;0;0;1;0;0;0;0;0;6;0;0;0;6
1400175;Cantá;RR;Mapeado;2026-09;26;95;9;35;12;45;5;58;3;24;6;21;0;0;0;2;0;8;0;1;0;6;0;0;0;0;0;0;0;0;0;1;0;7
1400209;Caracaraí;RR;Mapeado;2026-09;88;196;32;77;23;85;24;121;10;43;22;55;0;0;0;1;3;27;0;1;0;1;0;3;0;0;0;0;0;4;1;4;5;22
1400233;Caroebe;RR;Mapeado;2026-09;20;71;8;21;4;28;6;38;2;11;6;13;0;0;0;0;1;14;0;0;0;1;0;1;0;0;0;0;0;2;0;0;1;1
1400282;Iracema;RR;Mapeado;2026-09;12;63;2;13;2;26;8;30;0;5;2;11;0;0;0;0;0;22;0;0;0;5;0;6;0;0;0;0;0;0;0;0;0;4
1400308;Mucajaí;RR;Mapeado;2026-09;78;176;33;83;18;68;24;94;12;54;21;58;0;0;0;0;0;14;0;0;0;0;1;2;0;0;0;0;0;10;0;1;2;7
1400407;Normandia;RR;Mapeado;2026-09;9;30;3;6;5;16;1;10;1;3;2;3;0;0;0;0;0;6;0;0;0;0;0;0;0;0;0;0;0;0;0;0;0;3
1400456;Pacaraima;RR;Mapeado;2026-09;63;136;7;30;32;71;23;88;3;19;4;13;0;0;0;0;1;12;0;0;0;1;0;2;0;0;0;0;0;4;0;1;0;2
1400472;Rorainópolis;RR;Mapeado;2026-09;189;373;106;181;42;194;37;214;52;118;54;100;0;0;0;4;1;41;0;1;0;5;1;6;0;0;0;0;0;19;0;15;2;22
1400506;São João da Baliza;RR;Mapeado;2026-09;25;74;11;29;6;31;6;43;6;21;5;13;0;0;0;0;2;12;0;0;0;2;0;0;0;0;0;0;0;0;0;1;0;1
1400605;São Luiz do Anauá;RR;Mapeado;2026-09;21;59;7;19;6;25;4;34;2;8;5;12;0;0;0;0;2;9;0;0;0;1;0;0;0;0;0;0;0;2;0;0;2;4
1400704;Uiramutã;RR;Mapeado;2026-09;21;45;5;22;9;22;7;23;1;11;4;15;0;0;0;0;0;2;0;0;0;0;0;0;0;0;0;0;0;1;0;2;0;1
4300034;Aceguá;RS;Mapeado;2026-09;30;49;3;15;12;16;15;36;2;12;1;3;0;0;0;0;0;1;0;1;0;1;0;1;0;0;0;0;0;3;0;0;0;0
4300109;Agudo;RS;Mapeado;2026-09;102;165;28;61;15;31;41;103;17;35;11;29;0;0;0;0;4;11;0;0;0;0;10;11;0;0;0;0;0;12;0;1;4;13
4300208;Ajuricaba;RS;Mapeado;2026-09;40;62;15;33;3;11;11;26;8;20;7;14;0;0;0;0;0;1;0;0;0;0;6;6;0;0;0;0;0;2;0;0;5;7
4300307;Alecrim;RS;Mapeado;2026-09;24;42;4;15;7;11;3;15;2;10;2;5;0;0;0;2;0;2;0;0;0;0;6;6;0;0;0;0;1;4;0;0;3;4
4300406;Alegrete;RS;Mapeado;2026-09;358;617;67;189;53;114;176;388;40;128;27;70;0;0;3;11;18;46;1;2;0;3;32;38;1;2;0;1;0;31;0;7;7;34
4300455;Alegria;RS;Mapeado;2026-09;19;31;8;14;2;5;6;16;3;8;5;7;0;0;0;0;0;1;0;0;0;0;3;3;0;0;0;0;0;4;0;1;0;3
4300471;Almirante Tamandaré do Sul;RS;Mapeado;2026-09;8;16;3;8;1;3;2;11;2;5;1;3;0;0;0;0;0;0;0;0;0;0;1;1;0;0;0;0;0;0;0;0;1;2
4300505;Alpestre;RS;Mapeado;2026-09;34;58;14;34;2;9;6;20;13;28;1;9;0;0;0;0;0;2;0;0;0;1;8;9;0;0;0;0;0;6;0;0;4;8
4300554;Alto Alegre;RS;Mapeado;2026-09;16;26;1;12;7;10;2;12;1;8;0;4;0;0;0;0;0;1;0;0;0;0;4;5;0;0;0;0;0;2;0;0;2;3
4300570;Alto Feliz;RS;Mapeado;2026-09;22;40;7;19;3;10;5;17;6;14;1;5;0;0;0;0;0;2;0;0;0;0;6;6;0;0;0;0;0;0;0;0;1;6
4300604;Alvorada;RS;Mapeado;2026-09;970;1567;116;325;290;546;490;1052;74;248;42;108;0;0;2;7;37;93;0;1;0;2;14;17;0;2;0;1;1;31;1;8;19;79
4300638;Amaral Ferrador;RS;Mapeado;2026-09;18;46;3;19;3;10;8;32;2;11;1;8;0;0;0;0;0;3;0;0;0;0;4;4;0;0;0;0;0;8;0;0;0;2
4300646;Ametista do Sul;RS;Mapeado;2026-09;54;127;14;53;22;59;10;60;7;38;7;18;0;0;0;0;0;3;0;0;0;1;4;4;1;2;1;1;0;1;0;0;2;5
4300661;André da Rocha;RS;Mapeado;2026-09;7;15;1;7;2;5;4;10;1;7;0;1;0;0;0;0;0;0;0;0;0;0;0;0;0;0;0;0;0;0;0;0;0;1
4300703;Anta Gorda;RS;Mapeado;2026-09;40;73;15;31;6;14;13;37;11;27;4;6;0;0;0;1;2;7;0;0;0;0;4;13;0;0;0;0;0;2;0;0;0;4
4300802;Antônio Prado;RS;Mapeado;2026-09;94;176;23;81;27;65;28;117;19;61;4;23;0;0;0;5;1;12;0;1;0;3;12;13;2;2;0;0;0;5;0;1;1;7
4300851;Arambaré;RS;Mapeado;2026-09;59;104;10;39;15;33;31;78;5;27;5;12;0;0;0;1;0;4;0;0;0;0;3;3;0;0;0;0;0;2;0;1;0;3
4300877;Araricá;RS;Mapeado;2026-09;44;79;6;23;15;29;19;59;3;17;3;8;0;0;0;1;3;10;0;0;0;1;0;0;0;1;0;0;0;3;0;0;1;6
4300901;Aratiba;RS;Mapeado;2026-09;43;105;17;60;12;37;4;58;14;53;3;14;0;0;0;0;0;1;0;0;0;2;9;9;0;1;0;1;0;2;0;0;1;10
4301305;Arroio Grande;RS;Mapeado;2026-09;89;175;15;47;18;42;40;117;11;35;4;13;0;0;0;0;3;6;0;0;0;2;10;10;0;1;0;0;1;5;1;2;1;9
4301008;Arroio do Meio;RS;Mapeado;2026-09;126;225;23;70;30;63;35;120;19;54;4;18;0;0;0;1;7;21;0;2;1;3;26;30;1;2;0;0;0;4;0;0;3;23
4301073;Arroio do Padre;RS;Mapeado;2026-09;8;18;1;5;6;9;0;11;0;3;1;2;0;0;0;0;0;1;0;0;0;0;0;0;0;0;0;0;0;0;0;0;1;3
4301057;Arroio do Sal;RS;Mapeado;2026-09;178;291;28;82;60;106;77;191;18;53;10;36;0;0;0;3;1;10;0;1;0;4;7;7;0;1;0;0;0;12;0;0;5;18
4301206;Arroio do Tigre;RS;Mapeado;2026-09;85;150;25;55;20;44;21;84;15;41;10;20;0;0;1;3;1;9;0;0;0;0;13;13;0;0;0;0;0;6;0;0;4;17
4301107;Arroio dos Ratos;RS;Mapeado;2026-09;72;147;22;59;9;28;31;85;12;35;10;27;0;0;1;1;2;7;0;0;0;4;5;6;0;1;0;0;0;17;0;2;2;8
4301404;Arvorezinha;RS;Mapeado;2026-09;66;123;8;30;11;33;27;69;5;21;3;10;0;0;0;2;1;4;0;2;1;2;10;13;2;2;0;0;1;2;0;4;5;12
4301503;Augusto Pestana;RS;Mapeado;2026-09;43;65;7;19;5;10;12;30;3;11;4;10;0;0;0;0;0;1;0;0;0;0;16;18;0;0;0;0;1;7;0;0;2;3
4301602;Bagé;RS;Mapeado;2026-09;645;1130;98;336;148;307;303;760;57;236;41;125;0;0;8;23;36;99;1;1;0;9;33;42;0;0;0;1;5;29;1;10;12;41
4301636;Balneário Pinhal;RS;Mapeado;2026-09;172;291;35;117;42;101;88;210;21;75;14;57;0;0;0;2;3;21;0;1;0;1;1;2;0;0;0;0;1;9;1;3;1;11
4301958;Barra Funda;RS;Mapeado;2026-09;21;40;4;13;8;15;3;24;4;12;0;4;0;0;0;0;1;1;0;0;0;0;3;3;0;0;0;0;0;0;0;0;2;5
4301859;Barra do Guarita;RS;Mapeado;2026-09;29;46;14;32;5;14;9;28;6;18;8;23;0;0;0;0;0;0;0;0;0;0;1;1;0;0;0;0;0;1;0;0;0;4
4301875;Barra do Quaraí;RS;Mapeado;2026-09;30;61;6;14;3;13;19;44;5;13;1;2;0;0;0;0;1;6;0;0;0;0;0;0;0;0;0;0;0;1;1;1;0;3
4301909;Barra do Ribeiro;RS;Mapeado;2026-09;74;134;12;38;22;54;32;85;7;25;5;16;0;0;1;3;3;13;0;0;0;2;1;1;1;1;0;0;0;7;1;2;1;7
4301925;Barra do Rio Azul;RS;Mapeado;2026-09;3;9;2;7;1;4;0;5;2;4;0;4;0;0;0;0;0;0;0;0;0;0;0;0;0;0;0;0;0;4;0;0;0;0
4301800;Barracão;RS;Mapeado;2026-09;37;57;12;24;10;18;9;19;11;19;1;6;0;0;0;0;0;2;0;0;0;3;6;7;0;0;0;0;0;2;0;0;0;1
4302006;Barros Cassal;RS;Mapeado;2026-09;59;104;29;69;13;24;9;53;21;55;8;20;0;0;0;2;3;14;0;1;0;0;3;3;0;0;0;0;1;12;0;0;1;9
4301651;Barão;RS;Mapeado;2026-09;24;51;8;23;7;16;1;28;5;20;3;5;0;0;0;0;0;3;0;0;1;2;7;7;0;0;0;0;0;2;0;1;0;3
4301701;Barão de Cotegipe;RS;Mapeado;2026-09;29;59;11;26;5;19;10;32;8;20;3;9;0;0;0;0;0;10;0;0;0;0;2;3;0;0;0;0;0;3;0;1;1;6
4301750;Barão do Triunfo;RS;Mapeado;2026-09;27;53;17;34;5;12;3;30;11;27;6;11;0;0;0;0;0;6;0;0;0;0;2;2;0;0;0;0;0;12;0;0;0;1
4302055;Benjamin Constant do Sul;RS;Mapeado;2026-09;3;8;0;1;2;3;0;4;0;1;0;1;0;0;0;0;0;0;0;0;0;0;1;1;0;0;0;0;0;0;0;0;0;1
4302105;Bento Gonçalves;RS;Mapeado;2026-09;850;1453;131;372;305;544;306;793;94;255;37;154;0;0;2;11;17;115;3;9;0;22;38;45;5;14;0;1;0;8;3;12;40;174
4302154;Boa Vista das Missões;RS;Mapeado;2026-09;16;31;4;8;6;10;4;23;2;5;2;3;0;0;0;0;0;0;0;0;0;0;1;1;0;0;0;0;0;1;0;0;1;3
4302204;Boa Vista do Buricá;RS;Mapeado;2026-09;43;102;12;39;12;29;6;48;7;32;5;15;0;0;1;1;0;9;0;0;0;2;10;10;0;0;0;0;0;2;0;0;2;16
4302220;Boa Vista do Cadeado;RS;Mapeado;2026-09;9;14;2;5;2;3;5;13;2;4;0;1;0;0;0;0;0;0;0;0;0;0;0;0;0;0;0;0;0;0;0;0;0;0
4302238;Boa Vista do Incra;RS;Mapeado;2026-09;10;20;2;7;4;5;2;13;1;2;1;5;0;0;0;0;1;2;0;0;0;0;1;1;0;0;0;0;0;0;0;0;0;1
4302253;Boa Vista do Sul;RS;Mapeado;2026-09;25;35;7;15;5;6;4;16;6;12;1;5;0;0;0;0;0;4;0;0;1;1;8;8;0;0;0;0;0;0;0;0;0;2
4302303;Bom Jesus;RS;Mapeado;2026-09;93;140;37;61;17;34;27;87;19;35;18;33;0;0;1;1;3;12;0;1;0;1;4;4;0;0;0;0;1;6;1;1;2;5
4302352;Bom Princípio;RS;Mapeado;2026-09;104;182;19;61;32;59;23;98;15;51;4;18;0;0;5;7;4;17;0;0;0;3;19;23;0;0;0;0;1;6;0;0;1;8
4302378;Bom Progresso;RS;Mapeado;2026-09;7;17;2;6;0;5;0;8;0;3;2;3;0;0;0;0;0;0;0;0;0;1;2;2;1;1;0;1;0;2;0;0;2;3
4302402;Bom Retiro do Sul;RS;Mapeado;2026-09;78;132;20;40;15;36;31;76;11;29;9;20;0;0;0;0;1;4;0;0;0;2;7;7;0;0;0;0;1;4;0;3;3;6
4302451;Boqueirão do Leão;RS;Mapeado;2026-09;54;90;24;53;6;24;2;40;12;36;12;19;0;0;0;1;1;12;0;0;0;0;16;16;0;0;0;0;0;8;0;1;5;12
4302501;Bossoroca;RS;Mapeado;2026-09;38;65;15;31;7;17;9;42;9;22;6;11;0;0;0;0;0;2;0;0;1;1;4;4;0;0;0;0;0;7;0;0;2;2
4302584;Bozano;RS;Mapeado;2026-09;9;16;1;5;3;4;2;11;0;3;1;2;0;0;0;0;0;1;0;0;0;0;1;2;1;1;0;0;0;0;0;0;1;1
4302600;Braga;RS;Mapeado;2026-09;13;27;5;13;1;10;4;16;2;9;3;7;0;0;0;0;0;3;0;0;0;0;2;2;0;0;0;0;0;5;0;0;1;2
4302659;Brochier;RS;Mapeado;2026-09;23;46;2;19;5;14;3;16;2;15;0;6;0;0;0;0;1;8;0;0;0;0;9;9;0;0;0;0;1;1;0;1;2;8
4302709;Butiá;RS;Mapeado;2026-09;99;196;17;55;24;43;45;136;12;38;5;22;0;0;0;4;1;7;0;0;0;2;10;11;0;1;0;0;0;2;1;1;1;8
4302907;Cacequi;RS;Mapeado;2026-09;43;105;12;47;8;18;18;68;5;30;7;21;0;0;1;4;0;8;0;0;0;2;3;3;0;0;0;0;1;5;0;0;0;4
4303004;Cachoeira do Sul;RS;Mapeado;2026-09;449;657;81;192;95;180;179;336;56;141;25;63;0;0;3;7;12;38;1;4;0;5;71;79;0;0;0;0;0;11;0;4;7;37
4303103;Cachoeirinha;RS;Mapeado;2026-09;787;1335;72;253;252;492;403;846;45;177;27;96;0;0;2;4;18;65;1;6;0;12;19;24;1;1;0;2;1;21;5;21;13;59
4303202;Cacique Doble;RS;Mapeado;2026-09;15;31;2;9;2;6;4;11;1;6;1;4;0;0;0;0;0;1;0;0;0;0;6;6;0;0;0;0;0;1;0;1;1;5
4303301;Caibaté;RS;Mapeado;2026-09;25;59;11;25;2;11;5;29;7;18;4;7;0;0;0;0;0;2;0;0;0;0;7;7;0;0;0;0;0;1;0;1;0;3
4303400;Caiçara;RS;Mapeado;2026-09;22;39;5;13;2;4;5;16;3;8;2;8;0;0;0;0;0;1;0;0;0;0;10;10;0;0;0;0;0;2;0;0;0;6
4303509;Camaquã;RS;Mapeado;2026-09;292;470;63;143;73;157;104;244;36;101;27;53;0;0;2;7;19;45;0;1;1;6;18;27;1;2;0;1;1;9;3;6;7;36
4303558;Camargo;RS;Mapeado;2026-09;16;29;5;13;4;9;5;18;5;12;0;3;0;0;0;0;1;2;0;0;0;1;1;1;0;0;0;0;0;1;0;0;0;5
4303608;Cambará do Sul;RS;Mapeado;2026-09;72;151;6;29;26;72;29;78;3;21;3;14;0;0;0;0;0;6;0;0;0;5;5;6;2;4;0;0;0;3;0;1;4;17
4303673;Campestre da Serra;RS;Mapeado;2026-09;18;27;2;12;9;11;6;17;2;9;0;4;0;0;0;0;0;1;0;0;0;0;0;0;0;0;0;0;0;1;0;0;1;2
4303707;Campina das Missões;RS;Mapeado;2026-09;41;73;14;30;7;21;6;34;13;26;1;4;0;0;0;1;0;3;0;0;0;0;11;11;0;0;0;0;0;0;0;0;3;6
4303806;Campinas do Sul;RS;Mapeado;2026-09;50;81;20;39;10;19;10;38;9;22;11;19;0;0;0;0;1;6;0;0;0;0;7;7;0;0;0;0;0;0;0;1;2;9
4303905;Campo Bom;RS;Mapeado;2026-09;394;642;44;130;152;248;157;399;32;99;12;37;0;0;1;7;9;47;0;2;0;5;19;22;1;1;0;1;0;10;1;5;10;39
4304002;Campo Novo;RS;Mapeado;2026-09;38;82;13;33;10;22;9;50;6;20;7;17;0;0;1;1;0;2;0;0;0;0;4;5;0;0;0;0;0;5;0;0;1;5
4304101;Campos Borges;RS;Mapeado;2026-09;27;54;8;35;2;12;6;29;5;29;3;11;0;0;0;0;2;4;0;0;0;0;6;6;0;0;0;0;0;5;0;0;3;6
4304200;Candelária;RS;Mapeado;2026-09;150;296;38;119;34;92;51;189;24;84;14;38;0;0;0;1;9;37;0;1;0;3;14;17;0;0;0;0;0;25;1;2;3;11
4304358;Candiota;RS;Mapeado;2026-09;70;140;9;37;18;46;35;107;2;25;7;17;0;0;0;2;2;16;0;0;0;0;4;5;0;0;0;0;0;8;0;2;2;5
4304408;Canela;RS;Mapeado;2026-09;500;831;37;155;206;347;172;431;29;126;8;34;0;0;1;4;8;46;1;6;3;18;10;13;19;33;0;1;0;14;0;5;43;137
4304507;Canguçu;RS;Mapeado;2026-09;168;265;56;109;28;59;54;118;38;81;18;34;0;0;1;1;10;20;0;0;1;2;14;16;1;1;0;0;0;10;0;2;3;18
4304606;Canoas;RS;Mapeado;2026-09;1952;3301;151;562;730;1264;903;2044;100;418;51;195;0;0;6;13;58;162;3;13;3;23;52;69;1;3;1;1;1;35;2;22;41;186
4304614;Canudos do Vale;RS;Mapeado;2026-09;15;18;3;7;2;5;2;5;3;6;0;1;0;0;0;0;0;1;0;0;0;0;6;6;0;0;0;0;0;1;0;0;2;3
4304689;Capela de Santana;RS;Mapeado;2026-09;35;61;11;30;2;8;18;35;10;26;1;6;0;0;0;0;1;5;0;0;0;0;2;2;0;0;0;0;0;6;0;1;1;4
4304697;Capitão;RS;Mapeado;2026-09;15;19;6;13;1;4;3;9;6;13;0;2;0;0;0;0;1;2;0;0;0;0;1;1;0;0;0;0;0;0;0;0;3;4
4304671;Capivari do Sul;RS;Mapeado;2026-09;21;50;2;13;5;14;9;34;1;8;1;5;0;0;0;1;1;3;0;0;0;0;2;2;0;0;0;0;0;0;0;0;2;4
4304622;Capão Bonito do Sul;RS;Mapeado;2026-09;9;13;2;7;4;4;3;6;1;4;1;4;0;0;0;0;0;2;0;0;0;0;0;0;0;0;0;0;0;0;0;0;0;1
4304630;Capão da Canoa;RS;Mapeado;2026-09;792;1251;93;310;281;478;346;801;46;211;47;126;0;0;1;6;9;47;2;3;0;9;30;32;2;7;0;1;1;20;6;20;21;66
4304655;Capão do Cipó;RS;Mapeado;2026-09;20;35;9;19;3;6;7;24;5;16;4;5;0;0;0;0;0;1;0;0;0;0;1;1;0;0;0;0;0;4;0;0;0;0
4304663;Capão do Leão;RS;Mapeado;2026-09;109;197;18;47;22;57;49;110;7;28;11;23;0;0;0;0;3;14;0;0;0;2;13;15;1;2;0;0;1;4;0;1;2;12
4304705;Carazinho;RS;Mapeado;2026-09;302;460;65;137;89;146;99;219;42;97;23;44;0;0;2;5;9;35;2;4;0;3;30;33;0;0;1;1;0;4;0;2;5;30
4304713;Caraá;RS;Mapeado;2026-09;22;39;3;12;10;19;6;26;1;9;2;3;0;0;0;0;0;6;0;0;0;0;1;1;0;0;0;0;0;1;0;0;2;4
4304804;Carlos Barbosa;RS;Mapeado;2026-09;162;273;27;77;51;89;36;120;20;54;7;29;0;0;1;4;6;24;0;1;1;10;32;33;0;0;0;1;0;7;1;2;7;28
4304853;Carlos Gomes;RS;Mapeado;2026-09;9;16;4;11;2;4;1;10;2;6;2;6;0;0;0;0;0;0;0;0;0;0;2;2;0;0;0;0;0;1;0;0;0;0
4304903;Casca;RS;Mapeado;2026-09;81;142;21;62;26;56;15;67;14;51;7;23;0;0;2;5;2;11;0;0;0;1;13;14;0;1;0;0;0;3;0;1;2;10
4304952;Caseiros;RS;Mapeado;2026-09;19;28;3;8;4;10;8;20;3;6;0;2;0;0;0;0;0;3;0;0;0;0;1;1;0;0;0;0;0;0;0;0;3;3
4305009;Catuípe;RS;Mapeado;2026-09;41;76;15;29;9;14;6;38;9;20;6;10;0;0;0;0;0;0;0;0;0;1;8;9;0;0;0;0;0;2;0;2;3;5
4305108;Caxias do Sul;RS;Mapeado;2026-09;2650;4368;325;926;1016;1744;1024;2525;198;621;127;386;0;0;12;37;51;287;3;32;4;68;107;121;4;6;0;1;2;60;8;32;94;393
4302808;Caçapava do Sul;RS;Mapeado;2026-09;139;243;20;59;40;64;48;132;9;40;11;24;0;0;1;1;3;20;0;1;0;4;23;27;0;1;0;0;0;4;0;4;4;13
4305116;Centenário;RS;Mapeado;2026-09;14;31;7;17;2;9;1;19;2;12;5;7;0;0;0;0;0;1;0;0;0;0;4;4;0;0;0;0;0;3;0;0;0;1
4305124;Cerrito;RS;Mapeado;2026-09;20;42;5;20;5;7;10;24;2;15;3;5;0;0;0;0;0;1;0;0;0;0;0;1;0;0;0;0;0;2;0;0;0;3
4305132;Cerro Branco;RS;Mapeado;2026-09;22;35;14;21;2;7;1;15;5;9;9;15;0;0;0;1;3;8;0;0;0;0;1;1;0;0;0;0;0;0;0;0;1;1
4305157;Cerro Grande;RS;Mapeado;2026-09;12;22;4;17;3;9;3;13;3;12;1;6;0;0;0;0;0;1;0;0;0;0;1;1;0;0;0;0;0;0;0;0;1;2
4305173;Cerro Grande do Sul;RS;Mapeado;2026-09;52;78;25;53;4;13;16;39;9;21;16;35;0;0;0;0;3;13;0;0;0;1;3;3;0;0;0;0;0;29;0;0;1;2
4305207;Cerro Largo;RS;Mapeado;2026-09;86;160;34;72;15;31;20;77;27;62;7;16;0;0;0;2;2;8;0;0;0;1;13;14;0;0;0;0;0;2;0;1;2;16
4305306;Chapada;RS;Mapeado;2026-09;71;127;20;62;14;23;16;83;11;44;9;24;0;0;0;0;1;5;0;0;1;2;15;15;0;0;0;0;0;4;0;1;4;12
4305355;Charqueadas;RS;Mapeado;2026-09;171;347;32;104;42;95;75;231;19;73;13;39;0;0;4;11;8;26;0;1;0;3;4;4;0;0;0;2;0;6;0;8;6;33
4305371;Charrua;RS;Mapeado;2026-09;7;11;2;4;3;6;0;5;2;4;0;0;0;0;0;0;0;0;0;0;0;0;1;1;0;0;0;0;0;0;0;1;1;1
4305405;Chiapetta;RS;Mapeado;2026-09;22;61;6;26;7;26;6;39;2;17;4;13;0;0;0;0;0;5;0;0;0;0;2;2;0;0;0;0;0;3;0;0;1;6
4305447;Chuvisca;RS;Mapeado;2026-09;11;19;3;7;0;2;5;9;1;4;2;4;0;0;0;0;0;0;0;0;0;0;3;3;0;0;0;0;0;1;0;0;0;2
4305439;Chuí;RS;Mapeado;2026-09;117;165;4;15;39;60;66;117;1;9;3;6;0;0;1;2;2;4;0;0;0;0;3;4;0;0;0;0;0;2;0;1;2;6
4305454;Cidreira;RS;Mapeado;2026-09;190;306;29;88;55;85;94;214;13;56;16;44;0;0;1;1;4;16;0;0;0;0;5;5;0;1;0;0;0;6;0;3;2;11
4305504;Ciríaco;RS;Mapeado;2026-09;25;52;15;31;3;15;5;33;10;20;5;12;0;0;0;2;0;10;0;0;0;0;2;3;0;0;0;0;0;2;0;0;0;3
4305587;Colinas;RS;Mapeado;2026-09;17;41;3;15;5;14;7;25;2;12;1;4;0;0;0;0;2;7;0;0;0;0;0;0;0;0;0;0;0;0;0;0;0;7
4305603;Colorado;RS;Mapeado;2026-09;12;34;2;18;4;16;4;20;0;12;2;10;0;0;0;0;0;2;0;0;0;0;2;3;0;0;0;0;0;2;0;0;0;3
4305702;Condor;RS;Mapeado;2026-09;41;73;8;29;10;19;13;37;5;15;3;15;0;0;0;1;2;4;0;0;0;0;5;5;0;0;0;0;1;1;0;0;2;8
4305801;Constantina;RS;Mapeado;2026-09;64;106;15;44;14;30;18;54;11;33;4;17;0;0;0;0;3;6;0;0;0;1;10;10;0;0;0;0;0;8;0;0;4;10
4305835;Coqueiro Baixo;RS;Mapeado;2026-09;9;13;4;5;0;3;3;8;4;5;0;0;0;0;0;0;0;0;0;0;0;0;1;1;0;0;0;0;0;0;0;0;1;1
4305850;Coqueiros do Sul;RS;Mapeado;2026-09;7;16;1;3;3;7;1;10;1;3;0;0;0;0;0;0;0;0;0;0;0;0;2;2;0;0;0;0;0;1;0;0;0;0
4305871;Coronel Barros;RS;Mapeado;2026-09;14;22;2;9;5;9;3;11;2;7;0;2;0;0;0;0;0;1;0;0;0;0;4;4;0;0;0;0;0;1;0;0;0;1
4305900;Coronel Bicaco;RS;Mapeado;2026-09;51;85;25;52;12;25;7;49;9;22;16;32;0;0;0;0;1;9;0;0;1;1;1;1;0;0;0;1;1;12;0;0;3;3
4305934;Coronel Pilar;RS;Mapeado;2026-09;6;8;2;4;0;0;2;5;2;3;0;1;0;0;0;0;0;0;0;0;0;0;2;2;0;0;0;0;0;0;0;0;0;0
4305959;Cotiporã;RS;Mapeado;2026-09;26;52;12;23;5;19;3;27;10;20;2;4;0;0;0;0;0;6;0;1;0;1;5;5;1;2;0;0;0;3;0;0;0;3
4305975;Coxilha;RS;Mapeado;2026-09;21;43;12;22;4;14;4;24;5;14;7;10;0;0;0;0;0;2;0;0;0;0;1;1;0;0;0;0;0;2;0;0;0;1
4306007;Crissiumal;RS;Mapeado;2026-09;98;141;27;61;11;23;16;61;14;34;13;32;0;0;0;3;0;9;0;0;0;0;39;39;0;0;0;0;1;11;0;0;4;13
4306056;Cristal;RS;Mapeado;2026-09;51;85;10;34;7;15;29;56;10;27;0;11;0;0;0;0;0;3;0;0;0;0;5;5;0;0;0;0;0;6;0;0;0;2
4306072;Cristal do Sul;RS;Mapeado;2026-09;18;42;7;13;3;10;4;25;2;5;5;8;0;0;0;0;0;5;0;0;0;0;3;3;0;0;0;0;0;7;0;0;1;5
4306106;Cruz Alta;RS;Mapeado;2026-09;322;547;63;177;74;143;140;345;40;131;23;54;0;0;1;4;14;35;1;1;0;2;20;21;1;1;0;1;0;16;0;2;8;25
4306130;Cruzaltense;RS;Mapeado;2026-09;12;17;0;6;3;4;1;5;0;5;0;2;0;0;0;1;0;1;0;0;0;0;7;7;0;0;0;0;0;0;0;0;1;2
4306205;Cruzeiro do Sul;RS;Mapeado;2026-09;70;97;23;38;9;21;25;50;16;30;7;10;0;0;0;0;1;3;0;0;0;0;11;11;0;0;0;0;0;2;1;2;0;5
4304309;Cândido Godói;RS;Mapeado;2026-09;46;62;6;22;13;15;5;19;3;15;3;9;0;0;0;0;0;2;0;0;0;0;17;17;0;1;0;0;0;2;0;0;5;7
4306304;David Canabarro;RS;Mapeado;2026-09;27;47;11;26;8;17;5;36;8;19;3;11;0;0;0;1;0;4;0;0;0;0;3;3;0;0;0;0;0;0;0;0;0;1
4306320;Derrubadas;RS;Mapeado;2026-09;14;35;3;14;4;11;4;25;2;11;1;3;0;0;0;0;0;1;0;0;0;0;2;2;0;0;0;0;0;0;0;0;1;4
4306353;Dezesseis de Novembro;RS;Mapeado;2026-09;8;13;4;6;2;2;2;9;2;4;2;2;0;0;0;0;0;0;0;0;0;0;0;0;0;0;0;0;0;0;0;0;0;2
4306379;Dilermando de Aguiar;RS;Mapeado;2026-09;12;27;5;11;2;4;3;13;5;10;0;2;0;0;0;0;0;1;0;0;0;0;2;2;0;0;0;0;0;3;0;0;0;2
4306403;Dois Irmãos;RS;Mapeado;2026-09;175;302;30;103;48;98;66;170;23;82;7;25;0;0;1;4;11;22;0;1;1;7;10;10;0;0;0;0;0;1;0;1;8;37
4306429;Dois Irmãos das Missões;RS;Mapeado;2026-09;8;15;2;4;0;2;4;11;2;4;0;0;0;0;0;0;0;0;0;0;0;0;2;2;0;0;0;0;0;2;0;0;0;0
4306452;Dois Lajeados;RS;Mapeado;2026-09;21;32;4;17;9;19;5;21;4;15;0;3;0;0;0;1;0;1;0;0;0;0;3;4;0;1;0;1;0;0;0;1;0;3
4306502;Dom Feliciano;RS;Mapeado;2026-09;45;73;20;41;5;12;14;32;15;27;5;14;0;0;0;0;1;5;0;0;0;0;5;5;0;0;0;0;0;7;0;2;0;2
4306601;Dom Pedrito;RS;Mapeado;2026-09;126;200;22;62;28;43;54;109;16;48;6;17;0;0;2;6;4;15;0;1;0;2;12;12;0;0;0;0;0;4;0;2;4;11
4306551;Dom Pedro de Alcântara;RS;Mapeado;2026-09;15;25;0;4;3;8;8;17;0;3;0;1;0;0;0;0;0;1;0;0;0;0;4;4;0;0;0;0;0;2;0;0;0;1
4306700;Dona Francisca;RS;Mapeado;2026-09;20;46;6;23;6;20;5;30;3;18;3;10;0;0;0;0;0;7;0;0;0;0;3;3;0;0;0;0;0;1;0;0;0;0
4306734;Doutor Maurício Cardoso;RS;Mapeado;2026-09;32;46;14;25;3;3;7;27;13;22;1;4;0;0;0;0;2;2;0;0;0;0;6;6;0;0;0;0;0;2;0;0;0;0
4306759;Doutor Ricardo;RS;Mapeado;2026-09;15;28;4;15;4;9;4;21;2;11;2;6;0;0;0;1;2;6;0;0;0;1;1;1;0;0;0;0;0;0;0;0;0;2
4306767;Eldorado do Sul;RS;Mapeado;2026-09;196;335;32;93;64;112;77;190;18;63;14;36;0;0;1;1;2;19;0;0;0;1;13;16;0;1;0;0;1;7;0;1;6;27
4306809;Encantado;RS;Mapeado;2026-09;150;257;28;95;38;82;56;149;19;67;9;30;0;0;1;3;7;16;0;5;0;6;16;20;1;3;0;0;0;1;1;1;2;17
4306908;Encruzilhada do Sul;RS;Mapeado;2026-09;83;136;26;47;22;33;22;73;16;31;10;17;0;0;0;1;5;9;0;0;0;1;6;7;0;0;0;0;0;3;0;0;2;14
4306924;Engenho Velho;RS;Mapeado;2026-09;6;11;3;4;0;1;0;5;2;2;1;2;0;0;0;0;0;0;0;0;0;0;2;2;0;0;0;0;0;0;0;0;1;2
4306957;Entre Rios do Sul;RS;Mapeado;2026-09;13;40;3;20;1;9;5;23;1;9;2;12;0;0;0;0;1;9;0;0;0;1;3;3;0;0;0;0;0;6;0;0;0;1
4306932;Entre-Ijuís;RS;Mapeado;2026-09;38;76;8;31;11;23;12;48;4;21;4;10;0;0;0;0;0;8;0;0;0;0;5;7;0;1;0;0;0;2;0;0;2;7
4306973;Erebango;RS;Mapeado;2026-09;12;28;6;10;3;10;2;15;3;7;3;5;0;0;0;0;0;2;0;0;0;1;0;0;0;0;0;0;0;1;0;1;1;2
4307005;Erechim;RS;Mapeado;2026-09;549;993;128;353;170;313;163;504;108;313;20;56;0;0;3;14;15;55;1;8;1;23;39;48;0;2;2;2;0;23;3;11;24;133
4307054;Ernestina;RS;Mapeado;2026-09;31;54;7;19;4;15;12;31;6;13;1;7;0;0;0;0;0;5;0;0;0;2;3;4;2;3;0;0;0;3;0;0;3;10
4307203;Erval Grande;RS;Mapeado;2026-09;38;59;17;32;9;15;6;29;11;20;6;18;0;0;0;0;2;10;0;0;0;0;4;6;0;0;0;0;0;3;0;0;0;3
4307302;Erval Seco;RS;Mapeado;2026-09;39;57;12;25;6;13;11;34;5;15;7;13;0;0;0;0;0;0;0;0;0;0;8;8;0;0;0;0;0;5;0;0;2;4
4307401;Esmeralda;RS;Mapeado;2026-09;24;40;9;21;3;8;5;20;5;12;4;10;0;0;0;1;0;1;0;0;0;0;6;6;0;0;0;0;0;8;0;0;1;2
4307450;Esperança do Sul;RS;Mapeado;2026-09;13;32;3;13;2;5;4;12;3;8;0;5;0;0;0;1;0;2;0;1;0;1;2;2;0;1;0;0;0;4;0;0;2;6
4307500;Espumoso;RS;Mapeado;2026-09;101;191;21;82;22;57;32;110;12;66;9;23;0;0;1;1;1;8;0;0;0;0;19;20;0;0;0;0;0;4;1;1;4;14
4307559;Estação;RS;Mapeado;2026-09;26;63;5;23;10;16;5;30;5;15;0;12;0;0;0;0;0;5;0;0;0;1;4;4;0;0;0;0;0;1;0;0;2;13
4307708;Esteio;RS;Mapeado;2026-09;398;695;43;143;130;231;180;382;23;97;20;52;0;0;0;1;13;45;0;1;1;7;15;18;0;4;0;0;0;10;1;9;15;62
4307807;Estrela;RS;Mapeado;2026-09;158;275;35;114;53;110;44;155;18;80;17;43;0;0;1;4;7;21;0;1;0;1;14;16;0;1;0;0;0;5;0;3;4;22
4307815;Estrela Velha;RS;Mapeado;2026-09;16;41;6;19;5;7;3;28;3;11;3;8;0;0;0;1;0;5;0;0;0;1;2;2;0;0;0;0;0;2;0;0;0;3
4307609;Estância Velha;RS;Mapeado;2026-09;210;399;27;93;67;134;87;221;22;63;5;34;0;0;0;0;11;33;0;1;0;4;8;10;0;0;0;0;0;4;0;2;10;43
4307831;Eugênio de Castro;RS;Mapeado;2026-09;19;28;6;14;2;5;7;19;4;12;2;2;0;0;0;0;1;1;0;0;0;0;2;2;0;0;0;0;0;0;0;0;1;1
4307864;Fagundes Varela;RS;Mapeado;2026-09;27;35;8;17;2;8;3;12;6;12;2;7;0;0;0;1;0;1;0;0;0;0;12;12;0;0;0;0;0;0;0;0;2;6
4307906;Farroupilha;RS;Mapeado;2026-09;375;613;66;170;118;243;128;341;54;145;12;32;0;0;2;5;7;24;0;1;1;7;34;39;1;1;0;1;0;17;0;6;18;62
4308003;Faxinal do Soturno;RS;Mapeado;2026-09;45;79;8;36;13;21;13;46;6;30;2;11;0;0;0;1;0;4;0;0;0;0;7;11;0;0;0;0;0;0;0;0;4;7
4308052;Faxinalzinho;RS;Mapeado;2026-09;19;31;9;23;5;8;2;13;2;12;7;16;0;0;0;0;0;2;0;0;0;1;2;2;0;0;0;0;0;0;0;0;1;2
4308078;Fazenda Vilanova;RS;Mapeado;2026-09;32;62;9;31;11;17;9;37;2;12;7;21;0;0;0;0;0;6;0;0;0;1;1;1;0;0;0;0;0;3;0;0;2;4
4308102;Feliz;RS;Mapeado;2026-09;100;173;20;62;22;42;35;103;13;45;7;21;0;0;2;2;1;11;0;1;0;6;15;15;4;4;0;0;0;2;0;1;1;13
4308201;Flores da Cunha;RS;Mapeado;2026-09;224;337;39;89;64;118;75;171;35;78;4;14;0;0;1;3;7;26;0;3;0;11;32;33;0;0;0;0;0;8;0;4;6;20
4308250;Floriano Peixoto;RS;Mapeado;2026-09;5;10;1;5;2;3;1;7;0;3;1;2;0;0;0;0;0;0;0;0;0;0;1;1;0;0;0;0;0;0;0;0;0;0
4308300;Fontoura Xavier;RS;Mapeado;2026-09;77;107;18;48;17;32;33;70;10;32;8;18;0;0;1;2;5;11;0;0;0;0;3;4;0;0;0;0;0;9;0;0;0;3
4308409;Formigueiro;RS;Mapeado;2026-09;24;48;6;21;8;13;7;24;2;15;4;7;0;0;0;0;0;0;0;0;0;0;3;4;0;0;0;0;0;1;0;1;0;3
4308433;Forquetinha;RS;Mapeado;2026-09;13;25;0;13;5;8;4;18;0;12;0;5;0;0;0;0;0;2;0;0;0;0;3;3;0;0;0;0;0;1;0;0;1;1
4308458;Fortaleza dos Valos;RS;Mapeado;2026-09;28;53;8;26;5;17;12;27;5;17;3;11;0;0;0;0;0;3;0;0;0;0;2;2;0;0;0;0;0;0;0;0;1;2
4308508;Frederico Westphalen;RS;Mapeado;2026-09;243;400;40;112;64;130;72;199;30;84;10;50;0;0;2;4;4;13;1;2;0;1;33;37;0;0;2;2;2;14;1;2;22;52
4308607;Garibaldi;RS;Mapeado;2026-09;257;400;41;132;85;161;87;205;31;97;10;51;0;0;0;3;5;34;0;3;0;2;30;33;0;1;0;0;0;2;0;2;9;27
4308656;Garruchos;RS;Mapeado;2026-09;10;30;2;10;5;11;2;12;1;8;1;2;0;0;0;0;1;4;0;0;0;0;0;0;0;0;0;0;0;1;0;0;0;3
4308706;Gaurama;RS;Mapeado;2026-09;27;56;11;23;7;16;4;34;10;18;1;6;0;0;0;0;0;2;0;1;0;0;5;5;0;0;0;0;0;0;0;0;0;6
4308805;General Câmara;RS;Mapeado;2026-09;45;88;13;32;6;22;23;63;8;19;5;14;0;0;0;0;0;2;0;0;0;0;3;3;0;0;0;0;0;9;0;1;0;4
4308854;Gentil;RS;Mapeado;2026-09;6;12;0;3;1;4;2;4;0;2;0;1;0;0;0;0;0;1;0;0;0;0;2;2;0;0;0;0;0;0;0;0;1;2
4308904;Getúlio Vargas;RS;Mapeado;2026-09;104;201;26;86;33;61;16;106;22;61;4;29;0;0;2;9;4;22;0;0;0;2;12;13;0;0;0;0;0;5;1;2;10;24
4309001;Giruá;RS;Mapeado;2026-09;66;136;23;50;14;39;19;75;15;39;8;19;0;0;0;0;0;3;0;0;0;0;9;9;1;1;0;0;0;3;0;0;0;8
4309050;Glorinha;RS;Mapeado;2026-09;26;61;3;14;9;21;9;34;0;7;3;8;0;0;0;1;3;9;0;0;0;1;2;5;0;0;0;0;0;2;0;0;0;6
4309100;Gramado;RS;Mapeado;2026-09;725;1201;51;219;419;686;149;513;37;183;14;45;0;0;2;5;5;45;1;4;0;23;25;26;18;26;0;3;0;2;3;12;52;153
4309159;Gramado Xavier;RS;Mapeado;2026-09;10;30;5;16;2;5;3;20;5;12;0;5;0;0;0;0;0;2;0;1;0;0;0;0;0;0;0;0;0;0;0;0;0;2
4309126;Gramado dos Loureiros;RS;Mapeado;2026-09;15;19;7;11;3;8;3;12;6;9;1;4;0;0;0;1;0;3;0;0;0;0;0;0;0;0;0;0;0;0;0;0;2;2
4309209;Gravataí;RS;Mapeado;2026-09;1336;2193;149;430;397;797;627;1403;91;317;58;147;0;0;15;26;46;103;1;4;2;15;43;46;3;5;0;0;0;28;3;14;50;153
4309258;Guabiju;RS;Mapeado;2026-09;10;17;0;6;2;4;3;8;0;4;0;4;0;0;0;0;0;2;0;0;0;0;2;2;0;0;0;0;0;0;0;0;3;4
4309407;Guaporé;RS;Mapeado;2026-09;153;254;53;117;36;79;44;125;43;95;10;31;0;0;1;3;3;34;0;0;0;8;10;13;0;0;0;1;0;2;1;6;5;16
4309506;Guarani das Missões;RS;Mapeado;2026-09;46;77;15;31;7;21;13;48;12;25;3;6;0;0;0;0;1;5;0;0;0;0;9;9;0;0;0;0;0;5;0;0;1;7
4309308;Guaíba;RS;Mapeado;2026-09;493;829;58;164;146;274;206;517;23;108;35;80;0;0;5;5;19;65;1;4;0;14;33;35;0;0;1;1;0;12;3;8;21;74
4309555;Harmonia;RS;Mapeado;2026-09;32;59;13;33;6;17;2;26;9;27;4;13;0;0;2;5;1;10;0;3;0;3;6;8;2;2;0;0;0;2;0;0;0;8
4307104;Herval;RS;Mapeado;2026-09;33;63;4;20;9;19;13;38;4;15;0;5;0;0;0;1;1;4;0;0;0;0;3;3;0;0;0;0;0;2;0;0;3;6
4309571;Herveiras;RS;Mapeado;2026-09;22;39;12;27;3;11;4;20;9;21;3;9;0;0;0;0;0;13;0;0;0;0;2;2;0;0;0;0;0;15;0;0;1;1
4309605;Horizontina;RS;Mapeado;2026-09;105;196;30;63;24;39;21;79;15;43;15;23;0;0;0;2;5;18;1;1;0;4;19;28;0;1;1;1;0;2;0;1;4;27
4309654;Hulha Negra;RS;Mapeado;2026-09;24;53;7;18;7;19;8;39;2;8;5;11;0;0;0;0;0;1;0;0;0;0;2;2;0;0;0;0;0;7;0;2;0;4
4309704;Humaitá;RS;Mapeado;2026-09;36;66;11;21;9;15;6;35;5;14;6;11;0;0;0;1;2;3;0;0;0;0;5;7;0;0;0;0;0;1;0;1;3;9
4309753;Ibarama;RS;Mapeado;2026-09;19;24;10;17;3;8;3;12;4;12;6;7;0;0;0;0;0;1;0;0;0;0;1;1;0;0;0;0;0;0;0;0;2;2
4309803;Ibiaçá;RS;Mapeado;2026-09;39;63;8;21;11;24;9;33;6;17;2;6;0;0;0;1;1;2;0;0;0;0;9;11;0;1;0;0;0;0;0;0;1;4
4309902;Ibiraiaras;RS;Mapeado;2026-09;28;60;8;24;3;15;5;23;7;18;1;7;0;0;1;1;1;6;0;0;0;0;8;8;0;0;0;0;0;5;0;0;2;5
4309951;Ibirapuitã;RS;Mapeado;2026-09;30;44;11;19;5;11;10;22;7;12;4;8;0;0;0;1;1;6;0;0;0;0;2;2;0;0;0;0;0;4;0;0;1;4
4310009;Ibirubá;RS;Mapeado;2026-09;199;310;38;74;54;78;40;138;23;45;15;33;0;0;2;6;5;18;0;0;0;4;52;56;0;0;0;0;0;3;0;1;8;24
4310108;Igrejinha;RS;Mapeado;2026-09;211;387;43;103;53;106;77;215;30;72;13;34;0;0;2;6;4;22;0;1;0;6;26;30;0;10;0;0;0;5;2;4;4;32
4310207;Ijuí;RS;Mapeado;2026-09;542;911;75;267;159;327;225;576;53;215;22;60;0;0;5;18;9;49;2;3;0;11;40;47;1;2;1;1;0;11;1;6;24;80
4310306;Ilópolis;RS;Mapeado;2026-09;27;41;7;20;8;10;3;17;5;17;2;5;0;0;1;1;0;1;0;0;0;0;8;8;0;0;0;0;0;1;0;0;0;2
4310330;Imbé;RS;Mapeado;2026-09;304;477;57;142;107;186;129;341;35;98;22;51;0;0;1;2;1;18;0;1;0;2;6;6;0;0;0;0;0;6;0;2;3;12
4310363;Imigrante;RS;Mapeado;2026-09;18;44;5;21;5;17;7;29;5;16;0;7;0;0;0;0;0;4;0;0;0;0;1;1;0;0;0;0;0;2;0;0;0;2
4310405;Independência;RS;Mapeado;2026-09;26;44;13;27;3;7;9;22;9;22;4;5;0;0;0;0;0;0;0;0;0;0;1;2;0;0;0;1;0;2;0;0;0;2
4310413;Inhacorá;RS;Mapeado;2026-09;15;26;5;8;3;8;6;18;4;6;1;2;0;0;0;0;0;2;0;0;0;0;1;1;0;0;0;0;0;3;0;0;0;1
4310462;Ipiranga do Sul;RS;Mapeado;2026-09;7;10;2;3;2;3;1;5;0;1;2;2;0;0;0;0;0;0;0;0;0;0;1;1;0;0;0;0;0;0;0;0;1;1
4310439;Ipê;RS;Mapeado;2026-09;30;48;8;20;9;16;9;29;8;19;0;2;0;0;0;2;0;1;0;0;0;0;3;4;0;0;0;0;0;1;0;1;1;3
4310504;Iraí;RS;Mapeado;2026-09;57;107;13;40;12;33;23;52;7;30;6;12;0;0;0;0;1;10;0;0;0;1;5;5;1;1;0;0;0;3;0;0;2;8
4310538;Itaara;RS;Mapeado;2026-09;33;79;7;27;12;29;8;38;4;17;3;15;0;0;0;0;0;11;0;0;0;0;4;5;0;0;0;0;0;0;0;0;2;11
4310553;Itacurubi;RS;Mapeado;2026-09;12;24;4;11;2;6;4;9;3;8;1;5;0;0;0;0;0;2;0;0;0;0;2;2;0;0;0;0;0;5;0;1;0;2
4310579;Itapuca;RS;Mapeado;2026-09;16;24;6;12;2;6;3;12;3;6;3;8;0;0;0;0;0;3;0;0;0;0;4;5;0;0;0;1;0;1;0;0;1;2
4310603;Itaqui;RS;Mapeado;2026-09;155;250;24;80;37;71;64;147;9;44;15;41;0;0;1;5;5;27;0;2;0;2;20;22;0;1;0;0;0;1;1;3;3;18
4310652;Itati;RS;Mapeado;2026-09;24;64;0;11;10;15;11;51;0;9;0;2;0;0;0;0;0;2;0;0;0;0;1;1;1;1;0;0;0;2;0;0;1;2
4310702;Itatiba do Sul;RS;Mapeado;2026-09;22;34;12;22;4;7;5;18;9;18;3;4;0;0;0;0;0;3;0;0;0;0;1;1;0;1;0;0;0;1;0;0;0;2
4310751;Ivorá;RS;Mapeado;2026-09;10;21;0;6;5;6;3;15;0;4;0;2;0;0;0;0;0;3;0;0;0;0;1;1;0;0;0;0;0;0;0;0;1;2
4310801;Ivoti;RS;Mapeado;2026-09;104;207;17;66;44;77;27;113;12;50;5;20;0;0;0;0;6;31;0;0;0;6;8;9;0;0;0;0;0;6;0;1;2;14
4310850;Jaboticaba;RS;Mapeado;2026-09;23;46;5;15;5;18;6;28;3;11;2;4;0;0;0;0;0;1;0;0;0;0;0;0;0;0;0;0;0;3;0;0;7;10
4310876;Jacuizinho;RS;Mapeado;2026-09;6;13;1;4;2;4;2;9;0;2;1;2;0;0;0;0;0;1;0;0;0;0;1;1;0;0;0;0;0;1;0;0;0;1
4310900;Jacutinga;RS;Mapeado;2026-09;20;32;10;17;3;8;1;10;7;10;3;8;0;0;0;0;0;4;0;0;0;1;6;7;0;0;0;0;0;2;0;1;0;2
4311106;Jaguari;RS;Mapeado;2026-09;67;129;18;51;12;29;26;78;13;43;5;12;0;0;1;2;1;3;0;1;0;2;9;10;0;0;0;0;0;1;0;3;0;9
4311007;Jaguarão;RS;Mapeado;2026-09;174;302;15;65;36;79;84;176;8;38;7;31;0;0;0;1;7;19;1;3;0;2;21;28;0;1;1;1;1;6;0;2;8;25
4311122;Jaquirana;RS;Mapeado;2026-09;31;55;10;26;8;24;12;40;7;20;3;8;0;0;0;0;0;6;0;0;0;0;0;0;1;1;0;0;0;7;0;0;0;1
4311130;Jari;RS;Mapeado;2026-09;16;36;5;19;3;11;6;20;0;6;5;13;0;0;0;0;0;6;0;0;0;0;2;2;0;0;0;0;0;4;0;0;0;1
4311155;Jóia;RS;Mapeado;2026-09;37;55;13;22;6;14;11;32;5;11;8;11;0;0;0;0;0;2;0;0;0;0;7;8;0;0;0;0;0;2;0;1;0;2
4311205;Júlio de Castilhos;RS;Mapeado;2026-09;128;229;32;70;29;51;52;131;16;42;16;36;0;0;0;1;0;13;0;0;0;3;11;11;0;0;0;0;0;4;0;0;4;13
4311239;Lagoa Bonita do Sul;RS;Mapeado;2026-09;10;17;7;12;2;4;1;6;6;11;1;2;0;0;0;0;0;0;0;0;0;0;0;0;0;0;0;0;0;4;0;0;0;1
4311304;Lagoa Vermelha;RS;Mapeado;2026-09;152;255;30;85;40;78;48;146;23;68;7;22;0;0;2;3;3;13;1;1;1;2;18;18;0;0;0;1;2;13;1;3;6;13
4311270;Lagoa dos Três Cantos;RS;Mapeado;2026-09;13;25;0;4;4;7;2;14;0;4;0;0;0;0;0;0;0;0;0;0;0;0;2;2;0;0;0;0;0;0;0;0;5;7
4311254;Lagoão;RS;Mapeado;2026-09;16;39;6;18;2;10;7;22;4;11;2;7;0;0;0;0;1;7;0;0;0;0;0;0;0;0;0;0;0;4;0;0;0;3
4311403;Lajeado;RS;Mapeado;2026-09;517;931;68;286;185;348;172;502;37;205;31;101;0;0;3;11;16;62;0;10;0;18;41;46;0;2;1;3;2;12;3;17;26;123
4311429;Lajeado do Bugre;RS;Mapeado;2026-09;8;23;3;11;2;7;1;7;1;4;2;8;0;0;0;0;0;3;0;0;0;0;1;1;0;0;0;0;1;3;0;0;0;2
4311502;Lavras do Sul;RS;Mapeado;2026-09;61;105;18;45;8;20;25;61;14;39;4;8;0;0;0;0;5;6;0;0;0;0;5;5;0;0;0;0;0;0;0;0;0;2
4311601;Liberato Salzano;RS;Mapeado;2026-09;25;41;5;16;9;14;4;16;4;15;1;2;0;0;0;0;0;1;0;0;0;0;3;4;0;0;0;0;0;0;0;1;4;5
4311627;Lindolfo Collor;RS;Mapeado;2026-09;33;52;12;24;5;10;8;32;7;16;5;9;0;0;1;1;2;5;0;0;0;0;2;2;0;0;0;0;1;4;0;0;2;4
4311643;Linha Nova;RS;Mapeado;2026-09;6;20;1;7;0;7;2;15;1;4;0;3;0;0;0;0;0;1;0;0;0;0;2;2;0;0;0;0;0;0;0;0;1;4
4311700;Machadinho;RS;Mapeado;2026-09;61;106;20;58;13;33;14;57;14;45;6;23;0;0;0;2;1;15;0;0;0;2;4;4;1;3;0;0;0;5;0;1;8;17
4311734;Mampituba;RS;Mapeado;2026-09;5;18;1;5;2;6;2;11;1;5;0;0;0;0;0;0;0;0;0;1;0;0;0;0;0;0;0;0;0;1;0;0;0;1
4311759;Manoel Viana;RS;Mapeado;2026-09;56;101;20;51;3;15;24;61;15;40;5;12;0;0;0;3;2;5;0;0;0;0;3;3;0;0;0;0;0;5;0;0;4;5
4311775;Maquiné;RS;Mapeado;2026-09;40;72;9;31;7;23;18;46;7;22;2;11;0;0;1;1;0;6;0;0;0;0;3;3;0;0;0;0;0;2;0;0;2;6
4311791;Maratá;RS;Mapeado;2026-09;23;37;7;15;4;9;3;19;3;10;4;6;0;0;0;0;1;4;0;0;0;0;7;7;0;0;0;0;0;1;0;0;1;5
4311809;Marau;RS;Mapeado;2026-09;186;345;39;121;58;94;60;180;27;84;12;43;0;0;3;8;4;24;0;3;1;7;13;14;0;1;0;1;0;4;2;11;6;34
4311908;Marcelino Ramos;RS;Mapeado;2026-09;45;94;9;31;21;45;4;46;7;24;2;9;0;0;0;0;0;5;0;0;0;0;9;9;1;3;0;0;0;3;0;0;1;8
4311981;Mariana Pimentel;RS;Mapeado;2026-09;27;48;9;25;3;14;10;29;5;15;4;11;0;0;0;0;1;3;0;0;0;1;2;2;0;1;0;0;0;10;0;0;2;7
4312005;Mariano Moro;RS;Mapeado;2026-09;7;16;2;10;2;9;2;13;1;8;1;3;0;0;0;0;0;1;0;0;0;0;1;1;0;0;0;0;0;0;0;0;0;0
4312054;Marques de Souza;RS;Mapeado;2026-09;29;42;5;16;10;15;2;22;5;16;0;0;0;0;0;0;0;2;0;0;0;0;9;9;0;0;0;0;0;1;1;1;2;3
4312104;Mata;RS;Mapeado;2026-09;19;40;6;20;5;7;4;15;4;16;2;5;0;0;0;0;1;3;0;0;0;0;3;3;0;0;0;0;0;2;0;0;0;4
4312138;Mato Castelhano;RS;Mapeado;2026-09;11;23;2;5;2;10;4;14;1;3;1;3;0;0;0;0;0;2;0;0;0;0;3;4;0;0;0;0;0;0;0;0;0;0
4312153;Mato Leitão;RS;Mapeado;2026-09;29;48;10;23;4;9;10;27;7;15;3;9;0;0;0;0;0;0;0;0;0;0;3;3;0;0;0;1;0;1;0;0;2;4
4312179;Mato Queimado;RS;Mapeado;2026-09;7;12;0;4;0;0;3;5;0;2;0;2;0;0;0;0;0;0;0;0;0;0;3;3;0;0;0;0;0;0;0;0;1;2
4312203;Maximiliano de Almeida;RS;Mapeado;2026-09;18;41;4;16;6;13;1;19;3;14;1;4;0;0;0;0;0;4;0;0;0;0;6;7;0;0;0;0;0;1;0;0;1;2
4311718;Maçambará;RS;Mapeado;2026-09;20;34;7;17;3;12;10;21;6;15;1;3;0;0;0;1;0;4;0;0;0;0;0;0;0;0;0;0;0;3;0;0;0;0
4312252;Minas do Leão;RS;Mapeado;2026-09;30;83;6;23;4;9;17;62;5;17;1;9;0;0;0;0;0;1;0;0;0;0;3;3;0;1;0;0;0;4;0;0;0;5
4312302;Miraguaí;RS;Mapeado;2026-09;37;65;12;37;6;16;9;43;10;33;2;14;0;0;0;0;0;1;0;0;0;0;8;8;0;0;0;0;0;4;0;0;2;5
4312351;Montauri;RS;Mapeado;2026-09;10;20;3;12;5;13;0;13;2;10;1;3;0;0;0;1;1;2;0;0;0;0;1;2;0;0;0;0;0;0;0;0;0;0
4312377;Monte Alegre dos Campos;RS;Mapeado;2026-09;15;22;6;9;3;7;5;8;5;7;1;2;0;0;0;0;0;0;0;0;0;1;1;1;0;0;0;0;0;2;0;0;0;0
4312385;Monte Belo do Sul;RS;Mapeado;2026-09;19;46;3;28;7;23;5;22;2;12;1;18;0;0;0;0;1;8;0;0;0;1;1;1;0;0;0;0;0;0;0;0;2;4
4312401;Montenegro;RS;Mapeado;2026-09;384;685;80;215;99;207;147;400;51;155;29;76;0;0;2;9;21;69;1;3;0;6;21;25;0;0;0;0;1;28;1;8;11;49
4312427;Mormaço;RS;Mapeado;2026-09;18;31;4;12;9;14;4;20;3;8;1;4;0;0;0;0;0;4;0;0;0;0;1;1;0;0;0;0;0;1;0;0;0;1
4312443;Morrinhos do Sul;RS;Mapeado;2026-09;16;27;4;11;5;11;2;13;2;8;2;4;0;0;0;0;0;1;0;0;0;0;5;5;0;0;0;0;0;1;0;0;0;2
4312450;Morro Redondo;RS;Mapeado;2026-09;32;68;15;32;5;22;6;41;9;19;6;14;0;0;0;0;4;8;0;0;0;0;1;1;0;0;0;0;0;5;0;1;1;6
4312476;Morro Reuter;RS;Mapeado;2026-09;46;79;9;25;23;36;9;43;7;21;2;6;0;0;0;1;1;5;0;0;0;1;3;3;0;1;0;0;0;0;0;0;1;7
4312500;Mostardas;RS;Mapeado;2026-09;93;156;21;60;24;64;34;99;13;40;8;24;0;0;0;0;0;9;0;0;0;0;11;11;0;0;0;0;0;4;0;1;3;6
4312617;Muitos Capões;RS;Mapeado;2026-09;6;28;4;9;2;6;0;16;3;6;1;6;0;0;0;0;0;1;0;0;0;0;0;0;0;0;0;0;0;0;0;0;0;2
4312625;Muliterno;RS;Mapeado;2026-09;4;10;1;6;0;3;3;8;1;4;0;4;0;0;0;0;0;2;0;0;0;0;0;0;0;0;0;0;0;0;0;0;0;2
4312609;Muçum;RS;Mapeado;2026-09;46;71;14;31;6;17;8;37;10;24;4;9;0;0;0;1;1;4;0;0;0;0;13;13;0;1;0;0;0;0;0;0;4;7
4312674;Nicolau Vergueiro;RS;Mapeado;2026-09;19;33;4;17;6;16;4;19;1;12;3;5;0;0;0;0;0;0;0;0;0;0;1;1;0;0;0;0;0;0;0;0;4;4
4312708;Nonoai;RS;Mapeado;2026-09;79;130;20;47;19;36;26;72;14;39;6;13;0;0;0;0;0;13;0;0;0;5;11;11;0;0;0;0;0;5;0;0;3;13
4312757;Nova Alvorada;RS;Mapeado;2026-09;29;46;10;25;1;7;13;31;6;15;4;10;0;0;0;1;0;3;0;0;0;1;5;5;0;0;0;0;0;2;0;0;0;1
4312807;Nova Araçá;RS;Mapeado;2026-09;37;73;16;41;4;21;9;37;10;33;6;13;0;0;0;1;2;8;0;3;0;1;6;8;0;0;0;0;0;2;0;1;0;8
4312906;Nova Bassano;RS;Mapeado;2026-09;56;93;11;41;20;34;14;53;4;33;7;15;0;0;3;8;1;9;0;1;0;0;5;5;0;0;0;0;0;1;1;6;1;8
4312955;Nova Boa Vista;RS;Mapeado;2026-09;18;25;2;7;5;8;3;11;2;6;0;1;0;0;0;0;0;0;0;0;0;0;8;9;0;0;0;0;0;0;0;0;0;1
4313003;Nova Bréscia;RS;Mapeado;2026-09;18;30;3;9;4;10;6;19;3;8;0;1;0;0;0;0;0;3;0;0;0;0;4;4;0;0;0;0;0;0;0;0;1;4
4313011;Nova Candelária;RS;Mapeado;2026-09;27;36;3;9;7;11;5;14;2;8;1;3;0;0;0;0;0;0;0;0;0;0;11;11;0;0;0;0;0;2;0;0;1;9
4313037;Nova Esperança do Sul;RS;Mapeado;2026-09;28;55;6;23;5;10;10;32;5;15;1;8;0;0;0;0;1;4;0;0;0;1;4;4;0;0;0;0;0;3;0;0;2;6
4313060;Nova Hartz;RS;Mapeado;2026-09;81;168;15;52;15;44;42;113;12;39;3;14;0;0;0;0;7;18;0;0;0;1;2;2;0;1;0;0;0;5;0;1;0;11
4313102;Nova Palma;RS;Mapeado;2026-09;33;49;7;19;4;9;10;23;5;15;2;4;0;0;0;0;0;1;0;0;0;0;11;11;0;0;0;0;0;2;0;0;1;3
4313201;Nova Petrópolis;RS;Mapeado;2026-09;202;380;15;110;83;165;64;251;12;78;3;39;0;0;0;2;2;35;0;1;0;5;22;26;4;9;0;2;0;3;0;2;12;42
4313300;Nova Prata;RS;Mapeado;2026-09;192;322;38;113;56;105;69;184;26;87;12;32;0;0;2;2;4;17;1;3;0;10;12;13;0;2;1;1;0;6;1;3;8;33
4313086;Nova Pádua;RS;Mapeado;2026-09;14;29;1;10;8;20;1;10;0;6;1;5;0;0;0;0;0;3;0;0;0;0;4;5;0;1;0;0;0;0;0;0;0;2
4313334;Nova Ramada;RS;Mapeado;2026-09;12;19;6;12;3;4;1;9;3;9;3;3;0;0;0;0;0;0;0;0;0;0;2;2;0;0;0;0;0;0;0;0;0;0
4313359;Nova Roma do Sul;RS;Mapeado;2026-09;30;47;8;27;5;19;7;26;7;23;1;5;0;0;1;1;0;5;0;0;0;0;7;8;0;0;0;0;0;0;0;0;2;4
4313375;Nova Santa Rita;RS;Mapeado;2026-09;146;257;11;50;53;81;67;157;9;36;2;19;0;0;0;0;6;17;0;0;0;3;7;8;0;0;0;0;0;1;0;3;2;17
4313490;Novo Barreiro;RS;Mapeado;2026-09;22;33;9;15;3;13;5;22;4;9;5;9;0;0;0;0;0;0;0;0;0;0;4;4;0;0;0;0;0;1;0;0;1;3
4313391;Novo Cabrais;RS;Mapeado;2026-09;18;44;4;15;6;17;4;33;2;5;2;10;0;0;0;1;0;3;0;0;0;0;2;2;0;0;0;0;0;3;0;0;2;4
4313409;Novo Hamburgo;RS;Mapeado;2026-09;1366;2282;164;504;519;872;503;1289;88;332;76;199;0;0;6;30;58;166;1;10;0;24;47;63;3;4;0;0;0;13;3;14;62;238
4313425;Novo Machado;RS;Mapeado;2026-09;15;28;7;18;2;8;4;20;7;17;0;1;0;0;0;0;2;3;0;0;0;0;0;0;0;0;0;0;0;1;0;0;0;0
4313441;Novo Tiradentes;RS;Mapeado;2026-09;10;27;1;9;1;4;5;20;1;8;0;2;0;0;0;0;0;1;0;0;0;0;2;2;0;0;0;1;0;3;0;0;1;3
4313466;Novo Xingu;RS;Mapeado;2026-09;9;14;3;7;3;5;1;6;3;7;0;1;0;0;0;1;0;1;0;0;0;0;2;2;0;0;0;0;0;1;0;0;0;2
4312658;Não-Me-Toque;RS;Mapeado;2026-09;113;173;20;49;28;48;36;96;9;30;11;22;0;0;0;4;2;10;0;0;0;4;24;26;0;0;0;0;0;2;0;1;3;7
4313508;Osório;RS;Mapeado;2026-09;284;530;33;131;89;190;122;347;18;93;15;47;0;0;1;6;4;31;0;0;0;3;22;23;1;1;0;0;1;4;1;1;10;43
4313607;Paim Filho;RS;Mapeado;2026-09;23;46;5;20;7;13;4;22;4;16;1;4;0;0;0;0;1;4;0;0;0;0;5;6;0;0;0;0;0;1;0;1;1;6
4313656;Palmares do Sul;RS;Mapeado;2026-09;120;219;34;100;16;50;60;155;18;77;16;35;0;0;1;3;2;10;0;1;0;0;6;6;0;0;0;0;0;7;0;8;1;7
4313706;Palmeira das Missões;RS;Mapeado;2026-09;206;361;29;97;66;117;79;218;19;70;10;37;0;0;5;8;6;23;1;1;0;1;10;11;0;1;0;0;0;7;0;2;10;27
4313805;Palmitinho;RS;Mapeado;2026-09;26;63;12;26;5;15;3;32;10;22;2;7;0;0;0;0;0;3;0;0;0;0;5;5;0;0;0;0;0;0;0;0;1;6
4313904;Panambi;RS;Mapeado;2026-09;246;390;37;102;56;109;110;239;25;77;12;33;0;0;3;3;3;27;1;1;0;3;28;29;0;0;0;0;0;16;0;2;8;24
4313953;Pantano Grande;RS;Mapeado;2026-09;54;87;8;30;15;27;22;49;4;14;4;16;0;0;0;0;2;8;0;0;0;0;6;6;0;0;0;0;0;2;0;0;1;4
4314001;Paraí;RS;Mapeado;2026-09;51;96;18;49;12;33;11;53;11;40;7;20;0;0;0;2;1;5;0;0;0;3;8;10;0;1;0;0;0;1;0;0;1;6
4314027;Paraíso do Sul;RS;Mapeado;2026-09;30;59;7;24;5;9;13;34;4;16;3;8;0;0;0;0;1;5;0;0;0;0;4;4;0;0;0;0;0;2;0;0;0;7
4314035;Pareci Novo;RS;Mapeado;2026-09;19;47;2;14;5;12;10;32;2;12;0;3;0;0;0;0;0;4;0;0;0;0;1;1;0;0;0;0;0;1;0;0;1;5
4314050;Parobé;RS;Mapeado;2026-09;258;425;42;102;75;130;117;260;16;62;26;46;0;0;1;3;9;31;0;0;0;2;10;12;1;2;0;1;1;8;0;4;2;17
4314068;Passa Sete;RS;Mapeado;2026-09;10;23;7;13;2;6;1;11;5;9;2;4;0;0;0;0;0;0;0;0;0;0;0;1;0;0;0;0;0;5;0;0;0;1
4314100;Passo Fundo;RS;Mapeado;2026-09;1519;2748;274;928;478;1033;587;1702;176;696;98;303;0;0;16;49;44;205;2;26;2;31;69;80;0;4;0;4;3;105;5;35;39;183
4314076;Passo do Sobrado;RS;Mapeado;2026-09;43;92;17;53;6;16;9;47;9;36;8;22;0;0;0;1;3;5;0;0;0;0;5;6;0;1;0;0;1;6;0;0;2;7
4314134;Paulo Bento;RS;Mapeado;2026-09;11;22;2;12;5;11;2;12;1;8;1;6;0;0;0;0;1;6;0;0;0;0;0;0;0;0;0;0;0;1;0;0;1;3
4314159;Paverama;RS;Mapeado;2026-09;44;75;10;35;9;20;12;49;8;26;2;12;0;0;0;1;4;11;0;0;0;0;7;7;0;0;0;0;0;1;0;0;2;5
4314175;Pedras Altas;RS;Mapeado;2026-09;15;28;3;13;3;8;9;22;2;10;1;5;0;0;0;0;0;1;0;0;0;0;0;0;0;0;0;0;0;0;0;0;0;0
4314209;Pedro Osório;RS;Mapeado;2026-09;51;83;14;29;7;10;23;48;6;15;8;14;0;0;0;0;3;8;0;0;0;0;4;4;0;1;0;0;0;4;0;0;0;4
4314308;Pejuçara;RS;Mapeado;2026-09;18;30;4;13;4;7;6;10;4;9;0;4;0;0;0;0;0;1;0;0;0;0;3;4;0;0;0;0;0;0;0;1;1;4
4314407;Pelotas;RS;Mapeado;2026-09;1933;3225;256;786;637;1137;819;1890;147;541;109;301;0;0;9;24;63;191;6;18;3;30;80;91;6;13;0;0;2;27;6;18;46;207
4314423;Picada Café;RS;Mapeado;2026-09;43;91;3;30;17;41;20;70;2;21;1;12;0;0;0;0;0;4;0;0;0;0;2;2;0;1;0;0;0;1;0;0;1;9
4314456;Pinhal;RS;Mapeado;2026-09;14;39;6;15;3;15;3;30;2;9;4;10;0;0;0;0;0;4;0;0;0;0;1;1;0;0;0;0;0;2;0;0;1;5
4314472;Pinhal Grande;RS;Mapeado;2026-09;16;24;7;10;2;6;4;11;2;7;5;5;0;0;0;0;0;1;0;0;0;0;3;3;0;0;0;0;0;1;0;0;0;2
4314464;Pinhal da Serra;RS;Mapeado;2026-09;11;24;3;12;1;6;5;16;1;9;2;5;0;0;0;0;0;1;0;0;0;0;2;2;0;0;0;0;0;1;0;1;0;4
4314498;Pinheirinho do Vale;RS;Mapeado;2026-09;26;53;8;29;6;13;10;34;5;24;3;9;0;0;0;0;0;2;0;0;0;0;1;1;0;0;0;0;0;1;0;0;1;5
4314506;Pinheiro Machado;RS;Mapeado;2026-09;53;127;14;65;8;37;20;95;10;48;4;22;0;0;0;0;4;14;0;0;0;0;5;5;0;1;0;0;0;6;0;0;2;5
4314548;Pinto Bandeira;RS;Mapeado;2026-09;25;47;4;10;6;18;7;21;4;10;0;3;0;0;0;0;1;3;0;0;0;1;6;6;0;0;0;0;0;0;0;0;1;3
4314555;Pirapó;RS;Mapeado;2026-09;15;32;5;10;0;4;6;20;4;8;1;3;0;0;0;0;0;3;0;0;0;0;2;2;0;0;0;0;0;0;0;0;2;4
4314605;Piratini;RS;Mapeado;2026-09;59;102;14;32;18;32;19;70;10;20;4;13;0;0;1;4;3;11;0;0;0;0;3;3;0;1;0;0;0;1;0;0;1;6
4314704;Planalto;RS;Mapeado;2026-09;62;121;30;61;4;22;14;52;12;29;18;35;0;0;0;2;2;10;0;0;1;3;10;12;0;1;0;0;0;4;0;1;1;7
4314787;Ponte Preta;RS;Mapeado;2026-09;7;13;3;8;2;6;0;6;3;7;0;2;0;0;0;0;0;4;0;0;0;0;2;2;0;0;0;0;0;3;0;0;0;1
4314779;Pontão;RS;Mapeado;2026-09;22;48;8;26;6;19;7;31;4;18;4;9;0;0;0;0;0;3;0;0;0;0;0;1;1;1;0;0;0;3;0;0;0;2
4314902;Porto Alegre;RS;Mapeado;2026-09;10137;17090;1130;3875;4183;7002;3919;9636;683;2821;447;1373;0;0;39;110;198;1150;26;315;33;472;229;294;29;44;1;12;13;188;38;166;299;1479
4315008;Porto Lucena;RS;Mapeado;2026-09;26;43;13;25;4;10;4;21;8;19;5;7;0;0;0;0;0;3;0;0;0;1;4;4;0;0;0;0;0;5;0;1;1;1
4315057;Porto Mauá;RS;Mapeado;2026-09;17;31;4;17;2;4;9;25;4;16;0;1;0;0;0;0;0;1;0;0;0;0;1;1;0;0;0;0;0;0;0;0;1;1
4315073;Porto Vera Cruz;RS;Mapeado;2026-09;19;36;8;18;3;7;4;19;5;13;3;5;0;0;0;1;0;1;0;0;0;0;4;4;0;0;0;0;0;1;0;0;0;2
4315107;Porto Xavier;RS;Mapeado;2026-09;53;134;20;65;8;35;14;76;12;47;8;30;0;0;0;0;0;12;0;0;0;0;7;8;0;1;0;0;2;9;1;4;1;14
4314803;Portão;RS;Mapeado;2026-09;189;363;25;84;53;118;86;238;15;59;10;34;0;0;0;1;13;33;0;0;1;9;5;5;0;1;1;1;0;3;0;0;5;23
4315131;Pouso Novo;RS;Mapeado;2026-09;10;23;2;9;4;9;3;13;0;7;2;2;0;0;0;0;1;1;0;0;0;0;0;0;0;0;0;0;0;1;0;0;0;2
4314753;Poço das Antas;RS;Mapeado;2026-09;14;25;2;10;4;9;1;10;2;4;0;8;0;0;0;0;0;1;0;0;0;0;7;8;0;0;0;0;0;0;0;0;0;5
4315149;Presidente Lucena;RS;Mapeado;2026-09;32;53;7;21;12;21;9;35;5;16;2;10;0;0;1;1;1;5;0;0;0;0;2;2;0;0;0;0;0;1;0;0;0;2
4315156;Progresso;RS;Mapeado;2026-09;29;47;9;26;3;11;7;23;6;18;3;9;0;0;0;0;0;0;0;0;0;0;5;5;0;0;0;0;0;1;0;0;5;7
4315172;Protásio Alves;RS;Mapeado;2026-09;13;19;2;6;4;6;4;8;1;3;1;3;0;0;0;1;0;2;0;0;0;0;3;5;0;0;0;0;0;1;0;0;0;1
4315206;Putinga;RS;Mapeado;2026-09;38;51;9;18;7;12;2;17;9;18;0;0;0;0;0;0;0;1;0;0;0;0;14;14;0;0;0;0;0;0;0;0;6;9
4315305;Quaraí;RS;Mapeado;2026-09;99;178;7;39;23;51;50;110;3;21;4;20;0;0;2;3;5;20;0;1;0;1;8;9;0;0;0;0;1;3;1;1;2;8
4315313;Quatro Irmãos;RS;Mapeado;2026-09;7;15;1;8;1;7;3;8;1;6;0;4;0;0;0;0;0;1;0;0;0;0;1;1;0;0;0;0;0;0;0;0;1;1
4315321;Quevedos;RS;Mapeado;2026-09;18;29;8;16;5;13;2;18;5;13;3;4;0;0;0;0;2;4;0;0;0;0;0;0;0;0;0;0;0;4;0;0;1;1
4315354;Quinze de Novembro;RS;Mapeado;2026-09;37;62;4;17;11;19;9;29;2;13;2;4;0;0;0;0;0;3;0;0;0;0;11;12;0;0;0;0;0;1;0;0;2;6
4315404;Redentora;RS;Mapeado;2026-09;38;59;20;33;4;7;11;36;10;21;10;16;0;0;0;0;0;2;0;0;0;0;2;2;0;0;0;0;0;5;0;1;1;2
4315453;Relvado;RS;Mapeado;2026-09;9;15;0;7;1;5;6;12;0;6;0;1;0;0;0;0;0;0;0;0;0;0;2;2;0;0;0;0;0;0;0;0;0;0
4315503;Restinga Sêca;RS;Mapeado;2026-09;123;214;15;67;39;83;46;118;8;55;7;22;0;0;0;2;2;18;0;0;0;1;11;12;1;2;0;0;1;4;0;0;8;16
4315602;Rio Grande;RS;Mapeado;2026-09;1266;2018;144;461;443;788;550;1270;84;330;60;169;0;0;6;15;35;108;6;8;0;9;45;49;5;11;0;1;2;32;4;11;26;108
4315701;Rio Pardo;RS;Mapeado;2026-09;157;244;40;95;36;53;56;125;31;72;9;31;0;0;0;1;8;21;0;1;0;2;12;12;0;0;0;0;0;4;1;2;4;22
4315552;Rio dos Índios;RS;Mapeado;2026-09;8;14;1;7;1;3;3;4;1;6;0;2;0;0;0;0;0;0;0;0;0;1;2;2;0;0;0;0;0;0;0;0;1;3
4315750;Riozinho;RS;Mapeado;2026-09;22;39;5;20;7;15;6;21;5;16;0;7;0;0;0;1;2;4;0;0;0;0;1;1;0;0;0;0;1;2;0;0;0;0
4315800;Roca Sales;RS;Mapeado;2026-09;58;83;22;48;11;18;17;44;12;26;10;24;0;0;0;0;2;7;0;1;0;0;6;6;0;0;0;0;0;1;0;0;0;2
4315909;Rodeio Bonito;RS;Mapeado;2026-09;45;95;15;35;9;26;8;62;8;28;7;10;0;0;0;0;2;7;0;0;0;0;8;11;0;0;0;0;0;1;0;0;3;7
4315958;Rolador;RS;Mapeado;2026-09;13;19;4;6;2;2;3;9;4;6;0;0;0;0;0;0;0;1;0;0;0;0;4;5;0;0;0;0;0;1;0;0;0;1
4316006;Rolante;RS;Mapeado;2026-09;72;138;18;44;22;40;23;85;11;30;7;14;0;0;1;1;1;14;0;0;0;1;5;6;0;0;0;0;1;5;0;0;1;9
4316105;Ronda Alta;RS;Mapeado;2026-09;70;102;29;55;17;26;10;49;16;35;13;26;0;0;1;3;1;11;0;1;0;1;9;9;0;0;0;0;0;5;0;0;3;6
4316204;Rondinha;RS;Mapeado;2026-09;33;51;7;12;7;12;8;30;3;7;4;5;0;0;0;0;1;3;0;1;0;0;7;7;0;0;0;0;0;1;0;1;3;5
4316303;Roque Gonzales;RS;Mapeado;2026-09;46;88;11;33;7;21;10;54;1;13;10;22;0;0;0;2;0;8;0;0;0;0;13;13;0;0;0;0;0;3;0;0;5;10
4316402;Rosário do Sul;RS;Mapeado;2026-09;176;300;24;83;36;60;84;192;11;57;13;28;0;0;0;0;6;18;0;1;0;0;18;18;2;2;0;0;0;8;0;4;6;12
4316428;Sagrada Família;RS;Mapeado;2026-09;10;22;1;8;5;10;2;15;0;4;1;4;0;0;0;0;0;5;0;0;0;0;1;1;0;0;0;0;0;0;0;0;1;2
4316436;Saldanha Marinho;RS;Mapeado;2026-09;17;35;2;16;7;11;6;22;2;11;0;5;0;0;0;0;0;0;0;0;0;0;2;2;0;0;0;0;0;0;0;0;0;0
4316451;Salto do Jacuí;RS;Mapeado;2026-09;84;144;32;70;16;34;22;71;20;44;12;31;0;0;0;0;4;14;0;0;0;0;8;9;0;0;0;0;0;8;0;0;2;12
4316477;Salvador das Missões;RS;Mapeado;2026-09;23;38;3;17;6;8;5;21;2;11;1;7;0;0;0;0;0;2;0;0;0;0;5;5;0;0;0;0;0;0;0;0;4;6
4316501;Salvador do Sul;RS;Mapeado;2026-09;54;88;17;42;14;23;14;44;14;31;3;13;0;0;0;3;0;13;0;0;1;3;7;7;0;0;0;0;0;5;0;2;1;3
4316600;Sananduva;RS;Mapeado;2026-09;124;194;27;68;31;56;24;75;14;38;13;30;0;0;0;0;3;13;0;0;0;1;30;32;0;0;0;0;0;1;0;1;9;19
4317103;Sant'Ana do Livramento;RS;Mapeado;2026-09;434;814;34;170;113;257;206;499;16;113;18;66;0;0;2;7;29;76;0;0;0;6;34;39;3;5;0;1;1;15;1;8;11;54
4316709;Santa Bárbara do Sul;RS;Mapeado;2026-09;48;86;11;31;15;28;12;48;5;18;6;16;0;0;0;1;1;8;0;0;0;0;7;7;0;0;0;0;0;1;0;1;2;5
4316733;Santa Cecília do Sul;RS;Mapeado;2026-09;9;16;4;7;2;5;1;3;2;5;2;3;0;0;0;0;0;0;0;0;0;0;1;1;0;0;0;0;0;0;0;0;1;2
4316758;Santa Clara do Sul;RS;Mapeado;2026-09;34;56;5;17;9;16;10;34;3;8;2;9;0;0;0;1;5;9;0;1;0;2;3;3;0;0;0;0;0;1;0;0;2;7
4316808;Santa Cruz do Sul;RS;Mapeado;2026-09;822;1446;130;451;243;467;294;814;99;370;31;112;0;0;7;30;34;123;3;9;1;21;72;85;0;8;0;2;2;25;5;22;31;121
4316972;Santa Margarida do Sul;RS;Mapeado;2026-09;18;30;3;5;4;6;5;17;1;3;2;2;0;0;0;0;0;2;0;0;0;0;5;6;0;0;0;0;0;0;0;0;1;2
4316907;Santa Maria;RS;Mapeado;2026-09;1533;2863;225;883;480;943;630;1677;127;611;98;347;0;0;14;30;45;210;2;12;2;20;61;77;1;1;1;2;2;56;10;41;60;250
4316956;Santa Maria do Herval;RS;Mapeado;2026-09;35;64;15;34;8;18;8;40;12;28;3;7;0;0;1;2;0;5;0;0;0;0;3;4;0;0;0;0;0;0;0;0;0;4
4317202;Santa Rosa;RS;Mapeado;2026-09;357;661;71;235;109;206;115;350;42;170;29;85;0;0;1;6;10;43;1;6;0;9;32;36;1;3;0;0;1;15;1;4;15;66
4317251;Santa Tereza;RS;Mapeado;2026-09;14;21;3;8;5;7;2;9;3;6;0;2;0;0;0;0;0;1;0;0;0;0;3;3;0;0;0;0;0;0;0;0;1;2
4317301;Santa Vitória do Palmar;RS;Mapeado;2026-09;173;284;20;53;47;93;75;149;12;33;8;24;0;0;2;2;6;16;0;1;1;1;17;17;0;0;0;1;0;6;1;1;4;20
4317004;Santana da Boa Vista;RS;Mapeado;2026-09;26;52;3;19;6;21;12;39;1;7;2;14;0;0;2;3;0;3;0;1;0;0;3;4;0;1;0;1;0;4;0;1;0;5
4317400;Santiago;RS;Mapeado;2026-09;242;449;52;138;53;98;98;285;37;103;15;47;0;0;0;3;3;15;1;2;0;2;28;32;0;0;0;1;0;9;2;6;5;31
4317608;Santo Antônio da Patrulha;RS;Mapeado;2026-09;179;295;20;71;60;112;68;164;12;43;8;31;0;0;0;5;15;35;0;1;0;2;8;8;1;2;0;0;0;8;1;1;6;20
4317707;Santo Antônio das Missões;RS;Mapeado;2026-09;50;96;13;39;12;20;19;52;9;29;4;13;0;0;0;1;1;6;0;0;0;0;4;5;0;0;0;0;0;6;0;0;1;5
4317558;Santo Antônio do Palma;RS;Mapeado;2026-09;10;18;2;6;2;6;5;11;2;5;0;3;0;0;0;0;0;1;0;0;0;0;1;1;0;0;0;0;0;0;0;0;0;1
4317756;Santo Antônio do Planalto;RS;Mapeado;2026-09;11;27;4;9;2;8;3;15;2;5;2;4;0;0;0;0;0;1;0;0;0;0;1;1;0;0;0;0;0;2;0;0;1;1
4317806;Santo Augusto;RS;Mapeado;2026-09;72;140;18;46;17;38;19;72;9;30;9;17;0;0;0;1;1;9;0;0;0;2;10;10;0;0;0;1;0;4;0;0;7;11
4317905;Santo Cristo;RS;Mapeado;2026-09;61;113;12;42;7;24;6;49;8;28;4;23;0;0;1;1;3;9;0;0;0;0;28;30;1;2;0;0;0;2;0;0;3;14
4317954;Santo Expedito do Sul;RS;Mapeado;2026-09;7;15;2;5;2;5;0;6;1;5;1;2;0;0;0;0;0;1;0;0;0;1;2;2;0;0;0;0;0;2;0;0;1;2
4317509;Santo Ângelo;RS;Mapeado;2026-09;399;818;59;268;129;292;148;485;33;195;26;102;0;0;0;11;8;55;2;7;0;12;33;41;1;2;0;2;2;11;0;6;17;74
4319901;Sapiranga;RS;Mapeado;2026-09;362;619;33;136;120;220;160;380;22;101;11;54;0;0;5;7;17;54;0;3;2;9;16;22;1;2;0;1;2;5;1;6;5;40
4320008;Sapucaia do Sul;RS;Mapeado;2026-09;592;1010;71;220;202;349;251;619;44;162;27;79;0;0;3;5;29;64;0;1;1;4;15;16;0;2;0;0;1;10;2;14;17;79
4320107;Sarandi;RS;Mapeado;2026-09;158;247;29;74;49;92;47;131;24;60;5;18;0;0;1;4;2;12;1;5;0;3;17;19;0;0;0;0;0;1;2;3;10;21
4320206;Seberi;RS;Mapeado;2026-09;68;113;14;37;18;33;14;58;10;24;4;15;0;0;0;1;1;2;0;0;0;1;17;17;0;0;0;0;0;2;0;1;4;16
4320230;Sede Nova;RS;Mapeado;2026-09;13;28;1;6;3;10;7;21;1;5;0;1;0;0;0;0;0;2;0;0;0;0;2;2;0;0;0;0;0;0;0;0;0;0
4320263;Segredo;RS;Mapeado;2026-09;36;65;10;34;3;10;15;38;7;20;3;17;0;0;2;2;0;2;0;0;0;0;6;6;0;0;0;0;0;7;0;0;0;1
4320305;Selbach;RS;Mapeado;2026-09;51;69;8;19;9;14;14;33;4;12;4;8;0;0;0;0;1;2;0;0;0;0;18;19;0;0;0;0;0;0;0;0;1;5
4320321;Senador Salgado Filho;RS;Mapeado;2026-09;12;29;4;14;4;6;1;15;2;7;2;8;0;0;0;0;0;1;0;0;0;0;2;2;1;1;0;0;0;2;0;0;0;1
4320354;Sentinela do Sul;RS;Mapeado;2026-09;30;51;7;26;9;20;10;33;2;13;5;14;0;0;0;0;2;5;0;0;0;0;0;0;1;1;0;0;0;2;0;0;1;3
4320404;Serafina Corrêa;RS;Mapeado;2026-09;80;175;20;76;25;60;23;101;16;63;4;23;0;0;1;3;2;8;0;1;0;7;6;6;0;0;0;0;0;11;0;1;3;20
4320503;Sertão;RS;Mapeado;2026-09;26;56;8;24;8;21;7;31;7;19;1;7;0;0;0;0;0;3;0;0;0;0;3;5;0;0;0;0;0;1;0;0;0;2
4320552;Sertão Santana;RS;Mapeado;2026-09;23;33;10;16;3;7;6;17;8;15;2;2;0;0;0;0;0;2;0;0;0;0;3;4;0;0;0;0;0;4;0;1;1;3
4320578;Sete de Setembro;RS;Mapeado;2026-09;7;13;1;4;1;4;4;9;1;4;0;1;0;0;0;0;0;1;0;0;0;0;1;1;0;0;0;0;0;1;0;0;0;0
4320602;Severiano de Almeida;RS;Mapeado;2026-09;18;39;5;19;7;13;3;24;4;14;1;6;0;0;0;0;0;1;0;0;0;3;3;4;0;0;0;0;0;1;0;0;0;2
4320651;Silveira Martins;RS;Mapeado;2026-09;15;30;0;4;6;14;3;13;0;4;0;0;0;0;0;0;2;6;0;0;0;0;3;3;0;0;0;0;0;0;0;0;1;1
4320677;Sinimbu;RS;Mapeado;2026-09;42;76;19;43;6;11;10;33;13;36;6;8;0;0;0;0;1;5;0;0;0;2;4;5;0;0;0;0;0;1;0;0;2;4
4320701;Sobradinho;RS;Mapeado;2026-09;105;207;36;118;22;49;31;106;24;79;12;45;0;0;4;6;1;8;0;0;0;0;11;11;0;1;0;0;0;7;0;0;0;8
4320800;Soledade;RS;Mapeado;2026-09;198;315;48;117;60;102;55;166;31;78;17;49;0;0;0;2;6;24;0;0;2;4;15;15;0;0;0;0;1;9;0;2;11;28
4318002;São Borja;RS;Mapeado;2026-09;269;460;44;148;54;110;138;291;27;114;17;46;0;0;0;3;5;17;1;5;1;4;14;14;0;0;0;0;2;11;1;5;9;26
4318051;São Domingos do Sul;RS;Mapeado;2026-09;26;38;11;16;5;11;2;11;8;13;3;5;0;0;0;0;0;7;0;1;1;1;5;5;0;0;0;0;0;1;0;0;2;3
4318101;São Francisco de Assis;RS;Mapeado;2026-09;74;154;16;53;12;25;26;95;7;31;9;23;0;0;0;1;2;6;0;0;0;0;14;15;0;0;0;1;0;4;0;0;4;9
4318200;São Francisco de Paula;RS;Mapeado;2026-09;159;254;21;69;45;99;67;138;11;46;10;27;0;0;0;0;1;23;0;0;0;0;8;8;2;3;0;0;0;5;0;0;15;31
4318309;São Gabriel;RS;Mapeado;2026-09;278;459;56;147;60;123;126;283;31;96;25;62;0;0;2;6;12;41;0;5;0;2;16;17;0;0;0;0;0;24;1;3;5;12
4318408;São Jerônimo;RS;Mapeado;2026-09;132;223;31;95;33;52;48;136;18;62;13;40;0;0;0;2;6;13;0;0;0;1;9;9;0;0;0;0;1;10;1;3;3;15
4318440;São Jorge;RS;Mapeado;2026-09;24;40;7;19;6;8;5;21;4;14;3;5;0;0;0;0;0;2;0;0;0;1;3;3;0;0;0;0;0;3;0;0;3;4
4318457;São José das Missões;RS;Mapeado;2026-09;11;17;2;7;5;8;4;14;0;5;2;6;0;0;0;0;0;0;0;0;0;0;0;0;0;0;0;0;0;1;0;0;0;0
4318465;São José do Herval;RS;Mapeado;2026-09;9;20;2;8;3;12;4;15;1;6;1;2;0;0;0;0;0;2;0;0;0;0;0;0;0;0;0;0;0;0;0;0;0;0
4318481;São José do Hortêncio;RS;Mapeado;2026-09;23;34;10;18;5;8;3;14;6;12;4;7;0;0;0;1;0;2;0;0;0;1;3;3;0;0;0;0;0;0;0;0;2;4
4318499;São José do Inhacorá;RS;Mapeado;2026-09;23;31;6;7;5;6;1;9;4;5;2;2;0;0;0;0;0;1;0;0;0;0;8;9;0;0;0;0;0;2;0;0;3;3
4318507;São José do Norte;RS;Mapeado;2026-09;118;195;27;59;21;42;54;114;23;42;4;18;0;0;1;2;1;12;0;0;0;0;11;14;0;0;0;0;0;7;0;3;3;13
4318606;São José do Ouro;RS;Mapeado;2026-09;42;62;7;18;13;19;11;33;4;8;3;10;0;0;0;0;1;1;0;0;0;2;9;9;0;0;0;0;1;3;0;0;0;2
4318614;São José do Sul;RS;Mapeado;2026-09;13;36;4;11;3;8;1;14;0;7;4;5;0;0;0;2;1;7;0;0;0;0;4;4;0;0;0;0;0;0;0;0;0;5
4318622;São José dos Ausentes;RS;Mapeado;2026-09;41;80;19;35;12;44;6;45;11;24;8;14;0;0;0;0;1;6;0;0;0;0;1;2;0;0;0;0;1;8;0;0;1;2
4318424;São João da Urtiga;RS;Mapeado;2026-09;34;58;12;24;7;20;7;28;7;19;5;10;0;0;0;0;1;3;0;0;0;0;7;8;0;0;0;0;0;0;0;0;0;2
4318432;São João do Polêsine;RS;Mapeado;2026-09;27;48;5;20;12;20;4;30;5;20;0;4;0;0;0;0;1;4;0;0;0;3;2;2;0;0;0;0;0;0;0;0;3;4
4318705;São Leopoldo;RS;Mapeado;2026-09;1205;1951;148;443;428;730;504;1181;91;321;57;152;0;0;12;18;41;119;2;6;1;24;30;38;0;0;1;1;3;33;3;17;32;137
4318804;São Lourenço do Sul;RS;Mapeado;2026-09;183;315;42;111;45;97;65;181;26;80;16;37;0;0;0;7;10;23;0;1;0;1;8;8;2;2;0;1;0;6;0;0;11;36
4318903;São Luiz Gonzaga;RS;Mapeado;2026-09;179;347;42;141;42;79;60;193;28;103;14;41;0;0;1;2;6;14;1;1;1;4;19;20;0;0;0;2;0;10;1;1;6;24
4319000;São Marcos;RS;Mapeado;2026-09;139;205;37;86;32;52;52;131;29;71;8;16;0;0;0;1;1;11;1;1;0;3;13;13;1;1;0;0;0;1;0;1;2;8
4319109;São Martinho;RS;Mapeado;2026-09;31;63;7;22;4;18;11;38;3;17;4;9;0;0;0;0;0;2;0;1;0;1;8;8;0;0;0;0;0;3;0;0;1;4
4319125;São Martinho da Serra;RS;Mapeado;2026-09;11;35;3;19;3;13;5;25;2;13;1;10;0;0;0;1;0;2;0;0;0;0;0;0;0;0;0;0;0;4;0;0;0;3
4319158;São Miguel das Missões;RS;Mapeado;2026-09;28;83;3;20;6;25;10;53;1;13;2;10;0;0;0;0;2;7;0;0;0;0;5;5;1;1;0;0;0;2;0;0;1;11
4319208;São Nicolau;RS;Mapeado;2026-09;28;49;8;20;5;12;11;31;3;12;5;10;0;0;0;0;1;4;0;0;0;0;2;3;0;0;0;0;0;2;0;0;1;3
4319307;São Paulo das Missões;RS;Mapeado;2026-09;34;58;14;40;4;11;5;22;10;24;4;17;0;0;0;1;0;3;0;0;0;1;8;8;0;0;0;0;0;6;0;0;3;5
4319356;São Pedro da Serra;RS;Mapeado;2026-09;14;27;5;14;4;5;2;12;5;11;0;4;0;0;0;0;0;1;0;0;0;0;3;3;0;0;0;0;0;1;0;0;0;3
4319364;São Pedro das Missões;RS;Mapeado;2026-09;5;16;2;4;1;1;1;10;1;3;1;1;0;0;0;1;0;0;0;1;0;0;0;0;0;0;0;0;0;1;0;0;1;2
4319372;São Pedro do Butiá;RS;Mapeado;2026-09;23;37;5;19;4;10;4;17;5;18;0;2;0;0;0;0;1;2;0;0;0;0;7;8;0;0;0;0;0;1;0;0;2;2
4319406;São Pedro do Sul;RS;Mapeado;2026-09;80;155;30;81;14;35;22;84;19;59;11;28;0;0;1;3;1;9;0;0;0;0;10;11;0;0;0;0;1;9;0;0;1;11
4319505;São Sebastião do Caí;RS;Mapeado;2026-09;105;190;26;72;23;57;33;111;20;64;6;13;0;0;1;1;3;10;0;0;0;1;12;15;0;0;0;0;0;4;0;0;7;12
4319604;São Sepé;RS;Mapeado;2026-09;122;207;30;78;21;40;45;107;18;60;12;20;0;0;1;3;3;8;0;2;1;5;18;18;0;0;0;0;0;1;0;0;3;10
4319703;São Valentim;RS;Mapeado;2026-09;22;46;9;20;6;15;3;27;8;18;1;6;0;0;0;0;0;1;0;0;0;1;4;4;0;0;0;0;0;0;0;0;0;4
4319711;São Valentim do Sul;RS;Mapeado;2026-09;18;29;7;10;4;10;2;12;6;8;1;2;0;0;0;1;0;2;0;0;0;0;3;3;0;0;0;0;0;0;0;0;2;2
4319737;São Valério do Sul;RS;Mapeado;2026-09;9;16;5;12;0;2;2;6;3;7;2;5;0;0;0;0;0;3;0;0;0;0;0;0;0;0;0;0;0;2;0;0;2;2
4319752;São Vendelino;RS;Mapeado;2026-09;18;34;3;15;6;12;5;17;1;10;2;5;0;0;0;0;0;2;0;0;0;2;4;4;0;0;0;0;0;1;0;0;0;2
4319802;São Vicente do Sul;RS;Mapeado;2026-09;40;87;6;32;9;29;18;53;5;24;1;10;0;0;0;1;1;6;0;1;0;1;4;4;0;0;0;0;0;3;0;0;2;3
4320453;Sério;RS;Mapeado;2026-09;14;27;6;14;2;8;1;15;5;11;1;5;0;0;0;0;0;2;0;0;0;0;5;6;0;0;0;0;0;1;0;0;0;3
4320859;Tabaí;RS;Mapeado;2026-09;34;54;11;22;9;15;12;37;7;16;4;9;0;0;0;0;1;5;0;0;0;0;1;1;0;0;0;0;0;0;0;0;0;2
4320909;Tapejara;RS;Mapeado;2026-09;124;235;32;85;34;85;24;100;24;63;8;28;0;0;0;4;1;18;0;0;0;1;20;20;0;2;0;0;0;2;1;1;12;33
4321006;Tapera;RS;Mapeado;2026-09;94;158;22;61;24;45;26;81;15;42;7;29;0;0;0;5;0;9;0;0;0;1;17;17;0;0;0;0;0;7;0;0;5;14
4321105;Tapes;RS;Mapeado;2026-09;98;159;24;55;22;53;37;88;17;43;7;12;0;0;0;2;0;5;0;1;0;0;9;9;0;0;0;0;0;9;1;1;5;10
4321204;Taquara;RS;Mapeado;2026-09;277;455;58;119;70;128;98;264;41;88;17;35;0;0;2;7;11;26;1;2;0;6;25;26;2;4;0;0;0;14;2;4;8;38
4321303;Taquari;RS;Mapeado;2026-09;169;290;40;91;36;63;68;174;25;59;15;44;0;0;1;2;4;21;0;2;0;2;17;20;0;0;0;0;0;13;0;5;3;13
4321329;Taquaruçu do Sul;RS;Mapeado;2026-09;30;45;9;17;4;11;2;18;3;10;6;9;0;0;0;0;0;3;0;0;0;0;14;14;0;0;0;0;0;1;0;0;1;3
4321352;Tavares;RS;Mapeado;2026-09;34;68;11;29;6;19;12;42;6;15;5;16;0;0;0;0;0;2;0;0;0;1;4;4;0;1;0;0;0;2;0;0;1;5
4321402;Tenente Portela;RS;Mapeado;2026-09;103;196;26;80;20;53;30;111;20;54;6;30;0;0;3;3;3;18;0;0;0;1;19;19;0;0;0;0;0;6;0;0;2;23
4321436;Terra de Areia;RS;Mapeado;2026-09;81;132;16;38;26;51;30;91;10;23;6;16;0;0;1;1;2;8;0;0;0;0;4;5;1;1;0;0;1;7;0;1;0;2
4321451;Teutônia;RS;Mapeado;2026-09;162;303;33;98;46;101;52;173;23;67;10;35;0;0;0;0;6;27;0;0;0;2;14;17;0;0;0;1;0;3;0;3;11;34
4321469;Tio Hugo;RS;Mapeado;2026-09;23;45;2;18;12;19;4;32;2;11;0;8;0;0;0;1;0;4;0;0;0;0;2;3;0;0;0;1;0;0;0;0;3;5
4321477;Tiradentes do Sul;RS;Mapeado;2026-09;30;46;14;25;6;10;2;12;7;14;7;12;0;0;0;0;0;4;0;0;0;0;4;4;0;0;0;0;1;11;0;0;3;4
4321493;Toropi;RS;Mapeado;2026-09;16;35;5;20;3;12;6;24;4;17;1;4;0;0;0;0;0;2;0;0;0;0;1;1;0;0;0;0;0;2;0;0;1;2
4321501;Torres;RS;Mapeado;2026-09;504;783;40;194;189;307;209;499;27;137;13;69;0;0;2;7;17;43;2;5;0;4;30;31;1;2;0;0;0;8;2;5;12;38
4321600;Tramandaí;RS;Mapeado;2026-09;611;936;63;207;214;366;290;635;34;139;29;84;0;0;4;5;13;40;1;3;0;8;15;16;0;1;0;1;0;7;0;7;11;40
4321626;Travesseiro;RS;Mapeado;2026-09;11;16;0;6;4;5;2;10;0;5;0;1;0;0;0;0;0;1;0;0;0;0;5;5;0;0;0;0;0;0;0;0;0;0
4321956;Trindade do Sul;RS;Mapeado;2026-09;51;102;14;43;15;27;9;46;7;28;7;22;0;0;0;1;2;9;0;0;1;2;8;8;0;0;0;0;0;7;0;0;2;8
4322004;Triunfo;RS;Mapeado;2026-09;180;307;42;107;56;93;61;203;30;79;12;31;0;0;0;1;5;20;0;0;0;1;11;12;0;0;0;0;0;7;0;2;5;11
4321634;Três Arroios;RS;Mapeado;2026-09;13;28;1;13;7;15;2;19;1;13;0;3;0;0;0;0;0;1;0;0;0;2;2;2;1;2;0;0;0;1;0;0;0;3
4321667;Três Cachoeiras;RS;Mapeado;2026-09;54;93;5;19;18;25;21;50;4;16;1;3;0;0;0;0;3;12;0;0;0;0;4;4;0;0;0;0;0;2;1;2;2;10
4321709;Três Coroas;RS;Mapeado;2026-09;194;341;30;96;41;97;90;211;17;65;13;42;0;0;1;2;8;25;0;0;3;5;12;13;2;4;0;0;0;5;0;1;7;36
4321832;Três Forquilhas;RS;Mapeado;2026-09;6;15;2;4;3;6;1;7;1;3;1;2;0;0;0;0;0;1;0;0;0;0;0;0;0;0;0;0;0;0;0;0;0;2
4321857;Três Palmeiras;RS;Mapeado;2026-09;22;39;4;11;6;11;11;26;4;10;0;2;0;0;0;1;1;2;0;0;0;1;0;0;0;0;0;0;0;1;0;0;0;3
4321907;Três Passos;RS;Mapeado;2026-09;148;283;30;92;33;70;32;144;18;64;12;33;0;0;2;7;1;13;1;8;0;4;31;36;0;0;0;0;3;14;2;4;13;31
4321808;Três de Maio;RS;Mapeado;2026-09;160;241;52;99;37;61;34;98;32;63;20;39;0;0;2;3;1;6;0;0;0;1;21;23;0;0;1;1;2;15;1;2;9;28
4322103;Tucunduva;RS;Mapeado;2026-09;42;73;15;40;8;22;9;41;11;27;4;15;0;0;0;0;3;5;0;0;0;0;6;6;0;0;0;0;0;0;0;0;1;4
4322152;Tunas;RS;Mapeado;2026-09;8;27;4;10;1;10;1;10;2;8;2;5;0;0;0;0;0;1;0;0;0;0;1;1;0;0;0;2;0;2;0;0;1;3
4322186;Tupanci do Sul;RS;Mapeado;2026-09;4;4;0;1;2;2;2;2;0;1;0;0;0;0;0;0;0;0;0;0;0;0;0;0;0;0;0;0;0;0;0;0;0;0
4322202;Tupanciretã;RS;Mapeado;2026-09;109;190;26;72;21;36;35;104;17;50;9;23;0;0;0;0;7;13;0;0;0;0;18;18;0;0;0;0;0;6;0;1;2;15
4322251;Tupandi;RS;Mapeado;2026-09;32;59;5;21;14;23;11;36;4;18;1;7;0;0;0;0;0;6;0;0;0;0;1;2;0;0;0;0;0;1;0;0;1;4
4322301;Tuparendi;RS;Mapeado;2026-09;34;63;12;27;9;20;6;26;6;14;6;13;0;0;1;1;0;5;0;0;0;0;5;6;0;0;0;0;0;0;0;1;1;5
4322327;Turuçu;RS;Mapeado;2026-09;11;19;2;7;4;6;3;10;1;6;1;2;0;0;0;1;0;1;0;0;0;0;1;1;0;0;0;0;0;0;0;0;1;3
4322343;Ubiretama;RS;Mapeado;2026-09;3;11;0;5;1;3;0;4;0;3;0;2;0;0;0;0;0;0;0;0;0;0;2;2;0;0;0;0;0;0;0;0;0;2
4322376;Unistalda;RS;Mapeado;2026-09;14;24;0;5;1;7;8;14;0;5;0;0;0;0;0;0;0;0;0;0;0;0;3;3;0;0;0;0;0;1;0;0;2;2
4322350;União da Serra;RS;Mapeado;2026-09;7;7;3;4;1;2;1;2;2;2;1;2;0;0;0;0;0;0;0;0;0;0;1;1;1;1;0;0;0;1;0;0;0;0
4322400;Uruguaiana;RS;Mapeado;2026-09;601;1047;85;340;139;270;290;700;44;211;41;165;0;0;7;18;30;91;1;4;0;11;38;43;0;1;0;0;1;21;2;5;8;56
4322509;Vacaria;RS;Mapeado;2026-09;360;565;70;160;106;202;146;335;49;114;21;53;0;0;0;2;9;36;0;1;0;5;20;20;1;2;0;0;2;46;1;5;5;37
4322541;Vale Real;RS;Mapeado;2026-09;31;55;6;28;4;12;15;33;3;19;3;11;0;0;1;1;1;3;0;0;0;0;4;4;0;0;0;0;0;1;0;0;0;2
4322525;Vale Verde;RS;Mapeado;2026-09;27;48;12;28;3;9;11;28;8;18;4;12;0;0;0;0;0;7;0;0;0;0;1;2;0;0;0;0;0;1;0;0;0;2
4322533;Vale do Sol;RS;Mapeado;2026-09;62;112;32;79;7;15;12;62;18;53;14;27;0;0;0;2;5;10;0;1;0;1;4;4;0;0;0;1;0;20;0;1;2;5
4322558;Vanini;RS;Mapeado;2026-09;20;45;8;16;3;7;7;21;1;2;7;14;0;0;0;0;0;18;0;0;0;0;2;2;0;0;0;0;0;6;0;0;0;2
4322608;Venâncio Aires;RS;Mapeado;2026-09;398;649;105;272;84;156;92;293;94;241;11;47;0;0;6;18;19;37;0;1;0;6;55;81;3;3;3;3;3;64;2;5;26;88
4322707;Vera Cruz;RS;Mapeado;2026-09;137;223;40;91;30;57;42;122;33;71;7;25;0;0;0;2;9;21;0;0;0;0;11;13;0;0;0;1;0;9;1;3;4;18
4322806;Veranópolis;RS;Mapeado;2026-09;169;268;44;82;36;83;52;138;32;67;12;23;0;0;0;3;1;17;0;4;1;5;23;23;1;3;0;0;1;2;0;2;10;32
4322855;Vespasiano Corrêa;RS;Mapeado;2026-09;18;37;3;14;7;13;7;24;2;9;1;5;0;0;0;0;0;5;0;0;0;0;0;0;0;0;0;0;0;0;0;0;1;4
4322905;Viadutos;RS;Mapeado;2026-09;28;38;7;14;4;8;7;15;7;13;0;1;0;0;1;1;0;1;0;0;0;0;8;8;0;0;0;0;0;1;0;0;1;6
4323002;Viamão;RS;Mapeado;2026-09;1107;1890;162;484;306;607;510;1159;84;341;78;181;0;0;2;7;50;148;1;2;0;6;33;40;1;2;0;0;2;30;3;17;37;146
4323101;Vicente Dutra;RS;Mapeado;2026-09;23;41;11;20;1;3;9;23;8;13;3;7;0;0;0;0;0;0;0;0;0;0;2;2;0;0;0;0;0;2;0;0;0;3
4323200;Victor Graeff;RS;Mapeado;2026-09;24;53;3;22;1;17;17;38;3;21;0;2;0;0;0;0;0;0;0;0;0;1;2;2;0;0;0;0;0;0;0;0;1;3
4323309;Vila Flores;RS;Mapeado;2026-09;27;48;10;22;5;20;4;27;8;17;2;7;0;0;0;1;1;5;0;0;0;1;5;6;0;0;0;0;0;0;0;1;2;2
4323358;Vila Lângaro;RS;Mapeado;2026-09;7;16;2;8;3;8;1;6;1;5;1;4;0;0;0;0;0;0;0;0;0;0;1;1;0;0;0;0;0;0;0;0;0;0
4323408;Vila Maria;RS;Mapeado;2026-09;28;61;10;24;10;25;2;29;6;19;4;8;0;0;1;2;1;9;0;2;0;1;4;7;0;0;0;0;0;2;0;0;0;8
4323457;Vila Nova do Sul;RS;Mapeado;2026-09;29;52;6;19;9;18;10;34;0;4;6;16;0;0;0;0;1;2;0;0;0;0;1;1;0;0;0;0;0;4;0;0;2;3
4323507;Vista Alegre;RS;Mapeado;2026-09;12;19;1;2;6;8;1;8;0;1;1;1;0;0;0;0;0;1;0;0;0;0;3;3;0;0;0;0;0;0;0;0;1;3
4323606;Vista Alegre do Prata;RS;Mapeado;2026-09;18;28;5;13;4;9;2;13;4;9;1;4;0;0;1;2;2;5;0;0;0;0;4;4;0;0;0;0;0;0;0;0;0;3
4323705;Vista Gaúcha;RS;Mapeado;2026-09;23;30;3;10;4;9;1;12;2;9;1;2;0;0;0;0;0;1;0;0;0;0;10;10;0;0;0;0;0;0;0;0;5;11
4323754;Vitória das Missões;RS;Mapeado;2026-09;9;15;1;4;1;3;4;9;1;4;0;0;0;0;0;0;0;0;0;0;0;0;3;3;0;0;0;0;0;0;0;0;0;1
4323770;Westfália;RS;Mapeado;2026-09;12;26;4;9;3;12;2;10;4;9;0;0;0;0;0;0;0;3;0;0;0;0;3;3;0;2;0;0;0;0;0;0;0;2
4323804;Xangri-lá;RS;Mapeado;2026-09;328;517;30;139;156;252;113;311;18;103;12;51;0;0;8;15;6;28;0;0;1;7;5;6;0;3;0;0;0;6;1;2;8;22
4300059;Água Santa;RS;Mapeado;2026-09;23;35;7;14;9;16;6;24;3;7;4;8;0;0;0;0;0;2;0;0;0;0;1;1;0;0;0;0;0;2;0;0;0;0
4301552;Áurea;RS;Mapeado;2026-09;23;45;13;25;4;18;2;27;11;21;2;5;0;0;0;2;0;6;0;0;0;2;3;3;0;1;0;0;0;4;0;0;1;6
4200051;Abdon Batista;SC;Mapeado;2026-09;12;28;2;10;1;8;6;18;0;7;2;4;0;0;0;0;0;1;0;0;0;1;3;3;0;0;0;0;0;4;0;0;0;0
4200101;Abelardo Luz;SC;Mapeado;2026-09;80;158;19;57;23;45;21;86;16;43;3;21;0;0;0;3;1;10;0;1;1;2;9;9;0;0;0;0;0;4;1;5;5;21
4200200;Agrolândia;SC;Mapeado;2026-09;59;88;16;27;7;20;25;51;9;17;7;12;0;0;0;1;2;7;0;0;0;2;4;4;0;1;0;0;0;4;0;0;5;7
4200309;Agronômica;SC;Mapeado;2026-09;40;58;7;20;9;16;14;36;4;13;3;7;0;0;0;0;3;5;0;0;0;0;6;6;0;0;0;0;0;4;0;1;1;1
4200705;Alfredo Wagner;SC;Mapeado;2026-09;94;124;18;41;21;33;53;90;5;24;13;18;0;0;0;1;0;2;0;0;0;0;1;1;1;1;0;0;0;0;0;1;0;4
4200754;Alto Bela Vista;SC;Mapeado;2026-09;13;25;2;10;2;6;1;8;1;5;1;6;0;0;0;0;0;2;0;1;1;1;6;6;1;1;0;0;0;0;0;0;0;3
4200804;Anchieta;SC;Mapeado;2026-09;66;86;22;41;11;23;22;50;12;23;10;21;0;0;0;1;0;2;0;0;0;1;10;10;0;0;0;0;0;3;0;0;1;3
4200903;Angelina;SC;Mapeado;2026-09;48;70;24;37;5;13;17;33;22;33;2;4;0;0;0;0;1;3;0;0;0;0;1;5;0;0;0;0;0;8;0;0;0;5
4201000;Anita Garibaldi;SC;Mapeado;2026-09;52;97;21;58;7;26;19;54;10;39;11;26;0;0;1;1;1;8;0;0;0;3;3;3;0;0;0;0;0;7;0;0;0;7
4201109;Anitápolis;SC;Mapeado;2026-09;33;52;11;22;3;13;16;37;9;17;2;5;0;0;0;0;0;2;0;0;0;0;3;3;0;0;0;0;0;1;0;0;0;5
4201208;Antônio Carlos;SC;Mapeado;2026-09;85;113;9;24;21;31;30;71;6;20;3;4;0;0;0;0;10;12;0;0;0;2;8;8;3;3;0;0;1;1;0;0;3;9
4201257;Apiúna;SC;Mapeado;2026-09;68;106;26;48;11;18;26;74;16;33;10;17;0;0;0;1;0;4;0;0;0;0;3;3;1;1;0;0;0;2;0;0;1;9
4201273;Arabutã;SC;Mapeado;2026-09;51;61;12;22;10;15;9;26;10;19;2;5;0;0;0;0;0;4;0;0;0;0;18;18;0;0;0;0;0;0;0;0;2;6
4201307;Araquari;SC;Mapeado;2026-09;325;479;40;114;92;162;160;308;18;70;22;51;0;0;0;1;22;35;0;1;0;3;6;8;2;3;0;0;0;8;0;1;3;21
4201406;Araranguá;SC;Mapeado;2026-09;566;860;79;215;158;290;267;539;49;158;30;72;0;0;2;14;17;52;1;2;0;11;18;21;2;3;0;1;1;21;3;8;18;59
4201505;Armazém;SC;Mapeado;2026-09;56;80;20;33;9;20;21;47;8;18;12;17;0;0;0;0;1;2;0;0;0;1;5;5;0;1;0;0;0;1;0;0;0;3
4201604;Arroio Trinta;SC;Mapeado;2026-09;25;39;5;13;3;16;12;25;3;9;2;9;0;0;0;1;1;9;0;0;0;1;3;3;0;0;0;0;0;0;0;0;1;5
4201653;Arvoredo;SC;Mapeado;2026-09;22;32;11;16;2;6;3;13;4;8;7;8;0;0;0;0;0;0;0;0;0;0;4;4;0;0;0;0;0;3;0;0;2;5
4201703;Ascurra;SC;Mapeado;2026-09;72;109;21;44;15;32;29;74;14;31;7;16;0;0;1;1;3;11;0;0;0;3;3;4;0;1;0;0;0;5;0;1;0;2
4201802;Atalanta;SC;Mapeado;2026-09;18;29;10;17;5;5;3;17;6;10;4;8;0;0;0;0;0;0;0;0;0;1;0;0;0;0;0;0;0;2;0;0;0;3
4201901;Aurora;SC;Mapeado;2026-09;50;77;17;36;6;14;13;41;14;31;3;6;0;0;0;0;4;7;0;0;0;0;5;6;0;0;0;0;0;0;0;1;5;5
4201950;Balneário Arroio do Silva;SC;Mapeado;2026-09;139;201;31;61;39;66;57;129;18;36;13;27;0;0;1;2;5;13;0;0;0;2;3;3;0;0;0;0;0;7;1;1;2;11
4202057;Balneário Barra do Sul;SC;Mapeado;2026-09;156;216;25;58;42;66;68;143;16;38;9;26;0;0;0;0;8;17;0;0;0;0;5;6;0;0;0;0;0;3;0;0;8;10
4202008;Balneário Camboriú;SC;Mapeado;2026-09;2229;3142;208;660;975;1395;882;1732;96;378;112;306;0;0;6;11;28;96;2;7;4;23;32;39;10;14;0;1;2;18;4;17;76;214
4202073;Balneário Gaivota;SC;Mapeado;2026-09;142;214;24;75;43;76;65;131;16;55;8;32;0;0;0;3;3;10;0;1;0;1;3;4;0;0;0;0;0;5;0;1;4;15
4212809;Balneário Piçarras;SC;Mapeado;2026-09;319;495;39;149;101;190;157;335;25;107;14;53;0;0;0;2;5;34;0;0;0;0;4;6;1;1;1;1;0;7;0;1;11;31
4220000;Balneário Rincão;SC;Mapeado;2026-09;166;229;52;97;31;63;75;159;29;60;23;44;0;0;1;3;3;14;0;0;0;1;1;3;0;0;0;0;0;2;0;0;3;10
4202081;Bandeirante;SC;Mapeado;2026-09;24;35;12;22;6;10;2;18;9;14;3;8;0;0;0;0;0;0;0;0;0;0;4;4;0;0;0;0;0;8;0;0;0;3
4202099;Barra Bonita;SC;Mapeado;2026-09;11;16;3;8;1;3;1;7;2;5;1;6;0;0;0;0;0;0;0;0;0;0;6;6;0;0;0;0;0;1;0;0;0;0
4202107;Barra Velha;SC;Mapeado;2026-09;466;706;76;184;130;232;225;486;38;117;38;80;0;0;0;2;11;41;1;1;0;1;10;11;1;3;0;1;2;8;0;1;10;32
4202131;Bela Vista do Toldo;SC;Mapeado;2026-09;25;40;10;20;3;11;11;22;9;17;1;4;0;0;0;0;0;4;0;0;0;1;0;0;0;0;0;0;0;0;0;0;1;2
4202156;Belmonte;SC;Mapeado;2026-09;23;37;4;14;1;5;8;16;2;8;2;6;0;0;0;0;0;2;0;0;0;0;10;11;0;0;0;0;0;2;0;0;0;3
4202206;Benedito Novo;SC;Mapeado;2026-09;58;80;11;18;7;16;32;50;9;15;2;4;0;0;0;0;2;3;0;0;0;1;5;5;0;0;0;0;0;3;0;0;1;4
4202305;Biguaçu;SC;Mapeado;2026-09;517;789;91;211;144;233;226;448;51;141;40;94;0;0;0;1;16;51;0;2;2;7;17;19;1;2;0;0;0;4;2;7;18;68
4202404;Blumenau;SC;Mapeado;2026-09;2084;3553;396;1276;699;1285;729;1902;211;871;185;485;0;0;12;24;37;206;3;10;2;46;106;118;8;21;3;3;0;49;11;34;78;320
4202438;Bocaina do Sul;SC;Mapeado;2026-09;20;34;5;11;8;13;6;25;4;9;1;3;0;0;0;0;0;1;0;0;0;0;0;0;0;0;0;0;0;3;0;0;1;2
4202503;Bom Jardim da Serra;SC;Mapeado;2026-09;40;73;4;18;14;31;21;54;1;12;3;7;0;0;0;0;0;3;0;0;0;0;0;0;0;0;0;0;0;2;0;0;1;3
4202537;Bom Jesus;SC;Mapeado;2026-09;20;37;8;21;5;11;5;14;7;17;1;6;0;0;0;0;0;1;0;0;0;0;1;1;0;0;0;0;0;1;0;0;1;4
4202578;Bom Jesus do Oeste;SC;Mapeado;2026-09;20;32;5;11;4;8;4;17;2;4;3;10;0;0;0;0;0;3;0;0;0;0;6;7;1;1;0;0;0;7;0;0;0;1
4202602;Bom Retiro;SC;Mapeado;2026-09;72;116;20;49;22;38;26;73;12;33;8;21;0;0;0;0;1;13;0;0;0;0;2;2;0;1;0;1;0;1;0;0;1;4
4202453;Bombinhas;SC;Mapeado;2026-09;459;632;18;95;211;293;204;353;13;58;5;42;0;0;0;2;3;14;0;0;1;3;4;4;1;2;0;0;0;0;1;1;16;50
4202701;Botuverá;SC;Mapeado;2026-09;39;62;12;22;5;11;11;33;7;13;5;12;0;0;0;0;1;4;0;0;0;1;8;11;1;1;0;0;1;2;0;0;0;6
4202800;Braço do Norte;SC;Mapeado;2026-09;237;308;65;113;60;91;72;172;34;71;31;48;0;0;0;1;7;17;0;0;0;0;27;28;0;0;0;1;0;3;0;1;6;18
4202859;Braço do Trombudo;SC;Mapeado;2026-09;13;27;3;14;4;9;5;16;3;11;0;5;0;0;0;0;0;1;0;0;0;0;0;0;0;0;0;0;0;2;0;0;1;2
4202875;Brunópolis;SC;Mapeado;2026-09;17;27;6;15;6;12;4;17;3;9;3;6;0;0;0;0;0;1;0;0;0;1;1;1;0;0;0;0;0;0;0;0;0;0
4202909;Brusque;SC;Mapeado;2026-09;858;1207;157;356;261;402;346;732;97;250;60;131;0;0;4;6;15;62;2;2;0;8;47;51;0;3;3;3;1;25;9;11;13;68
4203105;Caibi;SC;Mapeado;2026-09;47;77;11;34;10;21;10;35;9;25;2;14;0;0;0;1;0;7;0;0;0;1;16;16;0;0;0;0;0;5;0;1;0;2
4203154;Calmon;SC;Mapeado;2026-09;24;32;14;27;1;3;7;19;5;13;9;14;0;0;0;0;1;1;0;0;0;0;1;1;0;0;0;0;0;0;0;0;0;0
4203204;Camboriú;SC;Mapeado;2026-09;716;1088;109;252;215;366;333;630;60;149;49;113;0;0;3;8;26;74;0;0;0;3;10;14;0;0;0;0;0;18;1;3;19;61
4203303;Campo Alegre;SC;Mapeado;2026-09;135;191;44;78;32;55;50;109;26;40;18;42;0;0;1;1;3;18;0;0;0;2;3;5;0;1;0;0;0;0;0;0;2;9
4203402;Campo Belo do Sul;SC;Mapeado;2026-09;34;66;17;37;7;12;7;37;13;27;4;13;0;0;0;0;1;5;0;0;0;1;1;1;0;0;1;2;0;10;0;2;0;6
4203501;Campo Erê;SC;Mapeado;2026-09;95;155;31;66;17;35;29;96;7;37;24;39;0;0;0;1;2;7;0;0;0;0;11;12;0;0;0;0;0;3;2;2;3;5
4203600;Campos Novos;SC;Mapeado;2026-09;238;391;56;123;59;122;82;226;43;92;13;47;0;0;1;5;6;20;0;1;0;13;25;26;0;2;0;0;0;11;0;0;9;27
4203709;Canelinha;SC;Mapeado;2026-09;95;127;29;48;18;31;41;70;16;26;13;23;0;0;0;1;3;8;0;1;0;3;3;3;1;3;0;0;0;0;0;1;0;4
4203808;Canoinhas;SC;Mapeado;2026-09;359;587;94;218;77;180;147;358;67;175;27;67;0;0;1;8;8;37;1;2;1;7;20;23;1;2;0;0;1;9;1;5;7;21
4203907;Capinzal;SC;Mapeado;2026-09;97;175;22;47;24;45;30;105;10;35;12;22;0;0;0;3;2;10;0;1;0;4;14;16;0;2;0;0;0;4;1;3;4;15
4203956;Capivari de Baixo;SC;Mapeado;2026-09;120;184;26;54;11;33;58;102;18;39;8;23;0;0;2;2;11;23;0;1;0;2;6;7;0;0;0;0;0;7;1;2;5;22
4203253;Capão Alto;SC;Mapeado;2026-09;14;28;3;7;6;14;1;10;2;6;1;1;0;0;0;0;1;1;0;0;0;0;0;0;0;0;0;0;0;0;0;0;3;4
4204004;Catanduvas;SC;Mapeado;2026-09;69;135;18;47;20;36;25;83;11;35;7;16;0;0;0;2;1;9;0;0;0;1;0;0;1;1;0;0;0;1;1;1;3;10
4204103;Caxambu do Sul;SC;Mapeado;2026-09;35;52;14;31;2;6;10;25;12;26;2;5;0;0;0;0;1;4;0;0;0;1;7;7;0;0;0;0;0;13;0;0;1;1
4203006;Caçador;SC;Mapeado;2026-09;455;628;165;265;95;157;125;252;84;138;81;133;0;0;4;5;21;52;1;2;1;8;31;34;2;3;0;1;0;30;0;2;10;33
4204152;Celso Ramos;SC;Mapeado;2026-09;10;31;2;11;1;7;6;19;1;7;1;5;0;0;0;0;0;6;0;0;0;1;1;2;0;0;0;0;0;1;0;0;0;2
4204178;Cerro Negro;SC;Mapeado;2026-09;8;13;0;5;2;5;4;9;0;5;0;0;0;0;0;0;0;1;0;0;0;0;2;2;0;0;0;0;0;1;0;0;0;1
4204194;Chapadão do Lageado;SC;Mapeado;2026-09;18;33;11;15;0;5;2;14;11;15;0;2;0;0;0;0;0;2;0;0;0;2;4;4;0;1;0;0;0;0;0;0;1;5
4204202;Chapecó;SC;Mapeado;2026-09;1177;2038;162;431;374;665;462;1117;96;308;66;161;0;0;11;34;25;100;2;10;0;37;79;87;3;8;1;2;0;22;2;15;56;197
4204251;Cocal do Sul;SC;Mapeado;2026-09;84;129;22;36;19;39;33;86;14;25;8;11;0;0;1;2;3;5;0;0;0;1;3;3;0;0;0;0;0;1;0;0;3;9
4204301;Concórdia;SC;Mapeado;2026-09;404;674;102;219;88;187;90;305;71;160;31;71;0;0;4;8;4;25;2;3;1;15;91;117;2;4;0;1;0;2;1;10;19;67
4204350;Cordilheira Alta;SC;Mapeado;2026-09;28;44;8;18;9;15;3;15;4;14;4;4;0;0;0;1;1;2;0;0;0;0;7;8;0;1;0;0;0;0;0;0;0;0
4204400;Coronel Freitas;SC;Mapeado;2026-09;88;123;32;55;14;26;18;76;12;34;20;34;0;0;0;1;4;8;0;0;0;2;11;11;0;0;0;0;1;4;0;0;8;8
4204459;Coronel Martins;SC;Mapeado;2026-09;6;22;2;8;2;6;2;18;1;4;1;4;0;0;0;0;0;1;0;0;0;0;0;0;0;0;0;0;0;0;0;0;0;1
4204558;Correia Pinto;SC;Mapeado;2026-09;79;141;38;66;15;27;21;68;15;42;23;31;0;0;0;0;1;14;0;0;0;1;2;2;0;0;0;0;0;30;0;2;2;4
4204509;Corupá;SC;Mapeado;2026-09;109;147;29;50;18;31;40;83;16;28;13;30;0;0;0;1;5;20;0;0;0;4;15;15;0;0;0;0;0;5;0;0;2;11
4204608;Criciúma;SC;Mapeado;2026-09;1359;1942;219;443;449;749;544;1137;152;320;67;153;0;0;4;13;29;75;3;7;3;21;50;55;4;7;1;2;1;7;11;20;41;123
4204707;Cunha Porã;SC;Mapeado;2026-09;91;141;31;65;18;38;27;87;18;45;13;23;0;0;0;1;0;3;0;0;0;2;13;13;0;0;0;0;0;8;0;0;2;8
4204756;Cunhataí;SC;Mapeado;2026-09;10;14;4;7;1;2;2;8;1;2;3;6;0;0;0;0;0;1;0;0;0;0;3;3;0;0;0;0;0;1;0;0;0;0
4204806;Curitibanos;SC;Mapeado;2026-09;281;404;96;197;56;118;99;226;37;109;59;108;0;0;5;10;2;25;1;3;0;6;16;16;0;1;0;1;0;5;0;1;6;18
4204905;Descanso;SC;Mapeado;2026-09;84;121;16;32;9;18;24;49;12;27;4;9;0;0;1;3;2;3;0;0;0;0;26;38;0;0;0;0;0;1;0;0;6;16
4205001;Dionísio Cerqueira;SC;Mapeado;2026-09;133;233;37;86;36;69;39;130;12;60;25;45;0;0;0;0;1;19;0;0;0;2;16;18;0;1;0;0;0;26;0;0;4;13
4205100;Dona Emma;SC;Mapeado;2026-09;24;42;10;19;2;12;9;27;4;11;6;9;0;0;0;0;0;1;0;0;0;1;3;3;0;0;0;0;0;2;0;0;0;0
4205159;Doutor Pedrinho;SC;Mapeado;2026-09;29;46;6;15;6;11;12;31;3;6;3;9;0;0;0;0;3;7;0;0;0;0;1;1;0;0;0;0;0;1;0;0;1;2
4205175;Entre Rios;SC;Mapeado;2026-09;19;26;6;16;5;6;7;20;2;11;4;8;0;0;0;0;1;2;0;0;0;0;0;0;0;0;0;0;0;1;0;0;0;1
4205191;Ermo;SC;Mapeado;2026-09;11;17;2;8;4;7;3;12;1;6;1;2;0;0;0;0;2;4;0;0;0;0;0;0;0;0;0;0;0;1;0;0;0;0
4205209;Erval Velho;SC;Mapeado;2026-09;39;78;8;16;5;16;19;54;3;8;5;9;0;0;0;0;0;1;0;0;0;0;6;7;0;0;0;0;0;0;0;0;1;3
4205308;Faxinal dos Guedes;SC;Mapeado;2026-09;46;89;20;32;8;26;7;48;10;19;10;18;0;0;0;2;0;10;0;1;0;1;7;8;1;1;0;0;0;3;0;2;3;8
4205357;Flor do Sertão;SC;Mapeado;2026-09;14;29;3;10;1;5;2;18;3;7;0;4;0;0;0;0;0;1;0;0;0;0;2;3;0;0;0;0;0;0;0;0;6;7
4205407;Florianópolis;SC;Mapeado;2026-09;6940;10999;833;2553;2832;4592;2742;5848;429;1630;404;1140;0;0;14;89;100;734;9;149;7;187;135;168;11;27;1;3;2;71;15;91;239;1031
4205431;Formosa do Sul;SC;Mapeado;2026-09;18;25;4;8;3;6;4;12;1;3;3;5;0;0;0;0;0;2;0;0;0;1;7;7;0;0;0;0;0;1;0;0;0;4
4205456;Forquilhinha;SC;Mapeado;2026-09;127;200;28;61;34;67;52;138;16;43;12;21;0;0;0;0;2;6;0;0;0;0;8;8;0;0;0;0;0;2;0;1;3;10
4205506;Fraiburgo;SC;Mapeado;2026-09;158;257;37;101;36;77;53;136;32;81;5;24;0;0;2;8;9;22;1;3;0;4;16;17;0;0;0;0;0;1;1;4;3;29
4205555;Frei Rogério;SC;Mapeado;2026-09;12;27;3;11;2;4;5;22;1;8;2;3;0;0;0;0;0;0;0;0;0;0;1;1;0;0;0;0;0;1;0;0;1;2
4205605;Galvão;SC;Mapeado;2026-09;26;48;8;19;3;19;10;23;4;12;4;9;0;0;0;1;0;2;0;1;0;0;5;5;0;0;0;0;0;0;0;0;0;2
4205704;Garopaba;SC;Mapeado;2026-09;469;690;51;164;170;263;208;390;32;92;19;86;0;0;3;6;8;32;0;0;0;7;9;10;1;1;0;0;0;6;0;1;19;49
4205803;Garuva;SC;Mapeado;2026-09;165;253;29;53;55;94;75;189;21;38;8;19;0;0;0;1;2;15;0;0;0;0;2;2;1;2;0;0;0;2;0;3;1;10
4205902;Gaspar;SC;Mapeado;2026-09;427;657;74;186;106;207;180;404;47;134;27;59;0;0;3;5;16;48;0;0;1;2;23;24;5;10;0;0;0;33;0;6;19;53
4206009;Governador Celso Ramos;SC;Mapeado;2026-09;197;263;32;76;65;105;85;164;19;48;13;34;0;0;0;1;5;17;0;0;0;0;7;7;0;1;0;1;0;4;0;2;3;8
4206207;Gravatal;SC;Mapeado;2026-09;94;128;18;40;26;46;37;76;13;28;5;14;0;0;2;2;5;7;0;0;0;1;3;3;2;2;0;0;0;0;0;0;1;10
4206108;Grão-Pará;SC;Mapeado;2026-09;55;79;20;44;12;28;16;62;14;27;6;21;0;0;0;0;1;12;0;0;0;0;6;7;0;0;0;0;0;6;0;0;0;2
4206306;Guabiruba;SC;Mapeado;2026-09;117;185;26;69;22;42;40;92;17;44;9;25;0;0;0;0;9;19;0;0;0;2;14;15;0;0;0;0;1;2;0;1;5;14
4206405;Guaraciaba;SC;Mapeado;2026-09;63;96;21;41;11;21;10;52;11;24;10;17;0;0;0;0;0;0;0;0;0;0;20;20;0;0;0;0;0;1;0;0;1;6
4206504;Guaramirim;SC;Mapeado;2026-09;245;367;50;114;54;94;106;223;25;59;25;62;0;0;2;3;10;27;0;1;0;0;9;11;1;2;0;0;0;5;1;2;12;31
4206603;Guarujá do Sul;SC;Mapeado;2026-09;28;49;16;29;3;12;6;30;8;19;8;10;0;0;0;0;0;4;0;0;0;0;1;1;0;0;0;0;0;8;0;0;2;5
4206652;Guatambú;SC;Mapeado;2026-09;42;83;15;28;7;16;13;52;12;23;3;6;0;0;0;0;1;5;0;1;0;2;5;5;0;1;0;0;0;3;0;0;1;6
4206702;Herval d'Oeste;SC;Mapeado;2026-09;87;153;23;55;15;34;36;94;20;49;3;9;0;0;0;2;3;8;0;4;0;5;9;10;0;0;0;0;0;0;0;2;1;13
4206751;Ibiam;SC;Mapeado;2026-09;16;22;7;11;5;7;3;9;4;6;3;6;0;0;0;0;0;0;0;0;0;0;1;1;0;0;0;0;0;0;0;0;0;1
4206801;Ibicaré;SC;Mapeado;2026-09;21;34;3;10;7;12;8;24;3;6;0;4;0;0;0;0;1;1;0;0;0;0;2;2;0;0;0;0;0;0;0;0;0;1
4206900;Ibirama;SC;Mapeado;2026-09;106;179;22;67;22;51;45;108;15;53;7;19;0;0;1;2;0;6;0;0;0;1;10;15;0;0;0;0;0;1;0;0;6;21
4207106;Ilhota;SC;Mapeado;2026-09;92;151;15;35;30;56;44;111;8;22;7;17;0;0;0;0;0;8;0;0;0;1;3;3;0;0;0;0;0;2;0;2;0;7
4207205;Imaruí;SC;Mapeado;2026-09;98;136;30;59;18;41;42;88;20;36;10;30;0;0;0;0;3;15;0;0;0;0;5;5;0;0;0;0;0;4;0;1;0;5
4207304;Imbituba;SC;Mapeado;2026-09;665;1013;134;303;242;401;255;569;71;155;63;167;0;0;0;6;13;63;0;2;1;5;13;15;0;0;0;0;0;10;1;11;6;29
4207403;Imbuia;SC;Mapeado;2026-09;63;88;31;53;1;11;17;49;24;44;7;18;0;0;0;0;3;6;0;0;0;1;5;5;0;1;0;0;0;1;0;0;6;10
4207502;Indaial;SC;Mapeado;2026-09;382;626;77;199;94;200;153;389;40;123;37;92;0;0;2;4;7;47;1;1;0;4;24;26;0;2;0;1;0;20;2;5;22;49
4207577;Iomerê;SC;Mapeado;2026-09;20;28;3;6;3;8;5;10;2;5;1;2;0;0;0;0;0;1;0;1;0;0;6;6;0;0;0;0;0;0;0;0;3;4
4207601;Ipira;SC;Mapeado;2026-09;41;64;17;33;9;16;9;39;12;23;5;10;0;0;0;0;0;2;0;0;0;1;3;3;0;0;0;0;0;0;0;0;3;5
4207650;Iporã do Oeste;SC;Mapeado;2026-09;50;89;7;28;7;17;10;33;5;22;2;6;0;0;0;0;0;1;0;0;0;0;21;22;0;0;0;0;0;4;0;0;5;9
4207684;Ipuaçu;SC;Mapeado;2026-09;30;37;10;14;6;9;5;11;8;11;2;4;0;0;0;1;1;2;0;0;0;0;7;7;0;1;0;0;0;3;0;0;1;3
4207700;Ipumirim;SC;Mapeado;2026-09;33;63;5;21;6;13;10;33;5;20;0;1;0;0;0;0;0;2;0;0;0;1;11;16;0;0;0;0;0;1;0;2;1;5
4207759;Iraceminha;SC;Mapeado;2026-09;44;66;14;27;9;13;2;29;9;21;5;9;0;0;0;1;0;2;0;0;0;1;9;10;0;1;0;0;0;0;0;1;10;10
4207809;Irani;SC;Mapeado;2026-09;98;146;17;50;16;30;39;88;14;44;3;10;0;0;0;1;1;8;0;0;0;0;22;22;0;0;0;0;0;2;0;0;3;7
4207858;Irati;SC;Mapeado;2026-09;18;27;7;12;2;3;5;16;6;10;1;2;0;0;0;0;0;0;0;0;0;0;4;6;0;0;0;0;0;0;0;0;0;1
4207908;Irineópolis;SC;Mapeado;2026-09;83;135;31;67;13;27;32;72;18;43;13;31;0;0;0;2;0;7;0;0;0;0;7;7;0;0;0;0;0;1;0;0;0;3
4208104;Itaiópolis;SC;Mapeado;2026-09;136;214;53;102;30;48;40;101;40;83;13;20;0;0;0;0;2;14;0;0;0;0;10;10;0;0;0;2;0;9;0;0;1;6
4208203;Itajaí;SC;Mapeado;2026-09;2021;3336;304;758;758;1321;813;1904;193;509;111;319;0;0;1;18;46;193;1;9;1;29;43;52;2;2;0;1;1;30;9;41;42;246
4208302;Itapema;SC;Mapeado;2026-09;901;1383;125;378;308;498;383;809;73;229;52;170;0;0;4;6;21;62;0;2;0;4;11;12;2;5;0;12;1;16;7;24;39;122
4208401;Itapiranga;SC;Mapeado;2026-09;122;231;19;67;27;48;32;129;12;51;7;25;0;0;0;0;2;12;1;3;0;2;37;41;0;1;0;1;0;8;0;2;4;24
4208450;Itapoá;SC;Mapeado;2026-09;474;792;52;224;144;279;260;607;33;159;19;94;0;0;0;2;5;45;0;0;0;8;3;3;0;2;1;4;0;7;0;3;9;34
4208500;Ituporanga;SC;Mapeado;2026-09;150;245;49;100;33;61;53;152;33;79;16;28;0;0;1;4;3;13;0;0;0;0;7;7;1;3;0;0;1;2;0;1;2;21
4208005;Itá;SC;Mapeado;2026-09;74;155;25;59;16;47;10;75;14;44;11;26;0;0;0;4;2;10;1;1;0;4;3;6;3;6;0;0;0;9;0;0;14;35
4207007;Içara;SC;Mapeado;2026-09;346;497;95;158;90;162;120;258;60;110;35;62;0;0;4;4;15;43;0;1;1;4;14;14;1;2;0;0;0;3;1;4;5;30
4208609;Jaborá;SC;Mapeado;2026-09;36;54;2;16;8;19;12;31;2;14;0;2;0;0;0;0;0;1;0;0;0;0;9;10;0;0;0;0;0;0;0;2;5;6
4208708;Jacinto Machado;SC;Mapeado;2026-09;54;89;21;54;7;19;21;53;15;50;6;11;0;0;0;0;1;7;0;0;0;0;3;3;0;0;0;0;0;10;0;0;1;8
4208807;Jaguaruna;SC;Mapeado;2026-09;282;390;64;143;66;111;123;251;40;90;24;59;0;0;1;4;12;26;1;1;0;2;8;8;0;2;0;0;0;6;0;0;7;15
4208906;Jaraguá do Sul;SC;Mapeado;2026-09;1138;1679;233;474;266;423;483;936;152;312;81;187;0;0;4;21;31;96;1;4;0;9;55;59;1;1;2;2;0;10;0;9;62;161
4208955;Jardinópolis;SC;Mapeado;2026-09;11;31;2;13;4;13;3;24;2;9;0;6;0;0;0;0;1;2;0;0;0;0;0;0;0;0;0;0;0;0;0;0;1;4
4209003;Joaçaba;SC;Mapeado;2026-09;214;375;37;132;57;109;95;218;33;118;4;23;0;0;1;9;4;17;1;11;1;14;14;21;0;2;0;1;0;4;1;6;3;27
4209102;Joinville;SC;Mapeado;2026-09;3695;5523;429;1077;1271;2063;1628;3124;253;717;176;429;0;0;6;27;93;305;4;14;0;84;130;151;4;10;4;7;1;61;15;48;110;402
4209151;José Boiteux;SC;Mapeado;2026-09;20;37;5;12;1;5;8;20;4;11;1;1;0;0;0;0;1;2;0;0;0;0;5;6;0;0;0;0;0;1;0;1;0;3
4209177;Jupiá;SC;Mapeado;2026-09;15;29;6;18;2;8;4;18;5;14;1;7;0;0;0;0;0;0;0;0;0;0;3;4;0;0;0;0;0;0;0;0;0;1
4209201;Lacerdópolis;SC;Mapeado;2026-09;27;34;3;5;1;5;9;14;2;4;1;2;0;0;0;0;0;1;0;0;0;0;14;14;0;0;0;0;0;1;0;0;0;0
4209300;Lages;SC;Mapeado;2026-09;984;1408;267;482;274;483;338;700;185;348;82;158;0;0;11;15;9;52;2;4;1;20;41;41;0;1;1;2;2;61;6;20;32;97
4209409;Laguna;SC;Mapeado;2026-09;370;541;75;185;100;183;158;315;41;107;34;90;0;0;1;4;12;34;0;2;0;10;22;23;1;1;0;0;0;2;0;3;1;21
4209458;Lajeado Grande;SC;Mapeado;2026-09;8;13;1;5;5;7;0;5;1;2;0;4;0;0;0;0;0;4;0;0;0;0;1;1;0;0;0;0;0;0;0;0;1;2
4209508;Laurentino;SC;Mapeado;2026-09;44;69;12;27;7;14;17;46;11;19;1;9;0;0;0;0;2;6;0;0;0;2;6;6;0;2;0;1;0;4;0;0;0;5
4209607;Lauro Müller;SC;Mapeado;2026-09;104;160;35;64;23;47;42;111;29;51;6;16;0;0;0;0;0;6;0;0;0;0;2;3;0;1;0;0;0;0;0;0;2;10
4209706;Lebon Régis;SC;Mapeado;2026-09;77;108;35;63;13;24;23;66;15;32;20;35;0;0;0;0;1;8;0;0;0;0;4;5;1;1;0;0;0;5;0;0;0;3
4209805;Leoberto Leal;SC;Mapeado;2026-09;20;35;10;21;3;11;5;19;6;17;4;11;0;0;0;1;1;5;0;0;0;0;1;1;0;0;0;0;0;5;0;0;0;2
4209854;Lindóia do Sul;SC;Mapeado;2026-09;34;46;8;17;1;6;6;23;7;15;1;3;0;0;0;0;2;3;0;0;0;0;17;17;0;0;0;0;0;1;0;0;0;2
4209904;Lontras;SC;Mapeado;2026-09;71;110;21;51;19;36;20;67;14;37;7;17;0;0;0;0;3;8;0;0;0;0;6;6;0;1;0;0;0;3;0;1;2;7
4210001;Luiz Alves;SC;Mapeado;2026-09;75;133;22;61;7;24;28;76;19;49;3;16;0;0;0;0;1;9;0;0;0;0;16;20;0;0;0;0;0;6;0;1;1;6
4210035;Luzerna;SC;Mapeado;2026-09;31;50;9;24;7;16;7;29;7;20;2;5;0;0;0;0;2;3;0;1;0;1;3;3;0;0;0;0;0;0;0;0;3;6
4210050;Macieira;SC;Mapeado;2026-09;15;30;5;12;5;15;3;23;1;6;4;9;0;0;0;0;0;1;0;0;0;0;2;2;0;0;0;0;0;1;0;0;0;2
4210100;Mafra;SC;Mapeado;2026-09;341;511;85;161;66;127;133;266;65;114;20;53;0;0;3;7;17;43;1;2;0;2;21;22;1;2;0;0;0;48;1;6;13;28
4210209;Major Gercino;SC;Mapeado;2026-09;28;43;17;25;4;7;6;23;10;16;7;11;0;0;0;0;1;4;0;0;0;0;0;0;0;0;0;0;0;2;0;0;0;1
4210308;Major Vieira;SC;Mapeado;2026-09;56;87;25;43;8;24;22;51;21;39;4;5;0;0;0;0;0;4;0;0;0;0;1;1;0;0;0;0;0;1;0;0;0;0
4210407;Maracajá;SC;Mapeado;2026-09;48;71;16;26;12;26;18;39;6;14;10;15;0;0;0;0;1;4;0;0;0;0;1;1;0;0;0;0;0;1;0;0;0;2
4210506;Maravilha;SC;Mapeado;2026-09;204;334;49;99;42;78;42;149;36;72;13;37;0;0;3;5;12;30;0;1;1;2;24;26;0;0;0;0;0;4;0;2;31;51
4210555;Marema;SC;Mapeado;2026-09;10;21;3;7;3;4;3;12;2;4;1;4;0;0;0;0;0;0;0;0;0;0;1;4;0;0;0;0;0;0;0;0;0;0
4210605;Massaranduba;SC;Mapeado;2026-09;115;178;32;70;21;28;27;91;22;49;10;24;0;0;1;1;5;12;0;0;0;0;27;29;0;0;0;0;0;1;0;0;2;4
4210704;Matos Costa;SC;Mapeado;2026-09;18;27;3;9;2;7;12;18;3;8;0;1;0;0;0;0;0;2;0;0;0;0;0;0;0;0;0;0;0;0;0;0;1;1
4210803;Meleiro;SC;Mapeado;2026-09;53;79;18;33;13;22;12;39;13;25;5;13;0;0;1;2;3;5;0;0;0;1;4;4;0;0;0;0;0;1;0;0;2;8
4210852;Mirim Doce;SC;Mapeado;2026-09;19;26;7;13;3;4;7;18;4;7;3;6;0;0;0;0;0;1;0;0;0;0;1;1;0;0;0;0;0;0;0;0;1;3
4210902;Modelo;SC;Mapeado;2026-09;40;63;11;27;8;11;4;32;6;18;5;14;0;0;0;1;1;4;0;1;0;0;14;14;0;0;0;0;0;4;0;1;2;5
4211009;Mondaí;SC;Mapeado;2026-09;76;112;19;48;16;33;16;42;10;31;9;22;0;0;0;0;1;3;0;2;0;2;22;23;0;0;0;0;0;1;1;2;1;6
4211058;Monte Carlo;SC;Mapeado;2026-09;56;101;31;56;6;19;18;61;25;41;6;20;0;0;0;3;1;6;0;0;0;0;0;1;0;0;0;0;0;2;0;1;0;5
4211108;Monte Castelo;SC;Mapeado;2026-09;65;102;28;51;11;20;19;67;16;35;12;19;0;0;0;0;2;5;0;0;0;2;2;2;1;1;0;0;1;5;0;0;1;4
4211256;Morro Grande;SC;Mapeado;2026-09;22;33;9;18;5;10;7;20;4;11;5;7;0;0;0;0;0;1;0;0;0;0;1;1;0;0;0;0;0;0;0;0;0;0
4211207;Morro da Fumaça;SC;Mapeado;2026-09;113;151;27;49;26;39;46;94;19;36;8;16;0;0;0;0;5;9;0;0;0;1;3;3;0;1;0;0;0;1;0;1;6;11
4211306;Navegantes;SC;Mapeado;2026-09;684;1134;108;287;223;398;299;727;57;181;51;139;0;0;3;4;10;43;0;2;1;7;17;20;0;1;0;0;2;15;5;9;16;61
4211405;Nova Erechim;SC;Mapeado;2026-09;29;55;7;30;13;23;8;37;5;27;2;11;0;0;0;0;0;2;0;0;0;2;1;1;0;0;0;0;0;1;0;0;0;4
4211454;Nova Itaberaba;SC;Mapeado;2026-09;29;42;11;20;5;13;9;30;3;13;8;15;0;0;0;0;0;2;0;0;0;0;2;2;0;0;0;0;0;6;0;0;2;3
4211504;Nova Trento;SC;Mapeado;2026-09;120;170;36;59;39;56;35;93;25;37;11;23;0;0;0;1;6;13;0;0;0;1;3;3;0;0;0;0;0;3;0;2;1;9
4211603;Nova Veneza;SC;Mapeado;2026-09;87;137;21;37;31;66;27;63;14;28;7;11;0;0;0;0;2;7;0;0;0;4;5;5;0;2;0;0;0;0;0;1;1;12
4211652;Novo Horizonte;SC;Mapeado;2026-09;14;24;6;13;2;6;3;10;2;5;4;9;0;0;0;0;0;1;0;0;0;0;3;4;0;0;0;0;0;0;0;0;0;1
4211702;Orleans;SC;Mapeado;2026-09;130;189;42;70;29;55;50;120;35;55;7;18;0;0;0;1;1;5;0;0;0;0;4;4;0;1;0;0;0;0;0;1;4;7
4211751;Otacílio Costa;SC;Mapeado;2026-09;113;191;32;74;29;67;42;133;21;61;11;29;0;0;1;2;4;19;1;1;0;1;2;2;1;2;0;1;0;8;0;7;1;4
4211801;Ouro;SC;Mapeado;2026-09;46;75;10;25;9;18;17;45;9;22;1;6;0;0;0;0;1;4;0;0;0;1;6;8;0;1;0;0;0;0;0;0;3;5
4211850;Ouro Verde;SC;Mapeado;2026-09;11;14;4;4;0;1;5;8;3;3;1;1;0;0;1;1;0;1;0;0;0;1;0;0;0;0;0;0;0;0;0;0;1;2
4211876;Paial;SC;Mapeado;2026-09;15;21;5;11;1;3;3;13;5;8;0;7;0;0;0;0;0;1;0;0;0;0;3;3;0;0;0;0;0;1;0;0;3;3
4211892;Painel;SC;Mapeado;2026-09;12;22;4;5;3;6;4;12;4;5;0;0;0;0;0;0;0;0;0;0;0;0;0;0;0;0;0;0;0;2;0;1;1;3
4211900;Palhoça;SC;Mapeado;2026-09;1982;3045;298;684;600;1026;947;1855;173;456;125;273;0;0;5;12;40;148;1;12;2;23;39;58;3;9;0;0;1;22;2;18;44;158
4212007;Palma Sola;SC;Mapeado;2026-09;62;80;23;37;12;16;9;30;14;23;9;14;0;0;0;0;0;0;0;0;0;1;15;15;0;0;0;0;0;1;0;0;3;6
4212056;Palmeira;SC;Mapeado;2026-09;14;31;4;10;7;12;2;21;1;4;3;6;0;0;0;0;0;2;0;0;0;0;1;1;0;0;0;0;0;0;0;0;0;0
4212106;Palmitos;SC;Mapeado;2026-09;100;168;23;61;19;47;25;85;15;44;8;23;0;0;0;0;1;6;0;0;0;4;25;30;0;0;0;4;0;6;0;0;7;18
4212205;Papanduva;SC;Mapeado;2026-09;131;206;51;111;23;34;37;116;18;46;33;70;0;0;1;2;5;20;0;0;0;1;8;9;1;3;0;1;0;6;1;1;4;8
4212239;Paraíso;SC;Mapeado;2026-09;19;38;6;17;2;12;8;26;4;13;2;8;0;0;0;1;0;4;0;0;0;0;3;3;0;0;0;0;0;8;0;0;0;1
4212254;Passo de Torres;SC;Mapeado;2026-09;142;213;11;60;54;87;70;138;8;43;3;20;0;0;0;0;2;9;0;1;0;0;2;3;0;0;0;0;0;2;0;1;3;12
4212270;Passos Maia;SC;Mapeado;2026-09;19;35;5;15;4;11;7;27;1;9;4;6;0;0;0;0;0;0;0;0;0;0;2;2;0;0;0;0;0;0;0;0;1;3
4212304;Paulo Lopes;SC;Mapeado;2026-09;75;105;19;37;15;26;33;62;14;27;5;11;0;0;0;0;3;5;0;0;0;0;1;1;0;0;0;0;0;2;0;0;4;7
4212403;Pedras Grandes;SC;Mapeado;2026-09;29;38;7;14;12;19;7;23;5;8;2;8;0;0;0;0;1;5;0;0;0;0;2;2;0;1;0;0;0;1;0;0;0;1
4212502;Penha;SC;Mapeado;2026-09;502;819;56;197;193;326;218;510;32;132;24;87;0;0;2;4;3;39;0;2;0;8;4;4;3;5;0;2;1;5;2;4;20;75
4212601;Peritiba;SC;Mapeado;2026-09;21;33;3;10;3;12;4;13;3;8;0;5;0;0;0;0;0;2;0;0;0;0;9;9;1;1;0;0;0;1;0;0;1;2
4212650;Pescaria Brava;SC;Mapeado;2026-09;50;86;26;36;8;22;13;45;13;23;13;17;0;0;0;0;2;9;0;0;0;1;1;1;0;0;0;0;0;1;0;0;0;2
4212700;Petrolândia;SC;Mapeado;2026-09;32;55;8;23;3;13;16;40;7;20;1;5;0;0;0;0;1;6;0;0;0;0;4;4;0;0;0;0;0;3;0;0;0;0
4212908;Pinhalzinho;SC;Mapeado;2026-09;152;283;40;113;45;86;39;157;24;76;16;50;0;0;0;4;4;16;0;3;0;8;14;14;1;1;0;1;1;12;1;2;7;28
4213005;Pinheiro Preto;SC;Mapeado;2026-09;18;27;5;14;6;12;5;18;4;10;1;6;0;0;0;0;0;1;0;0;0;1;1;1;0;1;0;0;0;2;0;0;1;2
4213104;Piratuba;SC;Mapeado;2026-09;80;145;9;39;20;42;24;73;6;32;3;11;0;0;0;0;2;11;0;0;0;2;12;13;1;2;0;0;0;3;0;0;12;26
4213153;Planalto Alegre;SC;Mapeado;2026-09;15;43;3;11;2;5;7;30;2;10;1;1;0;0;0;0;0;2;0;0;0;0;3;3;0;0;0;0;0;1;0;0;0;3
4213203;Pomerode;SC;Mapeado;2026-09;278;454;39;135;79;145;97;277;24;85;15;52;0;0;2;2;4;34;1;2;0;5;41;42;5;7;0;0;0;13;0;6;10;34
4213302;Ponte Alta;SC;Mapeado;2026-09;24;45;6;17;5;11;10;28;2;12;4;6;0;0;0;0;0;2;0;0;0;0;3;3;0;0;0;0;0;0;0;0;0;0
4213351;Ponte Alta do Norte;SC;Mapeado;2026-09;22;34;6;15;5;13;8;23;4;9;2;10;0;0;0;0;0;2;0;0;0;0;1;1;0;0;0;0;0;1;0;0;2;2
4213401;Ponte Serrada;SC;Mapeado;2026-09;70;129;23;53;19;39;15;64;13;34;10;22;0;0;0;1;2;7;0;0;0;0;11;12;0;0;0;0;0;3;0;0;0;6
4213500;Porto Belo;SC;Mapeado;2026-09;354;526;39;104;121;172;164;325;17;62;22;53;0;0;1;1;8;29;2;2;0;2;4;6;1;3;0;2;0;2;0;4;14;43
4213609;Porto União;SC;Mapeado;2026-09;193;306;31;94;59;97;79;188;17;59;14;40;0;0;0;0;7;13;1;1;0;1;13;15;0;0;0;0;0;4;1;3;2;10
4213708;Pouso Redondo;SC;Mapeado;2026-09;108;155;31;68;28;48;36;100;23;49;8;25;0;0;2;3;2;6;0;0;0;0;9;9;0;2;0;0;0;2;0;0;0;6
4213807;Praia Grande;SC;Mapeado;2026-09;73;135;17;43;20;54;22;60;14;35;3;12;0;0;0;0;1;12;0;0;0;2;1;1;2;5;0;0;0;0;0;0;10;31
4213906;Presidente Castello Branco;SC;Mapeado;2026-09;17;29;6;15;1;7;4;15;6;15;0;1;0;0;0;0;0;4;0;0;0;0;6;6;0;0;0;0;0;1;0;2;0;3
4214003;Presidente Getúlio;SC;Mapeado;2026-09;127;181;27;64;33;53;48;110;11;38;16;28;0;0;0;4;2;15;0;0;0;2;11;13;1;1;0;0;0;2;1;1;4;9
4214102;Presidente Nereu;SC;Mapeado;2026-09;14;21;8;14;2;10;1;12;3;11;5;7;0;0;0;0;0;2;0;0;0;1;3;3;0;2;0;0;0;1;0;0;0;4
4214151;Princesa;SC;Mapeado;2026-09;16;42;3;15;2;15;3;22;2;6;1;10;0;0;0;0;1;9;0;0;0;2;4;4;0;0;0;0;0;7;0;1;3;11
4214201;Quilombo;SC;Mapeado;2026-09;77;125;37;76;9;24;19;70;23;57;14;24;0;0;0;0;1;11;0;0;0;0;10;11;0;2;0;0;0;2;1;1;0;12
4214300;Rancho Queimado;SC;Mapeado;2026-09;45;77;7;24;18;33;17;34;6;20;1;6;0;0;0;0;0;6;0;0;0;0;1;1;1;2;0;1;0;1;0;0;1;6
4214904;Rio Fortuna;SC;Mapeado;2026-09;33;50;7;11;6;16;9;20;4;7;3;5;0;0;0;0;1;10;0;0;0;1;7;7;0;0;0;0;0;0;0;0;3;6
4215000;Rio Negrinho;SC;Mapeado;2026-09;231;339;68;103;51;89;78;171;59;89;9;17;0;0;3;4;6;14;0;0;0;3;23;23;0;0;0;0;0;6;0;2;2;12
4215059;Rio Rufino;SC;Mapeado;2026-09;15;30;5;10;5;15;5;19;4;8;1;2;0;0;0;0;0;0;0;0;0;0;0;0;0;0;0;0;0;0;0;0;0;1
4214409;Rio das Antas;SC;Mapeado;2026-09;35;57;12;25;10;16;6;36;9;20;3;6;0;0;0;0;0;3;0;0;0;1;6;6;0;0;0;0;0;4;0;1;1;2
4214508;Rio do Campo;SC;Mapeado;2026-09;34;59;15;28;6;9;10;34;12;24;3;6;0;0;0;0;0;2;0;0;0;0;3;3;0;0;0;0;0;4;0;0;0;6
4214607;Rio do Oeste;SC;Mapeado;2026-09;45;60;9;19;8;15;20;41;8;18;1;1;0;0;0;0;2;5;0;0;0;0;5;5;0;0;0;0;0;1;0;0;1;2
4214805;Rio do Sul;SC;Mapeado;2026-09;441;640;90;197;92;143;181;353;63;152;27;51;0;0;4;6;14;41;2;4;0;5;39;42;2;3;0;0;1;8;1;9;15;57
4214706;Rio dos Cedros;SC;Mapeado;2026-09;86;132;26;53;18;30;26;70;22;43;4;14;0;0;1;1;0;6;0;0;0;1;11;11;1;1;0;0;0;0;0;0;3;15
4215075;Riqueza;SC;Mapeado;2026-09;28;44;7;15;5;6;2;13;5;12;2;3;0;0;0;0;0;1;0;0;0;0;7;8;0;0;0;0;0;1;0;0;7;8
4215109;Rodeio;SC;Mapeado;2026-09;74;118;19;53;17;27;32;69;13;37;6;18;0;0;1;2;1;13;0;0;0;1;4;7;0;0;0;0;0;3;0;0;0;3
4215208;Romelândia;SC;Mapeado;2026-09;41;61;12;30;2;5;8;26;9;25;3;6;0;0;0;1;0;1;0;0;0;0;18;19;0;0;0;0;0;1;0;0;1;2
4215307;Salete;SC;Mapeado;2026-09;51;85;23;45;6;13;16;44;14;29;9;23;0;0;2;2;0;7;0;0;0;1;3;3;0;0;0;0;0;5;0;0;1;6
4215356;Saltinho;SC;Mapeado;2026-09;23;41;11;23;3;12;4;27;7;19;4;7;0;0;0;2;0;4;0;0;0;0;4;4;0;1;0;0;0;6;0;0;1;3
4215406;Salto Veloso;SC;Mapeado;2026-09;37;57;9;22;10;20;8;28;8;16;1;9;0;0;1;1;0;5;0;0;0;1;1;1;0;2;0;0;0;1;0;1;8;11
4215455;Sangão;SC;Mapeado;2026-09;61;94;29;46;11;23;17;53;21;38;8;13;0;0;0;1;1;5;0;0;0;2;3;3;0;0;0;0;0;2;0;0;0;0
4215505;Santa Cecília;SC;Mapeado;2026-09;137;188;46;83;35;50;41;101;18;39;28;47;0;0;3;4;3;12;0;0;0;0;6;6;0;0;0;0;0;4;0;0;3;5
4215554;Santa Helena;SC;Mapeado;2026-09;15;36;5;19;4;8;2;18;3;16;2;5;0;0;0;0;0;1;0;0;0;0;3;3;0;0;0;0;0;4;0;0;1;7
4215604;Santa Rosa de Lima;SC;Mapeado;2026-09;7;14;2;4;0;6;5;11;1;2;1;2;0;0;0;0;0;4;0;0;0;0;0;0;0;0;0;0;0;0;0;0;0;0
4215653;Santa Rosa do Sul;SC;Mapeado;2026-09;58;78;12;28;12;19;26;58;10;20;2;11;0;0;1;1;5;9;0;0;0;1;1;2;0;1;0;0;0;3;0;0;1;2
4215679;Santa Terezinha;SC;Mapeado;2026-09;32;82;15;42;3;12;13;46;9;29;6;13;0;0;0;0;0;4;0;0;0;0;1;2;0;0;0;0;0;1;0;4;0;8
4215687;Santa Terezinha do Progresso;SC;Mapeado;2026-09;17;23;6;10;2;2;2;10;5;9;1;1;0;0;0;0;1;1;0;0;0;0;4;4;0;0;0;0;0;3;0;0;2;3
4215695;Santiago do Sul;SC;Mapeado;2026-09;8;13;3;5;0;2;0;5;2;4;1;1;0;0;0;0;0;1;0;0;0;0;4;6;0;0;0;0;0;1;0;0;1;1
4215703;Santo Amaro da Imperatriz;SC;Mapeado;2026-09;174;242;48;73;40;61;63;125;32;47;16;27;0;0;2;3;8;10;0;0;0;1;5;8;0;0;0;0;0;0;0;1;8;20
4217303;Saudades;SC;Mapeado;2026-09;76;118;15;31;6;23;14;57;12;26;3;12;0;0;0;0;1;5;0;0;0;1;35;36;0;0;0;0;0;2;0;1;5;8
4217402;Schroeder;SC;Mapeado;2026-09;107;161;22;52;16;29;52;94;10;30;12;22;0;0;0;0;4;10;0;0;0;0;10;10;0;0;0;0;0;0;0;0;3;13
4217501;Seara;SC;Mapeado;2026-09;153;239;38;88;26;65;35;122;32;80;6;24;0;0;0;0;1;8;0;0;0;0;43;47;0;0;0;1;0;3;0;2;10;33
4217550;Serra Alta;SC;Mapeado;2026-09;19;32;7;16;4;11;5;15;6;13;1;3;0;0;0;0;0;2;0;1;0;0;2;2;0;0;0;0;0;2;0;0;1;3
4217600;Siderópolis;SC;Mapeado;2026-09;58;96;12;33;18;38;17;48;9;24;3;12;0;0;0;0;4;13;0;0;0;1;4;5;0;1;0;0;1;2;1;2;1;10
4217709;Sombrio;SC;Mapeado;2026-09;214;327;38;96;48;110;111;226;23;68;15;37;0;0;1;4;8;27;1;3;0;1;2;4;0;3;0;1;0;4;2;6;3;22
4217758;Sul Brasil;SC;Mapeado;2026-09;10;19;7;13;1;2;0;7;6;12;1;2;0;0;0;0;0;0;0;0;0;0;1;1;0;0;0;0;0;1;0;0;1;1
4215802;São Bento do Sul;SC;Mapeado;2026-09;491;756;132;246;148;247;151;397;91;185;41;79;0;0;5;12;7;45;1;3;0;9;28;29;0;0;1;3;0;16;2;4;16;52
4215752;São Bernardino;SC;Mapeado;2026-09;20;32;9;21;5;10;2;17;6;17;3;12;0;0;0;0;1;2;0;0;0;0;0;0;0;0;0;0;0;2;0;0;3;4
4215901;São Bonifácio;SC;Mapeado;2026-09;10;25;2;9;6;12;0;11;1;7;1;3;0;0;0;1;1;2;0;0;0;0;0;0;0;0;0;0;0;0;0;0;1;3
4216008;São Carlos;SC;Mapeado;2026-09;80;130;24;50;11;25;24;58;12;30;12;21;0;0;0;1;0;5;0;0;1;2;16;17;2;3;0;1;0;2;0;2;2;9
4216057;São Cristóvão do Sul;SC;Mapeado;2026-09;45;72;16;29;12;19;11;45;6;13;10;19;0;0;2;2;1;6;0;0;0;0;2;2;0;0;0;0;0;1;0;0;1;2
4216107;São Domingos;SC;Mapeado;2026-09;70;120;23;60;15;33;14;49;13;43;10;23;0;0;2;3;1;11;0;1;0;2;15;15;0;0;0;1;0;3;0;1;0;9
4216206;São Francisco do Sul;SC;Mapeado;2026-09;729;1123;120;314;207;375;361;785;61;162;59;171;0;0;1;5;4;62;0;0;0;3;24;31;0;1;0;1;1;16;0;5;11;44
4216503;São Joaquim;SC;Mapeado;2026-09;191;296;67;108;47;78;63;147;49;86;18;29;0;0;0;1;5;13;0;0;0;3;6;8;0;1;0;0;0;6;0;2;3;16
4216602;São José;SC;Mapeado;2026-09;2274;3406;293;713;793;1236;1039;2012;169;487;124;278;0;0;7;21;30;135;2;9;1;17;30;37;2;4;0;4;0;24;10;28;67;239
4216701;São José do Cedro;SC;Mapeado;2026-09;92;154;33;62;23;50;17;93;15;40;18;27;0;0;1;2;2;6;0;0;0;1;8;13;0;0;0;0;0;12;0;2;8;18
4216800;São José do Cerrito;SC;Mapeado;2026-09;65;108;29;56;9;19;22;66;17;39;12;17;0;0;0;0;2;7;0;0;0;1;3;3;0;1;0;0;0;7;0;0;0;2
4216305;São João Batista;SC;Mapeado;2026-09;169;256;38;75;41;81;73;136;21;43;17;34;0;0;0;0;3;19;0;0;0;1;10;11;0;1;0;0;0;4;1;1;3;11
4216354;São João do Itaperiú;SC;Mapeado;2026-09;29;46;6;17;8;15;12;27;5;12;1;5;0;0;0;0;1;4;0;0;0;0;2;2;0;0;0;0;0;0;0;0;0;3
4216255;São João do Oeste;SC;Mapeado;2026-09;51;78;6;26;18;26;6;33;6;22;0;5;0;0;0;0;1;6;0;0;0;1;17;17;1;1;0;0;1;1;0;0;1;6
4216404;São João do Sul;SC;Mapeado;2026-09;42;64;11;22;14;24;14;47;5;12;6;10;0;0;0;0;0;3;0;0;0;0;2;2;0;0;0;0;0;3;0;0;1;3
4216909;São Lourenço do Oeste;SC;Mapeado;2026-09;191;324;56;127;49;114;45;181;33;84;23;54;0;0;5;6;5;20;0;1;0;5;23;29;0;0;0;1;0;5;0;1;8;20
4217006;São Ludgero;SC;Mapeado;2026-09;84;117;20;48;17;31;32;76;16;36;4;19;0;0;1;1;6;12;0;0;0;0;4;4;1;1;0;0;0;5;0;1;3;8
4217105;São Martinho;SC;Mapeado;2026-09;31;50;7;17;6;18;12;34;6;15;1;4;0;0;0;0;0;3;0;0;0;0;4;4;1;2;0;0;0;0;0;0;1;1
4217154;São Miguel da Boa Vista;SC;Mapeado;2026-09;8;17;3;8;0;5;1;10;1;4;2;5;0;0;0;0;0;1;0;0;0;0;2;2;0;0;0;0;0;1;0;0;2;4
4217204;São Miguel do Oeste;SC;Mapeado;2026-09;333;539;79;175;87;168;84;261;60;129;19;52;0;0;1;23;11;26;1;2;0;5;46;51;0;0;2;3;0;22;1;5;21;67
4217253;São Pedro de Alcântara;SC;Mapeado;2026-09;31;54;11;17;7;11;9;25;7;10;4;8;0;0;0;0;2;9;0;0;0;1;2;2;0;2;0;0;0;1;0;0;0;7
4217808;Taió;SC;Mapeado;2026-09;135;199;43;96;24;41;46;101;25;65;18;36;0;0;1;3;6;12;0;0;0;1;11;12;0;0;0;0;0;3;0;0;4;14
4217907;Tangará;SC;Mapeado;2026-09;57;86;14;35;8;21;19;46;9;25;5;13;0;0;0;0;0;1;0;0;0;0;14;17;0;0;0;0;0;2;0;1;2;7
4217956;Tigrinhos;SC;Mapeado;2026-09;8;13;4;9;4;6;0;8;3;8;1;1;0;0;0;0;0;1;0;0;0;0;0;0;0;0;0;0;0;1;0;0;0;1
4218004;Tijucas;SC;Mapeado;2026-09;421;626;87;153;102;206;187;371;37;77;50;83;0;0;1;2;9;29;0;2;0;4;19;19;3;5;0;1;0;4;3;7;10;42
4218103;Timbé do Sul;SC;Mapeado;2026-09;41;71;15;40;7;20;13;45;9;26;6;16;0;0;0;1;2;9;0;0;0;0;3;3;0;0;0;0;0;6;0;0;1;3
4218202;Timbó;SC;Mapeado;2026-09;281;477;61;171;75;162;108;284;30;101;31;84;0;0;2;8;10;31;0;2;0;4;15;18;0;1;0;0;0;9;1;3;9;34
4218251;Timbó Grande;SC;Mapeado;2026-09;50;71;21;31;17;22;9;39;9;17;12;15;0;0;0;1;0;4;0;0;0;0;2;2;1;1;0;0;0;0;0;0;0;1
4218350;Treviso;SC;Mapeado;2026-09;27;42;12;21;7;16;7;29;8;15;4;9;0;0;0;0;0;4;0;0;0;0;0;0;1;1;0;0;0;2;0;0;0;3
4218509;Treze Tílias;SC;Mapeado;2026-09;91;155;16;56;35;66;24;92;11;40;5;19;0;0;0;2;4;16;0;1;1;1;5;6;1;6;0;0;0;3;0;0;5;27
4218400;Treze de Maio;SC;Mapeado;2026-09;40;67;15;23;7;21;12;46;10;20;5;8;0;0;0;1;2;6;0;0;0;0;4;5;0;0;0;0;0;0;0;0;0;0
4218608;Trombudo Central;SC;Mapeado;2026-09;54;84;9;24;13;23;24;45;6;17;3;9;0;0;0;0;2;3;0;0;0;2;6;8;0;0;0;0;0;2;0;0;0;4
4218301;Três Barras;SC;Mapeado;2026-09;111;165;47;67;12;34;46;103;31;45;16;24;0;0;0;0;3;10;0;0;0;0;2;2;0;0;0;0;0;2;1;1;0;6
4218707;Tubarão;SC;Mapeado;2026-09;819;1277;145;355;254;431;309;781;96;245;49;155;0;0;6;19;34;118;4;6;0;27;36;44;1;2;1;1;0;7;2;8;27;92
4218756;Tunápolis;SC;Mapeado;2026-09;37;65;7;23;11;16;4;28;5;17;2;6;0;0;0;0;0;7;0;0;0;0;15;17;0;1;0;0;0;1;0;0;0;7
4218806;Turvo;SC;Mapeado;2026-09;78;121;22;56;19;41;26;70;20;50;2;13;0;0;0;0;1;9;0;0;0;0;7;7;0;0;0;0;0;4;0;2;3;11
4218855;União do Oeste;SC;Mapeado;2026-09;14;36;4;24;1;12;5;22;3;19;1;12;0;0;0;0;0;3;0;0;0;0;4;4;0;0;0;0;0;2;0;0;0;0
4218905;Urubici;SC;Mapeado;2026-09;167;329;14;76;70;145;66;199;11;50;3;33;0;0;1;2;2;25;0;3;0;1;5;5;6;13;0;0;0;1;0;3;3;37
4218954;Urupema;SC;Mapeado;2026-09;29;45;9;29;9;20;10;27;7;19;2;13;0;0;0;0;0;4;0;0;0;0;0;0;0;0;0;0;0;1;0;1;1;1
4219002;Urussanga;SC;Mapeado;2026-09;104;164;36;54;19;39;39;101;27;41;9;15;0;0;1;1;1;3;0;0;0;0;6;7;0;0;0;0;0;1;0;4;2;7
4219150;Vargem;SC;Mapeado;2026-09;16;28;3;12;2;11;11;25;1;7;2;6;0;0;0;0;0;4;0;0;0;2;0;0;0;0;0;0;0;2;0;0;0;0
4219176;Vargem Bonita;SC;Mapeado;2026-09;25;45;6;21;3;18;12;28;2;12;4;11;0;0;0;0;0;2;0;0;0;1;3;4;0;0;0;0;0;2;0;1;1;1
4219101;Vargeão;SC;Mapeado;2026-09;21;46;4;12;6;15;6;27;2;8;2;4;0;0;0;1;0;3;0;0;0;1;5;6;0;0;0;0;0;1;0;1;0;3
4219200;Vidal Ramos;SC;Mapeado;2026-09;32;66;12;32;5;25;9;37;6;26;6;19;0;0;0;0;0;2;0;0;0;2;2;3;0;3;0;1;0;3;0;0;4;6
4219309;Videira;SC;Mapeado;2026-09;308;486;59;153;81;147;110;298;50;132;9;26;0;0;9;19;5;19;2;7;1;9;30;30;1;4;0;0;0;14;0;6;10;41
4219358;Vitor Meireles;SC;Mapeado;2026-09;33;51;13;25;5;7;8;17;9;20;4;5;0;0;0;0;0;2;0;0;0;0;5;10;0;0;0;0;0;0;0;0;2;5
4219408;Witmarsum;SC;Mapeado;2026-09;28;46;5;16;4;8;10;23;3;13;2;4;0;0;0;0;0;1;0;0;0;0;7;7;0;0;0;0;0;2;0;1;2;4
4219507;Xanxerê;SC;Mapeado;2026-09;251;462;57;142;52;137;83;253;36;99;21;54;0;0;0;6;9;37;0;1;1;6;35;36;1;1;1;1;0;11;3;6;9;48
4219606;Xavantina;SC;Mapeado;2026-09;22;29;7;19;4;10;6;17;7;17;0;3;0;0;0;0;0;0;0;0;0;0;5;5;0;0;0;1;0;1;0;0;0;1
4219705;Xaxim;SC;Mapeado;2026-09;153;250;48;92;27;52;34;92;25;58;23;37;0;0;0;3;5;10;0;2;0;1;23;26;0;0;0;0;0;12;0;3;16;38
4219853;Zortéa;SC;Mapeado;2026-09;24;40;7;16;10;19;6;23;5;10;2;7;0;0;0;1;0;1;0;0;0;1;1;1;0;0;0;0;0;2;0;1;0;0
4200408;Água Doce;SC;Mapeado;2026-09;66;97;16;33;18;22;17;62;9;22;7;12;0;0;2;2;2;6;0;0;0;0;8;10;0;0;0;1;0;5;0;0;3;5
4200556;Águas Frias;SC;Mapeado;2026-09;26;38;11;16;2;8;7;25;10;15;1;3;0;0;0;0;0;1;0;0;0;0;6;6;0;0;0;1;0;4;0;0;0;4
4200606;Águas Mornas;SC;Mapeado;2026-09;61;86;24;34;13;17;19;57;22;29;2;5;0;0;0;0;1;5;0;0;0;2;0;0;0;0;0;0;0;1;0;1;4;5
4200507;Águas de Chapecó;SC;Mapeado;2026-09;47;70;22;42;5;10;11;38;18;31;4;16;0;0;0;0;2;6;0;0;0;0;6;7;0;0;0;0;0;17;0;0;1;5
2800100;Amparo do São Francisco;SE;Mapeado;2026-09;2;5;0;2;0;2;2;2;0;1;0;1;0;0;0;0;0;1;0;0;0;1;0;0;0;0;0;0;0;0;0;0;0;0
2800209;Aquidabã;SE;Mapeado;2026-09;22;38;3;7;8;17;9;22;0;3;3;5;0;0;0;0;1;2;0;0;0;0;1;1;0;0;0;0;0;0;0;0;0;2
2800308;Aracaju;SE;Mapeado;2026-09;3617;5229;288;742;1534;2196;1591;3003;176;487;112;344;0;0;0;3;53;211;5;30;5;80;50;63;5;7;1;1;1;5;9;24;75;349
2800407;Arauá;SE;Mapeado;2026-09;17;29;1;6;5;11;10;17;1;3;0;3;0;0;0;0;1;2;0;0;0;0;0;0;0;0;0;0;0;0;0;0;0;1
2800506;Areia Branca;SE;Mapeado;2026-09;26;37;3;4;6;12;14;20;1;1;2;3;0;0;0;0;2;5;0;0;0;0;1;1;0;0;0;0;0;0;0;0;0;2
2800605;Barra dos Coqueiros;SE;Mapeado;2026-09;225;309;23;50;108;150;77;164;11;34;12;24;0;0;0;0;9;21;0;0;0;1;2;4;0;0;0;0;1;2;0;0;5;11
2800670;Boquim;SE;Mapeado;2026-09;38;66;9;14;9;21;17;40;2;6;7;9;0;0;0;0;0;4;0;0;0;1;2;2;0;0;0;0;0;1;0;0;1;3
2800704;Brejo Grande;SE;Mapeado;2026-09;9;11;1;3;5;6;2;2;0;2;1;1;0;0;0;0;0;1;0;0;0;0;1;1;0;0;0;0;0;0;0;0;0;1
2801009;Campo do Brito;SE;Mapeado;2026-09;29;55;2;6;8;14;13;28;1;4;1;4;0;0;0;0;0;5;0;0;0;0;4;5;0;2;0;0;0;0;0;0;2;6
2801108;Canhoba;SE;Mapeado;2026-09;3;3;0;0;2;3;1;1;0;0;0;0;0;0;0;0;0;0;0;0;0;0;0;0;0;0;0;0;0;0;0;0;0;0
2801207;Canindé de São Francisco;SE;Mapeado;2026-09;87;146;9;30;44;78;29;76;4;19;5;18;0;0;0;0;1;12;0;0;0;1;2;4;0;2;0;0;1;1;0;0;1;6
2801306;Capela;SE;Mapeado;2026-09;66;100;11;19;16;27;29;56;5;9;6;13;0;0;0;0;3;8;0;0;0;0;3;5;3;3;0;0;0;0;0;0;1;3
2801405;Carira;SE;Mapeado;2026-09;14;24;4;8;7;12;3;13;0;1;4;7;0;0;0;0;0;1;0;0;0;0;0;0;0;0;0;0;0;0;0;0;0;0
2801504;Carmópolis;SE;Mapeado;2026-09;42;77;1;7;25;38;10;36;0;3;1;4;0;0;0;0;1;5;0;1;0;0;4;6;0;0;0;0;0;0;0;0;1;2
2801603;Cedro de São João;SE;Mapeado;2026-09;6;13;0;0;3;4;3;7;0;0;0;0;0;0;0;0;0;4;0;0;0;0;0;0;0;0;0;0;0;0;0;0;0;0
2801702;Cristinápolis;SE;Mapeado;2026-09;33;47;2;5;18;20;12;26;1;3;1;2;0;0;0;0;0;1;0;0;0;0;1;1;0;0;0;0;0;0;0;0;0;1
2801900;Cumbe;SE;Mapeado;2026-09;4;10;0;0;1;2;3;8;0;0;0;0;0;0;0;0;0;0;0;0;0;0;0;0;0;0;0;0;0;0;0;1;0;1
2802007;Divina Pastora;SE;Mapeado;2026-09;9;15;2;3;2;6;4;8;2;3;0;0;0;0;0;0;0;0;0;0;0;0;0;0;0;0;0;0;0;0;1;1;0;1
2802106;Estância;SE;Mapeado;2026-09;229;360;25;60;96;156;94;198;16;42;9;27;0;0;0;2;5;24;0;0;0;2;6;7;1;2;0;0;0;1;0;0;2;19
2802205;Feira Nova;SE;Mapeado;2026-09;7;10;0;2;3;6;1;5;0;2;0;0;0;0;0;0;1;2;0;0;0;0;1;1;1;1;0;0;0;0;0;0;0;0
2802304;Frei Paulo;SE;Mapeado;2026-09;23;35;1;5;8;10;12;23;1;4;0;2;0;0;0;0;0;1;0;0;0;1;2;2;0;0;0;0;0;0;0;1;0;2
2802403;Gararu;SE;Mapeado;2026-09;8;13;0;4;3;7;4;6;0;4;0;4;0;0;0;0;0;0;0;0;0;0;1;1;0;0;0;0;0;0;0;0;0;2
2802502;General Maynard;SE;Mapeado;2026-09;10;13;1;2;3;4;6;9;0;1;1;2;0;0;0;0;0;1;0;0;0;0;0;0;0;0;0;0;0;0;0;0;0;0
2802601;Graccho Cardoso;SE;Mapeado;2026-09;10;14;2;2;3;5;4;8;0;0;2;2;0;0;0;0;0;0;0;1;0;1;1;1;0;0;0;0;0;0;0;0;0;0
2802700;Ilha das Flores;SE;Mapeado;2026-09;10;14;0;1;6;7;3;6;0;1;0;1;0;0;0;0;0;0;0;0;0;0;1;2;0;0;0;0;0;0;0;0;0;1
2802809;Indiaroba;SE;Mapeado;2026-09;42;51;1;4;26;37;14;25;0;2;1;3;0;0;0;0;0;3;0;0;0;0;0;1;1;1;0;0;0;0;0;0;0;1
2802908;Itabaiana;SE;Mapeado;2026-09;286;415;18;55;116;161;131;250;13;46;5;15;0;0;0;0;5;15;1;3;0;2;4;7;7;7;0;0;0;1;1;2;3;20
2803005;Itabaianinha;SE;Mapeado;2026-09;45;93;4;16;13;35;24;55;1;9;3;9;0;0;0;0;1;9;0;1;0;1;3;5;0;0;0;0;0;0;0;0;0;8
2803104;Itabi;SE;Mapeado;2026-09;8;13;1;6;3;5;2;5;1;3;0;5;0;0;0;0;1;1;0;0;0;0;1;1;0;0;0;0;0;0;0;0;0;0
2803203;Itaporanga d'Ajuda;SE;Mapeado;2026-09;62;115;5;22;23;49;31;73;5;19;0;8;0;0;0;0;2;6;0;0;0;1;0;0;0;1;0;0;0;0;0;0;1;7
2803302;Japaratuba;SE;Mapeado;2026-09;23;37;2;9;11;15;9;25;1;5;1;6;0;0;0;0;1;3;0;1;0;1;0;0;0;0;0;0;0;0;0;0;0;0
2803401;Japoatã;SE;Mapeado;2026-09;20;28;4;8;4;9;9;19;2;6;2;3;0;0;0;0;0;3;0;0;0;0;1;1;1;1;0;0;0;0;0;1;1;2
2803500;Lagarto;SE;Mapeado;2026-09;245;383;15;60;85;141;121;228;11;42;4;23;0;0;0;0;5;26;1;1;0;2;7;9;2;3;0;1;0;1;1;2;8;25
2803609;Laranjeiras;SE;Mapeado;2026-09;45;68;2;14;20;28;17;34;1;10;1;6;0;0;0;0;0;3;0;0;0;0;3;5;2;4;0;0;0;1;0;2;1;6
2803708;Macambira;SE;Mapeado;2026-09;5;16;0;3;3;4;2;5;0;1;0;2;0;0;0;0;0;1;0;0;0;1;0;0;0;1;0;0;0;0;0;0;0;5
2803807;Malhada dos Bois;SE;Mapeado;2026-09;10;12;0;0;6;7;4;10;0;0;0;0;0;0;0;0;0;0;0;0;0;0;0;0;0;0;0;0;0;0;0;0;0;0
2803906;Malhador;SE;Mapeado;2026-09;8;18;0;3;4;5;4;10;0;2;0;1;0;0;0;0;0;2;0;0;0;0;0;0;0;1;0;0;0;0;0;1;0;3
2804003;Maruim;SE;Mapeado;2026-09;24;43;1;6;7;12;13;26;1;3;0;3;0;0;0;0;0;2;0;1;0;1;2;3;0;0;0;0;0;0;1;1;0;1
2804102;Moita Bonita;SE;Mapeado;2026-09;15;24;2;2;3;7;6;14;2;2;0;1;0;0;0;0;1;2;0;0;0;0;1;1;0;0;0;0;0;0;0;0;2;5
2804201;Monte Alegre de Sergipe;SE;Mapeado;2026-09;23;39;1;5;9;13;10;27;0;4;1;2;0;0;0;0;0;0;0;0;1;1;2;2;0;0;0;0;0;0;0;0;0;2
2804300;Muribeca;SE;Mapeado;2026-09;9;15;0;0;5;6;3;9;0;0;0;0;0;0;0;0;0;0;0;0;0;1;1;1;0;0;0;0;0;0;0;0;0;0
2804409;Neópolis;SE;Mapeado;2026-09;41;71;0;8;20;31;13;36;0;8;0;2;0;0;0;0;1;3;0;0;0;1;5;5;0;0;0;0;0;0;0;0;2;4
2804458;Nossa Senhora Aparecida;SE;Mapeado;2026-09;10;15;0;2;5;10;4;8;0;2;0;0;0;0;0;0;1;1;0;0;0;0;0;0;0;0;0;0;0;0;0;0;0;0
2804508;Nossa Senhora da Glória;SE;Mapeado;2026-09;106;171;7;27;43;69;44;95;3;16;4;15;0;0;0;0;4;17;1;1;0;2;4;6;1;2;0;0;0;1;1;2;1;6
2804607;Nossa Senhora das Dores;SE;Mapeado;2026-09;41;69;5;10;13;27;22;38;4;7;1;5;0;0;0;0;0;1;0;0;0;1;0;0;1;2;0;0;0;0;0;0;0;5
2804706;Nossa Senhora de Lourdes;SE;Mapeado;2026-09;7;11;0;3;1;3;5;6;0;2;0;1;0;0;0;1;0;0;0;0;0;0;1;1;0;0;0;0;0;0;0;0;0;1
2804805;Nossa Senhora do Socorro;SE;Mapeado;2026-09;608;860;37;94;219;357;318;574;18;54;19;54;0;0;0;0;7;34;1;2;0;2;8;10;2;2;0;0;0;2;2;4;14;47
2804904;Pacatuba;SE;Mapeado;2026-09;13;24;0;2;7;11;4;9;0;0;0;2;0;0;0;0;0;1;0;0;0;0;2;2;0;0;0;0;0;0;0;1;0;1
2805000;Pedra Mole;SE;Mapeado;2026-09;3;5;0;0;2;4;1;2;0;0;0;0;0;0;0;0;0;0;0;0;0;0;0;0;0;0;0;0;0;0;0;0;0;0
2805109;Pedrinhas;SE;Mapeado;2026-09;13;22;1;1;4;8;7;11;0;0;1;1;0;0;0;0;1;2;0;0;0;0;0;0;0;1;0;0;0;0;0;0;0;2
2805208;Pinhão;SE;Mapeado;2026-09;5;10;1;3;3;4;1;5;0;1;1;2;0;0;0;0;0;0;0;0;0;0;0;0;0;0;0;0;0;0;0;0;0;0
2805307;Pirambu;SE;Mapeado;2026-09;21;33;0;3;15;23;5;12;0;2;0;1;0;0;0;0;0;4;0;0;0;0;1;2;0;1;0;0;0;1;0;0;0;0
2805604;Porto da Folha;SE;Mapeado;2026-09;20;44;0;8;6;15;10;24;0;7;0;1;0;0;0;0;2;3;0;0;0;0;1;2;1;1;0;0;0;0;0;1;0;0
2805406;Poço Redondo;SE;Mapeado;2026-09;26;66;0;10;20;46;6;42;0;9;0;4;0;0;0;2;0;7;0;0;0;2;0;1;0;2;0;0;0;0;0;0;0;3
2805505;Poço Verde;SE;Mapeado;2026-09;32;57;3;10;11;19;11;31;1;7;2;6;0;0;0;0;4;12;0;0;1;1;1;2;0;0;0;0;0;1;0;0;1;7
2805703;Propriá;SE;Mapeado;2026-09;76;134;3;10;30;54;34;84;3;8;0;2;0;0;0;0;0;6;1;2;0;1;5;8;1;3;0;0;0;0;0;0;2;7
2805901;Riachuelo;SE;Mapeado;2026-09;13;27;3;6;5;11;5;14;2;5;1;3;0;0;0;0;0;3;0;0;0;0;0;0;0;0;0;0;0;0;0;1;0;1
2805802;Riachão do Dantas;SE;Mapeado;2026-09;23;36;4;8;5;9;12;21;1;4;3;4;0;0;0;0;0;3;0;0;0;0;0;1;0;0;0;0;0;0;0;0;2;4
2806008;Ribeirópolis;SE;Mapeado;2026-09;35;58;6;13;12;20;10;32;2;7;4;8;0;0;0;0;3;4;0;0;0;1;2;2;1;1;0;0;0;0;0;0;1;7
2806107;Rosário do Catete;SE;Mapeado;2026-09;17;35;1;5;7;12;8;21;0;3;1;3;0;0;0;0;0;1;0;0;0;0;1;1;0;0;0;0;0;0;0;0;0;4
2806206;Salgado;SE;Mapeado;2026-09;50;69;4;16;20;32;19;33;2;7;2;14;0;0;0;0;3;8;0;0;0;1;3;3;1;3;0;0;0;0;0;1;0;5
2806305;Santa Luzia do Itanhy;SE;Mapeado;2026-09;9;21;1;5;5;11;3;9;1;2;0;3;0;0;0;0;0;0;0;1;0;0;0;0;0;1;0;0;0;0;0;0;0;1
2806503;Santa Rosa de Lima;SE;Mapeado;2026-09;11;14;1;2;5;6;4;5;0;0;1;2;0;0;0;0;0;0;0;0;0;0;0;0;0;0;0;0;0;0;0;0;1;4
2806404;Santana do São Francisco;SE;Mapeado;2026-09;13;23;0;4;6;8;4;11;0;3;0;2;0;0;0;0;1;2;0;0;0;0;2;2;0;0;0;0;0;0;0;1;0;0
2806602;Santo Amaro das Brotas;SE;Mapeado;2026-09;14;25;2;5;8;14;3;13;0;4;2;3;0;0;0;0;0;0;0;0;0;0;0;0;0;0;0;0;0;0;0;0;1;2
2807105;Simão Dias;SE;Mapeado;2026-09;84;145;8;35;37;73;31;90;2;26;6;24;0;0;0;0;1;11;0;0;0;0;4;4;1;6;0;0;0;1;0;1;2;9
2807204;Siriri;SE;Mapeado;2026-09;10;12;1;3;5;5;4;6;1;3;0;1;0;0;0;0;0;1;0;0;0;0;0;0;0;0;0;0;0;0;0;0;0;2
2806701;São Cristóvão;SE;Mapeado;2026-09;271;401;29;66;108;159;119;230;19;49;10;22;0;0;0;0;5;20;0;1;0;2;2;3;0;0;0;0;1;3;1;1;6;30
2806800;São Domingos;SE;Mapeado;2026-09;12;20;1;4;3;5;4;11;0;1;1;3;0;0;0;0;1;2;0;0;0;0;1;1;1;1;0;0;0;0;0;0;1;2
2806909;São Francisco;SE;Mapeado;2026-09;4;6;0;0;2;4;2;4;0;0;0;0;0;0;0;0;0;0;0;0;0;0;0;0;0;0;0;0;0;0;0;0;0;0
2807006;São Miguel do Aleixo;SE;Mapeado;2026-09;5;8;2;3;2;4;1;4;1;2;1;1;0;0;0;0;0;0;0;0;0;0;0;0;0;0;0;0;0;0;0;0;0;1
2807303;Telha;SE;Mapeado;2026-09;8;13;1;5;3;8;3;7;1;3;0;2;0;0;0;0;1;2;0;0;0;0;0;0;0;0;0;0;0;0;0;0;0;0
2807402;Tobias Barreto;SE;Mapeado;2026-09;111;179;17;45;30;65;56;107;9;28;8;22;0;0;0;0;2;16;0;0;0;2;3;5;0;0;0;0;0;0;0;0;3;6
2807501;Tomar do Geru;SE;Mapeado;2026-09;12;20;1;2;5;6;5;12;0;0;1;2;0;0;0;0;1;1;0;0;0;0;0;1;0;0;0;0;0;0;0;0;0;0
2807600;Umbaúba;SE;Mapeado;2026-09;49;93;3;10;22;41;20;65;0;6;3;4;0;0;0;0;0;6;0;0;0;1;2;2;0;0;0;0;0;2;1;2;1;2
3500105;Adamantina;SP;Mapeado;2026-09;240;331;71;116;39;71;102;206;41;68;30;53;0;0;0;0;10;28;1;1;0;2;8;9;0;0;0;0;0;4;2;3;7;24
3500204;Adolfo;SP;Mapeado;2026-09;34;51;7;26;6;14;17;40;5;16;2;14;0;0;0;0;1;3;0;0;0;0;2;2;0;0;0;0;0;0;0;0;1;3
3500303;Aguaí;SP;Mapeado;2026-09;176;276;54;117;27;78;80;170;37;78;17;46;0;0;0;0;2;10;1;2;0;3;4;5;0;0;0;0;0;1;1;2;7;23
3500709;Agudos;SP;Mapeado;2026-09;213;386;61;143;53;112;88;233;52;117;9;30;0;0;0;0;4;13;0;0;0;0;2;4;0;1;0;0;0;1;0;1;5;31
3500758;Alambari;SP;Mapeado;2026-09;26;49;6;16;5;13;14;28;5;15;1;2;0;0;0;0;1;7;0;0;0;2;0;0;0;0;0;0;0;0;0;0;0;2
3500808;Alfredo Marcondes;SP;Mapeado;2026-09;25;39;5;13;5;16;14;28;4;11;1;5;0;0;0;0;0;1;0;0;0;0;0;0;0;0;0;0;0;0;0;0;1;2
3500907;Altair;SP;Mapeado;2026-09;17;34;5;14;4;10;7;26;2;9;3;5;0;0;0;0;0;1;1;1;0;0;0;0;0;0;0;0;0;0;0;0;0;0
3501004;Altinópolis;SP;Mapeado;2026-09;88;164;17;44;15;27;46;106;14;35;3;10;0;0;0;0;5;14;0;0;0;0;3;4;0;0;0;0;0;6;0;2;2;10
3501103;Alto Alegre;SP;Mapeado;2026-09;22;28;10;11;5;9;6;15;5;5;5;6;0;0;0;1;0;0;0;0;0;0;0;0;0;1;0;0;0;1;0;0;1;2
3501152;Alumínio;SP;Mapeado;2026-09;93;144;24;43;20;47;40;79;10;23;14;22;0;0;0;0;3;8;0;0;0;0;4;5;0;0;0;0;1;4;0;2;1;11
3501509;Alvinlândia;SP;Mapeado;2026-09;15;33;2;11;2;10;10;27;1;9;1;4;0;0;0;0;0;1;0;0;0;0;0;0;0;0;0;0;0;0;0;0;1;3
3501608;Americana;SP;Mapeado;2026-09;1633;2411;273;594;512;878;743;1431;218;477;55;151;0;0;2;4;42;99;2;8;0;20;23;32;0;0;0;1;0;13;3;16;33;156
3501905;Amparo;SP;Mapeado;2026-09;438;678;92;221;88;188;199;422;52;138;40;104;0;0;1;3;13;29;1;5;1;10;13;13;0;1;0;0;0;6;1;6;29;71
3501707;Américo Brasiliense;SP;Mapeado;2026-09;178;242;65;86;29;53;77;129;53;66;12;21;0;0;0;0;2;4;1;2;0;0;2;2;0;0;0;0;0;3;0;1;2;7
3501806;Américo de Campos;SP;Mapeado;2026-09;38;65;8;33;5;17;22;51;6;24;2;9;0;0;0;0;0;0;0;0;0;0;2;2;0;0;0;0;0;0;0;0;1;2
3502002;Analândia;SP;Mapeado;2026-09;36;59;4;19;15;27;16;33;1;9;3;10;0;0;0;0;0;4;0;0;0;1;1;1;0;0;0;0;0;0;0;0;0;3
3502101;Andradina;SP;Mapeado;2026-09;312;601;62;179;87;198;139;370;41;120;21;68;0;0;0;2;2;24;2;3;0;8;9;9;1;2;0;0;1;2;1;1;8;60
3502200;Angatuba;SP;Mapeado;2026-09;161;218;53;95;40;59;54;113;35;61;18;41;0;0;1;3;5;12;0;2;0;1;6;8;0;0;0;0;0;2;0;1;2;13
3502309;Anhembi;SP;Mapeado;2026-09;45;74;15;29;9;22;18;43;5;10;10;21;0;0;0;0;0;2;0;0;0;0;0;0;0;0;0;0;0;0;0;0;3;8
3502408;Anhumas;SP;Mapeado;2026-09;25;39;12;18;6;9;5;25;8;11;4;7;0;0;0;0;0;2;0;0;0;0;2;2;0;0;0;0;0;2;0;2;0;0
3502507;Aparecida;SP;Mapeado;2026-09;444;746;86;192;167;372;168;399;61;150;25;59;0;0;0;0;4;18;0;1;0;2;1;1;4;6;0;0;0;2;1;3;13;31
3502606;Aparecida d'Oeste;SP;Mapeado;2026-09;27;47;8;17;5;12;14;32;3;10;5;7;0;0;0;0;0;1;0;0;0;0;0;0;0;0;0;0;0;0;0;0;0;0
3502705;Apiaí;SP;Mapeado;2026-09;161;264;41;97;27;69;80;173;24;59;17;48;0;0;2;2;6;13;0;0;0;1;3;4;0;0;0;0;0;5;0;0;2;9
3503000;Aramina;SP;Mapeado;2026-09;28;61;7;41;6;16;15;45;2;22;5;27;0;0;0;1;0;3;0;0;0;0;0;0;0;0;0;0;0;0;0;0;0;1
3503109;Arandu;SP;Mapeado;2026-09;44;72;15;35;13;23;12;46;8;19;7;17;0;0;0;0;0;4;0;0;0;0;2;2;0;0;0;0;0;0;0;0;2;3
3503158;Arapeí;SP;Mapeado;2026-09;21;39;6;16;6;14;7;31;4;11;2;8;0;0;0;0;2;5;0;0;0;0;0;0;0;0;0;0;0;1;0;0;0;3
3503208;Araraquara;SP;Mapeado;2026-09;1464;2311;317;654;404;742;612;1267;220;462;97;239;0;0;1;2;23;129;2;13;0;14;41;48;1;3;0;0;0;19;7;26;56;195
3503307;Araras;SP;Mapeado;2026-09;704;1050;109;254;222;363;317;666;62;164;47;122;0;0;1;3;24;49;1;4;0;6;8;11;0;0;0;0;1;7;2;5;19;50
3502754;Araçariguama;SP;Mapeado;2026-09;186;310;40;92;56;112;76;198;23;62;17;48;0;0;0;2;4;21;0;0;0;5;6;8;0;1;0;0;0;5;0;0;4;12
3502804;Araçatuba;SP;Mapeado;2026-09;1534;2301;336;684;447;835;613;1272;297;606;39;96;0;0;3;6;60;131;2;6;1;13;28;41;2;7;0;0;0;5;3;16;39;138
3502903;Araçoiaba da Serra;SP;Mapeado;2026-09;213;365;35;87;53;105;106;253;19;59;16;41;0;0;0;0;6;17;0;4;0;4;5;9;0;5;0;0;0;5;2;5;6;27
3503356;Arco-Íris;SP;Mapeado;2026-09;10;16;6;9;1;2;3;9;5;7;1;2;0;0;0;0;0;0;0;0;0;0;0;0;0;0;0;0;0;0;0;0;0;1
3503406;Arealva;SP;Mapeado;2026-09;60;92;20;44;8;21;31;64;7;22;13;27;0;0;0;0;0;3;0;0;0;0;0;0;0;0;0;0;0;0;1;1;0;3
3503505;Areias;SP;Mapeado;2026-09;23;45;7;19;8;14;8;25;3;10;4;11;0;0;0;0;0;0;0;0;0;0;0;0;0;0;0;0;0;0;0;0;0;3
3503604;Areiópolis;SP;Mapeado;2026-09;56;76;27;42;7;13;21;34;17;26;10;17;0;0;0;0;1;3;0;0;0;1;0;0;0;0;0;0;0;0;0;0;0;1
3503703;Ariranha;SP;Mapeado;2026-09;60;84;23;33;8;21;25;50;19;28;4;7;0;0;0;0;1;4;1;1;0;0;0;0;0;0;0;0;0;0;0;0;2;3
3503802;Artur Nogueira;SP;Mapeado;2026-09;334;527;107;170;79;153;116;299;69;116;38;75;0;0;0;2;20;40;0;1;0;4;5;8;1;2;0;0;0;3;0;3;6;25
3503901;Arujá;SP;Mapeado;2026-09;487;786;50;135;198;343;206;460;26;85;24;65;0;0;0;0;14;48;0;1;0;2;8;10;0;1;0;0;0;5;0;7;11;38
3503950;Aspásia;SP;Mapeado;2026-09;9;13;2;7;2;3;5;8;1;5;1;3;0;0;0;0;0;0;0;0;0;0;0;0;0;0;0;0;0;0;0;0;0;1
3504008;Assis;SP;Mapeado;2026-09;942;1381;187;393;263;424;433;808;136;282;51;142;0;0;1;7;16;57;1;10;0;7;22;26;2;3;0;0;0;4;0;14;17;66
3504107;Atibaia;SP;Mapeado;2026-09;1482;2343;295;658;460;844;553;1386;232;538;63;171;0;0;3;6;15;85;1;9;1;25;29;42;4;10;1;1;0;104;5;25;115;276
3504206;Auriflama;SP;Mapeado;2026-09;134;184;24;51;25;45;79;114;19;40;5;16;0;0;0;2;1;3;0;0;0;0;3;3;0;1;0;0;0;0;0;2;2;6
3504404;Avanhandava;SP;Mapeado;2026-09;50;82;15;32;13;24;19;51;5;18;10;16;0;0;0;0;1;7;0;0;0;0;1;1;0;0;0;0;1;2;0;0;0;2
3504503;Avaré;SP;Mapeado;2026-09;599;901;139;272;154;273;244;513;94;180;45;107;0;0;0;2;19;55;1;4;0;7;10;15;0;3;0;0;0;8;2;6;30;68
3504305;Avaí;SP;Mapeado;2026-09;32;54;9;23;6;16;15;33;7;20;2;5;0;0;0;0;1;2;0;0;0;0;0;0;0;0;0;0;0;0;0;0;1;2
3504602;Bady Bassitt;SP;Mapeado;2026-09;202;331;31;76;53;105;105;208;18;55;13;28;0;0;0;0;1;7;0;0;0;0;3;3;0;1;0;0;0;3;0;2;9;23
3504701;Balbinos;SP;Mapeado;2026-09;12;17;2;7;5;7;5;7;1;5;1;2;0;0;0;0;0;0;0;0;0;0;0;0;0;0;0;0;0;0;0;0;0;1
3504909;Bananal;SP;Mapeado;2026-09;66;111;13;28;18;34;31;63;10;21;3;9;0;0;0;0;1;10;0;0;0;0;2;2;0;0;0;0;0;0;0;0;1;9
3505104;Barbosa;SP;Mapeado;2026-09;44;76;2;30;8;25;31;58;2;21;0;10;0;0;1;1;1;5;0;0;0;0;0;0;0;0;0;0;0;1;0;0;1;3
3505203;Bariri;SP;Mapeado;2026-09;188;296;53;103;34;63;88;185;47;82;6;23;0;0;1;3;4;12;1;3;0;3;6;8;0;0;0;0;0;1;0;2;1;12
3505302;Barra Bonita;SP;Mapeado;2026-09;281;418;57;121;54;110;147;255;38;72;19;59;0;0;0;2;7;24;0;0;0;2;6;8;0;0;0;0;0;1;0;1;10;35
3505351;Barra do Chapéu;SP;Mapeado;2026-09;34;56;13;28;9;25;11;42;8;17;5;15;0;0;0;0;1;6;0;0;0;0;0;0;0;0;0;0;0;6;0;0;0;1
3505401;Barra do Turvo;SP;Mapeado;2026-09;68;107;26;45;15;29;27;72;14;27;12;20;0;0;0;0;0;8;0;0;0;0;0;0;0;0;0;0;0;2;0;0;0;1
3505500;Barretos;SP;Mapeado;2026-09;899;1400;195;446;250;424;397;830;162;401;33;77;0;0;0;1;11;53;2;9;1;15;17;26;0;5;0;0;1;5;2;11;23;89
3505609;Barrinha;SP;Mapeado;2026-09;208;371;87;211;37;95;66;201;43;123;44;110;0;0;0;1;7;15;1;1;0;0;3;3;0;0;0;0;0;4;1;2;6;13
3505708;Barueri;SP;Mapeado;2026-09;2624;4236;274;716;1146;1811;1012;2328;200;565;74;198;0;0;1;7;32;204;4;49;2;72;15;43;3;9;0;0;0;13;13;65;122;335
3505005;Barão de Antonina;SP;Mapeado;2026-09;24;31;5;12;2;8;17;22;2;5;3;7;0;0;0;0;0;0;0;0;0;0;0;0;0;0;0;0;0;1;0;0;0;1
3505807;Bastos;SP;Mapeado;2026-09;118;164;32;50;25;46;51;91;21;32;11;18;0;0;0;0;1;2;0;0;0;0;4;4;0;0;0;0;0;0;0;0;5;7
3505906;Batatais;SP;Mapeado;2026-09;333;529;89;204;65;152;140;295;67;146;22;77;0;0;0;1;18;30;3;4;0;3;11;12;0;0;0;0;0;2;0;3;7;33
3506003;Bauru;SP;Mapeado;2026-09;2628;4255;527;1177;727;1435;1191;2524;355;857;172;443;0;0;4;19;58;222;2;11;0;27;43;61;3;6;1;1;2;33;8;36;62;255
3506102;Bebedouro;SP;Mapeado;2026-09;495;784;119;234;108;228;229;449;82;173;37;92;0;0;0;1;19;49;1;1;0;3;11;13;0;0;0;0;0;9;1;6;7;34
3506201;Bento de Abreu;SP;Mapeado;2026-09;18;26;5;12;6;11;7;21;4;11;1;5;0;0;0;0;0;0;0;0;0;0;0;0;0;0;0;0;0;0;0;0;0;0
3506300;Bernardino de Campos;SP;Mapeado;2026-09;60;94;24;38;5;18;27;61;21;31;3;13;0;0;0;0;1;2;0;0;1;2;2;2;0;0;0;0;0;1;0;0;0;3
3506359;Bertioga;SP;Mapeado;2026-09;823;1281;91;336;305;479;350;828;43;225;48;141;0;0;1;4;8;37;0;7;0;10;10;14;2;3;0;1;0;5;2;5;54;124
3506409;Bilac;SP;Mapeado;2026-09;50;73;13;27;15;31;13;46;7;22;6;17;0;0;0;0;4;5;0;0;0;0;3;3;0;0;0;0;0;0;0;0;2;6
3506508;Birigui;SP;Mapeado;2026-09;679;1077;119;259;186;337;325;642;87;204;32;80;0;0;1;2;15;41;1;4;1;4;15;20;0;1;0;0;0;6;2;7;14;71
3506607;Biritiba Mirim;SP;Mapeado;2026-09;158;256;45;112;32;65;67;160;29;88;16;33;0;0;1;1;3;12;0;0;1;2;5;6;1;6;0;0;0;1;0;6;3;20
3506706;Boa Esperança do Sul;SP;Mapeado;2026-09;103;171;30;63;13;34;46;114;22;38;8;33;0;0;0;0;1;8;0;0;0;0;0;0;0;0;0;0;0;0;0;0;13;21
3506805;Bocaina;SP;Mapeado;2026-09;56;103;12;44;10;26;32;75;11;30;1;20;0;0;0;0;1;1;0;0;0;1;1;1;0;0;0;0;0;1;0;0;0;3
3506904;Bofete;SP;Mapeado;2026-09;102;151;35;65;23;47;38;95;10;28;25;39;0;0;0;0;3;13;0;0;0;0;1;2;0;0;0;0;0;3;1;1;1;4
3507001;Boituva;SP;Mapeado;2026-09;517;790;133;259;140;225;195;449;57;174;76;122;0;0;1;1;7;33;1;2;0;2;21;31;2;2;0;0;0;0;0;3;17;70
3507100;Bom Jesus dos Perdões;SP;Mapeado;2026-09;177;288;37;94;50;82;76;173;30;65;7;37;0;0;1;1;3;17;0;0;0;1;0;2;0;0;0;0;1;3;0;3;9;29
3507159;Bom Sucesso de Itararé;SP;Mapeado;2026-09;33;56;13;35;7;17;13;35;8;26;5;18;0;0;0;0;0;5;0;0;0;1;0;0;0;2;0;0;0;1;0;2;0;1
3507308;Boracéia;SP;Mapeado;2026-09;54;92;13;55;12;30;27;64;8;39;5;32;0;0;0;0;0;2;0;0;0;0;2;2;0;0;0;0;0;0;0;0;0;3
3507407;Borborema;SP;Mapeado;2026-09;135;198;48;82;21;47;55;128;24;42;24;42;0;0;0;0;2;6;0;0;0;0;4;4;2;3;0;0;0;0;1;1;2;15
3507456;Borebi;SP;Mapeado;2026-09;23;35;3;12;4;13;16;26;2;8;1;5;0;0;0;0;0;3;0;0;0;0;0;0;0;0;0;0;0;1;0;0;0;1
3507209;Borá;SP;Mapeado;2026-09;7;14;3;6;1;5;2;8;3;6;0;1;0;0;0;0;0;0;0;0;0;0;0;0;0;0;0;0;0;0;0;0;1;2
3507506;Botucatu;SP;Mapeado;2026-09;1126;1734;269;544;324;576;444;967;199;407;70;183;0;0;1;7;26;82;16;33;0;26;21;28;1;2;1;1;0;11;1;7;22;135
3507605;Bragança Paulista;SP;Mapeado;2026-09;1403;2166;190;508;432;772;655;1352;130;364;60;210;0;0;1;7;25;106;2;4;0;15;33;40;0;1;0;1;2;12;3;14;60;185
3507704;Braúna;SP;Mapeado;2026-09;37;46;16;19;4;11;16;32;7;8;9;11;0;0;0;0;0;2;0;0;0;0;1;1;0;0;0;0;0;2;0;0;0;0
3507753;Brejo Alegre;SP;Mapeado;2026-09;11;21;3;6;5;10;3;13;2;3;1;3;0;0;0;0;0;0;0;0;0;1;0;0;0;0;0;0;0;0;0;0;0;1
3507803;Brodowski;SP;Mapeado;2026-09;126;208;21;59;30;55;66;128;15;45;6;20;0;0;0;0;1;5;0;0;0;3;4;4;0;1;0;0;0;0;0;1;4;17
3507902;Brotas;SP;Mapeado;2026-09;199;348;31;90;51;105;76;183;21;58;10;37;0;0;0;1;1;7;1;2;0;5;5;5;0;3;0;0;0;10;0;1;34;92
3508009;Buri;SP;Mapeado;2026-09;134;257;43;122;27;73;56;185;25;86;18;61;0;0;0;0;4;19;0;0;0;1;2;2;1;1;0;0;0;11;0;1;1;6
3508108;Buritama;SP;Mapeado;2026-09;138;217;46;90;27;48;50;109;21;51;25;42;0;0;0;0;9;18;0;0;0;1;4;5;0;0;0;0;1;4;0;0;1;10
3508207;Buritizal;SP;Mapeado;2026-09;30;54;8;26;7;19;13;37;6;21;2;11;0;0;0;0;0;1;0;0;0;0;2;2;0;0;0;0;0;0;0;0;0;0
3504800;Bálsamo;SP;Mapeado;2026-09;66;99;15;28;16;27;30;67;8;16;7;14;0;0;0;0;4;8;0;0;0;0;0;0;0;0;0;0;0;0;0;0;1;2
3508405;Cabreúva;SP;Mapeado;2026-09;312;462;61;126;86;161;158;303;39;83;22;58;0;0;0;0;2;12;0;2;0;0;1;2;1;1;0;0;0;3;1;3;2;16
3508306;Cabrália Paulista;SP;Mapeado;2026-09;36;65;14;30;6;18;15;47;5;15;9;20;0;0;0;0;0;2;0;0;0;0;0;0;0;0;0;0;0;1;0;0;1;1
3508603;Cachoeira Paulista;SP;Mapeado;2026-09;182;334;35;94;45;92;80;199;18;56;17;47;0;0;0;0;14;28;0;0;0;1;1;2;0;0;0;0;0;2;0;0;7;17
3508702;Caconde;SP;Mapeado;2026-09;172;254;53;119;29;66;78;164;27;76;26;63;0;0;0;0;0;17;0;1;0;0;7;7;0;0;0;0;0;0;0;0;5;20
3508801;Cafelândia;SP;Mapeado;2026-09;103;161;21;48;16;30;51;88;19;42;2;8;0;0;0;1;2;9;0;0;0;0;7;7;0;0;0;0;0;0;0;0;6;13
3508900;Caiabu;SP;Mapeado;2026-09;17;28;5;6;2;4;9;17;3;4;2;3;0;0;0;0;1;1;0;0;0;0;0;0;0;0;0;0;0;1;0;0;0;2
3509007;Caieiras;SP;Mapeado;2026-09;604;943;148;287;200;342;203;496;82;174;66;132;0;0;1;5;27;55;0;0;1;4;7;8;0;1;1;1;1;5;1;3;14;57
3509106;Caiuá;SP;Mapeado;2026-09;18;25;7;13;1;5;9;15;3;9;4;6;0;0;0;0;1;1;0;0;0;0;0;0;0;0;0;0;0;1;0;0;0;0
3509205;Cajamar;SP;Mapeado;2026-09;676;1095;127;310;258;452;258;665;69;211;58;134;0;0;1;2;2;46;3;5;0;3;6;7;2;3;0;0;0;9;3;4;16;53
3509254;Cajati;SP;Mapeado;2026-09;162;247;38;76;27;60;90;171;23;47;15;36;0;0;0;0;2;14;0;1;0;0;2;2;0;0;0;0;0;5;1;4;2;9
3509304;Cajobi;SP;Mapeado;2026-09;70;103;17;38;12;29;38;64;14;26;3;17;0;0;0;0;1;3;0;0;0;0;1;1;0;1;0;0;0;1;0;0;1;4
3509403;Cajuru;SP;Mapeado;2026-09;108;195;40;78;23;57;37;116;30;64;10;28;0;0;0;0;4;15;1;1;0;1;2;2;0;1;0;0;0;0;0;2;1;6
3509452;Campina do Monte Alegre;SP;Mapeado;2026-09;52;89;13;51;17;35;21;66;8;39;5;22;0;0;0;0;1;13;0;0;0;2;0;1;0;0;0;0;0;0;0;0;0;1
3509502;Campinas;SP;Mapeado;2026-09;8726;14704;1127;3063;2976;5583;3986;8998;751;2373;376;1005;0;0;19;54;160;654;24;150;12;214;98;139;7;20;1;3;5;44;33;105;278;1213
3509601;Campo Limpo Paulista;SP;Mapeado;2026-09;338;563;47;124;115;194;153;323;28;82;19;54;0;0;0;0;14;47;0;0;0;6;1;4;0;0;0;0;0;2;1;2;7;47
3509809;Campos Novos Paulista;SP;Mapeado;2026-09;36;60;5;22;9;24;20;36;4;16;1;11;0;0;0;0;0;2;0;0;0;0;1;1;0;0;0;0;0;0;0;0;1;2
3509700;Campos do Jordão;SP;Mapeado;2026-09;788;1311;83;313;308;559;343;848;57;232;26;105;0;0;1;6;11;76;2;4;0;11;7;12;10;18;1;2;1;8;1;12;20;85
3509908;Cananéia;SP;Mapeado;2026-09;127;236;23;59;51;101;46;145;11;36;12;31;0;0;0;1;2;15;0;2;0;5;1;1;0;1;0;0;0;2;0;2;4;26
3509957;Canas;SP;Mapeado;2026-09;30;57;7;19;10;22;9;24;6;15;1;5;0;0;0;0;3;5;0;0;0;1;1;1;0;0;0;0;0;1;0;2;0;4
3510153;Canitar;SP;Mapeado;2026-09;28;47;8;19;3;7;17;34;4;11;4;11;0;0;0;0;0;0;0;0;0;0;0;0;0;0;0;0;0;1;0;1;0;3
3510302;Capela do Alto;SP;Mapeado;2026-09;142;220;43;78;29;57;63;144;32;57;11;24;0;0;0;1;2;11;0;0;0;0;2;2;0;0;0;0;0;2;0;1;3;7
3510401;Capivari;SP;Mapeado;2026-09;266;408;76;140;56;95;113;254;37;87;39;74;0;0;0;2;2;19;1;2;0;2;7;7;4;4;0;0;0;5;0;3;7;22
3510203;Capão Bonito;SP;Mapeado;2026-09;291;414;83;153;50;101;140;277;58;118;25;47;0;0;0;2;5;15;0;0;0;3;7;8;0;0;0;0;0;4;3;6;3;15
3510500;Caraguatatuba;SP;Mapeado;2026-09;1491;2433;243;717;465;938;672;1631;144;534;99;330;0;0;2;3;21;130;1;3;0;10;19;22;2;2;0;0;0;16;4;20;62;185
3510609;Carapicuíba;SP;Mapeado;2026-09;2225;3547;398;887;828;1476;908;2114;252;609;146;364;0;0;2;6;34;121;2;14;2;13;8;16;0;0;0;1;1;20;2;11;40;154
3510708;Cardoso;SP;Mapeado;2026-09;81;139;15;31;18;41;42;97;6;15;9;17;0;0;0;0;4;5;0;0;0;0;1;1;0;0;0;0;0;1;0;0;1;7
3510807;Casa Branca;SP;Mapeado;2026-09;187;283;46;95;46;77;76;176;33;59;13;39;0;0;0;2;3;13;0;0;0;1;11;11;0;0;0;0;0;4;2;6;3;10
3511003;Castilho;SP;Mapeado;2026-09;97;163;24;55;20;43;46;91;14;29;10;31;0;0;0;1;2;12;0;2;0;2;3;3;0;0;0;0;0;0;0;0;2;10
3511102;Catanduva;SP;Mapeado;2026-09;868;1384;187;381;240;500;372;804;139;296;48;110;0;0;0;2;13;59;3;9;0;10;27;32;1;5;0;0;0;4;1;6;24;82
3511201;Catiguá;SP;Mapeado;2026-09;51;77;15;27;7;18;28;64;12;25;3;5;0;0;0;0;1;1;0;0;0;0;0;0;0;0;0;0;0;0;0;0;0;4
3508504;Caçapava;SP;Mapeado;2026-09;437;677;70;166;138;228;180;392;50;127;20;55;0;0;0;1;13;28;0;3;0;3;8;12;0;0;0;1;0;4;2;6;26;60
3511300;Cedral;SP;Mapeado;2026-09;74;134;8;31;20;48;37;80;5;22;3;11;0;0;0;0;6;12;0;0;0;1;1;1;0;0;0;0;0;1;1;2;1;7
3511409;Cerqueira César;SP;Mapeado;2026-09;142;247;36;93;22;56;66;161;19;64;17;45;0;0;0;0;5;11;0;0;0;0;2;2;3;4;0;0;1;3;0;1;7;22
3511508;Cerquilho;SP;Mapeado;2026-09;236;392;71;143;62;125;86;216;39;79;32;76;0;0;0;0;2;12;0;0;0;0;7;8;0;0;0;2;0;0;0;1;8;27
3511607;Cesário Lange;SP;Mapeado;2026-09;112;166;36;66;29;61;39;91;26;50;10;23;0;0;0;0;2;5;1;2;0;1;1;1;1;1;0;0;0;0;0;0;3;11
3511706;Charqueada;SP;Mapeado;2026-09;82;125;25;47;15;27;35;69;13;34;12;24;0;0;0;2;3;9;0;0;0;1;2;2;1;2;0;0;0;0;0;2;1;7
3557204;Chavantes;SP;Mapeado;2026-09;71;104;25;44;8;11;34;69;20;37;5;9;0;0;0;0;0;0;0;0;0;0;2;2;0;0;0;0;0;1;0;1;2;8
3511904;Clementina;SP;Mapeado;2026-09;46;76;20;43;10;22;14;45;14;36;6;19;0;0;0;0;0;0;0;0;0;0;1;1;0;0;0;0;1;1;0;0;0;2
3512001;Colina;SP;Mapeado;2026-09;102;153;41;60;9;22;41;89;30;44;11;18;0;0;0;0;3;5;1;1;0;0;5;5;0;0;0;0;0;1;0;0;2;7
3512100;Colômbia;SP;Mapeado;2026-09;48;84;8;33;12;27;24;46;4;21;4;15;0;0;0;0;0;0;1;1;0;0;1;1;0;0;0;0;0;2;0;0;2;3
3512209;Conchal;SP;Mapeado;2026-09;172;230;50;81;18;32;87;145;35;58;15;24;0;0;1;1;3;8;0;0;0;0;7;7;2;2;0;0;0;3;0;1;4;7
3512308;Conchas;SP;Mapeado;2026-09;93;154;29;55;15;37;46;113;13;36;16;28;0;0;0;0;0;8;0;0;0;0;3;3;0;0;0;0;0;3;0;1;0;0
3512407;Cordeirópolis;SP;Mapeado;2026-09;152;243;35;74;43;73;61;153;22;48;13;30;0;0;0;0;1;7;0;1;0;0;4;5;0;0;0;0;0;0;1;1;7;24
3512506;Coroados;SP;Mapeado;2026-09;41;61;12;17;8;16;19;40;4;10;8;9;0;0;0;1;1;4;0;0;0;0;0;0;0;1;0;0;0;1;0;0;1;2
3512605;Coronel Macedo;SP;Mapeado;2026-09;37;52;13;22;3;9;20;32;10;16;3;8;0;0;0;2;0;1;0;0;0;1;1;1;0;0;0;0;0;1;0;0;0;1
3512704;Corumbataí;SP;Mapeado;2026-09;25;40;5;12;6;15;13;32;5;10;0;3;0;0;0;0;0;0;0;0;0;0;1;1;0;0;0;0;0;0;0;0;0;1
3512902;Cosmorama;SP;Mapeado;2026-09;58;101;27;45;7;26;23;71;15;30;12;27;0;0;0;0;0;1;0;0;0;0;1;1;0;0;0;0;0;0;0;0;0;3
3512803;Cosmópolis;SP;Mapeado;2026-09;422;598;121;209;97;211;188;383;70;138;51;88;0;0;1;4;6;20;1;2;0;4;6;7;0;1;0;0;0;11;1;2;1;15
3513009;Cotia;SP;Mapeado;2026-09;1874;3175;213;608;801;1427;690;1773;122;419;91;265;0;0;1;6;48;173;2;15;0;28;15;25;5;13;0;0;0;23;4;20;95;303
3513108;Cravinhos;SP;Mapeado;2026-09;255;431;71;162;74;157;102;262;45;117;26;70;0;0;0;4;5;28;0;1;0;5;2;2;1;2;0;0;0;5;0;1;0;16
3513207;Cristais Paulista;SP;Mapeado;2026-09;41;76;16;33;7;18;12;37;8;22;8;16;0;0;0;0;3;9;0;0;0;1;2;2;0;0;0;0;0;0;0;0;1;3
3513405;Cruzeiro;SP;Mapeado;2026-09;492;741;111;216;100;188;235;445;75;158;36;80;0;0;1;2;21;49;2;5;0;6;7;10;0;4;0;0;0;5;0;5;15;47
3513306;Cruzália;SP;Mapeado;2026-09;26;38;8;16;3;8;12;27;6;8;2;8;0;0;0;0;2;4;0;0;0;0;1;1;0;0;0;0;0;1;0;0;0;1
3513504;Cubatão;SP;Mapeado;2026-09;1253;1699;80;202;842;1000;241;882;39;141;41;96;0;0;1;3;13;53;1;2;0;15;18;28;1;4;0;0;0;5;1;8;55;167
3513603;Cunha;SP;Mapeado;2026-09;173;327;29;93;78;159;60;198;18;65;11;43;0;0;0;0;3;22;0;3;0;3;0;1;1;3;0;0;0;1;0;0;2;25
3510906;Cássia dos Coqueiros;SP;Mapeado;2026-09;22;36;3;17;8;13;9;26;2;8;1;9;0;0;0;0;0;4;1;1;0;0;0;1;0;0;0;0;0;0;0;0;1;2
3510005;Cândido Mota;SP;Mapeado;2026-09;205;325;55;118;29;58;111;204;35;71;20;62;0;0;0;0;3;13;1;1;0;0;6;6;0;1;0;0;0;1;0;0;0;16
3510104;Cândido Rodrigues;SP;Mapeado;2026-09;15;19;5;12;0;3;10;12;2;8;3;6;0;0;0;0;0;0;0;0;0;0;0;0;0;0;0;0;0;0;0;0;0;0
3513702;Descalvado;SP;Mapeado;2026-09;179;284;72;120;30;68;67;151;55;91;17;33;0;0;0;0;2;12;0;0;0;3;3;3;0;0;0;0;0;3;0;2;5;24
3513801;Diadema;SP;Mapeado;2026-09;2127;3268;214;496;948;1533;856;1848;103;297;111;257;0;0;3;6;35;118;4;10;0;11;19;26;1;3;0;0;1;6;3;10;43;203
3513850;Dirce Reis;SP;Mapeado;2026-09;9;12;0;3;4;5;4;7;0;1;0;2;0;0;0;0;0;0;0;0;0;0;0;0;0;0;0;0;0;0;0;0;1;3
3513900;Divinolândia;SP;Mapeado;2026-09;62;96;24;48;12;20;23;55;19;33;5;18;0;0;0;0;1;7;0;0;0;0;2;2;0;2;0;0;0;0;0;0;0;5
3514007;Dobrada;SP;Mapeado;2026-09;49;95;8;40;9;22;28;72;7;33;1;21;0;0;0;0;3;5;0;0;0;0;0;1;0;0;0;0;0;2;0;1;1;3
3514106;Dois Córregos;SP;Mapeado;2026-09;181;245;49;87;29;45;86;169;36;61;13;26;0;0;1;1;5;12;0;0;0;1;4;4;0;0;0;0;0;0;0;1;7;9
3514205;Dolcinópolis;SP;Mapeado;2026-09;13;27;6;15;0;1;7;18;2;9;4;9;0;0;0;0;0;2;0;0;0;0;0;0;0;0;0;0;0;0;0;0;0;1
3514304;Dourado;SP;Mapeado;2026-09;109;182;14;55;13;37;40;97;8;33;6;37;0;0;0;2;2;4;0;0;0;1;4;5;0;0;0;0;0;3;0;0;36;49
3514403;Dracena;SP;Mapeado;2026-09;303;451;83;144;77;133;127;249;57;105;26;55;0;0;0;0;6;26;0;0;0;2;5;6;0;9;0;0;0;0;0;6;5;25
3514502;Duartina;SP;Mapeado;2026-09;103;150;27;61;17;42;49;88;23;50;4;17;0;0;0;0;3;8;0;0;0;1;5;5;0;0;0;0;0;2;0;0;2;5
3514601;Dumont;SP;Mapeado;2026-09;52;78;20;29;12;23;18;42;16;24;4;5;0;0;0;0;0;2;0;0;0;0;0;1;0;0;0;0;0;0;0;0;2;4
3514700;Echaporã;SP;Mapeado;2026-09;65;85;15;28;9;15;37;52;5;21;10;17;0;0;0;0;2;3;0;0;0;0;2;2;0;0;0;0;0;1;0;0;0;2
3514809;Eldorado;SP;Mapeado;2026-09;84;128;37;64;13;27;29;66;26;51;11;26;0;0;0;0;3;7;0;0;0;0;1;1;0;0;0;0;0;2;1;2;0;7
3514908;Elias Fausto;SP;Mapeado;2026-09;140;183;52;87;30;42;55;116;30;56;22;38;0;0;0;0;1;8;0;0;0;0;2;3;0;0;0;0;0;5;0;0;0;3
3514924;Elisiário;SP;Mapeado;2026-09;21;29;4;7;4;10;12;22;2;5;2;2;0;0;0;0;0;0;0;0;0;0;1;1;0;0;0;0;0;0;0;0;0;1
3514957;Embaúba;SP;Mapeado;2026-09;23;35;5;20;4;9;12;32;3;14;2;10;0;0;0;0;0;2;0;0;0;0;0;0;0;0;0;0;0;0;1;1;1;1
3515004;Embu das Artes;SP;Mapeado;2026-09;1526;2302;378;677;553;939;525;1289;196;430;182;301;0;0;0;3;27;90;1;8;1;15;5;7;0;3;0;0;2;15;5;20;29;114
3515103;Embu-Guaçu;SP;Mapeado;2026-09;393;629;79;187;152;256;138;350;47;118;32;85;0;0;0;1;11;41;0;0;0;1;5;8;0;2;0;0;0;2;1;3;7;31
3515129;Emilianópolis;SP;Mapeado;2026-09;19;26;5;8;5;7;7;12;3;5;2;3;0;0;0;0;1;2;0;0;0;0;0;0;0;0;0;0;0;0;0;0;1;3
3515152;Engenheiro Coelho;SP;Mapeado;2026-09;124;191;36;63;27;57;54;130;20;37;16;34;0;0;1;1;2;11;0;2;0;1;3;3;0;1;0;0;0;0;0;0;1;5
3515186;Espírito Santo do Pinhal;SP;Mapeado;2026-09;248;368;67;132;59;94;96;200;50;94;17;39;0;0;0;7;2;24;2;4;0;2;12;12;0;0;0;0;0;26;2;4;8;31
3515194;Espírito Santo do Turvo;SP;Mapeado;2026-09;41;62;16;34;5;16;20;45;6;13;10;21;0;0;0;0;0;0;0;0;0;0;0;0;0;0;0;0;0;2;0;1;0;1
3557303;Estiva Gerbi;SP;Mapeado;2026-09;56;84;14;31;10;24;26;55;6;10;8;23;0;0;0;0;1;5;0;0;0;0;1;1;0;0;0;0;0;1;0;0;4;9
3515202;Estrela d'Oeste;SP;Mapeado;2026-09;50;81;11;36;9;15;24;51;9;30;2;14;0;0;0;0;0;3;0;0;0;0;3;3;0;0;0;0;0;0;0;1;3;3
3515301;Estrela do Norte;SP;Mapeado;2026-09;16;23;3;7;5;6;8;15;1;3;2;4;0;0;0;0;0;1;0;0;0;0;0;0;0;0;0;0;0;0;0;0;0;1
3515350;Euclides da Cunha Paulista;SP;Mapeado;2026-09;36;63;9;23;4;12;21;44;1;11;8;12;0;0;0;0;2;7;0;0;0;0;0;0;0;0;0;0;0;1;0;0;0;1
3515400;Fartura;SP;Mapeado;2026-09;136;177;39;95;32;46;58;96;24;44;15;55;0;0;0;0;1;8;0;0;0;1;2;2;0;0;0;0;0;5;0;0;4;11
3515608;Fernando Prestes;SP;Mapeado;2026-09;46;65;13;27;10;22;23;44;8;18;5;11;0;0;0;0;0;4;0;0;0;0;0;0;0;0;0;0;0;0;0;0;0;0
3515509;Fernandópolis;SP;Mapeado;2026-09;548;815;111;243;124;236;279;544;87;188;24;72;0;0;1;6;7;27;2;5;0;5;9;12;2;3;1;1;0;1;1;2;11;42
3515657;Fernão;SP;Mapeado;2026-09;16;20;6;8;5;6;5;9;3;4;3;4;0;0;0;0;0;0;0;0;0;0;0;0;0;0;0;0;0;1;0;0;0;0
3515707;Ferraz de Vasconcelos;SP;Mapeado;2026-09;933;1448;145;313;333;587;397;854;81;206;64;142;0;0;0;3;29;72;0;0;0;3;2;7;0;0;0;0;0;4;0;5;27;93
3515806;Flora Rica;SP;Mapeado;2026-09;7;13;3;7;0;2;4;8;3;4;0;3;0;0;0;0;0;1;0;0;0;0;0;0;0;0;0;0;0;0;0;0;0;0
3515905;Floreal;SP;Mapeado;2026-09;26;44;3;20;4;15;17;35;2;7;1;14;0;0;0;1;0;2;0;0;0;1;2;2;0;0;0;0;0;0;0;0;0;2
3516101;Florínea;SP;Mapeado;2026-09;22;45;7;23;7;20;6;31;2;9;5;16;0;0;0;0;0;2;0;0;0;0;1;1;0;0;0;0;0;4;0;0;1;3
3516002;Flórida Paulista;SP;Mapeado;2026-09;71;103;30;50;9;20;24;55;25;38;5;16;0;0;0;0;6;9;0;0;0;0;1;1;0;0;0;0;0;1;0;0;1;4
3516200;Franca;SP;Mapeado;2026-09;1985;3228;284;641;701;1250;875;1935;205;483;79;233;0;0;2;5;36;110;1;9;0;34;26;41;2;4;0;0;1;18;4;14;53;262
3516309;Francisco Morato;SP;Mapeado;2026-09;958;1471;231;453;281;529;404;876;134;313;97;184;0;0;1;1;18;56;0;0;0;1;2;3;0;0;0;0;1;15;1;6;19;65
3516408;Franco da Rocha;SP;Mapeado;2026-09;828;1278;168;381;264;482;340;781;102;264;66;165;0;0;2;2;24;55;1;2;0;7;7;7;0;1;0;0;1;11;0;6;21;58
3516507;Gabriel Monteiro;SP;Mapeado;2026-09;15;27;2;12;1;10;12;23;2;10;0;6;0;0;0;0;0;1;0;0;0;0;0;0;0;0;0;0;0;0;0;0;0;2
3516705;Garça;SP;Mapeado;2026-09;269;387;77;138;55;101;116;229;61;110;16;39;0;0;0;0;5;13;0;0;0;1;4;8;0;0;0;0;0;3;0;0;12;27
3516804;Gastão Vidigal;SP;Mapeado;2026-09;31;46;15;22;5;11;10;26;12;16;3;6;0;0;0;0;0;0;0;0;0;0;1;1;0;0;0;0;0;0;0;1;0;1
3516853;Gavião Peixoto;SP;Mapeado;2026-09;30;49;8;14;5;13;15;29;5;10;3;4;0;0;0;0;0;1;0;0;0;0;0;0;0;0;0;0;0;0;0;0;2;7
3516903;General Salgado;SP;Mapeado;2026-09;70;111;18;50;19;32;29;77;12;40;6;24;0;0;1;3;0;2;0;0;0;0;2;3;0;2;0;0;0;1;0;1;1;4
3517000;Getulina;SP;Mapeado;2026-09;52;81;17;26;15;17;16;42;12;15;5;11;0;0;0;0;2;4;0;2;0;1;0;0;0;0;0;0;0;0;0;0;2;5
3517109;Glicério;SP;Mapeado;2026-09;21;36;6;14;5;13;8;26;5;12;1;3;0;0;0;0;1;2;0;1;0;1;0;0;1;1;0;0;0;0;0;0;0;2
3517307;Guaimbê;SP;Mapeado;2026-09;31;52;3;15;6;11;21;37;3;12;0;4;0;0;0;0;0;4;0;0;0;2;0;0;0;0;0;0;0;0;0;0;1;1
3517208;Guaiçara;SP;Mapeado;2026-09;79;141;17;52;18;35;38;92;12;42;5;15;0;0;0;0;4;9;0;0;0;0;0;0;0;1;0;0;0;1;0;1;2;6
3517604;Guapiara;SP;Mapeado;2026-09;81;142;23;71;15;29;37;89;12;50;11;25;0;0;2;2;1;3;0;0;0;0;2;4;0;0;0;0;0;5;0;1;1;5
3517505;Guapiaçu;SP;Mapeado;2026-09;137;211;47;75;29;64;57;136;36;58;11;23;0;0;0;0;1;2;0;0;0;0;2;2;0;1;0;0;0;0;0;0;1;3
3517901;Guaraci;SP;Mapeado;2026-09;65;121;20;45;7;32;29;61;16;29;4;22;0;0;0;0;4;9;1;1;0;1;2;2;0;0;0;0;0;1;0;0;2;10
3518008;Guarani d'Oeste;SP;Mapeado;2026-09;21;29;1;6;4;6;16;25;0;4;1;2;0;0;0;0;0;0;0;0;0;0;0;0;0;0;0;0;0;0;0;0;0;0
3518107;Guarantã;SP;Mapeado;2026-09;37;58;8;15;9;18;19;46;6;11;2;4;0;0;0;0;1;1;0;0;0;0;0;0;0;0;0;0;0;0;0;0;0;0
3518206;Guararapes;SP;Mapeado;2026-09;179;274;41;82;42;86;86;159;38;75;3;12;0;0;0;0;4;16;0;1;0;1;4;5;0;0;0;0;0;2;0;3;2;14
3518305;Guararema;SP;Mapeado;2026-09;266;453;42;136;105;173;94;254;29;99;13;53;0;0;0;2;5;35;1;1;0;3;5;5;1;3;0;0;0;2;4;6;9;59
3518404;Guaratinguetá;SP;Mapeado;2026-09;897;1353;133;311;249;437;436;882;82;212;51;125;0;0;2;2;24;81;1;3;0;6;24;27;0;1;0;0;2;13;1;8;25;81
3517802;Guaraçaí;SP;Mapeado;2026-09;34;43;11;17;12;17;9;22;9;12;2;5;0;0;0;0;0;1;0;0;0;0;1;1;0;0;0;0;0;0;0;0;1;1
3518503;Guareí;SP;Mapeado;2026-09;60;100;16;37;14;25;29;70;14;30;2;12;0;0;0;2;1;5;0;0;0;0;0;0;0;0;0;0;0;1;0;0;0;2
3518602;Guariba;SP;Mapeado;2026-09;246;386;88;189;42;109;107;241;79;156;9;38;0;0;0;0;5;10;0;0;0;1;2;3;0;0;0;0;0;2;1;1;1;12
3518701;Guarujá;SP;Mapeado;2026-09;3181;4564;368;911;1496;1990;1108;2587;192;645;176;387;0;0;0;7;67;156;3;21;0;26;23;25;1;2;0;1;1;20;6;18;108;382
3518800;Guarulhos;SP;Mapeado;2026-09;8672;13900;1570;3563;3270;5997;3358;8234;904;2402;666;1597;0;0;5;46;193;649;3;28;4;60;68;90;5;15;1;2;6;336;16;139;173;742
3517703;Guará;SP;Mapeado;2026-09;138;221;43;108;19;59;60;131;23;79;20;40;0;0;1;1;7;9;1;1;0;0;6;6;0;1;0;0;0;3;0;1;1;5
3518859;Guatapará;SP;Mapeado;2026-09;33;48;10;19;11;14;10;26;7;16;3;5;0;0;0;0;1;2;0;0;0;0;0;0;0;0;0;0;0;1;0;1;1;1
3517406;Guaíra;SP;Mapeado;2026-09;274;476;102;201;35;104;99;210;75;163;27;49;0;0;0;0;30;43;1;2;0;7;4;6;0;1;0;0;0;7;1;8;2;26
3518909;Guzolândia;SP;Mapeado;2026-09;43;54;7;20;4;9;32;48;3;13;4;8;0;0;0;0;0;2;0;0;0;0;0;0;0;0;0;0;0;0;0;0;0;2
3516606;Gália;SP;Mapeado;2026-09;47;69;17;33;7;15;20;39;10;22;7;16;0;0;0;0;1;3;0;0;0;0;1;1;0;0;0;0;0;1;0;0;1;2
3519006;Herculândia;SP;Mapeado;2026-09;43;57;16;29;4;10;21;36;16;27;0;4;0;0;0;0;1;1;0;0;0;0;0;0;0;0;0;0;0;0;0;0;1;1
3519055;Holambra;SP;Mapeado;2026-09;147;290;18;69;56;109;68;204;11;51;7;30;0;0;0;0;0;12;0;5;0;3;4;7;1;4;0;0;0;1;0;2;0;14
3519071;Hortolândia;SP;Mapeado;2026-09;1594;2640;235;624;519;999;737;1715;143;441;92;236;0;0;1;2;36;108;1;5;0;15;15;19;2;5;0;0;1;13;4;13;43;171
3519105;Iacanga;SP;Mapeado;2026-09;98;147;15;47;24;40;42;80;11;35;4;18;0;0;0;0;4;5;0;0;0;1;5;6;0;0;0;0;0;0;0;1;8;14
3519204;Iacri;SP;Mapeado;2026-09;39;57;12;21;8;12;17;34;9;17;3;4;0;0;0;1;1;2;0;0;0;0;1;1;0;0;0;0;0;0;0;0;0;1
3519253;Iaras;SP;Mapeado;2026-09;41;61;8;22;17;33;16;51;5;13;3;10;0;0;0;0;0;2;0;0;0;0;0;0;0;0;0;0;0;0;0;0;0;1
3519303;Ibaté;SP;Mapeado;2026-09;185;294;60;119;39;73;75;162;43;89;17;32;0;0;0;0;4;10;0;1;0;0;1;1;0;0;0;0;0;3;0;2;6;11
3519501;Ibirarema;SP;Mapeado;2026-09;45;75;9;16;7;14;23;59;2;6;7;11;0;0;0;0;2;5;0;0;0;0;2;2;0;0;0;0;0;0;0;0;2;2
3519402;Ibirá;SP;Mapeado;2026-09;112;162;33;58;26;57;47;98;28;45;5;19;0;0;0;2;2;7;0;0;0;2;2;2;1;1;0;0;0;0;0;0;1;13
3519600;Ibitinga;SP;Mapeado;2026-09;390;569;89;178;85;159;178;336;63;119;26;69;0;0;0;0;6;17;2;3;0;2;18;20;0;0;0;0;0;4;0;3;12;24
3519709;Ibiúna;SP;Mapeado;2026-09;504;741;112;213;146;241;187;402;62;136;50;97;0;0;0;1;14;42;0;1;0;2;6;8;0;0;0;0;2;7;1;5;36;71
3519808;Icém;SP;Mapeado;2026-09;60;95;14;30;17;31;25;48;12;25;2;6;0;0;0;0;0;1;1;1;0;0;0;0;0;0;0;0;0;0;0;0;3;10
3519907;Iepê;SP;Mapeado;2026-09;48;83;10;32;13;32;25;58;8;25;2;13;0;0;0;0;0;3;0;0;0;0;0;0;0;0;0;0;0;0;0;0;0;4
3520103;Igarapava;SP;Mapeado;2026-09;144;291;31;115;36;97;63;206;22;95;9;38;0;0;0;1;6;22;1;1;0;0;4;4;0;0;0;0;0;0;1;1;2;10
3520202;Igaratá;SP;Mapeado;2026-09;89;161;24;68;25;62;27;79;16;41;8;33;0;0;0;1;0;19;0;0;0;2;0;1;0;1;0;0;0;3;0;4;13;31
3520004;Igaraçu do Tietê;SP;Mapeado;2026-09;114;163;36;63;11;25;60;94;23;46;13;26;0;0;0;1;2;7;0;0;0;0;1;1;0;0;0;0;2;3;1;1;1;7
3520301;Iguape;SP;Mapeado;2026-09;225;392;55;123;72;153;90;241;27;71;28;61;0;0;1;1;0;14;0;1;0;2;2;2;0;0;0;0;0;2;0;3;5;28
3520426;Ilha Comprida;SP;Mapeado;2026-09;206;412;45;153;66;196;86;276;29;107;16;63;0;0;1;1;2;23;0;1;0;3;2;2;0;2;0;0;0;2;0;0;4;26
3520442;Ilha Solteira;SP;Mapeado;2026-09;188;290;37;82;51;87;90;187;25;56;12;34;0;0;0;1;2;12;1;1;0;0;5;6;0;1;0;0;0;1;0;0;2;27
3520400;Ilhabela;SP;Mapeado;2026-09;612;1053;67;320;213;386;287;670;49;244;18;99;0;0;0;1;8;73;1;11;0;13;7;10;0;3;0;0;0;2;1;4;28;125
3520509;Indaiatuba;SP;Mapeado;2026-09;1573;2665;322;742;410;820;707;1579;266;592;56;180;0;0;0;5;17;84;3;11;0;26;42;49;0;2;0;0;2;29;7;20;63;228
3520608;Indiana;SP;Mapeado;2026-09;19;40;6;18;3;6;7;20;5;12;1;7;0;0;0;0;1;3;0;0;0;0;0;0;0;0;0;0;0;0;0;0;2;3
3520707;Indiaporã;SP;Mapeado;2026-09;29;52;11;21;4;18;12;31;7;13;4;8;0;0;0;0;0;2;0;0;0;1;1;1;0;1;0;0;0;0;0;0;1;7
3520806;Inúbia Paulista;SP;Mapeado;2026-09;20;36;4;11;3;8;12;27;4;10;0;1;0;0;0;0;0;1;0;0;0;0;1;1;0;0;0;0;0;1;0;0;0;1
3520905;Ipaussu;SP;Mapeado;2026-09;93;158;29;58;16;32;44;87;17;32;12;28;0;0;0;0;1;6;0;0;0;0;2;2;0;0;0;0;1;2;0;2;0;7
3521002;Iperó;SP;Mapeado;2026-09;150;253;39;91;42;75;56;155;28;70;11;30;0;0;0;0;5;14;0;0;0;0;3;3;0;0;0;0;0;1;0;2;5;13
3521101;Ipeúna;SP;Mapeado;2026-09;29;52;5;17;8;15;11;33;3;12;2;5;0;0;0;0;0;1;0;0;0;0;2;2;2;2;0;0;0;0;1;2;0;0
3521150;Ipiguá;SP;Mapeado;2026-09;26;57;9;18;8;20;8;29;5;13;4;6;0;0;0;0;0;8;0;0;0;0;0;0;0;0;0;0;0;0;0;0;1;2
3521200;Iporanga;SP;Mapeado;2026-09;25;65;1;17;14;38;9;31;1;11;0;8;0;0;0;0;1;7;0;1;0;0;0;0;0;0;0;0;0;1;0;0;0;2
3521309;Ipuã;SP;Mapeado;2026-09;75;130;28;55;10;38;29;70;18;39;10;24;0;0;0;0;6;11;1;1;0;3;1;1;0;0;0;0;0;0;0;0;0;3
3521408;Iracemápolis;SP;Mapeado;2026-09;113;197;33;59;20;50;52;128;20;39;13;25;0;0;0;2;4;12;0;0;0;1;3;3;0;0;0;0;0;3;0;0;1;15
3521606;Irapuru;SP;Mapeado;2026-09;27;49;11;27;5;14;10;28;5;14;6;16;0;0;0;0;0;3;0;0;0;0;1;2;0;0;0;0;0;1;0;0;0;2
3521507;Irapuã;SP;Mapeado;2026-09;45;61;13;25;7;12;22;43;11;21;2;5;0;0;0;0;1;1;0;0;0;0;1;1;0;0;0;0;0;2;0;0;1;3
3521705;Itaberá;SP;Mapeado;2026-09;119;177;36;64;30;45;49;115;29;53;7;14;0;0;0;0;1;9;0;0;0;0;1;3;0;1;0;0;0;1;0;0;2;3
3521903;Itajobi;SP;Mapeado;2026-09;80;123;15;29;19;40;36;68;13;24;2;8;0;0;0;0;5;7;0;0;0;2;0;0;0;0;0;0;0;1;1;1;4;9
3522000;Itaju;SP;Mapeado;2026-09;26;42;5;17;10;12;9;26;3;9;2;8;0;0;0;0;0;2;0;0;0;0;1;1;0;0;0;0;0;1;0;0;1;1
3522109;Itanhaém;SP;Mapeado;2026-09;1149;1801;236;625;378;682;459;1127;114;392;122;312;0;0;0;12;11;81;1;8;0;9;25;34;2;5;0;0;1;17;2;12;34;103
3522158;Itaoca;SP;Mapeado;2026-09;20;40;4;13;4;12;9;30;2;6;2;8;0;0;0;0;2;6;0;0;0;0;0;0;0;0;0;0;0;1;0;0;1;2
3522208;Itapecerica da Serra;SP;Mapeado;2026-09;881;1394;131;318;340;570;322;785;78;213;53;126;0;0;1;4;57;120;2;4;0;4;7;10;0;3;0;1;1;9;2;10;18;61
3522307;Itapetininga;SP;Mapeado;2026-09;984;1457;234;434;249;440;427;907;169;330;65;132;0;0;2;6;14;54;4;5;1;10;18;22;2;9;0;0;0;8;2;8;31;75
3522406;Itapeva;SP;Mapeado;2026-09;623;952;170;323;139;267;262;584;91;189;79;149;0;0;1;3;20;47;3;5;0;2;9;15;2;2;1;1;2;22;3;8;11;44
3522505;Itapevi;SP;Mapeado;2026-09;1262;2017;196;476;476;845;521;1195;120;331;76;202;0;0;1;3;27;114;1;2;1;11;7;13;4;8;1;2;1;18;4;14;22;96
3522604;Itapira;SP;Mapeado;2026-09;419;602;95;195;72;149;217;410;63;133;32;82;0;0;2;2;14;28;1;1;0;5;9;11;0;0;0;0;1;2;1;5;7;28
3522653;Itapirapuã Paulista;SP;Mapeado;2026-09;20;40;4;17;4;9;12;27;2;10;2;8;0;0;0;0;0;5;0;0;0;0;0;0;0;0;0;0;0;2;0;0;0;1
3522802;Itaporanga;SP;Mapeado;2026-09;102;149;45;73;12;29;44;97;38;58;7;19;0;0;0;0;0;8;0;0;0;0;1;1;0;0;0;0;0;1;0;1;0;6
3523008;Itapura;SP;Mapeado;2026-09;26;70;9;35;10;31;6;40;6;28;3;19;0;0;0;0;0;9;0;0;0;0;1;1;0;0;0;0;0;0;0;0;0;0
3522901;Itapuí;SP;Mapeado;2026-09;108;162;39;81;14;28;51;97;21;55;18;32;0;0;0;0;2;12;0;1;0;0;1;2;0;1;0;0;0;0;0;0;1;5
3523107;Itaquaquecetuba;SP;Mapeado;2026-09;1756;2767;279;644;665;1115;706;1622;160;442;119;279;0;0;0;5;40;110;2;4;0;6;10;13;1;1;0;0;0;13;5;19;48;131
3523206;Itararé;SP;Mapeado;2026-09;299;533;100;204;71;149;111;326;58;137;42;91;0;0;0;2;5;25;1;1;0;4;7;10;1;2;0;0;0;20;1;3;2;20
3523305;Itariri;SP;Mapeado;2026-09;65;126;21;42;12;37;28;90;12;24;9;26;0;0;0;1;3;8;0;0;0;2;0;0;0;1;0;0;0;0;0;0;1;7
3523404;Itatiba;SP;Mapeado;2026-09;648;989;114;239;174;325;310;656;75;170;39;79;0;0;3;3;10;48;2;6;0;3;17;19;0;0;0;0;0;12;0;5;18;72
3523503;Itatinga;SP;Mapeado;2026-09;133;210;33;76;27;61;61;124;20;50;13;28;0;0;0;1;1;7;0;0;0;1;5;6;0;0;0;0;0;2;1;2;5;12
3521804;Itaí;SP;Mapeado;2026-09;178;262;72;121;42;76;53;124;55;99;17;32;0;0;0;0;1;8;0;0;0;1;5;7;0;0;0;0;0;1;0;0;5;17
3523602;Itirapina;SP;Mapeado;2026-09;123;188;42;84;21;41;48;139;23;50;19;45;0;0;0;0;4;11;0;1;0;1;2;2;0;0;0;0;0;5;0;1;6;10
3523701;Itirapuã;SP;Mapeado;2026-09;39;60;17;29;6;17;14;29;14;24;3;7;0;0;0;0;0;2;1;1;0;0;1;1;0;0;0;0;0;0;0;0;0;2
3523800;Itobi;SP;Mapeado;2026-09;48;69;13;24;6;16;26;47;10;18;3;7;0;0;0;0;1;1;0;0;0;1;1;1;0;0;0;0;0;0;0;0;1;2
3523909;Itu;SP;Mapeado;2026-09;1106;1708;228;424;318;537;463;954;146;296;82;169;0;0;1;7;21;102;1;5;0;27;31;36;3;5;0;0;0;4;3;8;37;146
3524006;Itupeva;SP;Mapeado;2026-09;445;696;52;132;144;237;218;448;33;93;19;47;0;0;0;1;10;35;0;0;0;2;3;7;1;2;0;0;2;6;0;4;15;52
3524105;Ituverava;SP;Mapeado;2026-09;261;429;84;184;56;138;106;266;60;152;24;43;0;0;0;0;4;14;1;1;0;0;4;5;1;1;0;0;1;1;0;1;4;16
3522703;Itápolis;SP;Mapeado;2026-09;224;309;60;110;42;75;107;205;46;76;14;47;0;0;1;1;2;10;1;1;0;0;8;9;0;0;0;0;0;1;0;2;3;5
3524204;Jaborandi;SP;Mapeado;2026-09;37;61;15;27;7;17;13;36;10;15;5;14;0;0;0;0;0;0;1;1;0;0;0;0;0;0;0;0;0;2;0;0;1;4
3524303;Jaboticabal;SP;Mapeado;2026-09;480;725;136;238;147;249;162;343;90;161;46;101;0;0;0;0;9;43;1;4;0;4;12;14;0;0;0;0;0;3;1;3;12;55
3524402;Jacareí;SP;Mapeado;2026-09;1302;2076;314;600;323;624;559;1235;219;457;95;185;0;0;0;2;37;104;1;4;0;16;26;34;2;3;0;0;2;58;2;13;36;171
3524501;Jaci;SP;Mapeado;2026-09;34;60;9;22;10;22;14;41;7;14;2;10;0;0;0;0;1;1;0;0;0;0;0;0;0;0;0;0;0;0;0;0;0;1
3524600;Jacupiranga;SP;Mapeado;2026-09;91;145;21;60;21;39;46;111;13;46;8;23;0;0;0;0;1;10;0;1;0;0;1;2;0;1;0;0;0;0;1;4;0;11
3524709;Jaguariúna;SP;Mapeado;2026-09;408;727;70;204;106;226;202;466;42;140;28;104;0;0;1;1;11;48;0;5;1;15;6;9;1;1;0;1;0;5;2;10;8;67
3524808;Jales;SP;Mapeado;2026-09;315;532;42;126;75;138;163;363;31;102;11;37;0;0;0;0;10;23;1;2;0;6;14;14;2;2;0;0;1;4;0;1;7;33
3524907;Jambeiro;SP;Mapeado;2026-09;39;55;7;17;14;23;16;37;4;10;3;8;0;0;0;1;2;5;0;0;0;0;0;0;0;0;0;0;0;1;0;0;0;2
3525003;Jandira;SP;Mapeado;2026-09;646;1067;91;223;248;460;278;646;50;153;41;97;0;0;0;1;14;53;0;3;0;6;2;3;0;2;0;0;1;6;1;10;11;55
3525102;Jardinópolis;SP;Mapeado;2026-09;236;359;75;123;48;100;94;165;57;99;18;34;0;0;0;2;6;23;0;0;1;4;1;1;0;0;0;0;0;5;1;1;10;24
3525201;Jarinu;SP;Mapeado;2026-09;269;406;57;120;88;151;100;248;32;86;25;50;0;0;0;1;8;19;0;0;0;0;4;4;0;0;0;0;2;7;0;1;10;27
3525300;Jaú;SP;Mapeado;2026-09;950;1340;208;348;219;358;445;786;149;251;59;115;0;0;0;4;28;55;1;6;0;10;20;24;0;0;0;0;0;11;0;5;29;85
3525409;Jeriquara;SP;Mapeado;2026-09;24;31;9;15;5;11;9;21;5;6;4;10;0;0;0;0;0;2;1;1;0;0;0;0;0;0;0;0;0;1;0;0;0;0
3525508;Joanópolis;SP;Mapeado;2026-09;103;196;17;61;27;63;49;134;11;48;6;26;0;0;0;1;2;15;0;2;2;4;2;2;0;1;0;0;0;4;1;2;3;21
3525706;José Bonifácio;SP;Mapeado;2026-09;228;350;41;87;41;74;130;216;38;75;3;14;0;0;0;1;4;18;0;0;0;0;5;6;0;0;0;0;0;2;1;3;6;21
3525607;João Ramalho;SP;Mapeado;2026-09;26;51;5;20;10;15;11;33;3;11;2;9;0;0;0;0;0;0;0;0;0;0;0;0;0;0;0;0;0;2;0;0;0;1
3525854;Jumirim;SP;Mapeado;2026-09;18;27;4;11;6;11;7;15;4;9;0;4;0;0;0;0;0;3;0;0;0;1;0;0;0;0;0;0;0;0;0;0;1;4
3525904;Jundiaí;SP;Mapeado;2026-09;2936;4665;444;1083;951;1686;1295;2735;297;787;147;395;0;0;2;5;51;192;5;35;2;46;60;73;9;10;2;2;3;14;14;40;98;396
3526001;Junqueirópolis;SP;Mapeado;2026-09;121;183;28;50;23;45;52;121;18;32;10;22;0;0;0;0;10;17;0;0;0;0;4;4;0;1;0;0;1;4;0;0;3;8
3526209;Juquitiba;SP;Mapeado;2026-09;140;233;28;57;43;84;61;131;21;38;7;22;0;0;0;0;5;18;0;0;0;0;1;2;1;1;0;0;0;1;0;0;1;25
3526100;Juquiá;SP;Mapeado;2026-09;92;163;23;58;30;59;33;105;10;37;13;25;0;0;0;0;1;8;0;0;0;0;3;3;0;0;0;0;0;2;1;1;1;5
3525805;Júlio Mesquita;SP;Mapeado;2026-09;35;51;6;16;10;13;18;32;6;12;0;6;0;0;0;0;0;1;0;0;0;0;1;1;0;0;0;0;0;0;0;0;0;1
3526308;Lagoinha;SP;Mapeado;2026-09;39;86;16;45;4;16;17;56;7;23;9;31;0;0;0;0;1;8;0;1;0;1;0;1;0;0;0;0;0;3;0;1;1;13
3526407;Laranjal Paulista;SP;Mapeado;2026-09;203;307;78;146;26;54;87;199;72;132;6;14;0;0;0;0;4;11;0;0;0;0;6;6;0;0;0;0;0;4;1;3;1;8
3526605;Lavrinhas;SP;Mapeado;2026-09;48;69;12;28;11;21;20;39;9;23;3;7;0;0;0;1;2;8;0;0;0;1;0;0;0;2;0;0;0;0;0;1;3;8
3526506;Lavínia;SP;Mapeado;2026-09;23;49;4;23;6;14;12;32;3;21;1;4;0;0;0;0;1;3;0;0;0;0;0;0;0;0;0;0;0;1;0;0;0;2
3526704;Leme;SP;Mapeado;2026-09;676;1024;249;410;140;276;243;549;155;264;94;168;0;0;0;2;16;50;1;7;0;4;6;8;1;1;0;0;0;4;1;4;19;65
3526803;Lençóis Paulista;SP;Mapeado;2026-09;462;668;143;215;117;196;162;311;80;119;63;102;0;0;1;1;12;27;3;3;1;4;13;14;0;1;0;0;1;31;2;4;7;29
3526902;Limeira;SP;Mapeado;2026-09;2183;3293;578;1064;581;1062;835;1870;364;726;214;478;0;0;3;27;64;205;6;9;2;13;41;50;0;2;1;2;0;28;9;24;63;213
3527009;Lindóia;SP;Mapeado;2026-09;67;115;17;44;21;45;26;80;10;31;7;21;0;0;1;1;1;5;0;0;0;0;0;0;0;0;0;0;0;1;0;1;1;11
3527108;Lins;SP;Mapeado;2026-09;464;668;98;172;89;163;202;328;82;142;16;39;0;0;2;3;34;52;1;2;0;6;11;15;0;0;0;1;0;1;1;5;26;68
3527207;Lorena;SP;Mapeado;2026-09;679;982;144;290;175;282;283;586;106;212;38;97;0;0;1;3;14;50;1;2;0;0;12;12;0;0;0;0;0;8;3;5;46;84
3527256;Lourdes;SP;Mapeado;2026-09;9;17;4;9;0;6;5;14;2;6;2;4;0;0;0;0;0;1;0;0;0;0;0;0;0;0;0;0;0;0;0;0;0;0
3527306;Louveira;SP;Mapeado;2026-09;239;378;37;72;69;143;124;254;27;50;10;27;0;0;0;0;1;8;0;0;0;1;3;3;0;0;0;0;0;2;0;0;5;21
3527504;Lucianópolis;SP;Mapeado;2026-09;16;27;4;11;1;7;10;19;2;6;2;6;0;0;0;0;0;3;0;0;0;0;1;1;0;0;0;0;0;0;0;0;0;0
3527405;Lucélia;SP;Mapeado;2026-09;116;170;42;74;16;33;48;108;32;56;10;25;0;0;0;0;2;9;0;0;0;0;8;8;0;0;0;0;0;1;0;2;0;1
3527702;Luiziânia;SP;Mapeado;2026-09;40;61;20;37;3;11;15;33;10;22;10;18;0;0;0;0;1;2;0;0;0;0;1;1;0;0;0;0;0;4;0;1;0;1
3527801;Lupércio;SP;Mapeado;2026-09;30;46;14;32;3;7;13;26;8;15;6;19;0;0;0;0;0;2;0;0;0;0;0;0;0;0;0;0;0;0;0;0;0;0
3527900;Lutécia;SP;Mapeado;2026-09;20;42;11;29;1;5;8;28;6;17;5;21;0;0;0;0;0;1;0;0;0;0;0;0;0;0;0;0;0;0;0;0;0;4
3527603;Luís Antônio;SP;Mapeado;2026-09;97;168;18;46;20;46;53;117;16;40;2;13;0;0;0;0;2;16;0;2;0;0;2;2;0;0;0;0;0;2;0;0;2;6
3528007;Macatuba;SP;Mapeado;2026-09;104;148;32;51;18;32;51;100;24;38;8;15;0;0;0;0;0;3;0;0;0;1;0;0;0;0;0;0;0;3;0;1;3;3
3528106;Macaubal;SP;Mapeado;2026-09;46;74;12;27;7;19;22;38;6;15;6;14;0;0;0;0;2;3;0;0;0;0;2;2;0;0;0;0;0;3;0;2;1;4
3528205;Macedônia;SP;Mapeado;2026-09;19;36;3;20;6;13;10;24;2;16;1;12;0;0;0;0;0;1;0;0;0;0;0;0;0;0;0;0;0;0;0;0;0;0
3528304;Magda;SP;Mapeado;2026-09;14;28;3;8;1;7;9;19;3;7;0;3;0;0;0;0;0;3;0;0;0;1;0;0;0;0;0;0;0;0;0;0;1;2
3528403;Mairinque;SP;Mapeado;2026-09;342;546;125;229;72;144;114;286;86;164;39;80;0;0;2;3;11;29;0;0;0;4;9;11;0;1;0;0;0;5;0;2;9;44
3528502;Mairiporã;SP;Mapeado;2026-09;663;1060;107;244;242;427;215;522;67;178;40;91;0;0;0;3;31;89;0;6;1;11;8;12;0;4;0;0;0;6;1;5;58;142
3528601;Manduri;SP;Mapeado;2026-09;60;95;23;37;10;25;24;64;14;24;9;16;0;0;0;0;1;4;0;0;0;0;0;0;0;1;0;0;0;1;0;0;2;6
3528700;Marabá Paulista;SP;Mapeado;2026-09;10;18;2;5;4;5;4;12;1;4;1;1;0;0;0;0;0;2;0;0;0;0;0;1;0;0;0;0;0;0;0;0;0;1
3528809;Maracaí;SP;Mapeado;2026-09;112;176;20;48;22;62;65;135;12;34;8;20;0;0;1;1;0;2;0;0;0;0;2;2;0;0;0;0;0;2;0;3;2;5
3528858;Marapoama;SP;Mapeado;2026-09;19;28;5;7;5;7;9;20;4;6;1;2;0;0;0;0;0;1;0;0;0;0;0;0;0;1;0;0;0;0;0;0;0;0
3529104;Marinópolis;SP;Mapeado;2026-09;10;18;3;8;1;5;5;16;1;4;2;5;0;0;0;0;0;1;0;0;0;0;0;0;0;0;0;0;0;1;1;1;0;0
3528908;Mariápolis;SP;Mapeado;2026-09;31;43;10;23;4;10;14;30;7;19;3;7;0;0;0;0;2;3;0;0;0;0;1;1;0;0;0;0;0;0;0;0;0;0
3529203;Martinópolis;SP;Mapeado;2026-09;141;211;41;87;28;43;56;114;33;58;8;32;0;0;0;0;6;10;0;0;0;0;5;5;0;0;0;0;0;1;1;2;4;16
3529005;Marília;SP;Mapeado;2026-09;1645;2355;352;634;450;777;725;1336;261;475;91;190;0;0;0;3;41;94;4;11;0;13;33;40;2;2;2;2;1;10;1;10;34;141
3529302;Matão;SP;Mapeado;2026-09;484;775;98;233;106;232;229;510;58;161;40;103;0;0;0;1;31;62;1;4;0;7;10;12;0;3;0;0;0;9;1;5;8;35
3529401;Mauá;SP;Mapeado;2026-09;1832;2840;322;631;645;1103;737;1564;155;396;167;318;0;0;0;3;32;122;1;6;0;13;36;44;3;4;0;0;1;18;3;15;52;225
3529500;Mendonça;SP;Mapeado;2026-09;53;83;11;43;15;33;27;59;6;17;5;30;0;0;0;0;0;1;0;0;0;0;0;1;0;0;0;0;0;1;0;0;0;2
3529609;Meridiano;SP;Mapeado;2026-09;34;48;4;13;8;12;21;41;2;6;2;8;0;0;0;0;0;0;0;0;0;0;1;1;0;0;0;0;0;0;0;0;0;0
3529658;Mesópolis;SP;Mapeado;2026-09;10;19;0;5;7;8;3;15;0;4;0;1;0;0;0;0;0;0;0;0;0;0;0;0;0;0;0;0;0;0;0;0;0;1
3529708;Miguelópolis;SP;Mapeado;2026-09;119;221;43;94;29;70;37;120;25;69;18;47;0;0;0;0;3;16;1;1;0;2;3;4;0;0;0;0;0;8;0;2;3;17
3529807;Mineiros do Tietê;SP;Mapeado;2026-09;95;154;33;71;15;29;45;112;18;42;15;31;0;0;0;0;0;5;0;0;0;0;1;2;1;1;0;0;0;1;0;0;0;10
3530003;Mira Estrela;SP;Mapeado;2026-09;42;56;2;8;6;11;22;31;2;8;0;1;0;0;0;0;2;2;0;0;0;0;4;4;0;0;0;0;0;0;0;0;6;8
3529906;Miracatu;SP;Mapeado;2026-09;134;233;23;70;49;86;60;169;15;48;8;27;0;0;1;1;0;10;0;0;0;0;1;1;0;2;0;0;0;2;0;1;0;8
3530102;Mirandópolis;SP;Mapeado;2026-09;133;209;40;73;25;60;50;106;32;56;8;23;0;0;0;1;8;16;0;0;0;0;7;9;0;0;0;0;0;5;0;0;3;10
3530201;Mirante do Paranapanema;SP;Mapeado;2026-09;78;144;24;52;11;32;36;100;13;34;11;20;0;0;0;1;5;15;0;0;0;0;2;2;0;0;0;0;0;0;0;1;0;9
3530300;Mirassol;SP;Mapeado;2026-09;388;597;60;146;94;176;203;386;41;114;19;42;0;0;0;2;12;28;0;0;0;2;13;16;0;1;0;0;0;1;0;1;6;27
3530409;Mirassolândia;SP;Mapeado;2026-09;34;51;12;23;7;14;14;37;8;18;4;7;0;0;0;0;0;1;0;0;0;0;1;1;0;0;0;0;0;0;0;0;0;0
3530508;Mococa;SP;Mapeado;2026-09;362;579;66;172;76;153;190;384;44;117;22;82;0;0;0;2;6;22;1;2;0;6;7;7;0;0;1;1;0;3;0;5;15;50
3530706;Mogi Guaçu;SP;Mapeado;2026-09;842;1261;165;347;226;405;400;762;87;224;78;156;0;0;1;7;20;63;2;3;1;11;10;16;0;2;1;1;0;16;4;12;12;76
3530805;Mogi Mirim;SP;Mapeado;2026-09;668;941;125;265;140;266;348;592;87;165;38;106;0;0;2;5;15;43;0;2;0;5;18;19;2;3;0;1;1;23;1;9;16;61
3530607;Mogi das Cruzes;SP;Mapeado;2026-09;2973;4728;408;1032;1068;1853;1289;2949;238;686;170;468;0;0;13;28;67;230;2;15;1;52;37;46;1;3;1;2;3;38;9;38;74;356
3530904;Mombuca;SP;Mapeado;2026-09;22;31;7;14;6;7;9;23;2;7;5;7;0;0;0;0;0;0;0;0;0;0;0;0;0;0;0;0;0;0;0;0;0;1
3531100;Mongaguá;SP;Mapeado;2026-09;684;994;125;299;226;368;313;631;70;189;55;146;0;0;0;1;3;34;0;3;0;2;5;7;2;3;0;0;0;5;2;4;8;34
3531209;Monte Alegre do Sul;SP;Mapeado;2026-09;90;135;10;34;31;61;42;87;7;23;3;20;0;0;0;0;1;10;0;0;0;1;1;1;0;0;0;0;0;1;1;1;4;8
3531308;Monte Alto;SP;Mapeado;2026-09;360;503;88;163;65;126;191;323;77;143;11;28;0;0;0;0;3;10;1;2;0;4;3;4;0;2;0;0;0;0;1;4;8;19
3531407;Monte Aprazível;SP;Mapeado;2026-09;130;206;42;86;30;66;52;119;26;58;16;41;0;0;0;0;5;11;0;0;0;1;0;1;0;0;0;0;0;1;0;0;1;14
3531506;Monte Azul Paulista;SP;Mapeado;2026-09;113;190;27;74;24;47;46;109;21;56;6;25;0;0;0;3;3;8;1;1;1;1;8;11;0;0;0;0;1;8;1;2;1;10
3531605;Monte Castelo;SP;Mapeado;2026-09;20;31;3;8;4;4;11;21;0;3;3;5;0;0;0;0;0;0;0;0;0;0;2;2;0;0;0;0;0;0;0;0;0;2
3531803;Monte Mor;SP;Mapeado;2026-09;368;634;67;192;96;214;180;409;46;144;21;77;0;0;0;4;11;33;0;0;0;2;3;5;0;0;0;0;0;4;0;0;11;44
3531704;Monteiro Lobato;SP;Mapeado;2026-09;41;90;9;27;14;31;17;48;6;18;3;11;0;0;0;0;0;10;0;1;0;0;0;0;0;0;0;0;0;0;0;0;1;10
3531001;Monções;SP;Mapeado;2026-09;14;21;1;4;3;5;10;15;0;2;1;2;0;0;0;0;0;0;0;0;0;0;0;0;0;0;0;0;0;0;0;0;0;1
3531902;Morro Agudo;SP;Mapeado;2026-09;167;220;53;71;24;38;77;108;43;57;10;16;0;0;0;0;4;8;1;1;0;0;4;4;0;0;0;0;0;0;0;0;4;9
3532009;Morungaba;SP;Mapeado;2026-09;87;143;16;36;25;49;41;89;9;25;7;18;0;0;0;0;2;14;0;0;0;1;1;1;0;1;0;0;0;0;1;2;1;13
3532058;Motuca;SP;Mapeado;2026-09;26;42;9;18;2;8;15;31;5;12;4;6;0;0;0;0;0;1;0;0;0;1;0;0;0;0;0;0;0;1;0;0;0;1
3532108;Murutinga do Sul;SP;Mapeado;2026-09;15;26;5;7;3;7;7;21;3;6;2;4;0;0;0;0;0;3;0;0;0;0;0;0;0;0;0;0;0;1;0;0;0;1
3532157;Nantes;SP;Mapeado;2026-09;30;40;12;21;5;9;12;27;2;9;10;13;0;0;0;0;1;3;0;0;0;0;0;0;0;0;0;0;0;0;0;0;0;1
3532207;Narandiba;SP;Mapeado;2026-09;41;68;13;27;12;24;16;46;7;12;6;16;0;0;0;0;0;1;0;0;0;0;0;0;0;0;0;0;0;3;0;0;0;2
3532306;Natividade da Serra;SP;Mapeado;2026-09;72;95;29;42;10;23;28;64;12;22;17;25;0;0;0;0;0;2;0;0;0;0;1;1;0;0;0;0;0;1;2;2;2;5
3532405;Nazaré Paulista;SP;Mapeado;2026-09;170;260;51;110;40;79;59;123;41;88;10;25;0;0;0;0;3;13;0;1;0;1;1;2;0;0;0;0;0;3;0;1;16;30
3532504;Neves Paulista;SP;Mapeado;2026-09;55;113;16;48;8;25;26;72;11;31;5;23;0;0;0;0;0;2;0;0;0;0;4;4;0;1;0;0;0;1;0;0;1;3
3532603;Nhandeara;SP;Mapeado;2026-09;61;87;14;30;18;30;24;54;13;24;1;8;0;0;1;1;0;0;0;0;0;0;3;3;0;0;0;0;0;0;0;0;1;3
3532702;Nipoã;SP;Mapeado;2026-09;35;56;13;37;7;20;15;43;9;32;4;14;0;0;0;0;0;0;0;0;0;0;0;0;0;0;0;0;0;0;0;2;0;2
3532801;Nova Aliança;SP;Mapeado;2026-09;53;80;12;21;13;20;26;51;8;14;4;8;0;0;0;0;0;1;0;0;0;1;0;0;1;1;0;0;0;0;1;3;0;3
3532827;Nova Campina;SP;Mapeado;2026-09;46;77;11;23;10;21;24;62;6;12;5;12;0;0;0;0;1;1;0;0;0;0;0;0;0;0;0;0;0;0;0;0;0;0
3532843;Nova Canaã Paulista;SP;Mapeado;2026-09;12;31;3;14;1;14;8;22;3;10;0;5;0;0;0;0;0;0;0;0;0;0;0;0;0;0;0;0;0;1;0;2;0;0
3532868;Nova Castilho;SP;Mapeado;2026-09;13;19;4;8;4;5;5;15;1;4;3;6;0;0;0;0;0;0;0;0;0;0;0;0;0;0;0;0;0;0;0;0;0;0
3532900;Nova Europa;SP;Mapeado;2026-09;66;103;24;45;9;23;25;63;18;34;6;13;0;0;0;0;3;4;0;0;0;0;2;2;0;0;0;0;0;0;0;2;3;8
3533007;Nova Granada;SP;Mapeado;2026-09;127;187;37;81;19;41;65;108;24;54;13;32;0;0;0;0;1;4;0;0;0;2;3;3;0;0;0;0;0;0;0;0;2;4
3533106;Nova Guataporanga;SP;Mapeado;2026-09;13;18;7;10;3;5;2;8;4;6;3;4;0;0;0;0;0;1;0;0;0;0;0;0;0;0;0;0;0;0;0;0;1;1
3533205;Nova Independência;SP;Mapeado;2026-09;26;45;6;16;10;21;8;25;2;8;4;10;0;0;0;0;2;2;0;0;0;0;0;0;0;0;0;0;0;1;0;0;0;1
3533304;Nova Luzitânia;SP;Mapeado;2026-09;30;48;12;27;4;9;14;34;11;25;1;9;0;0;0;0;0;1;0;0;0;0;0;0;0;0;0;0;0;0;0;0;0;2
3533403;Nova Odessa;SP;Mapeado;2026-09;367;590;62;124;94;197;188;374;39;86;23;46;0;0;0;0;13;35;0;1;0;3;5;6;0;0;0;0;0;3;1;6;4;32
3533254;Novais;SP;Mapeado;2026-09;33;52;3;18;8;18;20;37;1;13;2;5;0;0;0;0;0;2;0;0;0;0;1;1;0;0;0;0;0;0;0;0;1;2
3533502;Novo Horizonte;SP;Mapeado;2026-09;325;479;86;155;42;115;153;301;61;106;25;60;0;0;0;0;30;48;0;0;1;5;10;11;0;2;0;0;0;2;0;2;3;33
3533601;Nuporanga;SP;Mapeado;2026-09;81;147;24;74;14;48;41;100;16;66;8;31;0;0;0;0;0;5;0;0;0;0;2;2;0;0;0;0;0;1;0;0;0;4
3533700;Ocauçu;SP;Mapeado;2026-09;29;47;3;15;7;19;19;36;0;6;3;11;0;0;0;0;0;3;0;0;0;0;0;0;0;0;0;0;0;0;0;0;0;2
3533908;Olímpia;SP;Mapeado;2026-09;640;910;92;213;179;308;294;512;86;206;6;17;0;0;0;0;8;16;0;0;0;9;9;10;9;19;1;2;0;5;8;17;40;104
3534005;Onda Verde;SP;Mapeado;2026-09;30;50;9;20;7;15;12;36;3;9;6;12;0;0;0;0;0;3;0;0;0;0;1;1;0;0;0;0;0;2;0;0;1;2
3534104;Oriente;SP;Mapeado;2026-09;55;72;14;30;8;14;31;48;7;14;7;20;0;0;0;0;1;5;0;0;1;1;0;0;0;0;0;0;0;0;0;0;0;2
3534203;Orindiúva;SP;Mapeado;2026-09;49;95;14;39;11;39;22;71;3;15;11;25;0;0;0;0;1;6;0;0;0;0;1;2;0;0;0;0;0;0;0;1;0;7
3534302;Orlândia;SP;Mapeado;2026-09;230;421;52;165;57;135;97;274;38;125;14;51;0;0;0;1;14;29;1;1;0;5;8;10;0;0;0;0;0;0;1;1;0;9
3534401;Osasco;SP;Mapeado;2026-09;4929;7820;777;1608;1830;3293;2047;4808;514;1185;263;577;0;0;6;11;86;268;3;32;1;28;54;83;3;3;1;1;4;32;4;24;113;461
3534500;Oscar Bressane;SP;Mapeado;2026-09;24;34;7;21;3;5;14;21;3;12;4;11;0;0;0;0;0;3;0;0;0;0;0;0;0;0;0;0;0;0;0;0;0;0
3534609;Osvaldo Cruz;SP;Mapeado;2026-09;208;294;60;101;32;56;96;176;43;72;17;34;0;0;0;0;3;12;0;0;0;2;5;8;1;1;0;0;1;7;0;0;10;20
3534708;Ourinhos;SP;Mapeado;2026-09;614;922;145;279;140;248;291;514;102;196;43;101;0;0;1;2;7;46;1;5;1;4;14;19;0;0;0;1;0;5;1;8;13;52
3534807;Ouro Verde;SP;Mapeado;2026-09;50;76;24;34;3;11;22;44;17;25;7;15;0;0;0;0;1;1;0;0;0;0;0;0;0;0;0;0;0;0;0;0;0;3
3534757;Ouroeste;SP;Mapeado;2026-09;75;119;10;30;19;39;41;85;6;20;4;13;0;0;0;0;0;4;0;0;0;1;1;2;0;0;0;0;0;0;0;0;4;10
3534906;Pacaembu;SP;Mapeado;2026-09;60;86;20;38;10;21;25;47;9;20;11;19;0;0;0;0;2;4;0;0;0;0;2;2;0;0;0;0;0;0;0;0;1;2
3535002;Palestina;SP;Mapeado;2026-09;50;113;19;51;6;17;21;68;14;37;5;15;0;0;0;1;0;4;0;0;0;0;3;3;0;0;0;0;0;2;0;2;1;5
3535101;Palmares Paulista;SP;Mapeado;2026-09;67;107;23;50;4;17;40;77;18;41;5;17;0;0;0;1;0;4;0;0;0;0;0;0;0;0;0;0;0;0;0;0;0;4
3535200;Palmeira d'Oeste;SP;Mapeado;2026-09;58;110;7;16;8;24;38;99;4;12;3;4;0;0;0;0;2;2;0;0;0;0;2;3;0;0;0;0;0;0;0;0;1;3
3535309;Palmital;SP;Mapeado;2026-09;151;235;24;58;29;55;88;153;20;45;4;18;0;0;0;0;6;17;0;0;0;3;3;4;0;0;0;0;0;1;0;3;1;8
3535408;Panorama;SP;Mapeado;2026-09;111;178;24;58;30;50;53;112;18;44;6;16;0;0;1;1;0;6;0;0;0;0;2;3;0;1;0;0;0;1;0;1;1;7
3535507;Paraguaçu Paulista;SP;Mapeado;2026-09;328;491;97;164;64;115;148;284;62;108;35;60;0;0;1;2;7;29;0;0;0;2;7;9;0;1;0;0;0;1;0;2;4;23
3535606;Paraibuna;SP;Mapeado;2026-09;120;180;21;59;38;64;51;97;15;43;6;22;0;0;0;0;4;19;0;2;1;2;2;2;0;0;0;0;0;2;0;0;3;20
3535804;Paranapanema;SP;Mapeado;2026-09;144;228;35;89;30;66;67;141;22;49;13;46;0;0;0;0;0;6;0;0;0;0;3;3;0;1;0;0;1;3;5;5;3;10
3535903;Paranapuã;SP;Mapeado;2026-09;17;42;1;5;5;8;10;28;0;3;1;3;0;0;0;0;0;1;0;0;0;0;1;1;0;0;0;0;0;0;0;0;0;4
3536000;Parapuã;SP;Mapeado;2026-09;77;117;25;55;10;18;34;61;24;47;1;9;0;0;0;0;0;0;0;0;0;0;6;6;0;0;0;0;0;0;0;0;2;7
3535705;Paraíso;SP;Mapeado;2026-09;48;70;11;24;4;11;28;54;7;18;4;12;0;0;0;0;2;4;0;0;0;0;2;2;0;0;0;0;0;2;0;0;1;1
3536109;Pardinho;SP;Mapeado;2026-09;95;147;19;50;37;78;35;90;11;37;8;16;0;0;0;0;0;14;0;0;1;2;1;1;0;0;0;0;0;0;0;0;2;6
3536208;Pariquera-Açu;SP;Mapeado;2026-09;136;209;53;91;26;49;54;115;44;76;9;20;0;0;0;2;1;12;0;0;0;0;2;3;0;0;0;0;0;0;0;0;0;11
3536257;Parisi;SP;Mapeado;2026-09;15;28;5;14;3;7;7;19;3;10;2;6;0;0;0;0;0;0;0;0;0;0;0;0;0;0;0;0;0;0;0;0;0;3
3536307;Patrocínio Paulista;SP;Mapeado;2026-09;78;122;23;58;22;42;30;66;14;38;9;24;0;0;0;1;0;3;0;0;0;1;2;2;0;0;0;0;0;2;0;0;1;2
3536406;Paulicéia;SP;Mapeado;2026-09;63;94;16;36;16;30;25;48;5;31;11;20;0;0;0;0;1;2;0;0;0;0;1;1;0;0;0;0;0;2;0;0;4;6
3536570;Paulistânia;SP;Mapeado;2026-09;11;25;3;6;2;8;6;14;1;3;2;3;0;0;0;0;0;0;0;0;0;0;0;0;0;0;0;0;0;0;0;0;0;1
3536604;Paulo de Faria;SP;Mapeado;2026-09;52;89;21;36;9;19;17;64;11;21;10;16;0;0;0;1;1;3;0;0;0;1;4;4;0;0;0;0;0;1;0;0;0;3
3536505;Paulínia;SP;Mapeado;2026-09;666;1199;89;258;230;455;294;753;47;177;42;120;0;0;0;0;14;45;2;6;0;9;8;14;0;1;0;0;1;7;2;11;26;102
3536703;Pederneiras;SP;Mapeado;2026-09;292;431;70;139;68;115;130;281;44;100;26;65;0;0;0;1;9;34;0;0;0;2;7;7;0;0;0;0;0;0;0;2;8;24
3536802;Pedra Bela;SP;Mapeado;2026-09;47;74;16;35;16;32;12;45;11;26;5;10;0;0;0;0;2;8;0;0;0;0;0;0;0;1;0;0;0;2;0;0;1;5
3536901;Pedranópolis;SP;Mapeado;2026-09;14;21;3;7;0;5;10;16;1;4;2;4;0;0;0;0;0;2;0;0;0;0;0;0;0;0;0;0;0;0;0;0;1;2
3537008;Pedregulho;SP;Mapeado;2026-09;104;171;34;69;15;38;46;97;28;54;6;20;0;0;0;0;2;7;1;1;0;1;3;3;0;0;0;0;0;2;1;1;2;8
3537107;Pedreira;SP;Mapeado;2026-09;264;404;70;132;60;118;122;257;45;86;25;61;0;0;0;1;2;15;0;3;0;1;6;7;0;0;0;0;0;2;0;2;4;20
3537156;Pedrinhas Paulista;SP;Mapeado;2026-09;21;43;6;13;5;11;7;27;5;10;1;3;0;0;0;0;1;5;0;0;0;1;0;0;0;0;0;0;0;1;0;0;2;2
3537206;Pedro de Toledo;SP;Mapeado;2026-09;77;116;40;63;15;34;21;77;15;34;25;37;0;0;0;3;1;3;0;0;0;0;0;0;0;0;0;0;0;1;0;0;0;4
3537305;Penápolis;SP;Mapeado;2026-09;355;559;93;179;90;165;138;302;78;150;15;35;0;0;0;1;8;20;3;4;0;3;12;15;0;0;1;2;1;4;2;7;7;34
3537404;Pereira Barreto;SP;Mapeado;2026-09;151;241;42;91;33;55;57;125;28;67;14;28;0;0;0;0;9;22;0;0;0;0;5;7;0;1;0;0;0;18;0;0;5;21
3537503;Pereiras;SP;Mapeado;2026-09;53;77;12;23;13;23;23;53;7;16;5;8;0;0;0;0;1;7;0;0;0;0;2;2;0;0;0;0;0;1;0;0;2;3
3537602;Peruíbe;SP;Mapeado;2026-09;773;1206;143;365;278;460;308;726;70;200;73;193;0;0;1;2;6;53;0;0;0;1;14;15;3;4;0;0;0;9;1;4;19;66
3537701;Piacatu;SP;Mapeado;2026-09;22;44;7;16;2;13;11;29;7;14;0;4;0;0;0;0;1;3;0;0;0;0;1;1;0;0;0;0;0;0;0;0;0;1
3537800;Piedade;SP;Mapeado;2026-09;413;537;139;205;84;156;171;286;85;131;54;86;0;0;2;3;6;16;0;0;0;1;5;10;0;0;0;0;0;9;0;6;6;17
3537909;Pilar do Sul;SP;Mapeado;2026-09;177;253;56;113;37;67;75;154;45;87;11;39;0;0;1;4;2;9;0;0;0;0;6;6;0;0;0;0;0;0;0;4;0;6
3538006;Pindamonhangaba;SP;Mapeado;2026-09;972;1478;175;361;264;445;411;788;107;238;68;166;0;0;1;3;23;86;1;3;0;9;49;51;0;0;0;0;1;15;1;9;46;144
3538105;Pindorama;SP;Mapeado;2026-09;101;151;32;69;22;40;42;96;21;53;11;35;0;0;0;0;2;11;1;1;0;2;1;1;0;0;0;0;0;1;0;0;1;8
3538204;Pinhalzinho;SP;Mapeado;2026-09;112;186;19;66;22;55;66;137;9;47;10;27;0;0;0;0;2;9;1;1;0;0;1;1;0;0;0;0;0;1;0;1;1;7
3538303;Piquerobi;SP;Mapeado;2026-09;28;40;11;24;4;9;11;23;6;15;5;10;0;0;0;0;0;0;0;0;0;0;1;1;0;0;0;0;0;1;0;0;1;1
3538501;Piquete;SP;Mapeado;2026-09;88;125;26;48;24;36;31;77;18;38;8;14;0;0;0;0;2;10;0;0;0;0;3;4;0;0;0;0;0;0;0;0;2;5
3538600;Piracaia;SP;Mapeado;2026-09;204;358;48;117;43;99;93;220;25;74;23;53;0;0;0;3;4;35;0;2;0;7;7;11;0;0;0;0;1;8;0;1;8;37
3538709;Piracicaba;SP;Mapeado;2026-09;2596;4245;572;1177;819;1547;991;2351;388;882;184;419;0;0;4;14;60;184;3;26;0;39;41;58;3;6;1;1;0;27;8;24;94;373
3538808;Piraju;SP;Mapeado;2026-09;158;250;51;100;43;71;51;127;33;66;18;37;0;0;0;1;3;16;1;2;1;1;4;4;0;0;0;0;0;6;0;0;4;13
3538907;Pirajuí;SP;Mapeado;2026-09;164;259;50;92;22;69;70;153;27;54;23;50;0;0;0;1;5;13;0;0;0;1;9;10;0;0;0;0;0;1;0;1;8;21
3539004;Pirangi;SP;Mapeado;2026-09;74;113;11;36;13;26;46;81;7;26;4;12;0;0;0;0;0;1;0;0;0;0;2;2;0;0;0;0;1;1;0;0;1;4
3539103;Pirapora do Bom Jesus;SP;Mapeado;2026-09;98;176;26;68;33;61;34;105;19;46;7;29;0;0;0;0;2;8;0;0;0;0;3;3;0;0;0;0;0;4;0;1;0;7
3539202;Pirapozinho;SP;Mapeado;2026-09;154;226;37;69;40;71;54;116;29;46;8;25;0;0;0;0;11;18;0;0;0;0;3;3;0;1;0;0;0;1;5;5;4;13
3539301;Pirassununga;SP;Mapeado;2026-09;521;790;123;270;143;265;222;520;69;167;54;121;0;0;0;0;9;38;1;2;0;5;11;14;0;0;0;0;0;39;0;4;12;37
3539400;Piratininga;SP;Mapeado;2026-09;98;161;25;43;27;53;38;94;17;28;8;19;0;0;0;0;2;15;0;0;0;1;4;7;0;0;0;0;0;1;0;1;2;11
3539509;Pitangueiras;SP;Mapeado;2026-09;223;345;102;157;36;67;79;194;80;121;22;39;0;0;0;0;3;11;0;1;0;0;3;3;0;0;0;0;0;3;0;4;0;15
3539608;Planalto;SP;Mapeado;2026-09;37;57;11;19;7;13;19;41;9;16;2;4;0;0;0;0;0;1;0;0;0;0;0;0;0;0;0;0;0;0;0;0;0;0
3539707;Platina;SP;Mapeado;2026-09;13;25;6;8;2;5;5;14;3;5;3;3;0;0;0;0;0;0;0;0;0;0;0;0;0;0;0;0;0;2;0;0;0;2
3539905;Poloni;SP;Mapeado;2026-09;45;62;23;33;4;10;15;34;11;18;12;16;0;0;0;0;2;4;0;0;0;0;0;1;0;0;0;0;0;0;0;0;1;2
3540002;Pompéia;SP;Mapeado;2026-09;119;199;18;59;31;61;60;119;11;35;7;28;0;0;0;0;3;11;0;2;0;1;3;3;0;1;0;0;0;0;0;1;4;13
3540101;Pongaí;SP;Mapeado;2026-09;27;45;7;19;5;9;13;31;6;12;1;8;0;0;0;0;0;1;0;0;0;0;1;1;0;0;0;0;0;0;0;0;1;3
3540200;Pontal;SP;Mapeado;2026-09;249;334;101;168;38;72;93;174;81;127;20;55;0;0;0;1;2;4;1;1;0;1;3;4;0;1;0;0;0;1;1;3;10;14
3540259;Pontalinda;SP;Mapeado;2026-09;26;45;13;28;6;12;7;32;11;22;2;6;0;0;0;0;0;1;0;0;0;0;0;0;0;0;0;0;0;0;0;0;0;2
3540309;Pontes Gestal;SP;Mapeado;2026-09;19;30;7;12;3;7;9;22;7;9;0;5;0;0;0;1;0;1;0;0;0;0;0;0;0;0;0;0;0;0;0;0;0;1
3540408;Populina;SP;Mapeado;2026-09;23;39;7;14;4;13;11;24;5;12;2;3;0;0;0;0;0;0;0;0;0;0;0;0;0;0;0;0;0;0;0;0;1;2
3540507;Porangaba;SP;Mapeado;2026-09;73;125;12;37;15;38;42;96;9;28;3;12;0;0;0;0;0;7;0;0;0;0;3;3;0;0;0;0;0;1;0;0;1;2
3540606;Porto Feliz;SP;Mapeado;2026-09;415;612;134;255;83;146;160;334;80;185;54;112;0;0;1;1;8;25;2;3;0;5;15;16;1;2;1;1;1;4;0;6;9;26
3540705;Porto Ferreira;SP;Mapeado;2026-09;340;520;94;183;71;129;147;292;65;116;29;76;0;0;0;0;11;22;1;1;0;3;10;11;0;0;0;0;0;0;0;1;6;40
3540754;Potim;SP;Mapeado;2026-09;107;163;25;47;29;48;46;96;18;36;7;18;0;0;0;1;4;11;0;0;0;1;0;1;0;0;0;0;0;0;0;0;3;10
3540804;Potirendaba;SP;Mapeado;2026-09;138;199;48;79;22;49;60;121;40;66;8;17;0;0;0;1;3;10;0;0;0;0;4;4;0;1;0;0;0;2;1;1;0;6
3539806;Poá;SP;Mapeado;2026-09;683;1113;114;269;237;401;269;630;65;188;49;108;0;0;0;1;30;74;0;0;1;8;6;8;1;3;0;0;0;4;3;12;22;77
3540853;Pracinha;SP;Mapeado;2026-09;8;19;1;3;1;1;6;15;0;1;1;2;0;0;0;0;0;0;0;0;0;0;0;0;0;0;0;0;0;0;0;1;0;1
3540903;Pradópolis;SP;Mapeado;2026-09;144;211;51;86;18;39;71;133;38;65;13;33;0;0;1;2;3;6;0;1;0;0;0;0;0;0;0;0;0;0;0;1;0;7
3541000;Praia Grande;SP;Mapeado;2026-09;4081;5681;493;1263;2000;2752;1420;3440;247;810;246;605;0;0;4;6;49;163;1;4;1;15;33;41;5;8;1;1;2;17;2;19;70;215
3541059;Pratânia;SP;Mapeado;2026-09;42;68;16;36;9;23;14;43;15;27;1;12;0;0;1;1;2;5;0;0;0;0;0;0;0;0;0;0;0;2;0;1;0;0
3541109;Presidente Alves;SP;Mapeado;2026-09;29;46;11;29;3;17;13;28;6;19;5;11;0;0;0;0;0;1;0;0;0;0;2;2;0;0;0;0;0;1;0;1;0;2
3541208;Presidente Bernardes;SP;Mapeado;2026-09;70;107;21;44;10;21;35;74;19;38;2;9;0;0;0;0;1;2;0;0;0;0;3;3;0;1;0;0;0;0;0;0;0;3
3541307;Presidente Epitácio;SP;Mapeado;2026-09;319;468;107;190;63;125;127;271;71;129;36;76;0;0;0;1;9;22;0;0;0;2;5;7;0;0;0;0;0;6;2;4;6;25
3541406;Presidente Prudente;SP;Mapeado;2026-09;1627;2460;296;600;510;818;713;1423;210;435;86;201;0;0;3;6;21;66;2;8;0;17;24;29;1;7;0;1;2;5;3;8;52;204
3541505;Presidente Venceslau;SP;Mapeado;2026-09;217;304;70;108;47;81;83;154;44;65;26;51;0;0;0;0;7;14;0;0;0;1;5;6;0;0;0;0;1;2;1;7;3;12
3541604;Promissão;SP;Mapeado;2026-09;174;279;47;87;23;65;94;186;35;64;12;32;0;0;0;0;2;11;0;1;0;6;7;7;0;0;0;0;0;0;0;0;1;14
3541653;Quadra;SP;Mapeado;2026-09;26;41;6;11;7;15;11;20;5;10;1;1;0;0;0;0;1;4;0;0;0;0;0;1;0;1;0;0;0;0;0;0;1;4
3541703;Quatá;SP;Mapeado;2026-09;74;143;14;45;18;37;38;103;8;29;6;21;0;0;0;0;0;12;0;0;0;0;3;4;0;0;0;0;0;0;0;1;1;3
3541802;Queiroz;SP;Mapeado;2026-09;22;31;8;17;4;9;9;19;6;12;2;5;0;0;0;0;0;1;0;0;0;0;1;1;0;0;0;0;0;0;0;0;0;1
3541901;Queluz;SP;Mapeado;2026-09;94;136;33;58;19;35;28;66;27;50;6;11;0;0;1;2;2;6;0;0;0;0;2;2;0;0;0;0;0;0;0;1;9;16
3542008;Quintana;SP;Mapeado;2026-09;45;65;10;36;6;15;29;46;8;28;2;8;0;0;0;0;0;1;0;0;0;0;0;0;0;0;0;0;0;0;0;0;0;2
3542107;Rafard;SP;Mapeado;2026-09;48;86;15;35;6;11;24;55;12;29;3;8;0;0;0;0;1;6;0;0;0;0;1;1;0;0;0;0;0;1;0;0;1;5
3542206;Rancharia;SP;Mapeado;2026-09;204;345;42;100;37;84;114;250;34;83;8;28;0;0;0;0;3;15;0;0;0;0;7;11;0;3;0;0;0;0;0;0;1;13
3542305;Redenção da Serra;SP;Mapeado;2026-09;34;56;9;20;9;17;12;41;5;14;4;9;0;0;0;0;2;5;0;0;0;0;2;2;0;0;0;0;0;0;0;0;0;0
3542404;Regente Feijó;SP;Mapeado;2026-09;91;128;22;43;28;53;33;80;16;31;6;15;0;0;0;0;5;9;0;0;0;0;2;2;0;0;0;0;0;0;0;0;1;3
3542503;Reginópolis;SP;Mapeado;2026-09;38;55;11;21;6;9;20;37;8;19;3;5;0;0;0;0;0;2;0;0;0;0;1;1;0;0;0;0;0;1;0;0;0;1
3542602;Registro;SP;Mapeado;2026-09;361;604;60;111;107;201;171;406;43;80;17;37;0;0;1;8;12;38;0;4;0;6;5;7;0;0;0;0;1;9;1;2;3;46
3542701;Restinga;SP;Mapeado;2026-09;27;52;7;11;8;18;10;37;5;9;2;6;0;0;0;0;1;4;1;1;0;1;0;0;0;1;0;0;0;0;0;0;0;4
3542800;Ribeira;SP;Mapeado;2026-09;28;49;10;27;6;18;10;32;4;18;6;11;0;0;0;0;0;4;0;0;0;0;0;0;1;1;0;0;0;2;0;0;1;2
3542909;Ribeirão Bonito;SP;Mapeado;2026-09;105;173;27;55;14;35;37;98;17;36;10;30;0;0;0;1;3;18;0;0;0;0;3;3;0;0;0;0;0;1;0;2;21;30
3543006;Ribeirão Branco;SP;Mapeado;2026-09;113;180;43;79;22;55;44;113;24;40;19;43;0;0;0;2;1;8;0;0;0;0;1;3;0;4;0;0;0;0;0;1;2;8
3543105;Ribeirão Corrente;SP;Mapeado;2026-09;14;34;1;14;5;12;7;24;1;11;0;5;0;0;0;0;0;1;1;1;0;0;0;0;0;0;0;0;0;0;0;0;0;1
3543253;Ribeirão Grande;SP;Mapeado;2026-09;38;55;12;22;8;13;16;30;8;16;4;8;0;0;0;0;1;5;0;0;0;0;0;1;0;0;0;0;0;0;0;0;1;3
3543303;Ribeirão Pires;SP;Mapeado;2026-09;550;853;105;182;174;303;212;451;65;125;40;74;0;0;0;0;30;73;0;7;1;3;8;11;3;3;0;0;0;4;1;3;16;74
3543402;Ribeirão Preto;SP;Mapeado;2026-09;5349;8610;801;1964;2060;3435;2074;4607;520;1464;281;714;0;0;10;38;135;440;6;72;3;142;51;73;8;21;0;4;4;38;17;65;180;700
3543204;Ribeirão do Sul;SP;Mapeado;2026-09;37;52;14;20;4;11;18;37;7;10;7;11;0;0;0;1;1;3;0;0;0;0;0;0;0;0;0;0;0;1;0;0;0;1
3543238;Ribeirão dos Índios;SP;Mapeado;2026-09;11;18;6;11;0;2;5;10;2;4;4;7;0;0;0;0;0;1;0;0;0;0;0;0;0;0;0;0;0;0;0;0;0;0
3543600;Rifaina;SP;Mapeado;2026-09;99;154;23;58;31;69;31;76;11;40;12;33;0;0;0;0;1;12;0;0;0;0;2;2;0;0;0;0;0;3;0;1;11;18
3543709;Rincão;SP;Mapeado;2026-09;68;107;26;57;14;33;24;65;19;42;7;18;0;0;0;0;0;2;0;0;0;0;1;1;0;0;0;0;0;1;0;0;3;3
3543808;Rinópolis;SP;Mapeado;2026-09;61;97;12;33;19;27;27;55;9;22;3;13;0;0;0;0;0;2;0;0;0;1;3;3;0;0;0;0;0;0;0;0;0;3
3543907;Rio Claro;SP;Mapeado;2026-09;1214;1840;240;404;308;587;548;1041;192;325;48;99;0;0;2;6;27;64;7;20;0;18;24;29;3;5;0;0;1;5;2;8;52;186
3544103;Rio Grande da Serra;SP;Mapeado;2026-09;160;260;24;59;43;86;77;150;15;41;9;27;0;0;0;0;8;16;0;0;0;2;2;2;0;1;0;0;0;0;0;0;6;19
3544004;Rio das Pedras;SP;Mapeado;2026-09;160;263;50;93;29;68;74;150;31;67;19;36;0;0;0;0;1;7;0;4;0;0;3;3;0;0;0;0;0;2;0;1;3;15
3544202;Riolândia;SP;Mapeado;2026-09;60;86;11;24;16;31;31;59;11;23;0;2;0;0;0;0;0;2;0;1;0;0;2;2;0;0;0;0;0;1;0;0;0;2
3543501;Riversul;SP;Mapeado;2026-09;46;73;18;49;6;11;22;56;6;30;12;32;0;0;0;0;0;4;0;0;0;0;0;0;0;0;0;0;0;0;0;0;0;0
3544251;Rosana;SP;Mapeado;2026-09;123;205;15;51;24;69;67;144;8;34;7;21;0;0;0;0;3;14;0;0;0;0;4;5;0;0;0;0;0;3;0;0;10;22
3544301;Roseira;SP;Mapeado;2026-09;97;145;12;33;28;41;50;99;7;24;5;15;0;0;1;1;2;7;0;1;0;0;1;2;0;2;0;0;0;0;0;2;3;6
3544509;Rubinéia;SP;Mapeado;2026-09;32;46;1;8;9;15;22;33;1;7;0;2;0;0;0;0;0;2;0;1;0;1;0;0;0;0;0;0;0;0;0;0;0;5
3544400;Rubiácea;SP;Mapeado;2026-09;16;33;8;15;3;7;5;19;4;10;4;7;0;0;0;0;0;1;0;0;0;0;0;0;0;0;0;0;0;0;0;0;0;2
3544608;Sabino;SP;Mapeado;2026-09;34;55;10;22;11;15;12;30;6;11;4;11;0;0;0;0;1;3;0;0;0;0;0;1;0;0;0;0;0;0;0;0;0;6
3544707;Sagres;SP;Mapeado;2026-09;16;26;2;9;2;5;12;19;1;6;1;4;0;0;0;0;0;0;0;0;0;0;0;0;0;0;0;0;0;0;0;0;0;1
3544806;Sales;SP;Mapeado;2026-09;54;100;9;39;12;31;31;70;3;19;6;24;0;0;0;0;0;3;0;0;0;0;1;1;1;1;0;0;0;2;0;0;0;2
3544905;Sales Oliveira;SP;Mapeado;2026-09;56;102;10;39;17;43;23;69;5;27;5;18;0;0;0;0;3;6;0;0;0;1;0;1;0;0;0;0;0;1;0;1;3;6
3545001;Salesópolis;SP;Mapeado;2026-09;102;169;28;62;27;54;41;103;17;42;11;26;0;0;1;2;0;14;0;0;0;1;4;4;0;0;0;0;0;2;0;1;1;5
3545100;Salmourão;SP;Mapeado;2026-09;27;42;13;23;4;6;6;20;10;19;3;11;0;0;0;0;0;2;0;0;0;0;1;1;0;0;0;0;0;0;0;1;3;4
3545159;Saltinho;SP;Mapeado;2026-09;43;69;10;26;8;19;21;48;9;23;1;5;0;0;0;0;3;4;0;0;0;0;1;2;0;0;0;0;0;0;0;0;0;2
3545209;Salto;SP;Mapeado;2026-09;871;1284;240;412;212;363;349;699;175;309;65;123;0;0;0;1;33;76;1;4;0;7;14;17;0;0;0;0;0;7;1;7;21;92
3545407;Salto Grande;SP;Mapeado;2026-09;56;83;16;27;8;22;24;52;12;18;4;9;0;0;0;0;2;4;0;0;0;0;3;3;0;0;0;0;0;0;0;0;3;6
3545308;Salto de Pirapora;SP;Mapeado;2026-09;252;380;86;142;49;94;97;205;47;102;39;66;0;0;0;0;6;17;0;0;1;5;5;6;0;1;0;0;0;6;1;3;7;34
3545506;Sandovalina;SP;Mapeado;2026-09;29;58;9;18;7;13;13;37;6;13;3;6;0;0;0;0;0;4;0;0;0;0;0;1;0;0;0;0;0;1;0;0;0;5
3545605;Santa Adélia;SP;Mapeado;2026-09;101;149;30;66;19;50;48;106;19;46;11;23;0;0;1;1;0;1;0;0;0;1;0;1;0;0;0;0;0;0;0;0;3;5
3545704;Santa Albertina;SP;Mapeado;2026-09;23;44;4;10;9;12;8;23;2;6;2;5;0;0;0;0;0;0;0;0;0;0;0;0;0;0;0;0;0;0;0;1;2;6
3546009;Santa Branca;SP;Mapeado;2026-09;71;127;10;33;15;37;37;68;6;22;4;16;0;0;0;0;4;15;0;0;0;1;1;1;0;0;0;0;0;1;0;1;4;12
3545803;Santa Bárbara d'Oeste;SP;Mapeado;2026-09;1018;1482;263;466;238;423;442;871;174;331;89;172;0;0;1;3;39;67;2;3;0;9;7;9;0;0;0;0;0;5;5;14;21;84
3546108;Santa Clara d'Oeste;SP;Mapeado;2026-09;28;49;2;12;7;20;9;22;2;7;0;7;0;0;0;0;0;3;0;0;0;0;2;4;1;1;0;0;0;0;0;0;7;8
3546207;Santa Cruz da Conceição;SP;Mapeado;2026-09;45;63;2;18;21;32;20;44;0;6;2;14;0;0;0;0;2;5;0;0;0;0;0;0;0;0;0;0;0;1;0;0;0;1
3546256;Santa Cruz da Esperança;SP;Mapeado;2026-09;14;25;3;7;4;8;7;18;2;4;1;3;0;0;0;0;0;2;0;0;0;0;0;0;0;0;0;0;0;0;0;0;0;0
3546306;Santa Cruz das Palmeiras;SP;Mapeado;2026-09;207;271;67;101;48;72;77;139;56;80;11;21;0;0;0;0;5;12;0;0;0;2;4;5;0;0;0;0;0;0;0;3;6;18
3546405;Santa Cruz do Rio Pardo;SP;Mapeado;2026-09;284;461;92;180;63;133;107;262;78;139;14;58;0;0;0;1;5;19;0;1;0;9;11;12;0;0;0;0;0;2;0;0;6;23
3546504;Santa Ernestina;SP;Mapeado;2026-09;24;50;4;18;6;16;11;35;2;12;2;10;0;0;0;0;0;2;0;0;1;1;0;1;0;0;0;0;0;1;0;0;2;5
3546603;Santa Fé do Sul;SP;Mapeado;2026-09;312;472;62;116;96;157;134;293;54;100;8;19;0;0;1;4;5;19;0;1;0;2;5;5;0;0;0;0;0;0;0;1;9;34
3546702;Santa Gertrudes;SP;Mapeado;2026-09;145;202;49;80;28;41;64;125;44;70;5;14;0;0;0;0;4;6;0;0;0;0;0;0;0;0;0;0;0;2;0;0;0;3
3546801;Santa Isabel;SP;Mapeado;2026-09;343;603;88;227;97;224;119;321;53;137;35;105;0;0;1;5;18;57;2;2;0;3;8;14;0;4;0;1;0;19;0;2;10;46
3546900;Santa Lúcia;SP;Mapeado;2026-09;39;60;17;28;4;13;16;31;11;20;6;11;0;0;0;0;0;2;0;0;0;0;0;0;0;0;0;0;0;0;0;0;2;3
3547007;Santa Maria da Serra;SP;Mapeado;2026-09;40;49;6;14;13;20;16;30;4;9;2;5;0;0;0;0;1;2;0;0;0;0;2;2;1;1;0;0;0;0;0;0;1;2
3547106;Santa Mercedes;SP;Mapeado;2026-09;16;35;6;13;5;16;5;25;1;6;5;9;0;0;0;0;0;1;0;0;0;0;0;0;0;0;0;0;0;1;0;0;0;1
3547403;Santa Rita d'Oeste;SP;Mapeado;2026-09;14;23;4;7;2;4;7;13;4;7;0;0;0;0;0;0;1;4;0;0;0;0;0;0;0;0;0;0;0;0;0;1;0;2
3547502;Santa Rita do Passa Quatro;SP;Mapeado;2026-09;141;219;47;87;33;61;44;106;28;52;19;44;0;0;0;0;3;14;0;0;0;2;8;9;1;2;0;0;0;0;0;0;5;29
3547601;Santa Rosa de Viterbo;SP;Mapeado;2026-09;169;278;83;126;16;54;58;145;73;115;10;26;0;0;0;2;5;17;0;0;0;2;2;2;0;0;0;0;0;0;0;6;5;17
3547650;Santa Salete;SP;Mapeado;2026-09;7;17;1;1;1;5;4;10;0;0;1;1;0;0;0;0;0;0;0;0;0;0;0;0;0;0;0;0;0;0;1;4;0;0
3547205;Santana da Ponte Pensa;SP;Mapeado;2026-09;9;17;3;7;1;4;5;11;3;7;0;0;0;0;0;0;0;2;0;0;0;0;0;0;0;0;0;0;0;0;0;0;0;2
3547304;Santana de Parnaíba;SP;Mapeado;2026-09;860;1428;112;259;357;563;324;810;71;181;41;100;0;0;0;3;20;63;0;10;0;24;12;19;0;6;0;0;0;7;8;20;27;120
3547700;Santo Anastácio;SP;Mapeado;2026-09;112;156;34;47;15;22;50;85;22;32;12;16;0;0;0;1;5;8;0;1;1;1;5;5;0;0;0;0;0;0;0;1;2;10
3547809;Santo André;SP;Mapeado;2026-09;3921;6322;343;898;1510;2545;1724;3418;225;663;118;322;0;0;4;9;73;281;7;41;2;71;108;124;4;9;1;2;3;28;10;51;132;662
3547908;Santo Antônio da Alegria;SP;Mapeado;2026-09;52;105;9;40;9;23;30;82;7;30;2;17;0;0;0;0;0;5;0;0;0;0;3;3;0;0;0;0;0;0;0;0;1;2
3548005;Santo Antônio de Posse;SP;Mapeado;2026-09;161;256;69;131;21;53;62;155;50;92;19;54;0;0;0;1;6;18;0;0;0;2;1;2;0;1;0;0;1;4;0;1;1;14
3548054;Santo Antônio do Aracanguá;SP;Mapeado;2026-09;71;104;20;44;22;34;27;73;11;24;9;21;0;0;0;0;0;2;0;0;0;0;1;1;0;0;0;0;0;2;1;1;0;2
3548104;Santo Antônio do Jardim;SP;Mapeado;2026-09;33;54;10;21;3;13;17;36;9;16;1;10;0;0;0;0;1;6;0;0;0;0;1;1;0;0;0;0;0;0;0;1;1;2
3548203;Santo Antônio do Pinhal;SP;Mapeado;2026-09;138;291;12;93;54;133;66;211;8;64;4;35;0;0;0;0;2;17;0;0;0;4;1;2;0;0;0;0;0;2;0;2;3;26
3548302;Santo Expedito;SP;Mapeado;2026-09;19;31;2;9;5;10;10;24;1;5;1;6;0;0;0;0;1;6;0;0;0;1;0;0;0;0;0;0;1;1;0;0;0;0
3548500;Santos;SP;Mapeado;2026-09;4051;5628;516;1229;2006;2743;1196;3078;270;938;246;474;0;0;3;18;41;166;14;29;0;51;91;99;2;2;1;1;0;16;7;23;174;501
3548401;Santópolis do Aguapeí;SP;Mapeado;2026-09;36;49;8;19;13;18;15;28;3;9;5;11;0;0;0;0;0;0;0;0;0;0;0;0;0;0;0;0;0;1;0;0;0;1
3551108;Sarapuí;SP;Mapeado;2026-09;89;135;20;51;11;26;52;93;13;36;7;17;0;0;0;0;6;11;0;0;0;0;0;0;0;0;0;0;0;2;0;0;0;5
3551207;Sarutaiá;SP;Mapeado;2026-09;33;47;10;20;1;6;22;36;7;14;3;8;0;0;0;0;0;2;0;0;0;0;0;0;0;0;0;0;0;2;0;0;0;1
3551306;Sebastianópolis do Sul;SP;Mapeado;2026-09;16;37;4;16;2;8;10;33;3;14;1;4;0;0;0;0;0;2;0;0;0;0;0;0;0;0;0;0;0;0;0;0;0;1
3551405;Serra Azul;SP;Mapeado;2026-09;53;88;17;37;18;26;12;40;10;24;7;14;0;0;0;0;5;12;0;0;0;0;1;1;0;0;0;0;0;1;0;0;0;3
3551603;Serra Negra;SP;Mapeado;2026-09;287;444;30;111;86;152;140;296;24;91;6;25;0;0;0;0;6;15;1;1;0;0;7;8;0;1;0;0;1;2;1;5;15;37
3551504;Serrana;SP;Mapeado;2026-09;318;493;125;237;58;121;120;239;85;172;40;77;0;0;0;0;4;13;1;1;0;1;2;3;0;0;0;0;0;1;1;5;7;29
3551702;Sertãozinho;SP;Mapeado;2026-09;882;1418;235;449;232;474;331;735;164;339;71;155;0;0;1;5;34;96;1;6;0;2;18;22;0;9;0;0;2;7;1;5;27;118
3551801;Sete Barras;SP;Mapeado;2026-09;68;123;15;53;12;33;41;94;9;38;6;28;0;0;0;0;0;7;0;0;0;0;0;1;0;0;0;0;0;6;0;4;0;6
3551900;Severínia;SP;Mapeado;2026-09;103;172;29;61;16;32;50;98;21;46;8;23;0;0;0;1;0;8;1;1;0;0;3;3;0;0;0;0;0;0;1;1;3;20
3552007;Silveiras;SP;Mapeado;2026-09;41;63;10;26;15;24;16;34;5;15;5;12;0;0;0;0;0;2;0;0;0;1;0;0;0;0;0;0;0;1;0;0;0;1
3552106;Socorro;SP;Mapeado;2026-09;283;452;62;144;65;145;135;309;46;101;16;57;0;0;0;1;3;23;0;1;0;1;5;7;2;3;0;0;0;0;0;1;11;36
3552205;Sorocaba;SP;Mapeado;2026-09;5135;7800;922;1895;1602;2675;2254;4543;596;1398;326;703;0;0;6;33;82;292;12;42;1;88;97;127;3;14;1;2;1;56;8;37;146;615
3552304;Sud Mennucci;SP;Mapeado;2026-09;54;93;18;42;9;25;25;65;11;28;7;20;0;0;0;0;2;4;0;0;0;0;0;0;0;0;0;0;0;3;0;0;0;2
3552403;Sumaré;SP;Mapeado;2026-09;1637;2677;307;674;469;984;771;1726;194;466;113;277;0;0;1;4;35;119;2;8;0;9;15;22;1;2;0;0;4;21;2;12;30;132
3552502;Suzano;SP;Mapeado;2026-09;1961;3069;235;550;727;1265;850;1879;120;349;115;276;0;0;0;5;45;136;1;6;1;15;26;38;2;4;1;1;3;25;9;26;61;200
3552551;Suzanápolis;SP;Mapeado;2026-09;22;43;8;20;4;12;10;28;4;15;4;9;0;0;0;0;0;1;0;0;0;0;0;0;0;0;0;0;0;1;0;0;0;3
3548609;São Bento do Sapucaí;SP;Mapeado;2026-09;164;299;36;115;41;86;58;164;22;80;14;45;0;0;0;1;1;16;0;0;0;3;2;4;0;0;0;0;0;2;0;1;26;49
3548708;São Bernardo do Campo;SP;Mapeado;2026-09;4173;6863;544;1341;1622;2810;1693;3892;303;903;241;574;0;0;1;16;75;321;9;56;1;57;88;106;8;13;2;3;1;30;12;53;117;594
3548807;São Caetano do Sul;SP;Mapeado;2026-09;1266;2027;93;302;550;939;526;1190;80;254;13;62;0;0;0;1;17;66;2;22;1;22;33;49;1;1;0;0;0;5;0;13;43;208
3548906;São Carlos;SP;Mapeado;2026-09;1843;3012;359;850;566;1056;749;1772;227;608;132;335;0;0;4;14;51;145;3;17;0;37;35;48;1;6;1;1;1;32;3;23;70;264
3549003;São Francisco;SP;Mapeado;2026-09;13;27;3;12;2;4;8;19;2;9;1;4;0;0;0;0;0;0;0;0;0;0;0;0;0;0;0;0;0;0;0;0;0;4
3549409;São Joaquim da Barra;SP;Mapeado;2026-09;261;411;51;92;68;120;114;237;36;69;15;34;0;0;0;0;12;22;2;3;0;2;5;6;0;0;0;0;0;1;0;3;9;32
3549508;São José da Bela Vista;SP;Mapeado;2026-09;58;87;27;40;11;23;17;43;19;30;8;13;0;0;0;0;0;0;1;2;0;0;2;2;0;0;0;0;0;0;0;0;0;6
3549607;São José do Barreiro;SP;Mapeado;2026-09;38;77;9;27;13;32;15;45;4;19;5;14;0;0;0;1;0;7;0;0;0;2;1;1;0;0;0;0;0;1;0;0;0;5
3549706;São José do Rio Pardo;SP;Mapeado;2026-09;357;509;116;181;71;109;138;264;81;129;35;65;0;0;1;5;5;24;1;2;0;4;8;13;0;0;0;0;0;3;0;3;17;53
3549805;São José do Rio Preto;SP;Mapeado;2026-09;3557;5702;560;1399;1149;1941;1607;3341;449;1198;111;246;0;0;12;30;55;200;9;30;0;47;35;41;13;28;0;4;1;18;7;34;109;411
3549904;São José dos Campos;SP;Mapeado;2026-09;4370;7073;667;1594;1395;2555;2057;4516;494;1307;173;415;0;0;2;11;46;245;5;41;0;61;60;75;3;5;1;2;6;146;14;59;114;505
3549102;São João da Boa Vista;SP;Mapeado;2026-09;583;844;100;182;172;271;263;481;83;154;17;39;0;0;0;1;13;42;2;4;0;5;12;12;0;1;0;0;0;2;1;5;20;64
3549201;São João das Duas Pontes;SP;Mapeado;2026-09;16;27;6;16;4;10;6;19;3;12;3;6;0;0;0;0;0;2;0;0;0;0;0;0;0;0;0;0;0;0;0;0;0;2
3549250;São João de Iracema;SP;Mapeado;2026-09;21;40;8;22;3;17;9;30;6;16;2;10;0;0;0;0;0;3;0;0;0;0;1;2;0;0;0;0;0;0;0;0;0;2
3549300;São João do Pau d'Alho;SP;Mapeado;2026-09;12;14;4;10;2;3;6;7;4;7;0;4;0;0;0;0;0;1;0;0;0;0;0;0;0;0;0;0;0;0;0;0;0;0
3549953;São Lourenço da Serra;SP;Mapeado;2026-09;74;120;13;30;36;50;22;57;7;21;6;11;0;0;0;1;1;7;0;1;0;2;0;0;0;0;0;0;0;1;0;1;2;14
3550001;São Luiz do Paraitinga;SP;Mapeado;2026-09;101;200;25;101;28;65;39;129;18;70;7;50;0;0;0;1;5;20;0;5;0;4;2;2;0;1;0;0;0;2;0;1;2;22
3550100;São Manuel;SP;Mapeado;2026-09;248;386;88;172;46;94;93;195;52;103;36;90;0;0;0;0;9;24;0;1;0;5;6;6;0;0;0;0;0;2;1;5;5;21
3550209;São Miguel Arcanjo;SP;Mapeado;2026-09;214;365;69;140;45;84;86;239;41;86;28;63;0;0;0;1;6;21;0;0;0;1;5;5;0;2;0;0;0;13;0;4;3;21
3550308;São Paulo;SP;Mapeado;2026-09;84337;144989;9355;28008;33966;60253;34967;81529;5411;20275;3944;11366;0;0;107;406;1438;7393;163;2472;178;3473;1073;1600;82;175;10;35;89;619;460;1654;2449;12547
3550407;São Pedro;SP;Mapeado;2026-09;318;526;62;147;93;203;130;298;39;98;23;58;0;0;0;0;5;33;1;1;0;2;5;5;1;5;0;0;0;7;0;1;21;62
3550506;São Pedro do Turvo;SP;Mapeado;2026-09;47;75;18;37;9;14;19;46;8;18;10;20;0;0;0;0;0;2;0;0;0;0;1;1;0;0;0;0;0;2;0;0;0;6
3550605;São Roque;SP;Mapeado;2026-09;743;1257;173;476;245;475;268;754;117;353;56;171;0;0;0;3;16;51;2;10;1;10;14;18;1;6;0;0;1;69;2;13;20;114
3550704;São Sebastião;SP;Mapeado;2026-09;1153;1907;165;561;436;785;450;1144;113;406;52;208;0;0;0;8;22;110;0;10;1;27;25;33;0;1;0;0;0;11;1;12;53;154
3550803;São Sebastião da Grama;SP;Mapeado;2026-09;86;108;25;45;12;28;45;81;17;31;8;21;0;0;0;0;2;2;0;0;0;0;2;2;0;0;0;0;0;0;0;0;0;0
3550902;São Simão;SP;Mapeado;2026-09;93;152;21;55;23;41;42;84;11;34;10;22;0;0;0;0;1;10;0;2;0;3;5;5;0;0;0;0;0;0;0;0;1;11
3551009;São Vicente;SP;Mapeado;2026-09;4750;5771;596;954;2984;3384;952;2925;236;724;360;506;0;0;6;9;62;126;3;7;4;19;29;36;1;1;0;0;1;13;6;15;106;254
3552601;Tabapuã;SP;Mapeado;2026-09;49;91;19;43;6;25;22;56;15;30;4;15;0;0;0;1;1;4;0;0;0;0;1;1;0;1;0;0;0;0;0;0;0;7
3552700;Tabatinga;SP;Mapeado;2026-09;81;131;24;46;7;16;41;77;13;31;11;22;0;0;0;0;4;6;0;0;0;0;5;5;0;0;0;0;0;0;0;2;0;2
3552809;Taboão da Serra;SP;Mapeado;2026-09;1569;2470;293;633;562;981;619;1392;210;470;83;220;0;0;5;7;21;98;2;9;1;18;12;15;2;3;0;0;3;21;3;25;46;170
3552908;Taciba;SP;Mapeado;2026-09;39;71;13;30;9;20;17;51;8;24;5;19;0;0;0;0;0;1;0;0;0;0;0;0;0;0;0;0;0;0;0;0;0;2
3553005;Taguaí;SP;Mapeado;2026-09;94;121;32;51;13;34;45;76;25;35;7;20;0;0;0;0;3;7;0;0;0;0;0;0;0;0;0;0;0;0;0;0;1;6
3553104;Taiaçu;SP;Mapeado;2026-09;52;78;16;30;8;27;25;59;12;22;4;10;0;0;0;0;2;5;0;0;0;0;0;0;0;0;0;0;0;0;0;0;1;2
3553203;Taiúva;SP;Mapeado;2026-09;41;65;16;43;9;24;16;42;9;33;7;27;0;0;0;1;0;2;0;0;0;1;0;0;0;0;0;0;0;1;0;0;0;0
3553302;Tambaú;SP;Mapeado;2026-09;102;164;28;49;18;40;48;97;24;37;4;15;0;0;0;1;2;12;0;0;0;1;2;2;0;0;0;0;0;0;0;0;4;28
3553401;Tanabi;SP;Mapeado;2026-09;138;214;25;47;25;55;72;126;18;32;7;17;0;0;0;0;3;6;1;1;0;1;3;3;0;0;0;0;0;3;0;0;9;16
3553609;Tapiratiba;SP;Mapeado;2026-09;75;107;23;49;10;20;36;69;18;34;5;19;0;0;0;0;1;6;0;0;0;0;1;2;0;0;0;0;0;1;0;1;4;9
3553500;Tapiraí;SP;Mapeado;2026-09;53;70;7;16;11;23;34;50;5;13;2;3;0;0;0;0;0;2;0;0;0;0;1;1;0;0;0;0;0;0;0;0;0;2
3553658;Taquaral;SP;Mapeado;2026-09;17;23;9;12;4;4;4;15;6;9;3;4;0;0;0;0;0;0;0;0;0;0;0;0;0;0;0;0;0;1;0;0;0;1
3553708;Taquaritinga;SP;Mapeado;2026-09;329;476;83;194;62;131;134;286;64;144;19;62;0;0;6;13;32;62;1;1;0;4;6;7;0;0;0;0;0;4;1;2;4;20
3553807;Taquarituba;SP;Mapeado;2026-09;157;236;40;93;33;67;78;157;26;67;14;33;0;0;0;2;0;6;0;0;0;0;4;5;0;1;0;0;0;1;0;1;2;10
3553856;Taquarivaí;SP;Mapeado;2026-09;40;62;10;17;10;11;19;41;6;12;4;5;0;0;0;1;1;2;0;0;0;0;0;0;0;0;0;0;0;0;0;0;0;1
3553906;Tarabai;SP;Mapeado;2026-09;41;62;11;16;6;16;21;46;4;11;7;7;0;0;0;0;0;1;0;0;0;0;1;1;0;0;0;0;0;1;0;0;2;2
3553955;Tarumã;SP;Mapeado;2026-09;138;264;48;93;18;60;66;159;27;56;21;45;0;0;0;0;1;12;0;0;0;0;0;0;0;1;0;0;0;4;0;0;5;44
3554003;Tatuí;SP;Mapeado;2026-09;755;1103;137;320;175;333;397;714;114;256;23;79;0;0;3;4;10;34;1;1;0;6;6;7;1;2;0;0;0;15;0;6;25;84
3554102;Taubaté;SP;Mapeado;2026-09;2199;3378;410;795;664;1151;930;2039;263;561;147;318;0;0;2;8;56;189;2;15;0;39;54;73;2;9;1;2;0;21;5;23;73;253
3554201;Tejupá;SP;Mapeado;2026-09;23;31;11;17;2;3;10;17;6;10;5;7;0;0;0;0;0;0;0;0;0;0;0;0;0;0;0;0;0;0;0;0;0;1
3554300;Teodoro Sampaio;SP;Mapeado;2026-09;147;239;38;87;34;79;65;177;24;57;14;34;0;0;0;1;6;16;0;0;0;1;2;3;0;1;0;0;0;2;0;0;2;5
3554409;Terra Roxa;SP;Mapeado;2026-09;51;89;13;43;8;21;26;52;8;32;5;24;0;0;0;0;0;0;1;1;0;0;3;3;0;0;0;0;0;0;0;0;0;0
3554508;Tietê;SP;Mapeado;2026-09;258;385;81;134;50;95;95;217;44;79;37;61;0;0;0;1;5;12;0;0;0;1;16;17;0;0;0;0;0;1;1;3;10;29
3554607;Timburi;SP;Mapeado;2026-09;24;46;9;18;5;11;8;28;9;15;0;4;0;0;0;0;0;4;0;0;0;0;0;0;0;0;0;0;0;1;1;1;1;5
3554656;Torre de Pedra;SP;Mapeado;2026-09;20;41;4;10;6;14;8;22;1;5;3;6;0;0;0;1;0;4;0;0;0;0;0;0;0;0;0;0;0;1;0;0;2;5
3554706;Torrinha;SP;Mapeado;2026-09;67;99;28;50;14;32;22;55;21;35;7;17;0;0;0;0;0;2;0;0;0;0;1;1;0;1;0;0;0;1;0;0;2;8
3554755;Trabiju;SP;Mapeado;2026-09;14;32;1;11;3;7;10;23;0;5;1;9;0;0;0;0;0;2;0;0;0;0;0;0;0;0;0;0;0;1;0;0;0;4
3554805;Tremembé;SP;Mapeado;2026-09;221;372;38;84;60;114;102;216;24;58;14;39;0;0;0;5;9;27;0;2;0;4;5;8;0;0;0;0;0;1;1;2;6;35
3554904;Três Fronteiras;SP;Mapeado;2026-09;46;77;14;24;5;16;17;44;9;21;5;14;0;0;0;0;3;6;0;3;0;0;0;0;1;1;0;0;0;0;0;0;6;11
3554953;Tuiuti;SP;Mapeado;2026-09;41;72;17;36;9;21;14;42;15;33;2;5;0;0;0;0;0;3;0;0;0;0;1;1;0;1;0;0;0;0;0;0;0;7
3555109;Tupi Paulista;SP;Mapeado;2026-09;68;123;25;47;11;23;28;68;18;33;7;20;0;0;0;0;0;2;0;0;0;1;2;2;0;0;0;0;1;1;0;0;1;15
3555000;Tupã;SP;Mapeado;2026-09;350;505;78;149;77;150;168;297;63;122;15;38;0;0;0;0;3;16;0;4;1;3;16;21;2;6;0;0;0;2;1;6;4;34
3555208;Turiúba;SP;Mapeado;2026-09;12;20;5;5;3;5;3;10;4;4;1;1;0;0;0;0;1;1;0;0;0;0;0;0;0;0;0;0;0;0;0;0;0;2
3555307;Turmalina;SP;Mapeado;2026-09;6;13;2;6;0;5;3;10;1;4;1;4;0;0;0;0;0;0;0;0;0;0;1;1;0;0;0;0;0;0;0;0;0;1
3555356;Ubarana;SP;Mapeado;2026-09;30;49;5;22;7;12;18;32;4;16;1;9;0;0;0;0;0;4;0;0;0;0;0;0;0;0;0;0;0;0;0;0;0;1
3555406;Ubatuba;SP;Mapeado;2026-09;1516;2436;190;612;497;848;742;1638;125;474;65;181;0;0;1;6;21;100;1;12;1;12;16;22;5;6;0;0;0;14;1;12;41;174
3555505;Ubirajara;SP;Mapeado;2026-09;51;73;26;46;3;19;22;54;5;16;21;33;0;0;0;0;0;1;0;0;0;0;0;0;0;0;0;0;0;4;0;0;0;3
3555604;Uchoa;SP;Mapeado;2026-09;84;128;28;47;19;37;32;85;22;38;6;12;0;0;0;0;0;0;0;0;0;0;5;5;0;0;0;0;0;0;0;0;0;3
3555703;União Paulista;SP;Mapeado;2026-09;5;18;0;10;0;3;4;12;0;3;0;7;0;0;0;0;0;0;0;0;0;0;1;1;0;0;0;0;0;0;0;1;0;2
3555901;Uru;SP;Mapeado;2026-09;8;15;2;6;0;3;5;11;2;4;0;2;0;0;0;0;0;0;0;0;0;0;1;1;0;0;0;0;0;0;0;0;0;0
3556008;Urupês;SP;Mapeado;2026-09;99;148;25;48;14;32;58;97;21;39;4;10;0;0;0;0;1;6;0;0;0;0;1;2;0;0;0;0;0;0;0;0;0;4
3555802;Urânia;SP;Mapeado;2026-09;64;82;19;24;18;25;26;45;18;24;1;1;0;0;0;0;0;1;0;0;0;0;1;1;0;1;0;0;0;1;0;0;0;4
3556107;Valentim Gentil;SP;Mapeado;2026-09;82;131;27;57;17;34;36;92;15;36;12;25;0;0;0;1;1;2;0;0;0;0;1;1;0;0;0;0;0;1;0;4;0;2
3556206;Valinhos;SP;Mapeado;2026-09;671;1164;118;247;198;367;288;660;87;188;31;91;0;0;3;3;12;56;3;14;1;16;21;24;1;7;0;0;0;13;0;9;26;121
3556305;Valparaíso;SP;Mapeado;2026-09;122;211;29;79;26;64;60;121;20;52;9;32;0;0;0;0;4;14;0;0;0;1;1;2;0;0;0;0;0;0;0;1;2;9
3556354;Vargem;SP;Mapeado;2026-09;77;112;16;32;19;44;36;81;6;20;10;16;0;0;0;1;0;6;0;0;0;0;1;1;0;0;0;0;0;1;0;1;5;8
3556453;Vargem Grande Paulista;SP;Mapeado;2026-09;312;541;40;125;132;212;114;324;28;95;12;37;0;0;0;0;4;15;1;2;0;10;3;4;2;3;1;1;0;1;3;7;12;39
3556404;Vargem Grande do Sul;SP;Mapeado;2026-09;243;332;95;144;26;47;102;174;61;94;34;51;0;0;1;2;4;17;0;0;0;2;3;5;5;5;0;0;0;1;1;2;6;19
3556602;Vera Cruz;SP;Mapeado;2026-09;58;86;9;28;12;20;33;53;7;20;2;10;0;0;1;2;2;5;0;0;0;0;1;1;0;0;0;0;0;0;0;0;0;8
3556701;Vinhedo;SP;Mapeado;2026-09;518;913;76;183;141;276;250;587;50;136;26;62;0;0;0;2;10;49;0;4;1;19;17;19;1;3;0;0;0;6;0;7;22;86
3556800;Viradouro;SP;Mapeado;2026-09;94;180;26;69;18;52;41;93;19;52;7;22;0;0;0;2;3;8;1;1;0;1;4;4;0;0;0;0;0;2;0;2;1;10
3556909;Vista Alegre do Alto;SP;Mapeado;2026-09;68;99;20;35;11;25;34;68;16;30;4;7;0;0;0;0;1;4;0;0;0;0;1;1;0;0;0;0;0;0;0;0;1;4
3556958;Vitória Brasil;SP;Mapeado;2026-09;19;25;5;7;2;5;12;23;4;5;1;3;0;0;0;0;0;1;0;0;0;0;0;0;0;0;0;0;0;0;0;0;0;1
3557006;Votorantim;SP;Mapeado;2026-09;797;1175;196;319;199;327;346;638;155;258;41;82;0;0;0;3;22;57;2;6;0;15;11;15;1;5;0;0;4;13;1;6;15;79
3557105;Votuporanga;SP;Mapeado;2026-09;528;882;117;312;134;257;214;484;82;234;35;101;0;0;0;2;30;55;1;3;0;3;13;16;0;3;0;0;1;70;2;7;16;80
3556503;Várzea Paulista;SP;Mapeado;2026-09;655;1022;134;276;188;313;302;654;80;203;54;108;0;0;0;0;9;47;2;2;0;1;2;2;1;3;0;0;0;8;0;2;17;57
3557154;Zacarias;SP;Mapeado;2026-09;12;22;3;9;3;8;6;15;3;7;0;3;0;0;0;0;0;0;0;0;0;0;0;0;0;0;0;0;0;1;0;0;0;0
3500402;Águas da Prata;SP;Mapeado;2026-09;84;132;16;26;21;31;42;97;10;16;6;11;0;0;0;0;1;7;0;0;0;2;2;2;1;2;0;0;0;1;1;2;0;8
3500501;Águas de Lindóia;SP;Mapeado;2026-09;200;318;27;75;57;120;98;219;18;56;9;32;0;0;0;2;4;19;0;0;0;0;1;3;0;2;0;0;0;3;0;2;13;41
3500550;Águas de Santa Bárbara;SP;Mapeado;2026-09;65;111;11;29;19;35;27;70;6;18;5;14;0;0;0;0;2;8;0;0;0;0;4;5;0;0;0;0;0;1;0;1;2;7
3500600;Águas de São Pedro;SP;Mapeado;2026-09;72;126;2;27;25;56;42;94;2;20;0;10;0;0;0;0;0;3;0;0;0;0;0;0;0;0;0;0;0;0;0;2;3;10
3501202;Álvares Florence;SP;Mapeado;2026-09;23;41;8;21;2;8;12;29;3;13;5;13;0;0;0;0;1;3;0;0;0;0;0;1;0;0;0;0;0;0;0;0;0;4
3501301;Álvares Machado;SP;Mapeado;2026-09;136;206;35;64;29;49;65;125;30;51;5;15;0;0;0;0;1;4;0;1;0;1;3;4;0;0;0;0;0;0;0;0;3;7
3501400;Álvaro de Carvalho;SP;Mapeado;2026-09;21;28;11;15;4;8;6;16;8;12;3;5;0;0;0;0;0;1;0;0;0;0;0;0;0;0;0;0;0;0;0;1;0;1
3533809;Óleo;SP;Mapeado;2026-09;11;18;6;8;0;1;5;11;4;6;2;2;0;0;0;0;0;2;0;0;0;0;0;0;0;0;0;0;0;0;0;0;0;1
1700251;Abreulândia;TO;Mapeado;2026-09;7;17;2;5;1;9;4;11;2;4;0;1;0;0;0;0;0;2;0;0;0;0;0;0;0;0;0;0;0;0;0;0;0;1
1700301;Aguiarnópolis;TO;Mapeado;2026-09;33;42;19;26;8;20;6;17;5;14;14;20;0;0;0;0;0;6;0;0;0;0;0;0;0;0;0;0;0;0;0;0;0;0
1700350;Aliança do Tocantins;TO;Mapeado;2026-09;25;59;3;10;6;20;14;43;3;8;0;4;0;0;0;0;1;7;0;0;0;1;0;1;0;0;0;0;0;0;1;1;0;1
1700400;Almas;TO;Mapeado;2026-09;40;70;5;21;13;30;21;46;2;18;3;6;0;0;0;1;0;4;0;0;0;0;0;1;0;0;0;0;0;0;0;0;1;1
1700707;Alvorada;TO;Mapeado;2026-09;69;135;12;46;34;64;20;102;6;35;6;24;0;0;0;0;1;9;0;1;0;2;2;2;0;2;0;0;0;0;0;0;0;0
1701002;Ananás;TO;Mapeado;2026-09;33;70;8;24;10;33;12;41;2;11;6;18;0;0;0;1;1;8;0;0;0;1;0;3;1;2;0;0;0;0;0;1;1;2
1701051;Angico;TO;Mapeado;2026-09;6;17;0;5;4;7;1;10;0;2;0;3;0;0;0;0;1;2;0;0;0;0;0;0;0;0;0;0;0;1;0;0;0;0
1701101;Aparecida do Rio Negro;TO;Mapeado;2026-09;30;52;7;27;14;26;9;35;0;11;7;24;0;0;0;0;0;5;0;0;0;0;0;0;0;0;0;0;0;4;0;0;0;1
1701309;Aragominas;TO;Mapeado;2026-09;9;17;2;3;3;6;3;10;1;3;1;1;0;0;0;0;0;1;0;0;0;0;1;1;0;0;0;0;0;0;0;0;0;0
1701903;Araguacema;TO;Mapeado;2026-09;29;52;6;14;10;23;10;26;4;10;2;4;0;0;0;0;1;2;0;1;0;0;2;3;0;0;0;0;0;1;0;1;0;2
1702158;Araguanã;TO;Mapeado;2026-09;20;40;4;12;8;17;8;27;1;6;3;7;0;0;0;0;0;3;0;0;0;0;0;0;0;0;0;0;0;1;0;0;0;1
1702208;Araguatins;TO;Mapeado;2026-09;93;176;7;55;40;87;34;108;3;30;4;29;0;0;0;0;5;33;0;0;0;1;5;7;0;0;0;0;0;0;1;4;1;3
1702000;Araguaçu;TO;Mapeado;2026-09;30;64;7;16;8;21;12;45;3;6;4;10;0;0;0;0;1;5;0;0;0;0;2;2;0;0;0;0;0;0;0;0;0;0
1702109;Araguaína;TO;Mapeado;2026-09;1028;1855;179;529;393;823;369;1079;94;358;85;271;0;0;0;7;48;199;4;14;0;28;13;27;1;9;1;1;2;11;3;11;15;101
1702307;Arapoema;TO;Mapeado;2026-09;28;68;11;31;6;35;11;46;5;19;6;13;0;0;0;0;0;7;0;0;0;0;0;0;0;0;0;0;0;1;0;1;0;1
1702406;Arraias;TO;Mapeado;2026-09;68;98;22;41;13;32;25;64;13;28;9;17;0;0;0;1;3;7;0;0;0;0;4;4;0;0;0;0;0;1;0;0;1;2
1702554;Augustinópolis;TO;Mapeado;2026-09;99;164;37;63;26;58;27;82;8;26;29;47;0;0;0;0;7;31;0;1;0;0;1;3;0;0;0;0;0;0;0;0;1;7
1702703;Aurora do Tocantins;TO;Mapeado;2026-09;19;45;1;19;10;23;8;29;1;14;0;8;0;0;0;0;0;4;0;0;0;0;0;0;0;0;0;0;0;0;0;0;0;1
1702901;Axixá do Tocantins;TO;Mapeado;2026-09;20;57;1;18;13;27;5;31;1;11;0;9;0;0;1;2;0;7;0;1;0;1;0;3;0;0;0;0;0;0;0;0;0;2
1703008;Babaçulândia;TO;Mapeado;2026-09;31;56;5;23;13;25;8;28;2;10;3;16;0;0;0;0;1;6;0;0;0;0;2;2;0;2;0;0;0;2;0;0;2;5
1703057;Bandeirantes do Tocantins;TO;Mapeado;2026-09;6;14;2;5;1;5;3;11;1;3;1;2;0;0;0;0;0;0;0;0;0;0;0;0;0;0;0;0;0;0;0;0;0;0
1703073;Barra do Ouro;TO;Mapeado;2026-09;12;24;2;8;5;8;4;10;0;5;2;6;0;0;0;0;0;3;0;0;0;0;0;0;0;0;0;0;0;0;0;0;1;2
1703107;Barrolândia;TO;Mapeado;2026-09;28;49;3;11;17;30;7;32;2;9;1;5;0;0;0;0;0;0;0;0;0;0;0;0;0;0;0;0;0;0;0;0;1;1
1703206;Bernardo Sayão;TO;Mapeado;2026-09;10;29;1;11;3;10;6;17;0;7;1;5;0;0;0;0;0;1;0;0;0;0;0;0;0;0;0;0;0;0;0;0;0;2
1703305;Bom Jesus do Tocantins;TO;Mapeado;2026-09;12;35;5;17;2;12;5;23;0;7;5;11;0;0;0;0;0;9;0;0;0;0;0;2;0;0;0;0;0;1;0;0;0;1
1703602;Brasilândia do Tocantins;TO;Mapeado;2026-09;15;22;2;5;10;12;2;15;2;3;0;3;0;0;0;0;0;0;0;0;0;0;1;1;0;0;0;0;0;1;0;0;0;0
1703701;Brejinho de Nazaré;TO;Mapeado;2026-09;22;43;5;15;7;20;9;27;2;11;3;9;0;0;0;0;1;1;0;0;0;1;0;0;0;0;0;0;0;0;0;0;0;1
1703800;Buriti do Tocantins;TO;Mapeado;2026-09;25;57;7;26;7;22;10;30;3;16;4;14;0;0;0;0;1;5;0;0;0;0;0;1;0;0;0;0;0;0;0;0;0;2
1703826;Cachoeirinha;TO;Mapeado;2026-09;7;17;1;7;2;3;3;11;1;4;0;3;0;0;0;0;0;2;0;0;0;0;1;1;0;0;0;0;0;0;0;0;0;0
1703842;Campos Lindos;TO;Mapeado;2026-09;22;42;2;14;13;23;6;21;0;10;2;7;0;0;0;1;0;5;0;0;0;0;1;1;0;1;0;0;0;0;0;0;0;0
1703867;Cariri do Tocantins;TO;Mapeado;2026-09;23;37;3;10;13;23;7;23;1;5;2;5;0;0;0;0;0;2;0;0;0;1;0;0;0;0;0;0;0;0;0;1;0;0
1703883;Carmolândia;TO;Mapeado;2026-09;6;19;0;4;1;7;5;17;0;4;0;0;0;0;0;0;0;2;0;0;0;0;0;0;0;0;0;0;0;1;0;0;0;0
1703891;Carrasco Bonito;TO;Mapeado;2026-09;3;7;0;1;0;1;3;6;0;0;0;1;0;0;0;0;0;1;0;0;0;0;0;0;0;0;0;0;0;0;0;0;0;0
1703909;Caseara;TO;Mapeado;2026-09;33;65;6;21;12;32;13;33;2;14;4;9;0;0;0;0;2;6;0;0;0;0;0;0;0;0;0;0;0;0;0;1;0;4
1704105;Centenário;TO;Mapeado;2026-09;4;10;1;4;3;5;0;4;1;2;0;2;0;0;0;0;0;1;0;0;0;0;0;0;0;0;0;0;0;0;0;0;0;1
1705102;Chapada da Natividade;TO;Mapeado;2026-09;9;24;0;8;5;11;4;18;0;7;0;4;0;0;0;0;0;4;0;0;0;0;0;2;0;0;0;0;0;0;0;0;0;1
1704600;Chapada de Areia;TO;Mapeado;2026-09;5;8;0;2;1;3;3;5;0;1;0;1;0;0;0;0;1;1;0;0;0;0;0;0;0;0;0;0;0;0;0;0;0;0
1705508;Colinas do Tocantins;TO;Mapeado;2026-09;225;423;60;136;80;189;71;281;23;73;37;78;0;0;0;2;5;25;0;0;1;1;6;7;0;1;0;1;0;4;0;2;2;9
1716703;Colméia;TO;Mapeado;2026-09;40;76;8;27;10;24;21;48;4;21;4;15;0;0;0;0;1;5;0;0;0;0;0;1;0;0;0;0;0;1;0;0;0;1
1705557;Combinado;TO;Mapeado;2026-09;29;75;4;21;5;14;17;61;2;11;2;11;0;0;0;0;2;5;0;0;0;0;1;1;0;0;0;0;0;0;0;0;0;2
1705607;Conceição do Tocantins;TO;Mapeado;2026-09;9;28;1;2;3;10;5;18;0;1;1;1;0;0;0;0;0;1;0;0;0;0;0;0;0;0;0;0;0;0;0;1;0;1
1706001;Couto Magalhães;TO;Mapeado;2026-09;22;44;2;12;9;18;9;23;1;7;1;6;0;0;0;0;0;1;0;0;0;0;0;0;0;0;0;0;1;2;0;1;1;2
1706100;Cristalândia;TO;Mapeado;2026-09;26;50;1;13;6;20;15;33;0;9;1;4;0;0;0;0;1;3;0;0;1;1;1;1;0;0;0;0;0;0;0;1;1;3
1706258;Crixás do Tocantins;TO;Mapeado;2026-09;9;23;1;6;5;12;3;13;0;3;1;3;0;0;0;0;0;3;0;0;0;0;0;0;0;0;0;0;0;0;0;0;0;0
1706506;Darcinópolis;TO;Mapeado;2026-09;19;42;3;15;8;26;7;28;0;12;3;12;0;0;0;0;0;6;0;0;0;0;0;0;0;0;0;0;0;2;0;0;1;3
1707009;Dianópolis;TO;Mapeado;2026-09;88;181;21;56;18;52;43;109;8;36;13;23;0;0;0;1;2;22;0;2;0;2;3;4;0;1;0;0;0;1;1;2;0;10
1707108;Divinópolis do Tocantins;TO;Mapeado;2026-09;35;82;5;20;12;30;18;57;5;17;0;7;0;0;0;0;0;8;0;0;0;0;0;0;0;0;0;0;0;1;0;0;0;2
1707207;Dois Irmãos do Tocantins;TO;Mapeado;2026-09;19;37;3;6;6;12;10;25;3;6;0;0;0;0;0;0;0;6;0;0;0;0;0;0;0;0;0;0;0;0;0;0;0;2
1707306;Dueré;TO;Mapeado;2026-09;15;28;5;16;3;11;7;21;2;9;3;8;0;0;0;0;0;2;0;0;0;0;0;0;0;0;0;0;0;0;0;0;0;0
1707405;Esperantina;TO;Mapeado;2026-09;19;38;8;17;4;14;6;23;2;6;6;12;0;0;0;0;1;3;0;0;0;0;0;0;0;0;0;0;0;0;0;0;0;0
1707652;Figueirópolis;TO;Mapeado;2026-09;25;51;6;16;12;20;6;34;3;7;3;10;0;0;0;0;1;7;0;0;0;1;0;0;0;0;0;0;0;0;0;0;0;2
1707702;Filadélfia;TO;Mapeado;2026-09;26;59;2;23;12;25;10;28;0;9;2;16;0;0;0;0;1;1;0;0;0;0;0;1;0;0;0;0;0;1;0;0;1;2
1708205;Formoso do Araguaia;TO;Mapeado;2026-09;87;217;19;81;28;103;34;135;5;44;14;43;0;0;1;3;4;20;0;0;0;5;0;0;0;4;0;0;1;3;0;0;0;8
1707553;Fátima;TO;Mapeado;2026-09;15;36;3;7;5;16;7;24;2;5;1;2;0;0;0;0;0;1;0;0;0;0;0;0;0;0;0;0;0;0;0;1;0;1
1708304;Goianorte;TO;Mapeado;2026-09;13;35;1;12;6;16;5;28;1;11;0;5;0;0;0;0;0;2;0;0;0;0;0;0;0;0;0;0;1;3;0;0;0;0
1709005;Goiatins;TO;Mapeado;2026-09;27;57;1;12;12;27;13;39;1;9;0;8;0;0;0;0;0;4;0;0;0;1;1;1;0;0;0;0;0;0;0;0;0;1
1709302;Guaraí;TO;Mapeado;2026-09;166;270;49;101;45;87;60;147;29;73;20;46;0;0;0;0;7;21;0;2;0;0;4;5;0;1;0;0;0;0;0;1;1;11
1709500;Gurupi;TO;Mapeado;2026-09;510;873;90;258;179;361;176;480;62;193;28;96;0;0;2;7;31;80;3;9;0;6;17;20;0;2;0;0;2;9;4;7;6;48
1709807;Ipueiras;TO;Mapeado;2026-09;7;18;1;6;3;11;2;12;0;2;1;4;0;0;0;0;1;2;0;0;0;0;0;0;0;0;0;0;0;0;0;0;0;0
1710508;Itacajá;TO;Mapeado;2026-09;20;49;8;23;4;16;8;25;1;13;7;15;0;0;0;0;0;3;0;0;0;0;0;0;0;0;0;0;0;0;0;1;0;1
1710706;Itaguatins;TO;Mapeado;2026-09;11;24;4;10;4;14;3;7;1;7;3;5;0;0;0;0;0;6;0;0;0;0;0;0;0;0;0;0;0;0;0;0;0;1
1710904;Itapiratins;TO;Mapeado;2026-09;8;16;3;8;2;6;3;8;0;2;3;7;0;0;0;0;0;0;0;0;0;0;0;0;0;0;0;0;0;1;0;0;0;0
1711100;Itaporã do Tocantins;TO;Mapeado;2026-09;3;14;1;5;0;4;2;10;0;4;1;1;0;0;0;0;0;0;0;0;0;0;0;1;0;0;0;0;0;1;0;0;0;0
1711506;Jaú do Tocantins;TO;Mapeado;2026-09;14;32;1;10;4;12;7;21;0;7;1;4;0;0;0;0;0;2;0;0;0;0;2;2;0;0;0;0;0;1;0;0;0;0
1711803;Juarina;TO;Mapeado;2026-09;10;17;0;4;6;9;3;10;0;1;0;3;0;0;0;0;1;4;0;0;0;0;0;0;0;0;0;0;0;0;0;0;0;2
1711902;Lagoa da Confusão;TO;Mapeado;2026-09;86;157;22;63;33;68;28;79;5;36;17;39;0;0;0;0;1;17;0;0;0;1;2;3;0;0;0;0;0;4;0;0;0;5
1711951;Lagoa do Tocantins;TO;Mapeado;2026-09;16;32;2;13;8;21;6;20;0;4;2;12;0;0;0;0;0;3;0;0;0;0;0;0;0;0;0;0;0;1;0;0;0;0
1712009;Lajeado;TO;Mapeado;2026-09;32;76;4;26;15;34;7;39;1;10;3;17;0;0;0;0;4;18;0;0;0;2;2;2;0;0;0;0;0;1;0;1;0;8
1712157;Lavandeira;TO;Mapeado;2026-09;9;26;2;9;4;14;3;13;0;4;2;6;0;0;0;1;0;5;0;1;0;0;0;1;0;2;0;0;0;3;0;0;0;4
1712405;Lizarda;TO;Mapeado;2026-09;6;16;2;4;2;7;1;8;1;3;1;2;0;0;0;0;1;1;0;0;0;0;0;0;0;0;0;0;0;0;0;0;0;0
1712454;Luzinópolis;TO;Mapeado;2026-09;9;19;1;7;5;12;3;7;1;4;0;4;0;0;0;0;0;1;0;0;0;1;0;0;0;0;0;0;0;0;0;0;0;0
1712504;Marianópolis do Tocantins;TO;Mapeado;2026-09;26;49;9;20;9;18;8;25;3;11;6;9;0;0;0;0;0;2;0;0;0;0;0;0;0;0;0;0;0;0;0;0;0;2
1712702;Mateiros;TO;Mapeado;2026-09;41;92;6;30;24;59;10;47;1;17;5;15;0;0;0;0;0;2;0;0;0;3;0;1;0;0;0;0;0;0;0;0;1;2
1712801;Maurilândia do Tocantins;TO;Mapeado;2026-09;6;16;0;2;2;6;3;7;0;2;0;0;0;0;0;0;1;3;0;0;0;0;0;0;0;0;0;0;0;0;0;0;0;1
1713205;Miracema do Tocantins;TO;Mapeado;2026-09;117;225;16;64;33;69;60;137;7;40;9;34;0;0;0;0;5;35;0;2;0;3;3;3;0;0;0;0;0;0;0;2;0;11
1713304;Miranorte;TO;Mapeado;2026-09;87;128;26;45;24;43;33;70;18;34;8;13;0;0;0;0;1;10;0;1;0;1;3;4;0;0;0;0;0;1;0;0;0;3
1713700;Monte Santo do Tocantins;TO;Mapeado;2026-09;12;20;1;6;4;11;6;15;0;3;1;3;0;0;0;0;0;0;0;0;0;0;1;1;0;0;0;0;0;0;0;0;0;1
1713601;Monte do Carmo;TO;Mapeado;2026-09;24;53;9;29;5;22;9;34;3;17;6;14;0;0;0;1;0;6;0;0;1;1;0;0;0;0;0;0;0;3;0;0;0;2
1713957;Muricilândia;TO;Mapeado;2026-09;6;14;2;7;3;8;1;9;1;3;1;5;0;0;0;0;0;3;0;0;0;0;0;0;0;0;0;0;0;0;0;0;0;0
1714203;Natividade;TO;Mapeado;2026-09;42;100;8;33;22;56;9;52;6;20;2;19;0;0;0;0;2;17;0;0;0;2;0;1;0;0;0;0;0;0;1;1;0;1
1714302;Nazaré;TO;Mapeado;2026-09;1;13;0;3;1;3;0;8;0;1;0;2;0;0;0;0;0;2;0;0;0;0;0;0;0;0;0;0;0;0;0;0;0;0
1714880;Nova Olinda;TO;Mapeado;2026-09;51;117;15;51;17;55;17;77;6;25;9;38;0;0;0;0;1;6;0;0;0;0;1;1;0;0;0;0;0;1;0;0;0;1
1715002;Nova Rosalândia;TO;Mapeado;2026-09;12;32;2;10;7;12;2;13;2;7;0;4;0;0;0;0;1;5;0;0;0;1;0;0;0;0;0;0;0;1;0;1;0;1
1715101;Novo Acordo;TO;Mapeado;2026-09;24;60;4;23;13;34;3;27;3;10;1;13;0;0;0;0;2;9;0;0;1;1;0;0;0;0;0;0;0;0;0;0;1;2
1715150;Novo Alegre;TO;Mapeado;2026-09;7;15;1;2;0;2;5;12;1;2;0;0;0;0;0;0;0;0;0;0;0;0;1;1;0;0;0;0;0;0;0;0;0;0
1715259;Novo Jardim;TO;Mapeado;2026-09;13;20;3;7;5;10;5;15;2;4;1;4;0;0;0;0;0;3;0;0;0;0;0;0;0;0;0;0;0;0;0;0;0;0
1715507;Oliveira de Fátima;TO;Mapeado;2026-09;3;12;1;4;1;3;1;8;1;3;0;2;0;0;0;0;0;1;0;0;0;1;0;0;0;0;0;0;0;0;0;0;0;0
1721000;Palmas;TO;Mapeado;2026-09;2435;4507;331;1097;976;1978;972;2639;185;772;146;494;0;0;3;16;49;299;3;55;2;88;30;52;3;11;1;4;4;35;6;30;55;333
1715705;Palmeirante;TO;Mapeado;2026-09;12;32;3;9;2;14;5;20;0;3;3;6;0;0;0;0;1;2;0;0;0;0;0;0;0;0;0;0;0;0;0;0;1;2
1713809;Palmeiras do Tocantins;TO;Mapeado;2026-09;13;21;3;7;6;9;4;11;0;4;3;5;0;0;0;0;0;3;0;0;0;0;0;0;0;0;0;0;0;0;0;0;0;1
1715754;Palmeirópolis;TO;Mapeado;2026-09;41;80;12;27;9;29;17;53;7;17;5;15;0;0;0;1;1;13;0;0;0;1;1;2;0;0;0;0;0;0;0;1;1;5
1716208;Paranã;TO;Mapeado;2026-09;34;86;8;35;17;38;9;58;2;22;6;25;0;0;0;0;0;8;0;0;0;0;0;0;0;0;0;0;0;0;0;0;0;4
1716109;Paraíso do Tocantins;TO;Mapeado;2026-09;408;709;103;225;125;290;151;414;55;142;48;113;0;0;0;0;16;69;0;1;0;5;8;13;1;3;0;0;0;4;1;13;3;37
1716307;Pau D'Arco;TO;Mapeado;2026-09;13;39;1;13;7;16;5;21;0;6;1;9;0;0;0;1;0;4;0;0;0;0;0;0;0;0;0;0;0;2;0;0;0;1
1716505;Pedro Afonso;TO;Mapeado;2026-09;118;231;34;97;40;98;40;153;16;68;18;36;0;0;0;0;2;20;0;0;0;1;1;3;0;1;0;0;0;2;0;1;1;11
1716604;Peixe;TO;Mapeado;2026-09;31;92;11;36;8;38;7;46;5;25;6;14;0;0;0;0;3;13;0;0;0;0;1;1;0;0;0;0;0;2;0;0;1;3
1716653;Pequizeiro;TO;Mapeado;2026-09;16;45;3;14;7;16;5;31;1;11;2;6;0;0;0;0;1;4;0;0;0;2;0;0;0;0;0;0;0;0;0;0;0;4
1717008;Pindorama do Tocantins;TO;Mapeado;2026-09;17;44;1;13;7;21;8;30;1;9;0;5;0;0;0;0;1;4;0;1;0;0;0;0;0;0;0;0;0;0;0;0;0;2
1717206;Piraquê;TO;Mapeado;2026-09;5;12;0;3;2;5;2;9;0;2;0;2;0;0;0;0;0;1;0;0;0;0;1;1;0;0;0;0;0;0;0;0;0;0
1717503;Pium;TO;Mapeado;2026-09;31;56;11;22;8;16;10;31;6;14;5;11;0;0;0;0;1;7;0;0;0;0;1;2;0;0;0;0;0;2;0;1;0;0
1717800;Ponte Alta do Bom Jesus;TO;Mapeado;2026-09;8;29;3;13;2;14;3;18;2;9;1;6;0;0;0;0;0;2;0;0;0;0;0;0;0;0;0;0;0;1;0;1;0;0
1717909;Ponte Alta do Tocantins;TO;Mapeado;2026-09;30;67;9;23;9;29;11;33;4;13;5;13;0;0;0;0;0;4;0;0;0;0;0;0;0;0;0;0;0;1;0;0;1;4
1718006;Porto Alegre do Tocantins;TO;Mapeado;2026-09;9;20;1;6;3;7;4;15;0;2;1;5;0;0;0;0;1;3;0;0;0;0;0;0;0;0;0;0;0;1;0;0;0;1
1718204;Porto Nacional;TO;Mapeado;2026-09;415;771;79;227;149;290;152;409;42;157;37;113;0;0;0;3;22;74;0;9;1;8;9;15;0;1;0;0;0;6;0;1;3;46
1718303;Praia Norte;TO;Mapeado;2026-09;3;17;0;1;2;6;0;7;0;0;0;1;0;0;0;0;1;2;0;0;0;0;0;0;0;0;0;0;0;1;0;1;0;1
1718402;Presidente Kennedy;TO;Mapeado;2026-09;13;28;1;3;5;14;7;20;0;3;1;1;0;0;0;0;0;1;0;0;0;0;0;0;0;0;0;0;0;0;0;0;0;1
1718451;Pugmil;TO;Mapeado;2026-09;12;27;1;6;7;11;4;17;1;5;0;2;0;0;0;0;0;2;0;0;0;0;0;0;0;0;0;0;0;0;0;0;0;1
1718501;Recursolândia;TO;Mapeado;2026-09;9;18;4;8;4;10;1;10;2;6;2;4;0;0;0;0;0;2;0;0;0;0;0;0;0;0;0;0;0;0;0;0;0;0
1718550;Riachinho;TO;Mapeado;2026-09;3;7;0;2;0;2;3;6;0;1;0;1;0;0;0;0;0;0;0;0;0;0;0;0;0;0;0;0;0;0;0;0;0;0
1718758;Rio Sono;TO;Mapeado;2026-09;9;26;2;6;3;15;3;11;1;3;1;3;0;0;0;0;1;3;0;0;0;1;0;0;0;0;0;0;0;0;0;1;0;1
1718659;Rio da Conceição;TO;Mapeado;2026-09;16;36;5;14;3;19;8;21;1;5;4;10;0;0;0;0;0;4;0;0;0;0;0;0;0;1;0;0;0;0;0;0;0;2
1718709;Rio dos Bois;TO;Mapeado;2026-09;8;17;1;5;3;9;4;11;0;4;1;2;0;0;0;0;0;1;0;0;0;0;0;0;0;0;0;0;0;0;0;0;0;1
1718808;Sampaio;TO;Mapeado;2026-09;12;24;2;10;7;13;3;9;0;4;2;6;0;0;0;0;0;1;0;0;0;0;0;0;0;0;0;0;0;0;0;0;0;0
1718840;Sandolândia;TO;Mapeado;2026-09;18;42;5;17;6;15;7;29;2;10;3;9;0;0;0;0;0;2;0;0;0;1;0;0;0;0;0;0;0;2;0;0;0;0
1718865;Santa Fé do Araguaia;TO;Mapeado;2026-09;16;54;2;18;6;17;8;35;0;12;2;7;0;0;0;0;0;5;0;0;0;0;0;0;0;0;0;0;0;0;0;0;0;4
1718881;Santa Maria do Tocantins;TO;Mapeado;2026-09;6;17;1;3;4;9;1;10;1;2;0;1;0;0;0;0;0;1;0;0;0;0;0;0;0;0;0;0;0;0;0;0;0;3
1718899;Santa Rita do Tocantins;TO;Mapeado;2026-09;7;13;1;8;5;7;1;9;1;6;0;3;0;0;0;0;0;1;0;0;0;0;0;0;0;0;0;0;0;0;0;0;0;0
1718907;Santa Rosa do Tocantins;TO;Mapeado;2026-09;20;37;3;9;9;14;8;20;0;5;3;4;0;0;0;0;0;0;0;0;0;0;0;0;0;0;0;0;0;0;0;0;0;0
1719004;Santa Tereza do Tocantins;TO;Mapeado;2026-09;11;28;2;11;3;7;6;15;2;5;0;8;0;0;0;0;0;6;0;0;0;0;0;0;0;0;0;0;0;2;0;0;0;0
1720002;Santa Terezinha do Tocantins;TO;Mapeado;2026-09;3;13;1;7;2;4;0;7;1;3;0;4;0;0;0;0;0;1;0;0;0;0;0;0;0;0;0;0;0;0;0;0;0;0
1720655;Silvanópolis;TO;Mapeado;2026-09;23;41;2;9;11;23;10;28;2;6;0;3;0;0;0;0;0;3;0;0;0;0;0;0;0;0;0;0;0;0;0;0;0;0
1720853;Sucupira;TO;Mapeado;2026-09;7;12;2;4;0;0;5;7;2;3;0;1;0;0;0;0;0;2;0;0;0;2;0;0;0;0;0;0;0;0;0;0;0;2
1720101;São Bento do Tocantins;TO;Mapeado;2026-09;15;37;2;16;9;18;4;17;1;10;1;8;0;0;0;0;0;2;0;0;0;0;0;0;0;0;0;0;0;0;0;0;0;1
1720150;São Félix do Tocantins;TO;Mapeado;2026-09;27;72;6;23;15;46;4;43;3;10;3;13;0;0;0;0;2;12;0;0;0;0;0;0;0;0;0;0;0;1;0;0;0;1
1720200;São Miguel do Tocantins;TO;Mapeado;2026-09;36;52;4;20;20;32;6;26;0;10;4;13;0;0;0;0;5;10;0;0;0;0;0;0;0;0;0;0;0;0;0;0;1;3
1720259;São Salvador do Tocantins;TO;Mapeado;2026-09;14;30;5;11;6;17;3;18;1;5;4;7;0;0;0;1;0;2;0;0;0;0;0;0;0;0;0;0;0;1;0;0;0;1
1720309;São Sebastião do Tocantins;TO;Mapeado;2026-09;16;31;7;17;4;13;5;19;5;14;2;6;0;0;0;0;0;3;0;0;0;0;0;0;0;0;0;0;0;0;0;0;0;0
1720499;São Valério;TO;Mapeado;2026-09;22;32;7;14;6;13;8;18;3;9;4;7;0;0;0;0;0;0;0;0;0;0;1;1;0;0;0;0;0;0;0;0;0;0
1720804;Sítio Novo do Tocantins;TO;Mapeado;2026-09;20;29;4;8;4;9;11;19;1;7;3;4;0;0;0;0;0;1;0;0;0;0;1;1;0;0;0;0;0;0;0;0;0;1
1708254;Tabocão;TO;Mapeado;2026-09;23;39;4;11;12;24;7;33;1;5;3;10;0;0;0;0;0;1;0;0;0;0;0;1;0;0;0;0;0;1;0;0;0;0
1720903;Taguatinga;TO;Mapeado;2026-09;36;72;11;24;10;25;13;45;5;13;6;14;0;0;0;0;0;8;0;0;0;0;1;2;0;0;0;0;0;1;0;0;1;1
1720937;Taipas do Tocantins;TO;Mapeado;2026-09;7;19;1;5;3;12;3;14;0;4;1;1;0;0;0;0;0;3;0;0;0;0;0;0;0;0;0;0;0;0;0;0;0;0
1720978;Talismã;TO;Mapeado;2026-09;18;38;2;14;10;20;3;22;1;5;1;10;0;0;0;0;1;6;0;0;0;0;2;2;0;0;0;0;0;1;0;0;0;1
1721208;Tocantinópolis;TO;Mapeado;2026-09;75;133;13;40;22;45;34;82;6;27;7;23;0;0;0;0;0;6;0;0;1;1;3;4;0;0;0;0;0;2;0;0;2;6
1721109;Tocantínia;TO;Mapeado;2026-09;15;39;3;12;3;13;8;24;2;9;1;5;0;0;0;0;0;7;0;0;0;1;0;0;0;0;0;0;0;1;0;0;1;2
1721257;Tupirama;TO;Mapeado;2026-09;9;17;5;11;1;8;3;9;4;7;1;4;0;0;0;0;0;1;0;0;0;0;0;0;0;0;0;0;0;0;0;0;0;1
1721307;Tupiratins;TO;Mapeado;2026-09;3;8;0;3;2;6;1;3;0;2;0;2;0;0;0;0;0;1;0;0;0;0;0;0;0;0;0;0;0;0;0;0;0;0
1722081;Wanderlândia;TO;Mapeado;2026-09;26;43;5;11;12;23;7;26;3;5;2;7;0;0;0;0;1;2;0;0;0;0;0;0;0;0;0;0;0;0;0;0;1;2
1722107;Xambioá;TO;Mapeado;2026-09;55;106;7;29;28;66;17;60;3;21;4;18;0;0;0;0;3;17;0;0;0;0;0;1;0;0;0;0;0;0;0;0;0;2
