codigo_ibge;cidade;uf;referencia;total_principal;total_principal_ou_secundaria;academias_principal;academias_principal_ou_secundaria;fisioterapia_principal;fisioterapia_principal_ou_secundaria;pilates_nome_principal;pilates_nome_principal_ou_secundaria
5200050;Abadia de Goiás;GO;2026-09;6;11;4;5;2;7;1;1
3100104;Abadia dos Dourados;MG;2026-09;2;2;1;2;1;1;0;0
5200100;Abadiânia;GO;2026-09;8;11;8;9;0;4;0;0
3100203;Abaeté;MG;2026-09;16;25;8;14;8;15;2;2
1500107;Abaetetuba;PA;2026-09;63;96;50;77;13;29;2;2
2300101;Abaiara;CE;2026-09;3;3;3;3;0;0;0;0
2900108;Abaíra;BA;2026-09;4;5;2;5;2;3;0;0
2900207;Abaré;BA;2026-09;4;7;4;5;0;2;0;0
4100103;Abatiá;PR;2026-09;6;7;3;4;3;4;1;1
4200051;Abdon Batista;SC;2026-09;1;1;1;1;0;0;0;0
1500131;Abel Figueiredo;PA;2026-09;2;5;2;2;0;3;0;0
4200101;Abelardo Luz;SC;2026-09;16;23;9;15;7;11;2;2
3100302;Abre Campo;MG;2026-09;10;10;6;10;4;4;1;1
2600054;Abreu e Lima;PE;2026-09;28;44;15;23;13;27;1;1
1700251;Abreulândia;TO;2026-09;0;1;0;1;0;0;0;0
3100401;Acaiaca;MG;2026-09;1;2;1;2;0;0;0;0
2100055;Açailândia;MA;2026-09;54;96;39;76;15;37;1;1
2900306;Acajutiba;BA;2026-09;7;9;5;8;2;4;2;2
1500206;Acará;PA;2026-09;2;5;2;5;0;3;0;0
2300150;Acarape;CE;2026-09;2;2;1;2;1;1;0;0
2300200;Acaraú;CE;2026-09;22;36;18;28;4;13;0;0
2400109;Acari;RN;2026-09;6;13;4;9;2;6;1;1
2200053;Acauã;PI;2026-09;1;1;1;1;0;0;0;0
4300034;Aceguá;RS;2026-09;2;2;2;2;0;0;0;0
2300309;Acopiara;CE;2026-09;17;25;14;17;3;8;0;0
5100102;Acorizal;MT;2026-09;1;1;1;1;0;0;0;0
1200013;Acrelândia;AC;2026-09;2;6;2;3;0;4;0;0
5200134;Acreúna;GO;2026-09;10;14;8;11;2;3;1;1
3100500;Açucena;MG;2026-09;4;6;1;3;3;4;0;0
3500105;Adamantina;SP;2026-09;65;77;23;34;42;54;2;2
5200159;Adelândia;GO;2026-09;2;2;2;2;0;0;0;0
3500204;Adolfo;SP;2026-09;1;1;1;1;0;0;0;0
4100202;Adrianópolis;PR;2026-09;2;5;0;1;2;4;0;0
2900355;Adustina;BA;2026-09;6;7;5;6;1;2;1;1
2600104;Afogados da Ingazeira;PE;2026-09;22;28;17;21;5;10;2;2
2400307;Afonso Bezerra;RN;2026-09;3;4;3;4;0;0;0;0
3200102;Afonso Cláudio;ES;2026-09;10;15;8;9;2;7;0;0
2100105;Afonso Cunha;MA;2026-09;2;2;2;2;0;1;0;0
2600203;Afrânio;PE;2026-09;3;6;3;3;0;3;0;0
1500305;Afuá;PA;2026-09;4;5;4;4;0;1;0;0
2600302;Agrestina;PE;2026-09;8;15;6;11;2;9;0;0
2200103;Agricolândia;PI;2026-09;1;1;1;1;0;0;0;0
4200200;Agrolândia;SC;2026-09;8;9;3;6;5;5;1;1
4200309;Agronômica;SC;2026-09;7;8;6;7;1;3;1;1
1500347;Água Azul do Norte;PA;2026-09;4;10;3;6;1;5;0;0
3100609;Água Boa;MG;2026-09;3;8;3;3;0;5;0;0
5100201;Água Boa;MT;2026-09;23;36;9;25;14;25;1;1
2700102;Água Branca;AL;2026-09;3;3;3;3;0;0;0;0
2200202;Água Branca;PI;2026-09;9;12;7;7;2;7;0;0
2500106;Água Branca;PB;2026-09;3;5;3;3;0;2;0;0
5000203;Água Clara;MS;2026-09;9;11;6;9;3;5;0;0
3100708;Água Comprida;MG;2026-09;1;1;1;1;0;0;0;0
4200408;Água Doce;SC;2026-09;7;9;4;6;3;3;0;0
2100154;Água Doce do Maranhão;MA;2026-09;3;4;3;3;0;1;0;0
3200169;Água Doce do Norte;ES;2026-09;8;9;4;5;4;5;0;0
2900405;Água Fria;BA;2026-09;4;7;3;5;1;4;1;1
5200175;Água Fria de Goiás;GO;2026-09;7;8;2;2;5;6;0;0
5200209;Água Limpa;GO;2026-09;1;1;0;1;1;1;0;0
2400406;Água Nova;RN;2026-09;3;3;3;3;0;0;0;0
2600401;Água Preta;PE;2026-09;4;5;4;5;0;0;0;0
4300059;Água Santa;RS;2026-09;5;6;2;3;3;3;1;1
3500303;Aguaí;SP;2026-09;12;19;5;11;7;11;1;1
3100807;Aguanil;MG;2026-09;2;2;2;2;0;0;0;0
2600500;Águas Belas;PE;2026-09;8;13;6;9;2;8;0;0
3500402;Águas da Prata;SP;2026-09;3;3;3;3;0;0;0;0
4200507;Águas de Chapecó;SC;2026-09;2;3;2;3;0;1;0;0
3500501;Águas de Lindóia;SP;2026-09;24;28;12;19;12;19;4;4
3500550;Águas de Santa Bárbara;SP;2026-09;6;9;5;7;1;2;1;1
3500600;Águas de São Pedro;SP;2026-09;6;9;3;8;3;3;2;2
3100906;Águas Formosas;MG;2026-09;5;7;3;5;2;4;0;0
4200556;Águas Frias;SC;2026-09;2;5;1;2;1;3;1;1
5200258;Águas Lindas de Goiás;GO;2026-09;67;103;54;66;13;44;3;3
4200606;Águas Mornas;SC;2026-09;7;8;4;7;3;3;1;1
3101003;Águas Vermelhas;MG;2026-09;4;4;3;3;1;2;1;1
4300109;Agudo;RS;2026-09;6;12;3;9;3;4;0;0
3500709;Agudos;SP;2026-09;22;33;18;24;4;12;1;2
4100301;Agudos do Sul;PR;2026-09;2;9;1;2;1;7;0;0
3200136;Águia Branca;ES;2026-09;4;7;2;6;2;4;1;1
2500205;Aguiar;PB;2026-09;2;2;2;2;0;0;0;0
1700301;Aguiarnópolis;TO;2026-09;1;3;1;3;0;1;0;0
3101102;Aimorés;MG;2026-09;13;19;5;10;8;11;1;1
2900603;Aiquara;BA;2026-09;0;0;0;0;0;0;0;0
2300408;Aiuaba;CE;2026-09;6;6;5;6;1;1;1;1
3101201;Aiuruoca;MG;2026-09;3;5;2;2;1;3;0;0
4300208;Ajuricaba;RS;2026-09;7;9;2;5;5;7;0;0
3101300;Alagoa;MG;2026-09;1;1;0;0;1;1;0;0
2500304;Alagoa Grande;PB;2026-09;8;12;6;6;2;6;0;0
2500403;Alagoa Nova;PB;2026-09;7;9;3;6;4;5;3;3
2500502;Alagoinha;PB;2026-09;4;7;4;4;0;4;1;1
2600609;Alagoinha;PE;2026-09;5;5;4;4;1;1;0;0
2200251;Alagoinha do Piauí;PI;2026-09;2;3;2;2;0;1;0;0
2900702;Alagoinhas;BA;2026-09;126;207;59;107;67;140;11;11
3500758;Alambari;SP;2026-09;4;4;2;2;2;2;1;1
3101409;Albertina;MG;2026-09;1;1;1;1;0;0;0;0
2100204;Alcântara;MA;2026-09;2;4;2;4;0;0;0;0
2300507;Alcântaras;CE;2026-09;4;5;3;4;1;1;0;0
2500536;Alcantil;PB;2026-09;2;2;2;2;0;0;0;0
5000252;Alcinópolis;MS;2026-09;5;7;3;4;2;4;0;0
2900801;Alcobaça;BA;2026-09;5;5;4;4;1;1;0;0
2100303;Aldeias Altas;MA;2026-09;2;2;1;2;1;1;0;0
4300307;Alecrim;RS;2026-09;3;5;1;2;2;4;0;0
3200201;Alegre;ES;2026-09;25;29;20;23;5;9;0;0
4300406;Alegrete;RS;2026-09;39;53;23;43;16;17;2;2
2200277;Alegrete do Piauí;PI;2026-09;1;1;1;1;0;0;0;0
4300455;Alegria;RS;2026-09;3;3;1;1;2;2;1;1
3101508;Além Paraíba;MG;2026-09;26;37;16;21;10;21;0;0
1500404;Alenquer;PA;2026-09;9;15;7;9;2;7;0;0
2400505;Alexandria;RN;2026-09;9;9;7;9;2;2;1;1
5200308;Alexânia;GO;2026-09;12;19;7;13;5;9;1;1
3101607;Alfenas;MG;2026-09;86;112;48;60;38;60;6;7
3200300;Alfredo Chaves;ES;2026-09;7;15;6;12;1;5;0;0
3500808;Alfredo Marcondes;SP;2026-09;4;4;3;3;1;1;0;0
3101631;Alfredo Vasconcelos;MG;2026-09;4;5;3;3;1;2;0;0
4200705;Alfredo Wagner;SC;2026-09;5;5;4;5;1;1;1;1
2500577;Algodão de Jandaíra;PB;2026-09;0;0;0;0;0;0;0;0
2500601;Alhandra;PB;2026-09;8;10;7;8;1;3;0;0
2600708;Aliança;PE;2026-09;13;19;7;13;6;8;2;2
1700350;Aliança do Tocantins;TO;2026-09;3;4;3;4;0;1;0;0
2900900;Almadina;BA;2026-09;3;3;3;3;0;0;0;0
1700400;Almas;TO;2026-09;6;6;6;6;0;0;0;0
1500503;Almeirim;PA;2026-09;5;8;4;7;1;2;0;0
3101706;Almenara;MG;2026-09;25;37;14;19;11;24;0;0
2400604;Almino Afonso;RN;2026-09;5;7;3;4;2;4;0;0
4100400;Almirante Tamandaré;PR;2026-09;44;51;26;36;18;22;5;5
4300471;Almirante Tamandaré do Sul;RS;2026-09;1;1;1;1;0;0;0;0
5200506;Aloândia;GO;2026-09;0;1;0;0;0;1;0;0
3101805;Alpercata;MG;2026-09;1;2;0;1;1;1;0;0
4300505;Alpestre;RS;2026-09;3;3;1;1;2;2;0;0
3101904;Alpinópolis;MG;2026-09;20;22;8;9;12;14;0;0
5100250;Alta Floresta;MT;2026-09;44;64;19;33;25;42;4;4
1100015;Alta Floresta D'Oeste;RO;2026-09;11;27;8;11;3;21;0;0
3500907;Altair;SP;2026-09;1;1;1;1;0;0;0;0
1500602;Altamira;PA;2026-09;64;114;47;70;17;56;2;2
2100402;Altamira do Maranhão;MA;2026-09;1;2;1;2;0;0;0;0
4100459;Altamira do Paraná;PR;2026-09;1;2;0;1;1;2;0;0
2300606;Altaneira;CE;2026-09;3;6;3;4;0;3;0;0
3102001;Alterosa;MG;2026-09;8;9;5;8;3;5;2;2
2600807;Altinho;PE;2026-09;7;330;5;6;2;325;0;0
3501004;Altinópolis;SP;2026-09;9;12;5;9;4;5;0;0
3501103;Alto Alegre;SP;2026-09;1;1;1;1;0;0;0;0
4300554;Alto Alegre;RS;2026-09;0;0;0;0;0;0;0;0
1400050;Alto Alegre;RR;2026-09;1;1;1;1;0;0;0;0
2100436;Alto Alegre do Maranhão;MA;2026-09;7;14;6;9;1;7;1;1
2100477;Alto Alegre do Pindaré;MA;2026-09;9;10;8;9;1;1;0;0
1100379;Alto Alegre dos Parecis;RO;2026-09;6;10;3;6;3;6;1;1
5100300;Alto Araguaia;MT;2026-09;8;10;4;4;4;6;0;0
4200754;Alto Bela Vista;SC;2026-09;1;2;1;1;0;1;0;0
5100359;Alto Boa Vista;MT;2026-09;2;2;1;2;1;1;0;0
3102050;Alto Caparaó;MG;2026-09;3;5;2;3;1;3;0;0
2400703;Alto do Rodrigues;RN;2026-09;5;14;4;9;1;7;0;0
4300570;Alto Feliz;RS;2026-09;3;3;2;2;1;1;0;0
5100409;Alto Garças;MT;2026-09;8;10;6;6;2;5;1;1
5200555;Alto Horizonte;GO;2026-09;3;10;3;5;0;6;0;0
3153509;Alto Jequitibá;MG;2026-09;4;4;1;4;3;3;0;0
2200301;Alto Longá;PI;2026-09;4;6;4;5;0;1;1;1
5100508;Alto Paraguai;MT;2026-09;1;1;1;1;0;0;0;0
4128625;Alto Paraíso;PR;2026-09;2;4;1;2;1;2;0;0
1100403;Alto Paraíso;RO;2026-09;5;10;4;6;1;5;0;0
5200605;Alto Paraíso de Goiás;GO;2026-09;7;16;6;14;1;3;0;0
4100608;Alto Paraná;PR;2026-09;8;12;5;8;3;6;0;0
2100501;Alto Parnaíba;MA;2026-09;6;8;3;6;3;4;2;2
4100707;Alto Piquiri;PR;2026-09;7;7;2;3;5;5;0;0
3102100;Alto Rio Doce;MG;2026-09;4;5;4;5;0;0;0;0
3200359;Alto Rio Novo;ES;2026-09;4;4;3;4;1;2;1;1
2300705;Alto Santo;CE;2026-09;5;6;4;5;1;2;1;1
5100607;Alto Taquari;MT;2026-09;9;9;7;8;2;2;1;1
4100509;Altônia;PR;2026-09;9;22;2;7;7;16;1;1
2200400;Altos;PI;2026-09;13;19;8;11;5;9;1;1
3501152;Alumínio;SP;2026-09;8;10;6;8;2;2;0;0
1300029;Alvarães;AM;2026-09;1;3;1;1;0;2;0;0
3102209;Alvarenga;MG;2026-09;0;0;0;0;0;0;0;0
3501202;Álvares Florence;SP;2026-09;0;1;0;0;0;1;0;0
3501301;Álvares Machado;SP;2026-09;19;22;6;8;13;16;0;0
3501400;Álvaro de Carvalho;SP;2026-09;2;2;2;2;0;0;0;0
3501509;Alvinlândia;SP;2026-09;2;6;1;5;1;2;0;0
3102308;Alvinópolis;MG;2026-09;13;18;6;11;7;10;1;1
1700707;Alvorada;TO;2026-09;5;5;4;4;1;1;0;0
4300604;Alvorada;RS;2026-09;67;88;52;61;15;31;4;4
3102407;Alvorada de Minas;MG;2026-09;2;3;2;3;0;0;0;0
2200459;Alvorada do Gurguéia;PI;2026-09;1;1;1;1;0;0;0;0
5200803;Alvorada do Norte;GO;2026-09;4;9;2;3;2;6;0;0
4100806;Alvorada do Sul;PR;2026-09;4;7;3;6;1;2;1;1
1100346;Alvorada D'Oeste;RO;2026-09;8;15;5;8;3;9;1;1
1400027;Amajari;RR;2026-09;0;1;0;1;0;1;0;0
5000609;Amambai;MS;2026-09;25;31;20;25;5;9;2;2
1600105;Amapá;AP;2026-09;1;2;1;1;0;1;0;0
2100550;Amapá do Maranhão;MA;2026-09;2;2;2;2;0;0;0;0
4100905;Amaporã;PR;2026-09;2;2;2;2;0;1;0;0
2600906;Amaraji;PE;2026-09;2;2;1;1;1;1;0;0
4300638;Amaral Ferrador;RS;2026-09;4;4;2;2;2;2;0;0
5200829;Amaralina;GO;2026-09;4;4;2;2;2;2;0;0
2200509;Amarante;PI;2026-09;4;7;3;3;1;4;0;0
2100600;Amarante do Maranhão;MA;2026-09;4;8;2;5;2;5;2;2
2901007;Amargosa;BA;2026-09;19;31;15;22;4;16;4;4
1300060;Amaturá;AM;2026-09;1;4;1;1;0;3;0;0
2901106;Amélia Rodrigues;BA;2026-09;14;16;10;12;4;8;1;1
2901155;América Dourada;BA;2026-09;4;4;3;4;1;1;1;1
3501608;Americana;SP;2026-09;284;397;158;259;126;196;39;41
5200852;Americano do Brasil;GO;2026-09;3;3;1;1;2;2;0;0
3501707;Américo Brasiliense;SP;2026-09;13;18;9;13;4;5;0;0
3501806;Américo de Campos;SP;2026-09;5;7;3;6;2;3;0;0
4300646;Ametista do Sul;RS;2026-09;5;7;4;4;1;3;0;0
2300754;Amontada;CE;2026-09;11;21;10;16;1;7;2;2
5200902;Amorinópolis;GO;2026-09;0;0;0;0;0;0;0;0
3501905;Amparo;SP;2026-09;80;102;42;58;38;50;1;1
2500734;Amparo;PB;2026-09;0;0;0;0;0;0;0;0
2800100;Amparo do São Francisco;SE;2026-09;1;2;1;1;0;1;0;0
3102506;Amparo do Serra;MG;2026-09;2;2;2;2;0;0;0;0
4101002;Ampére;PR;2026-09;20;26;10;12;10;14;1;1
2700201;Anadia;AL;2026-09;2;4;2;2;0;2;0;0
2901205;Anagé;BA;2026-09;6;9;3;4;3;7;0;0
4101051;Anahy;PR;2026-09;2;5;1;2;1;4;0;0
1500701;Anajás;PA;2026-09;2;4;2;4;0;0;0;0
2100709;Anajatuba;MA;2026-09;6;8;4;6;2;4;0;0
3502002;Analândia;SP;2026-09;2;2;2;2;0;0;0;0
1300086;Anamã;AM;2026-09;0;0;0;0;0;0;0;0
1701002;Ananás;TO;2026-09;4;11;3;8;1;5;1;1
1500800;Ananindeua;PA;2026-09;228;328;157;227;71;145;8;9
5201108;Anápolis;GO;2026-09;288;472;183;274;105;249;26;27
1500859;Anapu;PA;2026-09;6;14;6;6;0;9;0;0
2100808;Anapurus;MA;2026-09;4;9;3;7;1;5;0;0
5000708;Anastácio;MS;2026-09;4;5;4;5;0;0;0;0
5000807;Anaurilândia;MS;2026-09;2;2;2;2;0;0;0;0
4200804;Anchieta;SC;2026-09;9;10;6;7;3;4;0;0
3200409;Anchieta;ES;2026-09;27;51;14;37;13;29;4;4
2901304;Andaraí;BA;2026-09;3;5;2;3;1;3;1;1
4101101;Andirá;PR;2026-09;12;18;6;7;6;12;2;2
2901353;Andorinha;BA;2026-09;6;11;4;5;2;6;0;0
3102605;Andradas;MG;2026-09;34;50;25;36;9;23;2;2
3502101;Andradina;SP;2026-09;61;73;30;37;31;42;4;4
4300661;André da Rocha;RS;2026-09;1;2;1;1;0;2;0;0
3102803;Andrelândia;MG;2026-09;6;8;3;4;3;5;0;0
3502200;Angatuba;SP;2026-09;13;19;8;11;5;8;0;0
3102852;Angelândia;MG;2026-09;3;4;2;3;1;3;0;0
5000856;Angélica;MS;2026-09;4;4;4;4;0;0;0;0
2601003;Angelim;PE;2026-09;2;3;2;2;0;1;0;0
4200903;Angelina;SC;2026-09;6;6;3;3;3;4;1;1
2901403;Angical;BA;2026-09;5;7;3;5;2;4;0;0
2200608;Angical do Piauí;PI;2026-09;2;3;2;2;0;1;0;0
1701051;Angico;TO;2026-09;0;3;0;2;0;3;0;0
2400802;Angicos;RN;2026-09;7;17;7;9;0;10;0;0
3300100;Angra dos Reis;RJ;2026-09;128;172;66;104;62;95;11;12
2901502;Anguera;BA;2026-09;0;1;0;0;0;1;0;0
4101150;Ângulo;PR;2026-09;5;6;1;3;4;5;0;0
5201207;Anhanguera;GO;2026-09;0;0;0;0;0;0;0;0
3502309;Anhembi;SP;2026-09;2;2;2;2;0;0;0;0
3502408;Anhumas;SP;2026-09;9;9;2;2;7;7;0;0
5201306;Anicuns;GO;2026-09;17;23;13;18;4;11;3;3
2200707;Anísio de Abreu;PI;2026-09;1;7;1;4;0;4;0;0
4201000;Anita Garibaldi;SC;2026-09;7;10;5;9;2;2;0;0
4201109;Anitápolis;SC;2026-09;5;9;1;6;4;6;1;1
1300102;Anori;AM;2026-09;4;13;4;8;0;5;0;0
4300703;Anta Gorda;RS;2026-09;9;9;3;4;6;6;1;1
2901601;Antas;BA;2026-09;8;11;6;8;2;6;2;2
4101200;Antonina;PR;2026-09;9;12;4;4;5;8;0;0
2300804;Antonina do Norte;CE;2026-09;4;4;2;2;2;2;0;0
2200806;Antônio Almeida;PI;2026-09;0;0;0;0;0;0;0;0
2901700;Antônio Cardoso;BA;2026-09;1;1;1;1;0;0;0;0
3102902;Antônio Carlos;MG;2026-09;7;10;4;6;3;6;0;0
4201208;Antônio Carlos;SC;2026-09;12;22;7;13;5;13;1;1
3103009;Antônio Dias;MG;2026-09;4;5;2;2;2;3;0;0
2901809;Antônio Gonçalves;BA;2026-09;5;5;2;5;3;3;2;2
5000906;Antônio João;MS;2026-09;3;5;3;4;0;1;0;0
2400901;Antônio Martins;RN;2026-09;5;10;5;6;0;4;0;0
4101309;Antônio Olinto;PR;2026-09;2;2;1;2;1;1;1;1
4300802;Antônio Prado;RS;2026-09;19;21;11;14;8;12;0;0
3103108;Antônio Prado de Minas;MG;2026-09;1;2;1;1;0;1;0;0
2500775;Aparecida;PB;2026-09;2;4;1;3;1;2;0;0
3502507;Aparecida;SP;2026-09;31;37;18;24;13;14;1;1
5201405;Aparecida de Goiânia;GO;2026-09;273;405;202;281;71;177;24;25
5201454;Aparecida do Rio Doce;GO;2026-09;2;3;1;2;1;2;0;0
1701101;Aparecida do Rio Negro;TO;2026-09;3;3;1;1;2;2;0;0
5001003;Aparecida do Taboado;MS;2026-09;12;22;6;13;6;12;1;1
3502606;Aparecida d'Oeste;SP;2026-09;2;4;2;4;0;0;0;0
3300159;Aperibé;RJ;2026-09;9;13;4;5;5;8;2;2
3200508;Apiacá;ES;2026-09;4;7;2;4;2;5;0;0
5100805;Apiacás;MT;2026-09;5;5;4;5;1;1;1;1
3502705;Apiaí;SP;2026-09;15;16;8;11;7;8;1;1
2100832;Apicum-Açu;MA;2026-09;1;3;1;3;0;0;0;0
4201257;Apiúna;SC;2026-09;5;7;3;3;2;4;0;0
2401008;Apodi;RN;2026-09;23;47;14;35;9;30;0;0
2901908;Aporá;BA;2026-09;6;13;6;8;0;8;1;1
5201504;Aporé;GO;2026-09;1;1;0;0;1;1;0;0
2901957;Apuarema;BA;2026-09;2;2;2;2;0;0;0;0
4101408;Apucarana;PR;2026-09;105;151;60;97;45;81;10;10
1300144;Apuí;AM;2026-09;3;8;2;5;1;5;0;0
2300903;Apuiarés;CE;2026-09;4;9;3;9;1;1;0;0
2800209;Aquidabã;SE;2026-09;8;11;6;9;2;3;0;0
5001102;Aquidauana;MS;2026-09;19;25;12;20;7;10;2;2
2301000;Aquiraz;CE;2026-09;31;44;23;32;8;20;3;3
4201273;Arabutã;SC;2026-09;3;3;2;2;1;1;0;0
2500809;Araçagi;PB;2026-09;5;6;4;4;1;2;0;0
3103207;Araçaí;MG;2026-09;2;2;1;2;1;1;0;0
2800308;Aracaju;SE;2026-09;604;970;315;491;289;626;71;73
3502754;Araçariguama;SP;2026-09;11;15;8;12;3;7;2;2
2902054;Araçás;BA;2026-09;5;6;3;5;2;2;0;0
2301109;Aracati;CE;2026-09;40;70;26;44;14;39;3;3
2902005;Aracatu;BA;2026-09;2;3;2;2;0;1;0;0
3502804;Araçatuba;SP;2026-09;208;312;105;178;103;189;11;14
2902104;Araci;BA;2026-09;11;21;5;8;6;17;1;1
3103306;Aracitaba;MG;2026-09;1;1;0;0;1;1;0;0
2301208;Aracoiaba;CE;2026-09;7;10;6;8;1;4;0;0
2601052;Araçoiaba;PE;2026-09;3;5;2;5;1;1;0;0
3502903;Araçoiaba da Serra;SP;2026-09;19;35;14;28;5;15;0;1
3200607;Aracruz;ES;2026-09;82;107;61;77;21;45;5;5
5201603;Araçu;GO;2026-09;4;4;3;3;1;1;0;0
3103405;Araçuaí;MG;2026-09;16;22;9;15;7;13;0;0
5201702;Aragarças;GO;2026-09;15;20;6;10;9;11;0;0
5201801;Aragoiânia;GO;2026-09;7;8;5;8;2;3;3;3
1701309;Aragominas;TO;2026-09;1;1;1;1;0;0;0;0
1701903;Araguacema;TO;2026-09;1;1;1;1;0;0;0;0
1702000;Araguaçu;TO;2026-09;4;5;4;4;0;1;0;0
5101001;Araguaiana;MT;2026-09;1;1;1;1;0;0;0;0
1702109;Araguaína;TO;2026-09;116;198;60;100;56;125;5;5
5101209;Araguainha;MT;2026-09;0;0;0;0;0;0;0;0
1702158;Araguanã;TO;2026-09;2;3;2;2;0;1;0;0
2100873;Araguanã;MA;2026-09;4;4;4;4;0;0;0;0
5202155;Araguapaz;GO;2026-09;3;4;2;3;1;1;0;0
3103504;Araguari;MG;2026-09;98;139;53;81;45;74;8;8
1702208;Araguatins;TO;2026-09;11;17;8;13;3;5;0;0
2100907;Araioses;MA;2026-09;5;6;5;6;0;0;0;0
5001243;Aral Moreira;MS;2026-09;5;5;3;4;2;3;0;0
2902203;Aramari;BA;2026-09;2;3;2;3;0;1;0;0
4300851;Arambaré;RS;2026-09;5;5;3;4;2;2;0;0
2100956;Arame;MA;2026-09;5;7;5;6;0;1;0;0
3503000;Aramina;SP;2026-09;3;3;3;3;0;0;0;0
3503109;Arandu;SP;2026-09;5;8;5;7;0;1;0;0
3103603;Arantina;MG;2026-09;2;2;1;2;1;1;0;0
3503158;Arapeí;SP;2026-09;1;1;1;1;0;0;0;0
2700300;Arapiraca;AL;2026-09;137;232;81;125;56;139;9;9
1702307;Arapoema;TO;2026-09;4;5;2;4;2;2;0;0
3103702;Araponga;MG;2026-09;2;2;2;2;0;0;0;0
4101507;Arapongas;PR;2026-09;120;163;63;101;57;90;14;14
3103751;Araporã;MG;2026-09;6;6;4;4;2;2;0;0
4101606;Arapoti;PR;2026-09;13;19;5;12;8;12;0;0
3103801;Arapuá;MG;2026-09;1;1;1;1;0;0;0;0
4101655;Arapuã;PR;2026-09;2;2;1;2;1;1;0;0
5101258;Araputanga;MT;2026-09;13;20;5;10;8;15;1;1
4201307;Araquari;SC;2026-09;17;19;12;13;5;7;3;3
2500908;Arara;PB;2026-09;4;4;3;4;1;1;1;1
4201406;Araranguá;SC;2026-09;74;100;33;52;41;57;4;4
3503208;Araraquara;SP;2026-09;246;307;117;193;129;158;15;16
3503307;Araras;SP;2026-09;93;124;51;73;42;63;5;5
2301257;Ararendá;CE;2026-09;4;5;4;4;0;1;0;0
2101004;Arari;MA;2026-09;5;9;4;6;1;3;0;0
4300877;Araricá;RS;2026-09;2;3;2;3;0;0;0;0
2301307;Araripe;CE;2026-09;7;10;4;4;3;6;0;0
2601102;Araripina;PE;2026-09;32;46;26;33;6;17;1;1
3300209;Araruama;RJ;2026-09;77;172;44;97;33;105;7;7
4101705;Araruna;PR;2026-09;18;22;6;10;12;14;1;1
2501005;Araruna;PB;2026-09;6;7;6;6;0;2;1;1
2902252;Arataca;BA;2026-09;1;2;1;2;0;0;0;0
4300901;Aratiba;RS;2026-09;8;12;4;8;4;8;1;1
2301406;Aratuba;CE;2026-09;7;7;7;7;0;0;0;0
2902302;Aratuípe;BA;2026-09;2;4;1;2;1;3;0;0
2800407;Arauá;SE;2026-09;0;1;0;0;0;1;0;0
4101804;Araucária;PR;2026-09;111;148;50;84;61;88;9;9
3103900;Araújos;MG;2026-09;8;9;3;5;5;5;0;0
3104007;Araxá;MG;2026-09;111;163;56;105;55;85;9;9
3104106;Arceburgo;MG;2026-09;5;7;5;5;0;2;0;0
3503356;Arco-Íris;SP;2026-09;0;0;0;0;0;0;0;0
3104205;Arcos;MG;2026-09;38;51;21;29;17;29;3;3
2601201;Arcoverde;PE;2026-09;35;64;24;44;11;32;3;3
3104304;Areado;MG;2026-09;10;13;6;7;4;7;0;0
3300225;Areal;RJ;2026-09;4;7;3;6;1;2;0;0
3503406;Arealva;SP;2026-09;3;4;1;3;2;2;0;0
2501104;Areia;PB;2026-09;8;10;8;10;0;0;0;0
2401107;Areia Branca;RN;2026-09;18;27;11;18;7;13;0;0
2800506;Areia Branca;SE;2026-09;6;6;5;6;1;1;0;0
2501153;Areia de Baraúnas;PB;2026-09;1;1;1;1;0;0;0;0
2501203;Areial;PB;2026-09;4;4;4;4;0;0;0;0
3503505;Areias;SP;2026-09;3;4;2;4;1;1;1;1
3503604;Areiópolis;SP;2026-09;5;7;4;5;1;2;0;0
5101308;Arenápolis;MT;2026-09;9;15;6;9;3;8;0;0
5202353;Arenópolis;GO;2026-09;2;2;2;2;0;0;0;0
2401206;Arez;RN;2026-09;1;2;1;1;0;1;0;0
3104403;Argirita;MG;2026-09;1;1;1;1;0;0;0;0
3104452;Aricanduva;MG;2026-09;2;2;1;1;1;1;0;0
3104502;Arinos;MG;2026-09;10;16;7;13;3;7;1;1
5101407;Aripuanã;MT;2026-09;11;18;8;11;3;11;0;0
1100023;Ariquemes;RO;2026-09;57;120;35;70;22;75;3;3
3503703;Ariranha;SP;2026-09;4;4;3;3;1;1;0;0
4101853;Ariranha do Ivaí;PR;2026-09;0;0;0;0;0;0;0;0
3300233;Armação dos Búzios;RJ;2026-09;31;46;23;39;8;18;5;5
4201505;Armazém;SC;2026-09;8;8;5;5;3;3;0;0
2301505;Arneiroz;CE;2026-09;1;1;1;1;0;0;0;0
2200905;Aroazes;PI;2026-09;1;2;1;1;0;1;0;0
2501302;Aroeiras;PB;2026-09;5;6;3;5;2;3;2;2
2200954;Aroeiras do Itaim;PI;2026-09;1;1;1;1;0;0;0;0
2201002;Arraial;PI;2026-09;3;4;2;3;1;1;0;0
3300258;Arraial do Cabo;RJ;2026-09;19;25;14;21;5;11;2;2
1702406;Arraias;TO;2026-09;3;3;1;2;2;2;1;1
4301008;Arroio do Meio;RS;2026-09;20;27;11;17;9;12;1;1
4301073;Arroio do Padre;RS;2026-09;1;1;0;1;1;1;0;0
4301057;Arroio do Sal;RS;2026-09;18;24;13;15;5;13;0;0
4301206;Arroio do Tigre;RS;2026-09;5;10;4;7;1;3;1;1
4301107;Arroio dos Ratos;RS;2026-09;9;10;6;8;3;3;0;0
4301305;Arroio Grande;RS;2026-09;13;17;11;15;2;5;0;0
4201604;Arroio Trinta;SC;2026-09;4;5;4;5;0;3;1;1
3503802;Artur Nogueira;SP;2026-09;31;41;24;30;7;13;0;0
5202502;Aruanã;GO;2026-09;5;6;3;5;2;2;0;0
3503901;Arujá;SP;2026-09;82;128;49;83;33;69;14;15
4201653;Arvoredo;SC;2026-09;0;1;0;1;0;0;0;0
4301404;Arvorezinha;RS;2026-09;5;11;2;9;3;4;1;1
4201703;Ascurra;SC;2026-09;5;7;3;4;2;3;0;0
3503950;Aspásia;SP;2026-09;3;4;3;4;0;1;0;0
4101903;Assaí;PR;2026-09;6;17;2;9;4;10;1;1
2301604;Assaré;CE;2026-09;9;10;8;8;1;2;0;0
3504008;Assis;SP;2026-09;136;168;56;104;80;109;10;11
1200054;Assis Brasil;AC;2026-09;2;2;2;2;0;0;0;0
4102000;Assis Chateaubriand;PR;2026-09;27;43;15;23;12;28;3;3
2400208;Assú;RN;2026-09;34;80;22;40;12;51;0;0
2501351;Assunção;PB;2026-09;3;4;2;3;1;2;1;1
2201051;Assunção do Piauí;PI;2026-09;2;2;2;2;0;0;0;0
3104601;Astolfo Dutra;MG;2026-09;13;16;9;12;4;5;0;0
4102109;Astorga;PR;2026-09;14;28;6;14;8;23;1;1
4102208;Atalaia;PR;2026-09;1;1;0;0;1;1;0;0
2700409;Atalaia;AL;2026-09;13;16;10;13;3;4;0;0
1300201;Atalaia do Norte;AM;2026-09;1;8;0;3;1;6;0;0
4201802;Atalanta;SC;2026-09;1;2;1;2;0;0;0;0
3104700;Ataléia;MG;2026-09;4;4;4;4;0;1;1;1
3504107;Atibaia;SP;2026-09;198;286;105;168;93;163;26;29
3200706;Atílio Vivácqua;ES;2026-09;5;8;5;7;0;2;1;1
1702554;Augustinópolis;TO;2026-09;11;18;8;13;3;10;1;1
1500909;Augusto Corrêa;PA;2026-09;2;3;2;2;0;1;0;0
3104809;Augusto de Lima;MG;2026-09;2;2;2;2;0;0;0;0
4301503;Augusto Pestana;RS;2026-09;3;7;1;3;2;5;0;0
4301552;Áurea;RS;2026-09;5;7;1;3;4;6;0;0
2902401;Aurelino Leal;BA;2026-09;2;2;2;2;0;0;0;0
3504206;Auriflama;SP;2026-09;13;16;6;9;7;10;0;0
5202601;Aurilândia;GO;2026-09;1;1;1;1;0;0;0;0
4201901;Aurora;SC;2026-09;1;4;1;3;0;2;0;0
2301703;Aurora;CE;2026-09;11;17;7;9;4;9;0;0
1500958;Aurora do Pará;PA;2026-09;6;9;6;6;0;4;0;0
1702703;Aurora do Tocantins;TO;2026-09;2;3;2;3;0;0;0;0
1300300;Autazes;AM;2026-09;3;12;2;5;1;8;0;0
3504305;Avaí;SP;2026-09;0;1;0;1;0;0;0;0
3504404;Avanhandava;SP;2026-09;7;7;4;4;3;3;0;0
3504503;Avaré;SP;2026-09;61;78;34;52;27;40;5;5
1501006;Aveiro;PA;2026-09;1;3;1;1;0;2;0;0
2201101;Avelino Lopes;PI;2026-09;3;6;3;3;0;4;0;0
5202809;Avelinópolis;GO;2026-09;0;1;0;1;0;0;0;0
2101103;Axixá;MA;2026-09;2;2;2;2;0;0;0;0
1702901;Axixá do Tocantins;TO;2026-09;2;3;2;2;0;2;0;0
1703008;Babaçulândia;TO;2026-09;1;3;1;3;0;1;0;0
2101202;Bacabal;MA;2026-09;40;73;32;48;8;34;1;1
2101251;Bacabeira;MA;2026-09;3;5;3;5;0;0;0;0
2101301;Bacuri;MA;2026-09;2;3;2;3;0;0;0;0
2101350;Bacurituba;MA;2026-09;0;0;0;0;0;0;0;0
3504602;Bady Bassitt;SP;2026-09;19;28;15;22;4;12;2;2
3104908;Baependi;MG;2026-09;28;31;12;17;16;19;2;2
4301602;Bagé;RS;2026-09;66;95;41;59;25;43;4;4
1501105;Bagre;PA;2026-09;0;2;0;1;0;1;0;0
2501401;Baía da Traição;PB;2026-09;2;3;2;2;0;1;0;0
2401404;Baía Formosa;RN;2026-09;3;3;2;2;1;1;0;0
2902500;Baianópolis;BA;2026-09;1;3;1;2;0;1;0;0
1501204;Baião;PA;2026-09;1;5;1;3;0;2;0;0
2902609;Baixa Grande;BA;2026-09;6;11;4;6;2;6;0;0
2201150;Baixa Grande do Ribeiro;PI;2026-09;5;12;1;8;4;8;0;0
2301802;Baixio;CE;2026-09;3;3;3;3;0;0;0;0
3200805;Baixo Guandu;ES;2026-09;19;32;9;19;10;21;1;1
3504701;Balbinos;SP;2026-09;0;0;0;0;0;0;0;0
3105004;Baldim;MG;2026-09;2;2;1;2;1;1;1;1
5203104;Baliza;GO;2026-09;0;0;0;0;0;0;0;0
4201950;Balneário Arroio do Silva;SC;2026-09;6;7;5;7;1;1;0;0
4202057;Balneário Barra do Sul;SC;2026-09;4;4;3;3;1;1;0;0
4202008;Balneário Camboriú;SC;2026-09;251;383;144;230;107;197;21;21
4202073;Balneário Gaivota;SC;2026-09;15;18;9;14;6;6;1;1
4212809;Balneário Piçarras;SC;2026-09;31;47;24;35;7;21;3;3
4301636;Balneário Pinhal;RS;2026-09;8;9;5;8;3;4;0;0
4220000;Balneário Rincão;SC;2026-09;11;14;9;11;2;4;1;1
4102307;Balsa Nova;PR;2026-09;5;10;2;5;3;7;1;1
3504800;Bálsamo;SP;2026-09;3;4;2;3;1;1;0;0
2101400;Balsas;MA;2026-09;60;101;37;62;23;53;3;3
3105103;Bambuí;MG;2026-09;12;21;7;12;5;13;1;1
2301851;Banabuiú;CE;2026-09;5;6;4;4;1;2;1;1
3504909;Bananal;SP;2026-09;4;6;3;4;1;2;0;0
2501500;Bananeiras;PB;2026-09;9;11;7;8;2;5;2;2
3105202;Bandeira;MG;2026-09;3;5;2;3;1;2;0;0
3105301;Bandeira do Sul;MG;2026-09;3;3;2;3;1;1;0;0
4202081;Bandeirante;SC;2026-09;1;2;1;1;0;1;0;0
5001508;Bandeirantes;MS;2026-09;3;3;3;3;0;0;0;0
4102406;Bandeirantes;PR;2026-09;32;47;10;16;22;34;0;0
1703057;Bandeirantes do Tocantins;TO;2026-09;3;5;2;2;1;3;0;0
1501253;Bannach;PA;2026-09;0;1;0;0;0;1;0;0
2902658;Banzaê;BA;2026-09;5;9;3;4;2;6;1;1
4301651;Barão;RS;2026-09;9;11;4;7;5;6;0;0
3505005;Barão de Antonina;SP;2026-09;5;5;4;4;1;1;0;0
3105400;Barão de Cocais;MG;2026-09;41;52;20;34;21;28;6;6
4301701;Barão de Cotegipe;RS;2026-09;11;18;8;10;3;10;1;1
2101509;Barão de Grajaú;MA;2026-09;8;10;4;8;4;5;0;0
5101605;Barão de Melgaço;MT;2026-09;3;3;3;3;0;0;0;0
3105509;Barão do Monte Alto;MG;2026-09;1;1;1;1;0;0;0;0
4301750;Barão do Triunfo;RS;2026-09;3;4;1;2;2;3;0;0
2501534;Baraúna;PB;2026-09;3;3;2;3;1;1;0;0
2401453;Baraúna;RN;2026-09;8;12;8;10;0;3;0;0
3105608;Barbacena;MG;2026-09;111;166;60;105;51;97;12;15
2301901;Barbalha;CE;2026-09;57;75;25;37;32;46;1;1
3505104;Barbosa;SP;2026-09;1;1;1;1;0;0;0;0
4102505;Barbosa Ferraz;PR;2026-09;7;14;2;7;5;9;0;0
1501303;Barcarena;PA;2026-09;47;97;34;68;13;55;4;4
2401503;Barcelona;RN;2026-09;2;2;1;1;1;1;0;0
1300409;Barcelos;AM;2026-09;1;3;1;1;0;2;0;0
3505203;Bariri;SP;2026-09;15;21;9;13;6;12;0;0
2902708;Barra;BA;2026-09;9;19;6;8;3;11;0;0
3505302;Barra Bonita;SP;2026-09;26;34;15;23;11;14;3;3
4202099;Barra Bonita;SC;2026-09;1;1;1;1;0;0;0;0
2902807;Barra da Estiva;BA;2026-09;17;35;12;25;5;20;0;0
2201176;Barra D'Alcântara;PI;2026-09;2;2;2;2;0;0;0;0
2601300;Barra de Guabiraba;PE;2026-09;3;6;2;5;1;2;0;0
2501609;Barra de Santa Rosa;PB;2026-09;4;6;2;3;2;3;0;0
2501575;Barra de Santana;PB;2026-09;0;0;0;0;0;0;0;0
2700508;Barra de Santo Antônio;AL;2026-09;2;5;2;4;0;2;0;0
3200904;Barra de São Francisco;ES;2026-09;18;31;11;15;7;21;1;1
2700607;Barra de São Miguel;AL;2026-09;4;5;4;5;0;0;1;1
2501708;Barra de São Miguel;PB;2026-09;2;2;2;2;0;0;0;0
5101704;Barra do Bugres;MT;2026-09;28;37;8;15;20;27;2;2
3505351;Barra do Chapéu;SP;2026-09;2;2;1;1;1;1;0;0
2902906;Barra do Choça;BA;2026-09;18;25;7;7;11;20;2;2
2101608;Barra do Corda;MA;2026-09;27;51;20;27;7;29;1;1
5101803;Barra do Garças;MT;2026-09;59;98;36;61;23;49;10;10
4301859;Barra do Guarita;RS;2026-09;0;1;0;1;0;0;0;0
4102703;Barra do Jacaré;PR;2026-09;2;3;1;1;1;2;0;0
2903003;Barra do Mendes;BA;2026-09;2;7;2;3;0;5;0;0
1703073;Barra do Ouro;TO;2026-09;1;1;1;1;0;0;0;0
3300308;Barra do Piraí;RJ;2026-09;45;71;33;45;12;30;1;1
4301875;Barra do Quaraí;RS;2026-09;1;1;1;1;0;1;0;0
4301909;Barra do Ribeiro;RS;2026-09;8;10;4;7;4;5;0;0
4301925;Barra do Rio Azul;RS;2026-09;1;2;1;2;0;1;0;0
2903102;Barra do Rocha;BA;2026-09;0;1;0;0;0;1;0;0
3505401;Barra do Turvo;SP;2026-09;2;2;1;2;1;1;1;1
2800605;Barra dos Coqueiros;SE;2026-09;22;33;15;22;7;17;2;2
4301958;Barra Funda;RS;2026-09;2;3;0;1;2;3;0;0
3105707;Barra Longa;MG;2026-09;3;3;3;3;0;0;0;0
3300407;Barra Mansa;RJ;2026-09;84;111;65;87;19;41;10;10
4202107;Barra Velha;SC;2026-09;34;42;21;26;13;19;4;4
4301800;Barracão;RS;2026-09;6;6;3;5;3;3;2;2
4102604;Barracão;PR;2026-09;10;13;4;9;6;7;0;0
2201200;Barras;PI;2026-09;16;26;13;16;3;12;1;1
2301950;Barreira;CE;2026-09;7;12;6;7;1;6;0;0
2903201;Barreiras;BA;2026-09;118;197;72;119;46;106;13;13
2201309;Barreiras do Piauí;PI;2026-09;1;1;1;1;0;0;0;0
1300508;Barreirinha;AM;2026-09;3;6;3;5;0;1;0;0
2101707;Barreirinhas;MA;2026-09;22;32;17;28;5;9;2;2
2601409;Barreiros;PE;2026-09;15;23;10;13;5;13;1;1
3505500;Barretos;SP;2026-09;100;161;64;113;36;68;9;9
3505609;Barrinha;SP;2026-09;22;25;14;23;8;9;2;2
2302008;Barro;CE;2026-09;8;8;3;7;5;5;0;0
2903235;Barro Alto;BA;2026-09;3;3;2;2;1;2;0;0
5203203;Barro Alto;GO;2026-09;11;18;8;14;3;8;0;0
2201408;Barro Duro;PI;2026-09;3;6;2;3;1;4;0;0
2903300;Barro Preto;BA;2026-09;7;7;3;4;4;4;1;1
2903276;Barrocas;BA;2026-09;7;13;4;7;3;7;1;1
1703107;Barrolândia;TO;2026-09;2;4;2;3;0;1;0;0
2302057;Barroquinha;CE;2026-09;7;9;7;7;0;2;0;0
4302006;Barros Cassal;RS;2026-09;2;3;1;3;1;1;1;1
3105905;Barroso;MG;2026-09;13;15;7;10;6;8;0;0
3505708;Barueri;SP;2026-09;426;652;192;352;234;389;45;50
3505807;Bastos;SP;2026-09;14;15;9;10;5;5;0;0
5001904;Bataguassu;MS;2026-09;7;11;6;10;1;3;0;0
2700706;Batalha;AL;2026-09;6;7;4;5;2;2;0;0
2201507;Batalha;PI;2026-09;13;16;4;13;9;11;1;1
3505906;Batatais;SP;2026-09;44;60;29;42;15;21;2;2
5002001;Batayporã;MS;2026-09;6;7;5;7;1;2;1;1
2302107;Baturité;CE;2026-09;15;26;11;19;4;9;0;0
3506003;Bauru;SP;2026-09;352;497;185;295;167;261;26;26
2501807;Bayeux;PB;2026-09;26;37;19;27;7;16;3;3
3506102;Bebedouro;SP;2026-09;76;101;40;59;36;51;6;7
2302206;Beberibe;CE;2026-09;21;28;18;22;3;8;0;0
2302305;Bela Cruz;CE;2026-09;11;13;8;11;3;5;0;0
5002100;Bela Vista;MS;2026-09;12;13;10;11;2;2;0;1
4102752;Bela Vista da Caroba;PR;2026-09;1;1;1;1;0;1;0;0
5203302;Bela Vista de Goiás;GO;2026-09;26;39;17;20;9;22;4;4
3106002;Bela Vista de Minas;MG;2026-09;8;8;3;5;5;5;0;0
2101772;Bela Vista do Maranhão;MA;2026-09;3;3;3;3;0;0;0;0
4102802;Bela Vista do Paraíso;PR;2026-09;6;10;2;3;4;8;0;0
2201556;Bela Vista do Piauí;PI;2026-09;1;2;1;1;0;1;0;0
4202131;Bela Vista do Toldo;SC;2026-09;1;1;0;0;1;1;0;0
2101731;Belágua;MA;2026-09;1;2;1;2;0;0;0;0
1501402;Belém;PA;2026-09;814;1225;455;718;359;707;76;77
2501906;Belém;PB;2026-09;7;9;5;7;2;4;3;3
2700805;Belém;AL;2026-09;1;1;1;1;0;0;0;0
2601508;Belém de Maria;PE;2026-09;3;3;3;3;0;0;0;0
2502003;Belém do Brejo do Cruz;PB;2026-09;3;5;3;3;0;2;0;0
2201572;Belém do Piauí;PI;2026-09;1;2;1;1;0;1;0;0
2601607;Belém do São Francisco;PE;2026-09;5;5;4;5;1;1;0;0
3300456;Belford Roxo;RJ;2026-09;116;179;81;102;35;96;12;14
3106101;Belmiro Braga;MG;2026-09;1;1;1;1;0;0;0;0
2903409;Belmonte;BA;2026-09;2;3;2;2;0;1;0;0
4202156;Belmonte;SC;2026-09;2;2;1;2;1;1;0;0
2903508;Belo Campo;BA;2026-09;3;5;3;4;0;2;0;0
3106200;Belo Horizonte;MG;2026-09;3147;4232;1502;2527;1645;2454;452;470
2601706;Belo Jardim;PE;2026-09;26;47;16;26;10;29;3;3
2700904;Belo Monte;AL;2026-09;1;1;1;1;0;0;0;0
3106309;Belo Oriente;MG;2026-09;12;15;7;9;5;7;2;2
3106408;Belo Vale;MG;2026-09;4;7;2;3;2;4;0;0
1501451;Belterra;PA;2026-09;4;5;3;3;1;2;0;0
2201606;Beneditinos;PI;2026-09;2;2;2;2;0;0;0;0
2101806;Benedito Leite;MA;2026-09;1;2;1;1;0;1;0;0
4202206;Benedito Novo;SC;2026-09;4;7;1;6;3;3;2;2
1501501;Benevides;PA;2026-09;18;28;14;21;4;9;2;2
1300607;Benjamin Constant;AM;2026-09;2;13;1;6;1;7;0;0
4302055;Benjamin Constant do Sul;RS;2026-09;0;0;0;0;0;0;0;0
3506201;Bento de Abreu;SP;2026-09;2;2;1;1;1;1;1;1
2401602;Bento Fernandes;RN;2026-09;1;2;1;1;0;1;0;0
4302105;Bento Gonçalves;RS;2026-09;123;182;83;127;40;71;10;10
2101905;Bequimão;MA;2026-09;3;3;3;3;0;1;0;0
3106507;Berilo;MG;2026-09;2;3;2;2;0;1;0;0
3106655;Berizal;MG;2026-09;2;2;2;2;0;0;0;0
2502052;Bernardino Batista;PB;2026-09;2;2;2;2;0;0;0;0
3506300;Bernardino de Campos;SP;2026-09;10;14;4;6;6;10;2;2
2101939;Bernardo do Mearim;MA;2026-09;1;2;1;2;0;1;0;0
1703206;Bernardo Sayão;TO;2026-09;0;0;0;0;0;0;0;0
3506359;Bertioga;SP;2026-09;39;63;27;49;12;23;3;3
2201705;Bertolínia;PI;2026-09;2;5;2;2;0;3;0;0
3106606;Bertópolis;MG;2026-09;0;0;0;0;0;0;0;0
1300631;Beruri;AM;2026-09;0;2;0;2;0;0;0;0
2601805;Betânia;PE;2026-09;3;4;3;4;0;0;0;0
2201739;Betânia do Piauí;PI;2026-09;3;5;3;3;0;2;0;0
3106705;Betim;MG;2026-09;271;385;153;262;118;214;34;34
2601904;Bezerros;PE;2026-09;30;43;22;29;8;20;1;1
3106804;Bias Fortes;MG;2026-09;0;0;0;0;0;0;0;0
3106903;Bicas;MG;2026-09;11;14;7;12;4;7;0;0
4202305;Biguaçu;SC;2026-09;86;117;34;61;52;73;8;8
3506409;Bilac;SP;2026-09;8;10;3;5;5;5;0;0
3107000;Biquinhas;MG;2026-09;0;1;0;1;0;0;0;0
3506508;Birigui;SP;2026-09;103;125;51;63;52;74;2;2
3506607;Biritiba Mirim;SP;2026-09;19;23;12;14;7;10;2;2
2903607;Biritinga;BA;2026-09;4;6;4;4;0;2;0;0
4102901;Bituruna;PR;2026-09;6;10;4;6;2;5;1;1
4202404;Blumenau;SC;2026-09;427;536;262;384;165;234;46;49
4103008;Boa Esperança;PR;2026-09;5;5;3;4;2;2;0;0
3201001;Boa Esperança;ES;2026-09;8;12;6;8;2;6;0;0
3107109;Boa Esperança;MG;2026-09;35;44;23;34;12;19;4;4
4103024;Boa Esperança do Iguaçu;PR;2026-09;2;4;1;3;1;1;0;0
5101837;Boa Esperança do Norte;MT;2026-09;7;9;4;6;3;4;1;1
3506706;Boa Esperança do Sul;SP;2026-09;5;8;5;8;0;0;0;0
2201770;Boa Hora;PI;2026-09;2;2;2;2;0;0;0;0
2903706;Boa Nova;BA;2026-09;7;7;6;6;1;1;0;0
2502102;Boa Ventura;PB;2026-09;4;4;4;4;0;0;0;0
4103040;Boa Ventura de São Roque;PR;2026-09;8;8;3;4;5;5;1;1
2302404;Boa Viagem;CE;2026-09;9;25;5;13;4;17;1;1
2502151;Boa Vista;PB;2026-09;1;3;1;1;0;2;0;0
1400100;Boa Vista;RR;2026-09;257;565;132;283;125;371;24;24
4103057;Boa Vista da Aparecida;PR;2026-09;3;6;1;2;2;5;1;1
4302154;Boa Vista das Missões;RS;2026-09;1;2;1;2;0;1;0;0
4302204;Boa Vista do Buricá;RS;2026-09;11;17;7;10;4;13;2;2
4302220;Boa Vista do Cadeado;RS;2026-09;2;2;1;1;1;1;0;0
2101970;Boa Vista do Gurupi;MA;2026-09;1;2;1;2;0;0;0;0
4302238;Boa Vista do Incra;RS;2026-09;1;1;0;0;1;1;0;0
1300680;Boa Vista do Ramos;AM;2026-09;4;7;4;6;0;2;0;0
4302253;Boa Vista do Sul;RS;2026-09;2;2;1;2;1;1;0;0
2903805;Boa Vista do Tupim;BA;2026-09;1;2;1;2;0;0;0;0
2701001;Boca da Mata;AL;2026-09;13;18;10;11;3;8;0;0
1300706;Boca do Acre;AM;2026-09;6;18;4;12;2;9;0;0
2201804;Bocaina;PI;2026-09;3;3;3;3;0;0;0;0
3506805;Bocaina;SP;2026-09;7;10;6;8;1;2;0;0
3107208;Bocaina de Minas;MG;2026-09;3;3;3;3;0;0;0;0
4202438;Bocaina do Sul;SC;2026-09;2;2;1;1;1;1;0;0
3107307;Bocaiúva;MG;2026-09;17;33;13;23;4;15;2;2
4103107;Bocaiúva do Sul;PR;2026-09;6;8;3;8;3;5;0;0
2401651;Bodó;RN;2026-09;0;0;0;0;0;0;0;0
2602001;Bodocó;PE;2026-09;7;9;4;5;3;5;0;0
5002159;Bodoquena;MS;2026-09;5;5;3;5;2;2;0;0
3506904;Bofete;SP;2026-09;7;10;6;8;1;3;0;0
3507001;Boituva;SP;2026-09;57;70;24;43;33;39;7;7
2602100;Bom Conselho;PE;2026-09;19;21;16;19;3;5;1;1
3107406;Bom Despacho;MG;2026-09;47;63;23;34;24;41;6;6
2602209;Bom Jardim;PE;2026-09;11;14;10;10;1;4;0;0
2102002;Bom Jardim;MA;2026-09;7;10;6;7;1;5;0;0
3300506;Bom Jardim;RJ;2026-09;22;32;18;23;4;11;1;1
4202503;Bom Jardim da Serra;SC;2026-09;2;2;1;2;1;2;0;0
5203401;Bom Jardim de Goiás;GO;2026-09;4;5;3;3;1;2;1;1
3107505;Bom Jardim de Minas;MG;2026-09;6;12;6;8;0;6;2;2
2201903;Bom Jesus;PI;2026-09;16;51;11;19;5;35;0;0
2401701;Bom Jesus;RN;2026-09;7;7;5;7;2;2;1;1
2502201;Bom Jesus;PB;2026-09;2;11;2;2;0;10;0;0
4202537;Bom Jesus;SC;2026-09;4;5;3;4;1;2;0;0
4302303;Bom Jesus;RS;2026-09;1;2;1;2;0;0;0;0
2903904;Bom Jesus da Lapa;BA;2026-09;23;37;16;25;7;17;2;2
3107604;Bom Jesus da Penha;MG;2026-09;1;2;0;2;1;1;0;0
2903953;Bom Jesus da Serra;BA;2026-09;1;2;1;1;0;1;0;0
2102036;Bom Jesus das Selvas;MA;2026-09;7;11;7;10;0;1;0;0
5203500;Bom Jesus de Goiás;GO;2026-09;21;30;10;17;11;19;1;1
3107703;Bom Jesus do Amparo;MG;2026-09;2;2;1;2;1;1;1;1
5101852;Bom Jesus do Araguaia;MT;2026-09;2;5;2;3;0;2;0;0
3107802;Bom Jesus do Galho;MG;2026-09;6;7;3;5;3;4;1;1
3300605;Bom Jesus do Itabapoana;RJ;2026-09;44;63;22;44;22;47;2;2
3201100;Bom Jesus do Norte;ES;2026-09;5;8;3;6;2;6;0;0
4202578;Bom Jesus do Oeste;SC;2026-09;1;3;1;2;0;1;0;0
4103156;Bom Jesus do Sul;PR;2026-09;3;3;1;2;2;2;0;0
1703305;Bom Jesus do Tocantins;TO;2026-09;1;1;1;1;0;0;0;0
1501576;Bom Jesus do Tocantins;PA;2026-09;6;7;3;5;3;3;0;0
3507100;Bom Jesus dos Perdões;SP;2026-09;17;21;12;18;5;6;1;1
2102077;Bom Lugar;MA;2026-09;2;3;2;3;0;1;0;0
4302352;Bom Princípio;RS;2026-09;10;15;5;9;5;7;0;0
2201919;Bom Princípio do Piauí;PI;2026-09;1;3;1;1;0;2;0;0
4302378;Bom Progresso;RS;2026-09;0;1;0;1;0;0;0;0
3107901;Bom Repouso;MG;2026-09;5;5;3;5;2;2;2;2
4202602;Bom Retiro;SC;2026-09;5;7;3;6;2;2;0;0
4302402;Bom Retiro do Sul;RS;2026-09;9;11;5;8;4;5;1;1
4103206;Bom Sucesso;PR;2026-09;6;7;3;5;3;4;1;1
3108008;Bom Sucesso;MG;2026-09;7;10;5;8;2;5;0;0
2502300;Bom Sucesso;PB;2026-09;2;2;2;2;0;0;0;0
3507159;Bom Sucesso de Itararé;SP;2026-09;0;1;0;1;0;0;0;0
4103222;Bom Sucesso do Sul;PR;2026-09;3;4;1;1;2;3;0;0
4202453;Bombinhas;SC;2026-09;24;30;18;27;6;7;2;2
1400159;Bonfim;RR;2026-09;1;1;1;1;0;0;0;0
3108107;Bonfim;MG;2026-09;5;7;3;7;2;2;0;0
2201929;Bonfim do Piauí;PI;2026-09;1;1;1;1;0;0;0;0
5203559;Bonfinópolis;GO;2026-09;3;3;2;2;1;1;0;0
3108206;Bonfinópolis de Minas;MG;2026-09;3;7;1;4;2;5;0;0
2904001;Boninal;BA;2026-09;4;5;4;5;0;1;2;2
2904050;Bonito;BA;2026-09;6;8;4;7;2;3;1;1
2602308;Bonito;PE;2026-09;10;20;7;12;3;13;0;0
1501600;Bonito;PA;2026-09;1;2;1;1;0;1;0;0
5002209;Bonito;MS;2026-09;20;34;16;30;4;7;1;1
3108255;Bonito de Minas;MG;2026-09;1;3;0;2;1;2;0;0
2502409;Bonito de Santa Fé;PB;2026-09;4;5;3;4;1;2;0;0
5203575;Bonópolis;GO;2026-09;4;5;3;4;1;1;0;0
2502508;Boqueirão;PB;2026-09;2;4;2;4;0;0;0;0
4302451;Boqueirão do Leão;RS;2026-09;6;6;1;4;5;5;0;0
2201945;Boqueirão do Piauí;PI;2026-09;3;3;2;2;1;1;1;1
2800670;Boquim;SE;2026-09;7;9;6;8;1;3;0;0
2904100;Boquira;BA;2026-09;3;7;2;2;1;6;1;1
3507209;Borá;SP;2026-09;0;0;0;0;0;0;0;0
3507308;Boracéia;SP;2026-09;1;2;1;1;0;2;0;0
1300805;Borba;AM;2026-09;5;11;4;7;1;7;0;0
2502706;Borborema;PB;2026-09;1;1;1;1;0;0;0;0
3507407;Borborema;SP;2026-09;10;11;6;9;4;4;0;0
3108305;Borda da Mata;MG;2026-09;13;16;9;11;4;8;0;0
3507456;Borebi;SP;2026-09;2;3;0;1;2;2;0;0
4103305;Borrazópolis;PR;2026-09;5;8;3;5;2;4;0;0
4302501;Bossoroca;RS;2026-09;1;1;1;1;0;0;0;0
3108404;Botelhos;MG;2026-09;17;18;8;10;9;13;1;1
3507506;Botucatu;SP;2026-09;142;214;85;137;57;102;13;15
3108503;Botumirim;MG;2026-09;0;0;0;0;0;0;0;0
2904209;Botuporã;BA;2026-09;1;3;1;2;0;1;0;0
4202701;Botuverá;SC;2026-09;2;4;1;2;1;2;0;0
4302584;Bozano;RS;2026-09;0;0;0;0;0;0;0;0
4202800;Braço do Norte;SC;2026-09;46;53;31;38;15;21;2;2
4202859;Braço do Trombudo;SC;2026-09;3;4;1;3;2;2;0;0
4302600;Braga;RS;2026-09;1;4;1;3;0;2;0;0
1501709;Bragança;PA;2026-09;31;57;25;44;6;26;2;2
3507605;Bragança Paulista;SP;2026-09;202;268;102;151;100;145;14;15
4103354;Braganey;PR;2026-09;2;4;2;2;0;2;0;0
2701100;Branquinha;AL;2026-09;2;2;2;2;0;0;0;0
3108701;Brás Pires;MG;2026-09;1;2;1;1;0;1;0;0
1501725;Brasil Novo;PA;2026-09;6;8;5;7;1;2;0;0
5002308;Brasilândia;MS;2026-09;3;3;2;3;1;1;0;0
3108552;Brasilândia de Minas;MG;2026-09;3;8;1;4;2;6;0;0
4103370;Brasilândia do Sul;PR;2026-09;3;4;1;3;2;3;0;0
1703602;Brasilândia do Tocantins;TO;2026-09;0;0;0;0;0;0;0;0
1200104;Brasiléia;AC;2026-09;8;15;4;11;4;10;0;0
2201960;Brasileira;PI;2026-09;4;5;4;4;0;1;0;0
5300108;Brasília;DF;2026-09;3712;5881;1664;3226;2048;3645;430;442
3108602;Brasília de Minas;MG;2026-09;15;26;10;17;5;12;2;2
5101902;Brasnorte;MT;2026-09;6;8;4;6;2;3;0;0
3507704;Braúna;SP;2026-09;3;4;1;2;2;2;0;0
3108800;Braúnas;MG;2026-09;0;0;0;0;0;0;0;0
5203609;Brazabrantes;GO;2026-09;2;3;2;2;0;2;1;1
3108909;Brazópolis;MG;2026-09;6;10;4;5;2;5;1;1
2602407;Brejão;PE;2026-09;2;2;2;2;0;0;0;0
3201159;Brejetuba;ES;2026-09;9;14;6;11;3;7;0;0
2602506;Brejinho;PE;2026-09;6;6;6;6;0;0;0;0
2401800;Brejinho;RN;2026-09;2;5;2;4;0;1;0;0
1703701;Brejinho de Nazaré;TO;2026-09;2;3;2;2;0;2;1;1
2102101;Brejo;MA;2026-09;8;16;6;9;2;9;0;0
3507753;Brejo Alegre;SP;2026-09;2;2;0;0;2;2;0;0
2602605;Brejo da Madre de Deus;PE;2026-09;19;24;16;19;3;7;2;2
2102150;Brejo de Areia;MA;2026-09;3;3;3;3;0;0;0;0
2502805;Brejo do Cruz;PB;2026-09;6;8;6;7;0;2;1;1
2201988;Brejo do Piauí;PI;2026-09;1;1;1;1;0;0;0;0
2502904;Brejo dos Santos;PB;2026-09;2;2;2;2;0;0;0;0
2800704;Brejo Grande;SE;2026-09;2;2;2;2;0;0;0;0
1501758;Brejo Grande do Araguaia;PA;2026-09;0;0;0;0;0;0;0;0
2302503;Brejo Santo;CE;2026-09;29;42;24;26;5;17;2;2
2904308;Brejões;BA;2026-09;4;5;4;4;0;1;0;0
2904407;Brejolândia;BA;2026-09;3;3;2;3;1;1;1;1
1501782;Breu Branco;PA;2026-09;9;21;6;15;3;15;0;0
1501808;Breves;PA;2026-09;18;35;14;23;4;17;0;0
5203807;Britânia;GO;2026-09;3;4;2;2;1;2;0;0
4302659;Brochier;RS;2026-09;4;5;2;2;2;3;1;1
3507803;Brodowski;SP;2026-09;28;34;18;22;10;14;0;0
3507902;Brotas;SP;2026-09;24;26;16;22;8;8;1;1
2904506;Brotas de Macaúbas;BA;2026-09;2;4;1;2;1;3;0;0
3109006;Brumadinho;MG;2026-09;21;35;12;24;9;20;1;1
2904605;Brumado;BA;2026-09;74;126;34;80;40;75;7;7
4202875;Brunópolis;SC;2026-09;0;0;0;0;0;0;0;0
4202909;Brusque;SC;2026-09;151;185;99;131;52;72;14;15
3109105;Bueno Brandão;MG;2026-09;7;9;5;6;2;4;2;2
3109204;Buenópolis;MG;2026-09;5;9;3;6;2;6;0;0
2602704;Buenos Aires;PE;2026-09;3;3;3;3;0;0;0;0
2904704;Buerarema;BA;2026-09;7;9;6;9;1;4;1;1
3109253;Bugre;MG;2026-09;1;1;0;1;1;1;0;0
2602803;Buíque;PE;2026-09;12;19;10;12;2;7;0;0
1200138;Bujari;AC;2026-09;1;1;1;1;0;1;0;0
1501907;Bujaru;PA;2026-09;1;5;1;2;0;3;0;0
3508009;Buri;SP;2026-09;10;13;8;13;2;5;0;0
3508108;Buritama;SP;2026-09;13;21;7;10;6;14;1;1
2102200;Buriti;MA;2026-09;4;4;3;3;1;2;0;0
5203906;Buriti Alegre;GO;2026-09;12;16;7;9;5;9;0;0
2102309;Buriti Bravo;MA;2026-09;4;5;3;4;1;2;0;0
5203939;Buriti de Goiás;GO;2026-09;4;5;1;1;3;4;2;2
1703800;Buriti do Tocantins;TO;2026-09;3;3;2;3;1;1;0;0
2202000;Buriti dos Lopes;PI;2026-09;3;7;3;4;0;3;0;0
2202026;Buriti dos Montes;PI;2026-09;3;4;2;4;1;1;0;0
2102325;Buriticupu;MA;2026-09;15;23;11;16;4;11;0;0
5203962;Buritinópolis;GO;2026-09;0;0;0;0;0;0;0;0
2904753;Buritirama;BA;2026-09;5;6;4;5;1;1;0;0
2102358;Buritirana;MA;2026-09;3;4;3;3;0;1;0;0
1100452;Buritis;RO;2026-09;12;19;6;12;6;14;1;1
3109303;Buritis;MG;2026-09;10;14;10;11;0;4;1;1
3508207;Buritizal;SP;2026-09;4;5;2;4;2;3;0;0
3109402;Buritizeiro;MG;2026-09;6;10;5;9;1;5;1;1
4302709;Butiá;RS;2026-09;13;17;8;12;5;7;1;1
1300839;Caapiranga;AM;2026-09;1;2;1;2;0;0;0;0
2503001;Caaporã;PB;2026-09;7;9;5;6;2;4;1;1
5002407;Caarapó;MS;2026-09;23;28;9;20;14;17;1;1
2904803;Caatiba;BA;2026-09;1;1;1;1;0;0;1;1
2503100;Cabaceiras;PB;2026-09;3;3;3;3;0;0;0;0
2904852;Cabaceiras do Paraguaçu;BA;2026-09;3;5;2;2;1;3;0;0
3109451;Cabeceira Grande;MG;2026-09;2;3;2;3;0;0;0;0
5204003;Cabeceiras;GO;2026-09;1;1;1;1;0;0;0;0
2202059;Cabeceiras do Piauí;PI;2026-09;2;2;1;1;1;1;0;0
2503209;Cabedelo;PB;2026-09;40;50;29;39;11;18;4;4
1100031;Cabixi;RO;2026-09;3;8;2;5;1;4;1;1
2602902;Cabo de Santo Agostinho;PE;2026-09;74;111;42;58;32;61;7;7
3300704;Cabo Frio;RJ;2026-09;155;313;80;173;75;187;13;13
3109501;Cabo Verde;MG;2026-09;8;9;4;8;4;4;2;2
3508306;Cabrália Paulista;SP;2026-09;2;2;1;1;1;1;1;1
3508405;Cabreúva;SP;2026-09;36;43;21;27;15;22;5;5
2603009;Cabrobó;PE;2026-09;9;15;6;11;3;7;1;1
4203006;Caçador;SC;2026-09;55;76;30;50;25;31;5;5
3508504;Caçapava;SP;2026-09;71;96;43;57;28;55;9;9
4302808;Caçapava do Sul;RS;2026-09;22;28;12;19;10;12;1;1
1100601;Cacaulândia;RO;2026-09;2;2;2;2;0;0;0;0
4302907;Cacequi;RS;2026-09;6;8;4;7;2;3;0;0
5102504;Cáceres;MT;2026-09;47;84;22;42;25;55;6;6
2904902;Cachoeira;BA;2026-09;12;24;5;11;7;15;1;1
5204102;Cachoeira Alta;GO;2026-09;6;9;6;6;0;4;1;1
3109600;Cachoeira da Prata;MG;2026-09;3;3;3;3;0;2;0;0
5204201;Cachoeira de Goiás;GO;2026-09;2;2;1;1;1;1;0;0
3109709;Cachoeira de Minas;MG;2026-09;8;10;6;8;2;4;2;2
3102704;Cachoeira de Pajeú;MG;2026-09;2;2;1;2;1;1;0;0
1502004;Cachoeira do Arari;PA;2026-09;3;3;2;2;1;1;0;0
1501956;Cachoeira do Piriá;PA;2026-09;1;2;1;1;0;1;0;0
4303004;Cachoeira do Sul;RS;2026-09;50;65;26;39;24;30;2;2
2503308;Cachoeira dos Índios;PB;2026-09;3;3;3;3;0;0;1;1
3109808;Cachoeira Dourada;MG;2026-09;2;3;2;3;0;0;0;0
5204250;Cachoeira Dourada;GO;2026-09;5;6;4;5;1;2;0;0
2102374;Cachoeira Grande;MA;2026-09;2;2;2;2;0;2;0;0
3508603;Cachoeira Paulista;SP;2026-09;11;20;6;10;5;12;1;1
3300803;Cachoeiras de Macacu;RJ;2026-09;22;39;18;27;4;16;0;0
4303103;Cachoeirinha;RS;2026-09;84;131;50;88;34;58;8;8
1703826;Cachoeirinha;TO;2026-09;1;1;1;1;0;0;0;0
2603108;Cachoeirinha;PE;2026-09;8;9;8;8;0;1;0;0
3201209;Cachoeiro de Itapemirim;ES;2026-09;154;224;114;155;40;94;7;7
2503407;Cacimba de Areia;PB;2026-09;1;1;1;1;0;0;0;0
2503506;Cacimba de Dentro;PB;2026-09;4;6;3;4;1;3;0;0
2503555;Cacimbas;PB;2026-09;3;3;3;3;0;1;0;0
2701209;Cacimbinhas;AL;2026-09;2;3;2;2;0;2;1;1
4303202;Cacique Doble;RS;2026-09;4;5;2;4;2;3;1;1
1100049;Cacoal;RO;2026-09;67;157;33;74;34;114;2;2
3508702;Caconde;SP;2026-09;11;12;7;8;4;4;0;0
5204300;Caçu;GO;2026-09;9;14;7;10;2;6;0;0
2905008;Caculé;BA;2026-09;16;20;9;13;7;11;1;1
2905107;Caém;BA;2026-09;4;5;3;3;1;2;1;1
3109907;Caetanópolis;MG;2026-09;7;8;5;8;2;3;1;1
2905156;Caetanos;BA;2026-09;0;0;0;0;0;0;0;0
3110004;Caeté;MG;2026-09;30;42;19;26;11;22;3;3
2603207;Caetés;PE;2026-09;4;4;4;4;0;0;0;0
2905206;Caetité;BA;2026-09;32;46;21;28;11;24;4;4
2905305;Cafarnaum;BA;2026-09;5;9;2;7;3;4;0;0
4103404;Cafeara;PR;2026-09;3;3;3;3;0;0;0;0
4103453;Cafelândia;PR;2026-09;10;13;7;8;3;5;0;0
3508801;Cafelândia;SP;2026-09;6;7;5;6;1;1;0;0
4103479;Cafezal do Sul;PR;2026-09;1;4;1;2;0;2;0;0
3508900;Caiabu;SP;2026-09;4;5;2;3;2;3;0;1
3110103;Caiana;MG;2026-09;2;3;2;2;0;1;0;0
5204409;Caiapônia;GO;2026-09;9;12;7;10;2;3;1;1
4303301;Caibaté;RS;2026-09;2;3;1;3;1;1;0;0
4203105;Caibi;SC;2026-09;8;10;4;6;4;7;2;2
4303400;Caiçara;RS;2026-09;2;5;1;4;1;1;0;0
2503605;Caiçara;PB;2026-09;3;3;2;2;1;1;0;0
2401859;Caiçara do Norte;RN;2026-09;1;1;1;1;0;0;0;0
2401909;Caiçara do Rio do Vento;RN;2026-09;2;2;2;2;0;0;0;0
2402006;Caicó;RN;2026-09;50;79;26;50;24;45;4;4
3509007;Caieiras;SP;2026-09;52;75;35;50;17;30;3;4
2905404;Cairu;BA;2026-09;19;24;10;14;9;12;0;0
3509106;Caiuá;SP;2026-09;1;1;1;1;0;0;0;0
3509205;Cajamar;SP;2026-09;68;98;38;66;30;54;9;10
2102408;Cajapió;MA;2026-09;2;2;2;2;0;0;0;0
2102507;Cajari;MA;2026-09;1;1;1;1;0;0;0;0
3509254;Cajati;SP;2026-09;13;20;9;17;4;6;1;1
2503704;Cajazeiras;PB;2026-09;62;81;39;52;23;37;1;1
2202075;Cajazeiras do Piauí;PI;2026-09;1;1;1;1;0;0;0;0
2503753;Cajazeirinhas;PB;2026-09;1;1;1;1;0;0;0;0
3509304;Cajobi;SP;2026-09;4;6;4;6;0;1;0;0
2701308;Cajueiro;AL;2026-09;4;5;3;3;1;2;1;1
2202083;Cajueiro da Praia;PI;2026-09;6;9;6;8;0;1;0;0
3110202;Cajuri;MG;2026-09;3;3;3;3;0;0;0;0
3509403;Cajuru;SP;2026-09;14;16;9;11;5;6;0;0
2603306;Calçado;PE;2026-09;2;3;2;3;0;0;0;0
1600204;Calçoene;AP;2026-09;3;4;3;4;0;0;0;0
3110301;Caldas;MG;2026-09;9;11;5;7;4;5;1;1
2503803;Caldas Brandão;PB;2026-09;4;5;3;3;1;2;1;1
5204508;Caldas Novas;GO;2026-09;72;92;44;68;28;41;6;6
5204557;Caldazinha;GO;2026-09;2;3;1;1;1;2;0;0
2905503;Caldeirão Grande;BA;2026-09;4;14;3;5;1;9;0;0
2202091;Caldeirão Grande do Piauí;PI;2026-09;3;3;2;2;1;1;0;0
4103503;Califórnia;PR;2026-09;4;4;2;2;2;2;0;0
4203154;Calmon;SC;2026-09;0;0;0;0;0;0;0;0
2603405;Calumbi;PE;2026-09;1;1;1;1;0;0;0;0
2905602;Camacan;BA;2026-09;12;15;5;6;7;11;0;0
2905701;Camaçari;BA;2026-09;200;307;125;184;75;181;24;25
3110400;Camacho;MG;2026-09;0;0;0;0;0;0;0;0
2503902;Camalaú;PB;2026-09;2;2;2;2;0;0;0;0
2905800;Camamu;BA;2026-09;8;17;6;6;2;11;0;0
3110509;Camanducaia;MG;2026-09;16;19;14;16;2;7;2;2
5002605;Camapuã;MS;2026-09;8;9;4;5;4;5;0;0
4303509;Camaquã;RS;2026-09;63;78;23;38;40;53;2;2
2603454;Camaragibe;PE;2026-09;128;164;36;55;92;120;6;6
4303558;Camargo;RS;2026-09;5;6;2;4;3;4;0;0
4103602;Cambará;PR;2026-09;27;32;13;20;14;20;3;3
4303608;Cambará do Sul;RS;2026-09;6;7;4;6;2;2;0;0
4103701;Cambé;PR;2026-09;89;114;41;73;48;60;13;13
4103800;Cambira;PR;2026-09;6;6;6;6;0;0;0;0
4203204;Camboriú;SC;2026-09;69;85;49;69;20;28;7;7
3300902;Cambuci;RJ;2026-09;6;11;4;6;2;6;0;0
3110608;Cambuí;MG;2026-09;32;39;18;29;14;17;1;1
3110707;Cambuquira;MG;2026-09;13;14;10;11;3;5;0;0
1502103;Cametá;PA;2026-09;27;50;22;35;5;21;1;1
2302602;Camocim;CE;2026-09;26;41;19;28;7;17;1;1
2603504;Camocim de São Félix;PE;2026-09;5;6;5;6;0;1;1;1
3110806;Campanário;MG;2026-09;2;2;1;2;1;1;0;0
3110905;Campanha;MG;2026-09;17;19;14;14;3;5;1;1
3111002;Campestre;MG;2026-09;25;26;16;16;9;10;1;1
2701357;Campestre;AL;2026-09;2;3;2;2;0;1;0;0
4303673;Campestre da Serra;RS;2026-09;1;2;1;1;0;1;0;0
5204607;Campestre de Goiás;GO;2026-09;2;2;2;2;0;1;1;1
2102556;Campestre do Maranhão;MA;2026-09;3;6;3;4;0;4;0;0
4103909;Campina da Lagoa;PR;2026-09;11;12;6;7;5;6;2;2
4303707;Campina das Missões;RS;2026-09;2;3;2;2;0;1;0;0
3509452;Campina do Monte Alegre;SP;2026-09;8;8;4;5;4;4;0;0
4103958;Campina do Simão;PR;2026-09;0;3;0;0;0;3;0;0
2504009;Campina Grande;PB;2026-09;332;539;187;307;145;337;44;45
4104006;Campina Grande do Sul;PR;2026-09;48;70;27;48;21;36;3;3
3111101;Campina Verde;MG;2026-09;8;12;3;8;5;6;0;0
5204656;Campinaçu;GO;2026-09;4;4;2;2;2;2;0;0
5102603;Campinápolis;MT;2026-09;5;6;4;5;1;2;0;0
3509502;Campinas;SP;2026-09;1665;2319;741;1309;924;1318;150;164
2202109;Campinas do Piauí;PI;2026-09;1;2;1;2;0;0;0;0
4303806;Campinas do Sul;RS;2026-09;5;6;2;5;3;4;2;2
5204706;Campinorte;GO;2026-09;6;6;5;6;1;1;0;0
4203303;Campo Alegre;SC;2026-09;4;6;4;6;0;1;0;0
2701407;Campo Alegre;AL;2026-09;8;8;6;8;2;2;2;2
5204805;Campo Alegre de Goiás;GO;2026-09;6;6;2;3;4;4;0;0
2905909;Campo Alegre de Lourdes;BA;2026-09;7;11;5;8;2;5;0;0
2202117;Campo Alegre do Fidalgo;PI;2026-09;2;5;2;3;0;2;0;0
3111150;Campo Azul;MG;2026-09;0;0;0;0;0;0;0;0
3111200;Campo Belo;MG;2026-09;42;56;30;40;12;21;2;2
4203402;Campo Belo do Sul;SC;2026-09;9;9;3;4;6;6;0;0
4303905;Campo Bom;RS;2026-09;51;65;36;51;15;27;5;5
4104055;Campo Bonito;PR;2026-09;4;5;2;3;2;3;0;0
2801009;Campo do Brito;SE;2026-09;16;17;12;15;4;5;0;0
3111309;Campo do Meio;MG;2026-09;7;13;7;10;0;3;0;1
4104105;Campo do Tenente;PR;2026-09;7;7;4;4;3;3;1;1
4203501;Campo Erê;SC;2026-09;13;16;8;13;5;7;0;0
3111408;Campo Florido;MG;2026-09;3;4;1;2;2;3;0;0
2906006;Campo Formoso;BA;2026-09;24;42;15;26;9;23;2;2
2701506;Campo Grande;AL;2026-09;3;4;3;4;0;1;1;1
2401305;Campo Grande;RN;2026-09;3;6;2;3;1;4;0;0
5002704;Campo Grande;MS;2026-09;879;1253;556;814;323;635;103;106
2202133;Campo Grande do Piauí;PI;2026-09;3;4;3;3;0;1;0;0
4104204;Campo Largo;PR;2026-09;117;165;62;99;55;94;12;12
2202174;Campo Largo do Piauí;PI;2026-09;1;2;1;2;0;1;0;0
5204854;Campo Limpo de Goiás;GO;2026-09;7;8;2;2;5;6;0;0
3509601;Campo Limpo Paulista;SP;2026-09;47;64;28;37;19;31;1;1
4104253;Campo Magro;PR;2026-09;9;10;3;5;6;7;0;0
2202208;Campo Maior;PI;2026-09;19;39;12;16;7;25;0;0
4104303;Campo Mourão;PR;2026-09;120;180;47;91;73;116;10;10
4304002;Campo Novo;RS;2026-09;4;4;2;2;2;2;0;0
1100700;Campo Novo de Rondônia;RO;2026-09;0;2;0;0;0;2;0;0
5102637;Campo Novo do Parecis;MT;2026-09;35;51;14;24;21;38;4;4
2402105;Campo Redondo;RN;2026-09;6;6;5;5;1;1;0;0
5102678;Campo Verde;MT;2026-09;55;82;33;53;22;40;4;4
3111507;Campos Altos;MG;2026-09;11;13;6;8;5;7;2;2
5204904;Campos Belos;GO;2026-09;21;25;9;14;12;15;2;3
4304101;Campos Borges;RS;2026-09;5;7;4;6;1;3;1;1
5102686;Campos de Júlio;MT;2026-09;7;11;2;8;5;8;2;3
3509700;Campos do Jordão;SP;2026-09;34;49;22;37;12;20;0;0
3301009;Campos dos Goytacazes;RJ;2026-09;356;609;176;318;180;398;21;23
3111606;Campos Gerais;MG;2026-09;16;23;9;14;7;11;2;2
1703842;Campos Lindos;TO;2026-09;2;5;2;4;0;2;0;0
4203600;Campos Novos;SC;2026-09;34;55;12;33;22;30;5;5
3509809;Campos Novos Paulista;SP;2026-09;2;4;2;3;0;1;0;0
2302701;Campos Sales;CE;2026-09;12;15;10;10;2;5;0;0
5204953;Campos Verdes;GO;2026-09;4;6;4;6;0;1;0;0
2603603;Camutanga;PE;2026-09;6;6;4;4;2;2;0;0
3111903;Cana Verde;MG;2026-09;2;2;2;2;0;0;0;0
3111705;Canaã;MG;2026-09;2;2;1;1;1;1;0;0
1502152;Canaã dos Carajás;PA;2026-09;44;167;33;89;11;124;6;6
5102694;Canabrava do Norte;MT;2026-09;1;1;1;1;0;0;0;0
3509908;Cananéia;SP;2026-09;9;12;6;9;3;5;3;3
2701605;Canapi;AL;2026-09;4;4;4;4;0;0;0;0
2906105;Canápolis;BA;2026-09;4;5;3;3;1;2;0;0
3111804;Canápolis;MG;2026-09;17;17;11;11;6;7;1;1
2906204;Canarana;BA;2026-09;11;15;6;9;5;9;0;0
5102702;Canarana;MT;2026-09;21;28;11;19;10;13;1;1
3509957;Canas;SP;2026-09;2;2;1;1;1;1;0;0
2202251;Canavieira;PI;2026-09;0;0;0;0;0;0;0;0
2906303;Canavieiras;BA;2026-09;5;10;4;7;1;5;0;0
2906402;Candeal;BA;2026-09;1;2;0;2;1;1;1;1
2906501;Candeias;BA;2026-09;35;48;21;30;14;29;5;5
3112000;Candeias;MG;2026-09;10;13;8;11;2;4;1;1
1100809;Candeias do Jamari;RO;2026-09;7;11;5;7;2;9;3;3
4304200;Candelária;RS;2026-09;18;21;6;11;12;14;2;2
2906600;Candiba;BA;2026-09;5;7;3;5;2;3;1;1
4104402;Cândido de Abreu;PR;2026-09;3;4;2;4;1;1;0;0
4304309;Cândido Godói;RS;2026-09;6;9;3;5;3;6;1;1
2102606;Cândido Mendes;MA;2026-09;2;4;1;1;1;3;0;0
3510005;Cândido Mota;SP;2026-09;30;36;13;20;17;19;2;3
3510104;Cândido Rodrigues;SP;2026-09;1;2;1;2;0;0;0;0
2906709;Cândido Sales;BA;2026-09;4;4;3;3;1;1;0;0
4304358;Candiota;RS;2026-09;3;6;1;4;2;3;0;0
4104428;Candói;PR;2026-09;11;27;5;18;6;21;1;1
4304408;Canela;RS;2026-09;43;62;27;43;16;26;0;0
4203709;Canelinha;SC;2026-09;7;11;4;8;3;6;0;0
2402204;Canguaretama;RN;2026-09;12;16;7;9;5;8;0;0
4304507;Canguçu;RS;2026-09;25;32;16;23;9;13;1;1
2801108;Canhoba;SE;2026-09;1;1;1;1;0;0;0;0
2603702;Canhotinho;PE;2026-09;5;6;3;4;2;3;0;0
2302800;Canindé;CE;2026-09;26;47;19;32;7;21;0;0
2801207;Canindé de São Francisco;SE;2026-09;9;23;7;13;2;12;1;2
3510153;Canitar;SP;2026-09;0;1;0;1;0;0;0;0
4304606;Canoas;RS;2026-09;301;430;184;261;117;205;29;29
4203808;Canoinhas;SC;2026-09;44;64;20;34;24;39;4;4
2906808;Cansanção;BA;2026-09;16;19;5;13;11;14;0;0
1400175;Cantá;RR;2026-09;4;9;3;5;1;5;0;0
3112059;Cantagalo;MG;2026-09;2;2;2;2;0;0;0;0
3301108;Cantagalo;RJ;2026-09;11;25;7;16;4;16;0;0
4104451;Cantagalo;PR;2026-09;10;11;7;7;3;4;1;1
2102705;Cantanhede;MA;2026-09;5;6;4;5;1;2;1;1
2202307;Canto do Buriti;PI;2026-09;9;16;6;7;3;9;0;0
2906824;Canudos;BA;2026-09;4;4;4;4;0;2;0;0
4304614;Canudos do Vale;RS;2026-09;2;2;1;2;1;1;0;0
1300904;Canutama;AM;2026-09;1;1;1;1;0;0;0;0
1502202;Capanema;PA;2026-09;35;75;28;46;7;47;2;2
4104501;Capanema;PR;2026-09;18;32;7;23;11;21;2;2
4203253;Capão Alto;SC;2026-09;0;0;0;0;0;0;0;0
3510203;Capão Bonito;SP;2026-09;27;32;17;21;10;13;1;1
4304622;Capão Bonito do Sul;RS;2026-09;1;1;0;0;1;1;0;0
4304630;Capão da Canoa;RS;2026-09;68;101;45;68;23;45;9;9
4304655;Capão do Cipó;RS;2026-09;1;1;1;1;0;0;0;0
4304663;Capão do Leão;RS;2026-09;14;18;7;14;7;12;4;4
3112109;Caparaó;MG;2026-09;5;5;3;5;2;3;2;2
2801306;Capela;SE;2026-09;9;15;7;9;2;8;1;1
2701704;Capela;AL;2026-09;3;7;2;3;1;5;0;0
4304689;Capela de Santana;RS;2026-09;2;5;1;2;1;3;0;0
3510302;Capela do Alto;SP;2026-09;11;18;9;14;2;10;1;1
2906857;Capela do Alto Alegre;BA;2026-09;8;12;4;5;4;9;1;1
3112208;Capela Nova;MG;2026-09;1;2;1;1;0;1;0;0
3112307;Capelinha;MG;2026-09;19;38;12;23;7;26;3;3
3112406;Capetinga;MG;2026-09;2;2;1;2;1;1;0;0
2504033;Capim;PB;2026-09;2;3;2;2;0;1;0;0
3112505;Capim Branco;MG;2026-09;7;7;6;6;1;1;0;0
2906873;Capim Grosso;BA;2026-09;17;39;12;24;5;25;3;3
3112604;Capinópolis;MG;2026-09;5;10;4;6;1;5;0;0
4203907;Capinzal;SC;2026-09;21;30;9;22;12;15;0;0
2102754;Capinzal do Norte;MA;2026-09;5;6;5;5;0;1;0;0
2302909;Capistrano;CE;2026-09;4;6;4;5;0;1;0;0
4304697;Capitão;RS;2026-09;3;3;2;3;1;2;0;0
3112653;Capitão Andrade;MG;2026-09;3;4;2;3;1;3;0;0
2202406;Capitão de Campos;PI;2026-09;4;8;3;6;1;4;0;0
3112703;Capitão Enéas;MG;2026-09;2;2;1;2;1;1;0;0
2202455;Capitão Gervásio Oliveira;PI;2026-09;1;1;1;1;0;0;0;0
4104600;Capitão Leônidas Marques;PR;2026-09;12;20;7;16;5;11;1;1
1502301;Capitão Poço;PA;2026-09;21;25;18;21;3;5;2;2
3112802;Capitólio;MG;2026-09;10;12;7;10;3;3;1;1
3510401;Capivari;SP;2026-09;47;50;25;27;22;29;3;3
4203956;Capivari de Baixo;SC;2026-09;16;23;14;18;2;6;0;0
4304671;Capivari do Sul;RS;2026-09;7;8;4;5;3;4;0;0
1200179;Capixaba;AC;2026-09;1;4;1;2;0;3;0;0
2603801;Capoeiras;PE;2026-09;5;7;3;4;2;3;1;1
3112901;Caputira;MG;2026-09;5;5;5;5;0;0;1;1
4304713;Caraá;RS;2026-09;3;4;0;3;3;3;0;0
1400209;Caracaraí;RR;2026-09;3;11;3;8;0;5;0;0
2202505;Caracol;PI;2026-09;4;9;1;3;3;8;0;0
5002803;Caracol;MS;2026-09;1;2;1;1;0;1;0;0
3510500;Caraguatatuba;SP;2026-09;114;158;83;116;31;64;8;10
3113008;Caraí;MG;2026-09;6;6;4;4;2;3;1;1
2906899;Caraíbas;BA;2026-09;0;1;0;0;0;1;0;0
4104659;Carambeí;PR;2026-09;18;24;11;12;7;14;0;0
3113107;Caranaíba;MG;2026-09;0;0;0;0;0;0;0;0
3113206;Carandaí;MG;2026-09;15;18;13;13;2;6;0;0
3113305;Carangola;MG;2026-09;24;42;9;23;15;27;4;4
3300936;Carapebus;RJ;2026-09;5;9;5;6;0;3;0;0
3510609;Carapicuíba;SP;2026-09;169;206;91;139;78;93;11;13
3113404;Caratinga;MG;2026-09;64;94;30;51;34;58;7;7
1301001;Carauari;AM;2026-09;6;9;3;8;3;4;0;0
2504074;Caraúbas;PB;2026-09;4;4;3;3;1;1;0;0
2402303;Caraúbas;RN;2026-09;11;22;9;14;2;10;1;1
2202539;Caraúbas do Piauí;PI;2026-09;1;1;1;1;0;0;0;0
2906907;Caravelas;BA;2026-09;6;10;3;9;3;3;1;1
4304705;Carazinho;RS;2026-09;31;46;18;29;13;21;4;4
3113503;Carbonita;MG;2026-09;6;13;3;10;3;10;0;0
2907004;Cardeal da Silva;BA;2026-09;0;0;0;0;0;0;0;0
3510708;Cardoso;SP;2026-09;6;10;4;7;2;5;1;1
3301157;Cardoso Moreira;RJ;2026-09;7;9;3;6;4;6;1;1
3113602;Careaçu;MG;2026-09;2;3;2;3;0;0;0;0
1301100;Careiro;AM;2026-09;1;5;1;3;0;2;0;0
1301159;Careiro da Várzea;AM;2026-09;0;1;0;1;0;0;0;0
3201308;Cariacica;ES;2026-09;212;290;142;200;70;139;25;25
2303006;Caridade;CE;2026-09;7;10;5;6;2;5;0;0
2202554;Caridade do Piauí;PI;2026-09;1;2;1;2;0;0;0;0
2907103;Carinhanha;BA;2026-09;7;9;5;8;2;5;0;0
2801405;Carira;SE;2026-09;7;10;6;7;1;4;0;0
2303105;Cariré;CE;2026-09;7;8;6;7;1;1;0;0
1703867;Cariri do Tocantins;TO;2026-09;2;2;2;2;0;0;0;0
2303204;Caririaçu;CE;2026-09;8;10;8;9;0;1;0;0
2303303;Cariús;CE;2026-09;7;7;7;7;0;0;0;0
5102793;Carlinda;MT;2026-09;4;5;2;5;2;2;1;1
4104709;Carlópolis;PR;2026-09;10;14;4;8;6;10;1;1
4304804;Carlos Barbosa;RS;2026-09;39;53;27;36;12;19;0;0
3113701;Carlos Chagas;MG;2026-09;10;11;5;9;5;7;2;2
4304853;Carlos Gomes;RS;2026-09;1;2;1;2;0;0;0;0
3113800;Carmésia;MG;2026-09;0;0;0;0;0;0;0;0
3301207;Carmo;RJ;2026-09;12;20;8;15;4;8;2;2
3113909;Carmo da Cachoeira;MG;2026-09;8;8;5;7;3;3;1;1
3114006;Carmo da Mata;MG;2026-09;8;10;5;10;3;4;2;2
3114105;Carmo de Minas;MG;2026-09;14;16;10;12;4;5;1;1
3114204;Carmo do Cajuru;MG;2026-09;23;23;15;18;8;10;4;4
3114303;Carmo do Paranaíba;MG;2026-09;22;26;14;19;8;10;3;3
3114402;Carmo do Rio Claro;MG;2026-09;9;12;6;11;3;4;0;0
5205000;Carmo do Rio Verde;GO;2026-09;5;5;3;3;2;2;0;0
1703883;Carmolândia;TO;2026-09;0;1;0;0;0;1;0;0
2801504;Carmópolis;SE;2026-09;4;5;4;4;0;1;0;0
3114501;Carmópolis de Minas;MG;2026-09;15;18;8;16;7;8;1;2
2603900;Carnaíba;PE;2026-09;4;5;4;4;0;2;0;0
2402402;Carnaúba dos Dantas;RN;2026-09;7;10;3;5;4;7;0;0
2402501;Carnaubais;RN;2026-09;3;4;3;3;0;1;0;0
2303402;Carnaubal;CE;2026-09;7;7;6;6;1;2;1;1
2603926;Carnaubeira da Penha;PE;2026-09;2;2;2;2;0;0;0;0
3114550;Carneirinho;MG;2026-09;6;9;2;5;4;6;0;0
2701803;Carneiros;AL;2026-09;1;1;1;1;0;0;0;0
1400233;Caroebe;RR;2026-09;0;1;0;1;0;0;0;0
2102804;Carolina;MA;2026-09;7;12;6;8;1;5;0;0
2604007;Carpina;PE;2026-09;46;91;29;47;17;56;3;4
3114600;Carrancas;MG;2026-09;5;8;2;6;3;4;0;0
2504108;Carrapateira;PB;2026-09;2;2;2;2;0;0;0;0
1703891;Carrasco Bonito;TO;2026-09;1;1;1;1;0;0;0;0
2604106;Caruaru;PE;2026-09;228;1930;133;227;95;1762;16;18
2102903;Carutapera;MA;2026-09;3;5;2;5;1;1;0;0
3114709;Carvalhópolis;MG;2026-09;1;1;1;1;0;0;0;0
3114808;Carvalhos;MG;2026-09;6;6;1;1;5;5;1;1
3510807;Casa Branca;SP;2026-09;16;20;8;11;8;10;0;0
3114907;Casa Grande;MG;2026-09;0;0;0;0;0;0;0;0
2907202;Casa Nova;BA;2026-09;14;18;9;15;5;7;1;1
4304903;Casca;RS;2026-09;17;26;12;17;5;15;1;1
3115003;Cascalho Rico;MG;2026-09;1;1;1;1;0;0;0;0
2303501;Cascavel;CE;2026-09;22;35;17;28;5;17;0;0
4104808;Cascavel;PR;2026-09;482;679;209;391;273;407;32;35
1703909;Caseara;TO;2026-09;0;1;0;1;0;0;0;0
4304952;Caseiros;RS;2026-09;3;3;1;2;2;2;1;1
3301306;Casimiro de Abreu;RJ;2026-09;27;50;19;28;8;30;1;1
2604155;Casinhas;PE;2026-09;2;2;2;2;0;0;0;0
2504157;Casserengue;PB;2026-09;2;2;2;2;0;0;0;0
3115102;Cássia;MG;2026-09;12;17;5;10;7;9;0;0
3510906;Cássia dos Coqueiros;SP;2026-09;0;1;0;1;0;0;0;0
5002902;Cassilândia;MS;2026-09;10;14;7;10;3;5;0;0
1502400;Castanhal;PA;2026-09;98;147;76;102;22;67;7;7
5102850;Castanheira;MT;2026-09;3;4;1;3;2;3;2;2
1100908;Castanheiras;RO;2026-09;0;0;0;0;0;0;0;0
5205059;Castelândia;GO;2026-09;2;4;2;2;0;2;0;0
3201407;Castelo;ES;2026-09;27;36;16;23;11;20;3;3
2202604;Castelo do Piauí;PI;2026-09;11;11;5;7;6;6;2;2
3511003;Castilho;SP;2026-09;16;25;8;15;8;11;2;2
4104907;Castro;PR;2026-09;41;60;23;37;18;31;3;3
2907301;Castro Alves;BA;2026-09;11;16;9;11;2;7;0;0
3115300;Cataguases;MG;2026-09;44;63;28;41;16;33;3;3
5205109;Catalão;GO;2026-09;127;161;53;84;74;97;7;7
3511102;Catanduva;SP;2026-09;128;171;71;103;57;82;2;2
4105003;Catanduvas;PR;2026-09;8;8;5;8;3;3;4;4
4204004;Catanduvas;SC;2026-09;9;12;6;9;3;7;0;0
2303600;Catarina;CE;2026-09;2;5;2;4;0;1;0;0
3115359;Catas Altas;MG;2026-09;8;9;5;8;3;4;1;1
3115409;Catas Altas da Noruega;MG;2026-09;0;0;0;0;0;0;0;0
2604205;Catende;PE;2026-09;8;10;6;9;2;4;1;1
3511201;Catiguá;SP;2026-09;1;1;1;1;0;0;0;0
2504207;Catingueira;PB;2026-09;3;3;3;3;0;0;0;0
2907400;Catolândia;BA;2026-09;0;1;0;0;0;1;0;0
2504306;Catolé do Rocha;PB;2026-09;19;31;17;19;2;16;1;1
2907509;Catu;BA;2026-09;39;62;18;31;21;39;2;2
4305009;Catuípe;RS;2026-09;7;8;4;5;3;4;0;0
3115458;Catuji;MG;2026-09;2;2;2;2;0;0;0;0
2303659;Catunda;CE;2026-09;5;5;5;5;0;0;0;0
5205208;Caturaí;GO;2026-09;3;3;1;1;2;2;1;1
2907558;Caturama;BA;2026-09;3;4;2;2;1;2;0;0
2504355;Caturité;PB;2026-09;2;2;2;2;0;0;0;0
3115474;Catuti;MG;2026-09;0;0;0;0;0;0;0;0
2303709;Caucaia;CE;2026-09;142;191;109;150;33;70;17;18
5205307;Cavalcante;GO;2026-09;6;7;4;5;2;3;1;1
3115508;Caxambu;MG;2026-09;24;27;11;15;13;15;0;0
4204103;Caxambu do Sul;SC;2026-09;1;1;0;1;1;1;0;0
2103000;Caxias;MA;2026-09;87;126;52;78;35;70;4;4
4305108;Caxias do Sul;RS;2026-09;404;569;226;370;178;274;23;26
2202653;Caxingó;PI;2026-09;1;2;1;1;0;1;0;0
2402600;Ceará-Mirim;RN;2026-09;34;50;29;40;5;15;0;0
2103109;Cedral;MA;2026-09;0;1;0;1;0;0;0;0
3511300;Cedral;SP;2026-09;12;15;6;8;6;9;0;0
2303808;Cedro;CE;2026-09;11;22;8;15;3;13;0;0
2604304;Cedro;PE;2026-09;2;5;2;2;0;3;0;0
2801603;Cedro de São João;SE;2026-09;4;4;3;4;1;1;1;1
3115607;Cedro do Abaeté;MG;2026-09;1;1;0;1;1;1;1;1
4204152;Celso Ramos;SC;2026-09;3;4;2;4;1;2;0;0
4305116;Centenário;RS;2026-09;0;0;0;0;0;0;0;0
1704105;Centenário;TO;2026-09;0;0;0;0;0;0;0;0
4105102;Centenário do Sul;PR;2026-09;2;3;2;2;0;1;0;0
2907608;Central;BA;2026-09;5;8;5;6;0;2;0;0
3115706;Central de Minas;MG;2026-09;2;2;1;2;1;1;1;1
2103125;Central do Maranhão;MA;2026-09;0;7;0;0;0;7;0;0
3115805;Centralina;MG;2026-09;9;10;3;4;6;8;1;1
2103158;Centro do Guilherme;MA;2026-09;2;2;1;1;1;1;0;0
2103174;Centro Novo do Maranhão;MA;2026-09;2;5;2;4;0;2;0;0
1100056;Cerejeiras;RO;2026-09;6;13;3;7;3;8;0;0
5205406;Ceres;GO;2026-09;51;74;17;30;34;53;4;4
3511409;Cerqueira César;SP;2026-09;12;18;7;13;5;6;1;1
3511508;Cerquilho;SP;2026-09;54;66;31;40;23;32;4;4
4305124;Cerrito;RS;2026-09;3;4;3;4;0;0;0;0
4105201;Cerro Azul;PR;2026-09;1;3;1;3;0;0;0;0
4305132;Cerro Branco;RS;2026-09;2;3;1;3;1;1;1;1
2402709;Cerro Corá;RN;2026-09;7;7;6;6;1;1;0;0
4305157;Cerro Grande;RS;2026-09;4;6;1;2;3;6;0;0
4305173;Cerro Grande do Sul;RS;2026-09;8;10;2;4;6;6;1;1
4305207;Cerro Largo;RS;2026-09;8;11;4;9;4;5;1;1
4204178;Cerro Negro;SC;2026-09;1;1;0;1;1;1;0;0
3511607;Cesário Lange;SP;2026-09;12;17;7;11;5;10;1;1
4105300;Céu Azul;PR;2026-09;10;14;6;7;4;7;2;2
5205455;Cezarina;GO;2026-09;5;8;5;5;0;3;0;0
2604403;Chã de Alegria;PE;2026-09;4;4;3;3;1;1;0;0
2604502;Chã Grande;PE;2026-09;6;10;5;6;1;6;1;1
2701902;Chã Preta;AL;2026-09;3;3;3;3;0;0;0;0
3115904;Chácara;MG;2026-09;2;4;2;2;0;2;0;0
3116001;Chalé;MG;2026-09;5;6;4;6;1;1;1;1
4305306;Chapada;RS;2026-09;5;7;3;4;2;4;2;2
1705102;Chapada da Natividade;TO;2026-09;1;2;1;2;0;1;0;0
1704600;Chapada de Areia;TO;2026-09;0;0;0;0;0;0;0;0
3116100;Chapada do Norte;MG;2026-09;2;5;2;2;0;3;0;0
5103007;Chapada dos Guimarães;MT;2026-09;23;31;10;14;13;22;2;2
3116159;Chapada Gaúcha;MG;2026-09;5;6;4;4;1;2;1;1
5205471;Chapadão do Céu;GO;2026-09;5;8;5;6;0;2;0;0
4204194;Chapadão do Lageado;SC;2026-09;2;2;2;2;0;0;1;1
5002951;Chapadão do Sul;MS;2026-09;28;35;17;22;11;18;2;2
2103208;Chapadinha;MA;2026-09;18;32;14;20;4;19;2;2
4204202;Chapecó;SC;2026-09;283;369;168;255;115;176;28;28
3511706;Charqueada;SP;2026-09;8;11;4;6;4;8;1;1
4305355;Charqueadas;RS;2026-09;26;36;18;23;8;16;0;0
4305371;Charrua;RS;2026-09;1;1;1;1;0;0;0;0
2303907;Chaval;CE;2026-09;3;3;2;2;1;1;0;0
3557204;Chavantes;SP;2026-09;8;13;4;9;4;7;0;0
1502509;Chaves;PA;2026-09;3;3;3;3;0;0;0;0
3116209;Chiador;MG;2026-09;1;1;1;1;0;0;0;0
4305405;Chiapetta;RS;2026-09;5;7;3;5;2;3;0;0
4105409;Chopinzinho;PR;2026-09;29;44;13;30;16;30;2;2
2303931;Choró;CE;2026-09;4;4;4;4;0;1;0;0
2303956;Chorozinho;CE;2026-09;9;13;9;10;0;4;0;0
2907707;Chorrochó;BA;2026-09;2;3;2;2;0;1;0;0
4305439;Chuí;RS;2026-09;7;9;6;9;1;1;0;0
1100924;Chupinguaia;RO;2026-09;4;6;3;6;1;1;0;0
4305447;Chuvisca;RS;2026-09;5;5;1;1;4;5;0;0
4105508;Cianorte;PR;2026-09;61;80;33;54;28;39;8;9
2907806;Cícero Dantas;BA;2026-09;19;25;10;16;9;14;1;1
4105607;Cidade Gaúcha;PR;2026-09;6;12;3;7;3;7;2;2
5205497;Cidade Ocidental;GO;2026-09;26;31;20;25;6;11;4;4
2103257;Cidelândia;MA;2026-09;4;5;3;3;1;2;0;0
4305454;Cidreira;RS;2026-09;8;13;6;10;2;6;3;3
2907905;Cipó;BA;2026-09;4;7;4;5;0;2;0;0
3116308;Cipotânea;MG;2026-09;3;3;1;1;2;2;1;1
4305504;Ciríaco;RS;2026-09;7;10;3;7;4;6;1;1
3116407;Claraval;MG;2026-09;0;0;0;0;0;0;0;0
3116506;Claro dos Poções;MG;2026-09;2;3;2;3;0;1;0;0
5103056;Cláudia;MT;2026-09;11;12;4;9;7;8;2;2
3116605;Cláudio;MG;2026-09;18;27;7;20;11;18;1;1
3511904;Clementina;SP;2026-09;5;5;4;4;1;1;0;0
4105706;Clevelândia;PR;2026-09;16;21;6;9;10;15;1;1
2908002;Coaraci;BA;2026-09;6;8;5;7;1;3;1;1
1301209;Coari;AM;2026-09;14;39;9;26;5;22;0;0
2202703;Cocal;PI;2026-09;7;10;7;7;0;3;0;0
2202711;Cocal de Telha;PI;2026-09;2;4;2;3;0;2;0;0
4204251;Cocal do Sul;SC;2026-09;17;24;9;15;8;11;1;1
2202729;Cocal dos Alves;PI;2026-09;3;3;2;3;1;1;0;0
5103106;Cocalinho;MT;2026-09;5;5;3;3;2;2;1;1
5205513;Cocalzinho de Goiás;GO;2026-09;5;10;3;9;2;4;3;3
2908101;Cocos;BA;2026-09;6;10;4;7;2;6;0;0
1301308;Codajás;AM;2026-09;3;10;3;8;0;4;0;0
2103307;Codó;MA;2026-09;41;68;26;50;15;29;0;0
2103406;Coelho Neto;MA;2026-09;7;10;6;7;1;3;0;0
3116704;Coimbra;MG;2026-09;6;7;5;5;1;2;0;0
2702009;Coité do Nóia;AL;2026-09;4;6;2;3;2;4;0;0
2202737;Coivaras;PI;2026-09;1;1;1;1;0;0;0;0
1502608;Colares;PA;2026-09;3;3;2;2;1;1;0;0
3201506;Colatina;ES;2026-09;124;181;80;117;44;94;4;4
5103205;Colíder;MT;2026-09;29;52;12;30;17;29;0;0
3512001;Colina;SP;2026-09;20;22;11;16;9;9;2;2
4305587;Colinas;RS;2026-09;2;2;1;2;1;1;0;0
2103505;Colinas;MA;2026-09;10;24;8;12;2;13;1;1
5205521;Colinas do Sul;GO;2026-09;4;4;4;4;0;0;1;1
1705508;Colinas do Tocantins;TO;2026-09;14;23;12;17;2;9;3;3
1716703;Colméia;TO;2026-09;5;8;3;3;2;5;0;0
5103254;Colniza;MT;2026-09;5;9;5;7;0;2;0;0
3512100;Colômbia;SP;2026-09;3;3;2;2;1;2;0;0
4105805;Colombo;PR;2026-09;143;172;79;113;64;84;19;20
2202752;Colônia do Gurguéia;PI;2026-09;3;3;2;2;1;1;0;0
2202778;Colônia do Piauí;PI;2026-09;2;2;2;2;0;2;0;0
2702108;Colônia Leopoldina;AL;2026-09;5;7;4;4;1;3;0;0
4105904;Colorado;PR;2026-09;19;23;8;14;11;13;4;4
4305603;Colorado;RS;2026-09;5;5;5;5;0;2;0;0
1100064;Colorado do Oeste;RO;2026-09;7;14;5;10;2;8;1;1
3116803;Coluna;MG;2026-09;4;5;3;4;1;2;1;1
1705557;Combinado;TO;2026-09;2;2;1;2;1;1;1;1
3116902;Comendador Gomes;MG;2026-09;3;3;3;3;0;0;0;0
3300951;Comendador Levy Gasparian;RJ;2026-09;4;8;4;5;0;3;0;0
3117009;Comercinho;MG;2026-09;1;1;1;1;0;0;0;0
5103304;Comodoro;MT;2026-09;11;14;6;13;5;7;2;2
2504405;Conceição;PB;2026-09;10;12;7;7;3;5;1;1
3117108;Conceição da Aparecida;MG;2026-09;10;13;5;10;5;6;0;0
3201605;Conceição da Barra;ES;2026-09;11;15;7;14;4;5;0;0
3115201;Conceição da Barra de Minas;MG;2026-09;3;3;2;3;1;1;1;1
2908200;Conceição da Feira;BA;2026-09;28;32;6;9;22;25;2;2
3117306;Conceição das Alagoas;MG;2026-09;9;12;7;9;2;6;2;2
3117207;Conceição das Pedras;MG;2026-09;1;1;0;0;1;1;0;0
3117405;Conceição de Ipanema;MG;2026-09;4;4;3;3;1;1;0;0
3301405;Conceição de Macabu;RJ;2026-09;15;20;11;14;4;7;1;1
2908309;Conceição do Almeida;BA;2026-09;2;4;1;2;1;2;0;0
1502707;Conceição do Araguaia;PA;2026-09;17;35;13;16;4;20;1;1
2202802;Conceição do Canindé;PI;2026-09;1;1;1;1;0;0;0;0
3201704;Conceição do Castelo;ES;2026-09;9;11;7;8;2;4;0;0
2908408;Conceição do Coité;BA;2026-09;39;80;31;40;8;51;1;1
2908507;Conceição do Jacuípe;BA;2026-09;20;34;11;16;9;26;2;2
2103554;Conceição do Lago-Açu;MA;2026-09;3;4;2;3;1;2;0;0
3117504;Conceição do Mato Dentro;MG;2026-09;19;26;10;17;9;15;2;2
3117603;Conceição do Pará;MG;2026-09;2;2;2;2;0;0;0;0
3117702;Conceição do Rio Verde;MG;2026-09;14;16;5;8;9;11;0;0
1705607;Conceição do Tocantins;TO;2026-09;1;1;1;1;0;0;0;0
3117801;Conceição dos Ouros;MG;2026-09;12;13;5;9;7;7;1;1
3512209;Conchal;SP;2026-09;15;18;12;14;3;7;1;1
3512308;Conchas;SP;2026-09;11;14;7;10;4;4;0;0
4204301;Concórdia;SC;2026-09;81;105;50;66;31;55;11;11
1502756;Concórdia do Pará;PA;2026-09;7;12;5;9;2;4;1;1
2504504;Condado;PB;2026-09;2;2;2;2;0;0;0;0
2604601;Condado;PE;2026-09;9;13;4;8;5;7;1;1
2908606;Conde;BA;2026-09;8;11;3;6;5;8;1;1
2504603;Conde;PB;2026-09;7;9;7;8;0;3;0;0
2908705;Condeúba;BA;2026-09;6;10;3;7;3;6;1;1
4305702;Condor;RS;2026-09;5;5;4;5;1;1;1;1
3117836;Cônego Marinho;MG;2026-09;2;2;1;1;1;1;0;0
3117876;Confins;MG;2026-09;4;5;3;5;1;1;0;0
5103353;Confresa;MT;2026-09;13;19;6;11;7;10;1;1
2504702;Congo;PB;2026-09;3;3;3;3;0;0;0;0
3117900;Congonhal;MG;2026-09;5;7;4;5;1;3;0;0
3118007;Congonhas;MG;2026-09;44;57;29;46;15;26;6;6
3118106;Congonhas do Norte;MG;2026-09;0;1;0;1;0;0;0;0
4106001;Congonhinhas;PR;2026-09;4;5;3;4;1;3;1;1
3118205;Conquista;MG;2026-09;4;6;3;4;1;2;0;0
5103361;Conquista D'Oeste;MT;2026-09;2;2;2;2;0;0;0;0
3118304;Conselheiro Lafaiete;MG;2026-09;113;161;67;102;46;80;7;7
4106100;Conselheiro Mairinck;PR;2026-09;5;5;2;2;3;3;0;0
3118403;Conselheiro Pena;MG;2026-09;12;17;4;8;8;12;2;2
3118502;Consolação;MG;2026-09;0;0;0;0;0;0;0;0
4305801;Constantina;RS;2026-09;8;13;4;8;4;7;1;1
3118601;Contagem;MG;2026-09;479;641;281;446;198;311;81;83
4106209;Contenda;PR;2026-09;8;9;5;7;3;3;1;1
2908804;Contendas do Sincorá;BA;2026-09;3;3;3;3;0;0;0;0
3118700;Coqueiral;MG;2026-09;6;7;6;6;0;1;0;0
4305835;Coqueiro Baixo;RS;2026-09;1;1;1;1;0;0;0;0
2702207;Coqueiro Seco;AL;2026-09;2;3;2;2;0;1;0;0
4305850;Coqueiros do Sul;RS;2026-09;0;0;0;0;0;0;0;0
3118809;Coração de Jesus;MG;2026-09;3;3;2;2;1;1;0;0
2908903;Coração de Maria;BA;2026-09;6;12;5;8;1;7;0;0
4106308;Corbélia;PR;2026-09;19;26;7;13;12;17;2;2
3301504;Cordeiro;RJ;2026-09;20;35;15;24;5;16;0;0
3512407;Cordeirópolis;SP;2026-09;18;25;6;14;12;16;0;0
2909000;Cordeiros;BA;2026-09;2;4;2;3;0;1;0;0
4204350;Cordilheira Alta;SC;2026-09;3;4;2;4;1;1;1;1
3118908;Cordisburgo;MG;2026-09;4;4;1;3;3;3;1;1
3119005;Cordislândia;MG;2026-09;3;3;2;2;1;1;1;1
2304004;Coreaú;CE;2026-09;9;14;6;7;3;7;0;0
2504801;Coremas;PB;2026-09;10;13;4;6;6;8;0;0
5003108;Corguinho;MS;2026-09;1;3;1;3;0;0;0;0
2909109;Coribe;BA;2026-09;7;9;5;8;2;4;0;0
3119104;Corinto;MG;2026-09;11;16;6;11;5;9;0;0
4106407;Cornélio Procópio;PR;2026-09;39;74;17;39;22;46;1;1
3119203;Coroaci;MG;2026-09;3;4;2;3;1;2;0;0
3512506;Coroados;SP;2026-09;4;4;3;3;1;1;0;0
2103604;Coroatá;MA;2026-09;13;31;10;23;3;15;0;0
3119302;Coromandel;MG;2026-09;17;26;11;13;6;16;0;0
4305871;Coronel Barros;RS;2026-09;2;3;1;3;1;2;0;0
4305900;Coronel Bicaco;RS;2026-09;6;8;3;4;3;5;0;0
4106456;Coronel Domingos Soares;PR;2026-09;4;4;1;2;3;3;0;0
2402808;Coronel Ezequiel;RN;2026-09;2;2;2;2;0;0;0;0
3119401;Coronel Fabriciano;MG;2026-09;83;125;62;89;21;55;12;14
4204400;Coronel Freitas;SC;2026-09;7;10;5;9;2;2;0;0
2402907;Coronel João Pessoa;RN;2026-09;2;3;2;3;0;0;0;0
2909208;Coronel João Sá;BA;2026-09;2;2;2;2;0;0;0;0
2202851;Coronel José Dias;PI;2026-09;1;1;1;1;0;1;0;0
3512605;Coronel Macedo;SP;2026-09;1;1;1;1;0;0;0;0
4204459;Coronel Martins;SC;2026-09;1;1;1;1;0;0;0;0
3119500;Coronel Murta;MG;2026-09;5;5;2;3;3;3;0;0
3119609;Coronel Pacheco;MG;2026-09;1;1;1;1;0;0;0;0
4305934;Coronel Pilar;RS;2026-09;0;0;0;0;0;0;0;0
5003157;Coronel Sapucaia;MS;2026-09;6;8;3;7;3;6;0;0
4106506;Coronel Vivida;PR;2026-09;27;38;15;33;12;17;2;2
3119708;Coronel Xavier Chaves;MG;2026-09;5;6;2;4;3;3;1;1
3119807;Córrego Danta;MG;2026-09;2;2;0;0;2;2;0;0
3119906;Córrego do Bom Jesus;MG;2026-09;2;2;1;1;1;1;0;0
5205703;Córrego do Ouro;GO;2026-09;2;3;1;3;1;1;1;1
3119955;Córrego Fundo;MG;2026-09;4;5;4;5;0;1;0;0
3120003;Córrego Novo;MG;2026-09;1;3;1;1;0;2;0;0
4204558;Correia Pinto;SC;2026-09;12;14;6;9;6;9;2;2
2202901;Corrente;PI;2026-09;6;15;3;6;3;11;0;0
2604700;Correntes;PE;2026-09;6;6;5;5;1;1;0;0
2909307;Correntina;BA;2026-09;9;18;6;13;3;9;2;2
2604809;Cortês;PE;2026-09;3;4;3;3;0;1;0;0
5003207;Corumbá;MS;2026-09;52;76;40;57;12;28;3;3
5205802;Corumbá de Goiás;GO;2026-09;6;7;4;6;2;3;1;1
5205901;Corumbaíba;GO;2026-09;5;5;2;3;3;3;1;1
3512704;Corumbataí;SP;2026-09;4;4;3;3;1;1;0;0
4106555;Corumbataí do Sul;PR;2026-09;2;3;2;2;0;1;0;0
1100072;Corumbiara;RO;2026-09;2;2;2;2;0;0;0;0
4204509;Corupá;SC;2026-09;5;6;3;4;2;2;0;0
2702306;Coruripe;AL;2026-09;12;17;6;10;6;11;1;1
3512803;Cosmópolis;SP;2026-09;28;43;16;27;12;21;1;1
3512902;Cosmorama;SP;2026-09;6;12;3;6;3;8;0;0
1100080;Costa Marques;RO;2026-09;6;9;4;6;2;3;0;0
5003256;Costa Rica;MS;2026-09;16;19;10;16;6;7;1;1
2909406;Cotegipe;BA;2026-09;3;4;2;3;1;2;1;1
3513009;Cotia;SP;2026-09;232;325;132;220;100;162;25;28
4305959;Cotiporã;RS;2026-09;3;5;2;3;1;2;0;0
5103379;Cotriguaçu;MT;2026-09;3;4;2;2;1;2;0;0
3120102;Couto de Magalhães de Minas;MG;2026-09;2;2;1;2;1;1;1;1
1706001;Couto Magalhães;TO;2026-09;2;2;2;2;0;0;0;0
4305975;Coxilha;RS;2026-09;3;3;2;3;1;1;0;0
5003306;Coxim;MS;2026-09;26;32;17;22;9;16;2;2
2504850;Coxixola;PB;2026-09;2;2;1;1;1;1;0;0
2702355;Craíbas;AL;2026-09;8;8;7;7;1;1;0;0
2304103;Crateús;CE;2026-09;27;46;20;27;7;21;1;1
2304202;Crato;CE;2026-09;105;146;64;92;41;76;4;4
3513108;Cravinhos;SP;2026-09;28;32;16;26;12;14;5;5
2909505;Cravolândia;BA;2026-09;1;2;1;1;0;1;0;0
4204608;Criciúma;SC;2026-09;238;307;125;169;113;166;26;26
3120151;Crisólita;MG;2026-09;0;0;0;0;0;0;0;0
2909604;Crisópolis;BA;2026-09;7;14;5;11;2;7;3;3
4306007;Crissiumal;RS;2026-09;8;10;3;6;5;6;0;0
3120201;Cristais;MG;2026-09;5;7;3;3;2;4;0;0
3513207;Cristais Paulista;SP;2026-09;5;6;4;6;1;2;1;1
4306056;Cristal;RS;2026-09;5;6;4;4;1;2;1;1
4306072;Cristal do Sul;RS;2026-09;3;3;1;3;2;2;0;0
1706100;Cristalândia;TO;2026-09;3;4;2;2;1;2;0;0
2203008;Cristalândia do Piauí;PI;2026-09;1;1;1;1;0;0;0;0
3120300;Cristália;MG;2026-09;1;1;1;1;0;0;0;0
5206206;Cristalina;GO;2026-09;36;48;25;41;11;21;8;8
3120409;Cristiano Otoni;MG;2026-09;4;5;4;5;0;2;2;2
5206305;Cristianópolis;GO;2026-09;2;4;2;2;0;2;0;0
3120508;Cristina;MG;2026-09;6;6;3;4;3;3;0;0
2801702;Cristinápolis;SE;2026-09;5;7;5;6;0;1;0;0
2203107;Cristino Castro;PI;2026-09;3;10;2;5;1;5;1;1
2909703;Cristópolis;BA;2026-09;1;1;0;1;1;1;0;0
5206404;Crixás;GO;2026-09;12;22;5;10;7;16;1;1
1706258;Crixás do Tocantins;TO;2026-09;2;3;1;1;1;2;0;0
2304236;Croatá;CE;2026-09;11;12;10;11;1;2;1;1
5206503;Cromínia;GO;2026-09;4;5;2;4;2;3;0;1
3120607;Crucilândia;MG;2026-09;6;8;4;5;2;6;0;0
2304251;Cruz;CE;2026-09;22;31;15;22;7;12;2;2
4306106;Cruz Alta;RS;2026-09;53;71;31;42;22;35;1;1
2909802;Cruz das Almas;BA;2026-09;36;70;18;35;18;42;3;3
2504900;Cruz do Espírito Santo;PB;2026-09;5;5;5;5;0;0;0;0
4106803;Cruz Machado;PR;2026-09;5;7;5;5;0;2;0;0
3513306;Cruzália;SP;2026-09;0;0;0;0;0;0;0;0
4306130;Cruzaltense;RS;2026-09;0;0;0;0;0;0;0;0
3513405;Cruzeiro;SP;2026-09;54;73;19;46;35;43;3;3
3120706;Cruzeiro da Fortaleza;MG;2026-09;3;5;2;3;1;2;0;0
4106571;Cruzeiro do Iguaçu;PR;2026-09;3;5;1;2;2;5;1;1
4106605;Cruzeiro do Oeste;PR;2026-09;10;13;5;6;5;8;1;1
4106704;Cruzeiro do Sul;PR;2026-09;7;7;5;6;2;2;1;1
4306205;Cruzeiro do Sul;RS;2026-09;7;7;4;6;3;3;0;0
1200203;Cruzeiro do Sul;AC;2026-09;37;81;14;56;23;54;9;9
2403004;Cruzeta;RN;2026-09;1;2;1;1;0;1;0;0
3120805;Cruzília;MG;2026-09;14;15;10;13;4;4;1;1
4106852;Cruzmaltina;PR;2026-09;1;1;0;1;1;1;0;0
3513504;Cubatão;SP;2026-09;51;74;32;51;19;33;0;1
2505006;Cubati;PB;2026-09;2;2;2;2;0;0;0;0
5103403;Cuiabá;MT;2026-09;768;1271;313;631;455;823;59;61
2505105;Cuité;PB;2026-09;10;19;7;9;3;12;1;1
2505238;Cuité de Mamanguape;PB;2026-09;2;2;2;2;0;0;0;0
2505204;Cuitegi;PB;2026-09;2;2;2;2;0;0;0;0
1100940;Cujubim;RO;2026-09;4;5;4;5;0;1;0;0
5206602;Cumari;GO;2026-09;11;11;2;3;9;10;1;1
2604908;Cumaru;PE;2026-09;4;4;3;3;1;1;0;0
1502764;Cumaru do Norte;PA;2026-09;1;2;1;1;0;1;0;0
2801900;Cumbe;SE;2026-09;1;1;1;1;0;0;0;0
3513603;Cunha;SP;2026-09;18;26;11;20;7;11;1;1
4204707;Cunha Porã;SC;2026-09;9;13;3;8;6;9;2;2
4204756;Cunhataí;SC;2026-09;2;2;1;1;1;1;0;0
3120839;Cuparaque;MG;2026-09;2;2;2;2;0;0;0;0
2605004;Cupira;PE;2026-09;12;16;12;13;0;5;3;3
2909901;Curaçá;BA;2026-09;4;6;3;4;1;4;0;0
2203206;Curimatá;PI;2026-09;7;10;5;8;2;5;0;0
1502772;Curionópolis;PA;2026-09;9;20;6;14;3;10;0;0
4106902;Curitiba;PR;2026-09;3186;4313;1414;2316;1772;2542;379;411
4204806;Curitibanos;SC;2026-09;40;55;20;31;20;28;6;6
4107009;Curiúva;PR;2026-09;8;11;4;6;4;7;1;1
2203230;Currais;PI;2026-09;0;0;0;0;0;0;0;0
2403103;Currais Novos;RN;2026-09;38;58;24;34;14;35;3;3
2505279;Curral de Cima;PB;2026-09;1;1;1;1;0;0;0;0
3120870;Curral de Dentro;MG;2026-09;2;2;1;1;1;1;0;0
2203271;Curral Novo do Piauí;PI;2026-09;3;4;3;3;0;1;0;0
2505303;Curral Velho;PB;2026-09;1;1;1;1;0;0;0;0
1502806;Curralinho;PA;2026-09;4;5;4;4;0;1;0;0
2203255;Curralinhos;PI;2026-09;0;0;0;0;0;0;0;0
1502855;Curuá;PA;2026-09;1;4;1;2;0;2;0;0
1502905;Curuçá;PA;2026-09;8;9;6;6;2;3;0;0
2103703;Cururupu;MA;2026-09;1;3;1;1;0;2;0;0
5103437;Curvelândia;MT;2026-09;2;2;1;2;1;1;1;1
3120904;Curvelo;MG;2026-09;66;83;39;60;27;37;8;9
2605103;Custódia;PE;2026-09;12;14;9;10;3;5;1;1
1600212;Cutias;AP;2026-09;1;1;1;1;0;0;0;0
5206701;Damianópolis;GO;2026-09;1;2;1;1;0;1;0;0
2505352;Damião;PB;2026-09;2;2;2;2;0;0;0;0
5206800;Damolândia;GO;2026-09;2;4;1;2;1;3;0;0
1706506;Darcinópolis;TO;2026-09;3;3;3;3;0;0;0;0
2910008;Dário Meira;BA;2026-09;2;3;2;3;0;0;0;0
3121001;Datas;MG;2026-09;4;5;3;3;1;2;0;0
4306304;David Canabarro;RS;2026-09;7;10;2;7;5;6;2;2
5206909;Davinópolis;GO;2026-09;1;1;1;1;0;0;0;0
2103752;Davinópolis;MA;2026-09;3;4;3;3;0;1;0;0
3121100;Delfim Moreira;MG;2026-09;8;9;3;4;5;5;1;1
3121209;Delfinópolis;MG;2026-09;3;5;2;4;1;1;0;0
2702405;Delmiro Gouveia;AL;2026-09;21;42;17;27;4;23;0;0
3121258;Delta;MG;2026-09;3;3;2;3;1;1;0;0
2203305;Demerval Lobão;PI;2026-09;4;6;3;3;1;3;0;0
5103452;Denise;MT;2026-09;3;4;2;2;1;3;0;0
5003454;Deodápolis;MS;2026-09;6;7;3;4;3;4;0;0
2304269;Deputado Irapuan Pinheiro;CE;2026-09;2;2;2;2;0;0;0;0
4306320;Derrubadas;RS;2026-09;1;1;0;1;1;1;1;1
3513702;Descalvado;SP;2026-09;28;43;12;23;16;25;1;1
4204905;Descanso;SC;2026-09;7;7;4;5;3;4;0;0
3121308;Descoberto;MG;2026-09;2;2;2;2;0;0;0;0
2505402;Desterro;PB;2026-09;4;6;3;4;1;2;0;0
3121407;Desterro de Entre Rios;MG;2026-09;3;5;3;4;0;2;1;1
3121506;Desterro do Melo;MG;2026-09;2;6;1;6;1;2;2;2
4306353;Dezesseis de Novembro;RS;2026-09;1;1;1;1;0;0;0;0
3513801;Diadema;SP;2026-09;211;253;127;164;84;109;18;21
2505600;Diamante;PB;2026-09;4;4;3;3;1;1;0;0
4107108;Diamante do Norte;PR;2026-09;4;6;1;1;3;5;0;0
4107124;Diamante do Sul;PR;2026-09;0;0;0;0;0;0;0;0
4107157;Diamante D'Oeste;PR;2026-09;5;6;2;6;3;3;1;1
3121605;Diamantina;MG;2026-09;46;72;27;49;19;38;6;6
5103502;Diamantino;MT;2026-09;15;26;6;16;9;14;0;0
1707009;Dianópolis;TO;2026-09;11;19;9;11;2;10;0;0
2910057;Dias d'Ávila;BA;2026-09;40;57;19;36;21;38;6;6
4306379;Dilermando de Aguiar;RS;2026-09;1;1;0;1;1;1;0;0
3121704;Diogo de Vasconcelos;MG;2026-09;1;1;0;1;1;1;0;0
3121803;Dionísio;MG;2026-09;2;2;0;2;2;2;0;0
4205001;Dionísio Cerqueira;SC;2026-09;19;24;7;14;12;16;0;0
5207105;Diorama;GO;2026-09;2;3;1;2;1;1;0;0
3513850;Dirce Reis;SP;2026-09;0;0;0;0;0;0;0;0
2203354;Dirceu Arcoverde;PI;2026-09;2;2;2;2;0;0;0;0
2802007;Divina Pastora;SE;2026-09;3;4;3;4;0;0;0;0
3121902;Divinésia;MG;2026-09;8;9;2;5;6;7;0;0
3122009;Divino;MG;2026-09;11;14;6;7;5;8;2;2
3122108;Divino das Laranjeiras;MG;2026-09;0;0;0;0;0;0;0;0
3201803;Divino de São Lourenço;ES;2026-09;2;4;1;2;1;2;0;0
3513900;Divinolândia;SP;2026-09;15;17;5;6;10;12;4;4
3122207;Divinolândia de Minas;MG;2026-09;4;10;4;8;0;5;1;1
3122306;Divinópolis;MG;2026-09;230;289;143;196;87;134;24;24
5208301;Divinópolis de Goiás;GO;2026-09;7;7;3;4;4;4;0;0
1707108;Divinópolis do Tocantins;TO;2026-09;3;4;3;4;0;0;0;0
3122355;Divisa Alegre;MG;2026-09;5;6;1;2;4;5;1;1
3122405;Divisa Nova;MG;2026-09;2;2;1;2;1;1;0;0
3122454;Divisópolis;MG;2026-09;2;2;2;2;0;0;0;0
3514007;Dobrada;SP;2026-09;5;9;4;7;1;4;0;0
3514106;Dois Córregos;SP;2026-09;18;20;14;15;4;5;1;1
4306403;Dois Irmãos;RS;2026-09;36;43;23;30;13;20;1;1
4306429;Dois Irmãos das Missões;RS;2026-09;0;0;0;0;0;0;0;0
5003488;Dois Irmãos do Buriti;MS;2026-09;3;3;2;3;1;1;0;0
1707207;Dois Irmãos do Tocantins;TO;2026-09;0;1;0;1;0;0;0;0
4306452;Dois Lajeados;RS;2026-09;8;9;3;6;5;5;0;0
2702504;Dois Riachos;AL;2026-09;3;3;3;3;0;0;0;0
4107207;Dois Vizinhos;PR;2026-09;66;87;25;52;41;58;9;9
3514205;Dolcinópolis;SP;2026-09;4;4;1;2;3;3;1;1
5103601;Dom Aquino;MT;2026-09;5;7;2;3;3;4;0;0
2910107;Dom Basílio;BA;2026-09;10;12;8;10;2;3;0;0
3122470;Dom Bosco;MG;2026-09;0;1;0;1;0;0;0;0
3122504;Dom Cavati;MG;2026-09;4;4;2;3;2;2;1;1
1502939;Dom Eliseu;PA;2026-09;8;19;4;12;4;12;2;2
2203404;Dom Expedito Lopes;PI;2026-09;7;7;7;7;0;0;0;0
4306502;Dom Feliciano;RS;2026-09;9;10;2;3;7;8;0;0
2203453;Dom Inocêncio;PI;2026-09;2;5;2;2;0;3;0;0
3122603;Dom Joaquim;MG;2026-09;1;2;1;2;0;0;0;0
2910206;Dom Macedo Costa;BA;2026-09;2;2;2;2;0;0;0;0
4306601;Dom Pedrito;RS;2026-09;17;18;14;15;3;3;1;1
2103802;Dom Pedro;MA;2026-09;10;13;7;10;3;6;0;0
4306551;Dom Pedro de Alcântara;RS;2026-09;1;2;1;1;0;2;0;0
3122702;Dom Silvério;MG;2026-09;10;10;6;9;4;5;2;2
3122801;Dom Viçoso;MG;2026-09;4;4;1;2;3;3;1;1
3201902;Domingos Martins;ES;2026-09;23;33;12;22;11;18;4;4
2203420;Domingos Mourão;PI;2026-09;1;1;1;1;0;0;0;0
4205100;Dona Emma;SC;2026-09;2;3;1;3;1;1;1;1
3122900;Dona Euzébia;MG;2026-09;2;2;2;2;0;0;0;0
4306700;Dona Francisca;RS;2026-09;2;2;2;2;0;1;1;1
2505709;Dona Inês;PB;2026-09;5;6;3;4;2;3;0;0
3123007;Dores de Campos;MG;2026-09;7;9;5;8;2;5;2;2
3123106;Dores de Guanhães;MG;2026-09;1;1;0;1;1;1;0;0
3123205;Dores do Indaiá;MG;2026-09;11;12;3;6;8;9;2;2
3202009;Dores do Rio Preto;ES;2026-09;4;6;4;6;0;0;0;0
3123304;Dores do Turvo;MG;2026-09;3;3;2;2;1;1;0;0
3123403;Doresópolis;MG;2026-09;2;2;1;2;1;1;1;1
2605152;Dormentes;PE;2026-09;2;8;2;3;0;5;0;0
4107256;Douradina;PR;2026-09;12;15;5;8;7;9;0;0
5003504;Douradina;MS;2026-09;3;3;3;3;0;1;1;1
3514304;Dourado;SP;2026-09;10;12;4;6;6;7;0;0
3123502;Douradoquara;MG;2026-09;1;1;1;1;0;0;0;0
5003702;Dourados;MS;2026-09;226;334;125;199;101;192;23;23
4107306;Doutor Camargo;PR;2026-09;4;4;1;3;3;3;0;0
4306734;Doutor Maurício Cardoso;RS;2026-09;5;5;2;2;3;3;1;1
4205159;Doutor Pedrinho;SC;2026-09;3;3;2;2;1;1;0;0
4306759;Doutor Ricardo;RS;2026-09;1;5;1;3;0;4;0;0
2403202;Doutor Severiano;RN;2026-09;4;7;4;7;0;1;0;0
4128633;Doutor Ulysses;PR;2026-09;1;1;0;0;1;1;0;0
5207253;Doverlândia;GO;2026-09;4;5;3;3;1;2;0;0
3514403;Dracena;SP;2026-09;46;63;20;30;26;35;1;1
3514502;Duartina;SP;2026-09;11;19;4;10;7;14;2;2
3301603;Duas Barras;RJ;2026-09;6;10;5;7;1;5;0;0
2505808;Duas Estradas;PB;2026-09;1;2;1;1;0;1;0;0
1707306;Dueré;TO;2026-09;1;1;1;1;0;0;0;0
3514601;Dumont;SP;2026-09;7;8;6;6;1;2;0;0
2103901;Duque Bacelar;MA;2026-09;3;4;2;4;1;2;0;0
3301702;Duque de Caxias;RJ;2026-09;328;613;193;301;135;388;39;40
3123528;Durandé;MG;2026-09;2;3;2;2;0;1;0;0
3514700;Echaporã;SP;2026-09;7;7;3;4;4;4;1;1
3202108;Ecoporanga;ES;2026-09;10;13;8;10;2;3;0;0
5207352;Edealina;GO;2026-09;1;1;1;1;0;0;0;0
5207402;Edéia;GO;2026-09;10;13;7;9;3;8;1;1
1301407;Eirunepé;AM;2026-09;2;8;1;5;1;4;0;0
5003751;Eldorado;MS;2026-09;5;7;4;7;1;2;0;0
3514809;Eldorado;SP;2026-09;7;9;5;5;2;5;2;2
1502954;Eldorado do Carajás;PA;2026-09;6;9;3;7;3;4;1;1
4306767;Eldorado do Sul;RS;2026-09;22;25;16;17;6;10;1;1
2203503;Elesbão Veloso;PI;2026-09;4;4;3;3;1;2;0;0
3514908;Elias Fausto;SP;2026-09;9;12;5;8;4;5;0;0
2203602;Eliseu Martins;PI;2026-09;2;2;2;2;0;0;0;0
3514924;Elisiário;SP;2026-09;1;1;1;1;0;0;0;0
2910305;Elísio Medrado;BA;2026-09;6;7;2;3;4;5;3;3
3123601;Elói Mendes;MG;2026-09;20;22;8;13;12;13;2;2
2505907;Emas;PB;2026-09;2;2;2;2;0;0;0;0
3514957;Embaúba;SP;2026-09;2;2;2;2;0;0;0;0
3515004;Embu das Artes;SP;2026-09;116;148;68;100;48;69;13;14
3515103;Embu-Guaçu;SP;2026-09;32;53;23;38;9;21;4;4
3515129;Emilianópolis;SP;2026-09;4;5;3;5;1;2;0;0
4306809;Encantado;RS;2026-09;28;33;8;13;20;24;1;1
2403301;Encanto;RN;2026-09;2;2;2;2;0;0;0;0
2910404;Encruzilhada;BA;2026-09;4;7;2;3;2;5;0;0
4306908;Encruzilhada do Sul;RS;2026-09;14;17;7;9;7;11;0;0
4107405;Enéas Marques;PR;2026-09;2;3;1;2;1;2;0;0
4107504;Engenheiro Beltrão;PR;2026-09;10;13;7;9;3;5;0;0
3123700;Engenheiro Caldas;MG;2026-09;12;13;4;7;8;8;1;1
3515152;Engenheiro Coelho;SP;2026-09;13;24;5;12;8;14;0;0
3123809;Engenheiro Navarro;MG;2026-09;4;6;3;4;1;2;0;0
3301801;Engenheiro Paulo de Frontin;RJ;2026-09;6;8;6;6;0;2;0;0
4306924;Engenho Velho;RS;2026-09;0;0;0;0;0;0;0;0
3123858;Entre Folhas;MG;2026-09;4;6;2;5;2;4;1;1
2910503;Entre Rios;BA;2026-09;18;28;13;19;5;16;2;2
4205175;Entre Rios;SC;2026-09;1;1;1;1;0;0;0;0
3123908;Entre Rios de Minas;MG;2026-09;13;18;8;14;5;9;2;2
4107538;Entre Rios do Oeste;PR;2026-09;4;7;2;6;2;4;1;1
4306957;Entre Rios do Sul;RS;2026-09;3;6;3;5;0;2;0;0
4306932;Entre-Ijuís;RS;2026-09;5;6;2;3;3;4;0;0
1301506;Envira;AM;2026-09;0;5;0;3;0;4;0;0
1200252;Epitaciolândia;AC;2026-09;6;12;6;10;0;3;0;0
2403400;Equador;RN;2026-09;3;4;3;4;0;0;0;0
4306973;Erebango;RS;2026-09;3;3;2;3;1;2;0;0
4307005;Erechim;RS;2026-09;139;214;71;142;68;106;12;13
2304277;Ereré;CE;2026-09;2;2;2;2;0;0;0;0
2900504;Érico Cardoso;BA;2026-09;4;5;4;4;0;2;0;0
4205191;Ermo;SC;2026-09;2;2;1;1;1;1;0;0
4307054;Ernestina;RS;2026-09;1;1;1;1;0;0;0;0
4307203;Erval Grande;RS;2026-09;1;2;0;0;1;2;0;0
4307302;Erval Seco;RS;2026-09;4;4;2;2;2;2;1;1
4205209;Erval Velho;SC;2026-09;2;4;1;2;1;3;0;0
3124005;Ervália;MG;2026-09;14;18;10;11;4;9;1;1
2605202;Escada;PE;2026-09;18;31;14;23;4;14;1;1
4307401;Esmeralda;RS;2026-09;0;1;0;1;0;0;0;0
3124104;Esmeraldas;MG;2026-09;24;31;15;22;9;13;2;2
3124203;Espera Feliz;MG;2026-09;8;16;3;8;5;10;0;0
2506004;Esperança;PB;2026-09;20;29;13;17;7;15;2;2
4307450;Esperança do Sul;RS;2026-09;1;1;0;1;1;1;1;1
4107520;Esperança Nova;PR;2026-09;1;2;1;1;0;1;0;0
2203701;Esperantina;PI;2026-09;21;32;14;20;7;18;2;2
1707405;Esperantina;TO;2026-09;2;2;1;2;1;1;1;1
2104008;Esperantinópolis;MA;2026-09;6;17;4;12;2;11;0;0
4107546;Espigão Alto do Iguaçu;PR;2026-09;1;3;1;1;0;2;0;0
1100098;Espigão D'Oeste;RO;2026-09;14;20;8;14;6;11;0;0
3124302;Espinosa;MG;2026-09;16;26;7;11;9;19;0;0
2403509;Espírito Santo;RN;2026-09;17;23;8;8;9;15;0;1
3124401;Espírito Santo do Dourado;MG;2026-09;2;2;2;2;0;0;0;0
3515186;Espírito Santo do Pinhal;SP;2026-09;34;40;16;21;18;20;0;0
3515194;Espírito Santo do Turvo;SP;2026-09;7;8;6;8;1;1;0;0
2910602;Esplanada;BA;2026-09;6;15;3;7;3;11;1;1
4307500;Espumoso;RS;2026-09;20;29;12;19;8;18;1;1
4307559;Estação;RS;2026-09;9;12;4;6;5;9;0;0
2802106;Estância;SE;2026-09;36;52;22;32;14;27;4;4
4307609;Estância Velha;RS;2026-09;37;50;29;34;8;22;4;4
4307708;Esteio;RS;2026-09;61;84;41;52;20;38;4;4
3124500;Estiva;MG;2026-09;11;12;9;9;2;3;1;1
3557303;Estiva Gerbi;SP;2026-09;5;6;5;5;0;1;0;0
2104057;Estreito;MA;2026-09;12;30;8;18;4;14;1;1
4307807;Estrela;RS;2026-09;22;27;12;18;10;13;2;2
3124609;Estrela Dalva;MG;2026-09;2;2;2;2;0;0;0;0
2702553;Estrela de Alagoas;AL;2026-09;2;4;2;2;0;2;0;0
3124708;Estrela do Indaiá;MG;2026-09;2;2;1;1;1;1;0;0
5207501;Estrela do Norte;GO;2026-09;1;1;1;1;0;0;0;0
3515301;Estrela do Norte;SP;2026-09;3;3;1;1;2;2;1;1
3124807;Estrela do Sul;MG;2026-09;4;4;4;4;0;0;1;1
3515202;Estrela d'Oeste;SP;2026-09;7;8;5;6;2;2;0;0
4307815;Estrela Velha;RS;2026-09;0;0;0;0;0;0;0;0
2910701;Euclides da Cunha;BA;2026-09;14;30;8;17;6;23;3;3
3515350;Euclides da Cunha Paulista;SP;2026-09;4;5;2;3;2;3;1;1
4307831;Eugênio de Castro;RS;2026-09;2;4;1;2;1;2;0;0
3124906;Eugenópolis;MG;2026-09;9;10;5;5;4;7;2;2
2910727;Eunápolis;BA;2026-09;77;123;47;74;30;67;5;5
2304285;Eusébio;CE;2026-09;76;128;42;74;34;76;4;4
3125002;Ewbank da Câmara;MG;2026-09;7;7;1;4;6;6;1;1
3125101;Extrema;MG;2026-09;37;52;24;34;13;25;1;1
2403608;Extremoz;RN;2026-09;23;37;18;27;5;11;1;1
2605301;Exu;PE;2026-09;11;18;8;10;3;9;0;0
2506103;Fagundes;PB;2026-09;4;4;3;4;1;1;1;1
4307864;Fagundes Varela;RS;2026-09;2;5;0;2;2;3;0;0
5207535;Faina;GO;2026-09;2;2;0;1;2;2;0;0
3125200;Fama;MG;2026-09;0;0;0;0;0;0;0;0
3125309;Faria Lemos;MG;2026-09;1;1;1;1;0;0;0;0
2304301;Farias Brito;CE;2026-09;5;6;4;5;1;3;0;0
1503002;Faro;PA;2026-09;0;2;0;0;0;2;0;0
4107553;Farol;PR;2026-09;1;1;1;1;0;0;0;0
4307906;Farroupilha;RS;2026-09;46;58;30;37;16;25;4;4
3515400;Fartura;SP;2026-09;11;13;7;10;4;7;1;1
2203750;Fartura do Piauí;PI;2026-09;0;1;0;0;0;1;0;0
1707553;Fátima;TO;2026-09;3;4;3;3;0;1;0;0
2910750;Fátima;BA;2026-09;20;21;11;13;9;10;1;1
5003801;Fátima do Sul;MS;2026-09;11;11;9;10;2;2;0;0
4107603;Faxinal;PR;2026-09;17;24;6;16;11;13;0;0
4308003;Faxinal do Soturno;RS;2026-09;7;18;4;10;3;8;0;0
4205308;Faxinal dos Guedes;SC;2026-09;14;20;11;16;3;7;3;3
4308052;Faxinalzinho;RS;2026-09;3;3;1;1;2;2;1;1
5207600;Fazenda Nova;GO;2026-09;3;5;2;2;1;3;1;1
4107652;Fazenda Rio Grande;PR;2026-09;64;80;37;50;27;41;7;7
4308078;Fazenda Vilanova;RS;2026-09;4;5;2;4;2;2;0;0
1200302;Feijó;AC;2026-09;3;14;3;11;0;7;0;0
2910776;Feira da Mata;BA;2026-09;3;3;3;3;0;0;0;0
2910800;Feira de Santana;BA;2026-09;393;741;245;376;148;467;45;45
2702603;Feira Grande;AL;2026-09;8;8;7;7;1;1;0;0
2605400;Feira Nova;PE;2026-09;8;10;3;4;5;7;1;1
2802205;Feira Nova;SE;2026-09;1;1;1;1;0;0;0;0
2104073;Feira Nova do Maranhão;MA;2026-09;1;4;1;3;0;3;0;0
3125408;Felício dos Santos;MG;2026-09;1;1;1;1;0;0;0;0
2403707;Felipe Guerra;RN;2026-09;2;4;2;3;0;1;0;0
3125606;Felisburgo;MG;2026-09;1;3;0;1;1;3;0;0
3125705;Felixlândia;MG;2026-09;6;7;4;5;2;3;0;0
4308102;Feliz;RS;2026-09;15;19;11;13;4;6;1;1
2702702;Feliz Deserto;AL;2026-09;1;1;1;1;0;0;0;0
5103700;Feliz Natal;MT;2026-09;8;8;4;6;4;4;2;2
4107702;Fênix;PR;2026-09;3;8;1;2;2;7;0;0
4107736;Fernandes Pinheiro;PR;2026-09;3;4;2;2;1;2;1;1
3125804;Fernandes Tourinho;MG;2026-09;1;1;1;1;0;0;0;0
2605459;Fernando de Noronha;PE;2026-09;3;6;3;6;0;0;0;0
2104081;Fernando Falcão;MA;2026-09;5;5;5;5;0;0;0;0
2403756;Fernando Pedroza;RN;2026-09;1;2;1;1;0;1;0;0
3515608;Fernando Prestes;SP;2026-09;4;4;4;4;0;1;1;1
3515509;Fernandópolis;SP;2026-09;78;106;31;58;47;71;6;6
3515657;Fernão;SP;2026-09;2;2;2;2;0;0;0;0
3515707;Ferraz de Vasconcelos;SP;2026-09;68;85;45;58;23;39;10;11
1600238;Ferreira Gomes;AP;2026-09;2;3;2;3;0;0;0;0
2605509;Ferreiros;PE;2026-09;4;9;2;5;2;5;1;1
3125903;Ferros;MG;2026-09;9;9;2;2;7;7;4;4
3125952;Fervedouro;MG;2026-09;3;6;2;4;1;3;0;0
4107751;Figueira;PR;2026-09;8;12;4;4;4;8;0;0
5003900;Figueirão;MS;2026-09;2;2;1;2;1;1;0;0
1707652;Figueirópolis;TO;2026-09;3;3;3;3;0;1;0;0
5103809;Figueirópolis D'Oeste;MT;2026-09;2;2;2;2;0;0;0;0
1707702;Filadélfia;TO;2026-09;2;5;2;5;0;1;0;0
2910859;Filadélfia;BA;2026-09;4;5;3;4;1;2;1;1
2910909;Firmino Alves;BA;2026-09;3;3;2;3;1;1;1;1
5207808;Firminópolis;GO;2026-09;8;9;4;7;4;5;0;0
2702801;Flexeiras;AL;2026-09;2;2;2;2;0;0;0;0
4107850;Flor da Serra do Sul;PR;2026-09;3;5;1;5;2;2;1;1
4205357;Flor do Sertão;SC;2026-09;2;2;1;1;1;1;0;0
3515806;Flora Rica;SP;2026-09;2;2;1;1;1;1;0;0
4107801;Floraí;PR;2026-09;3;4;1;2;2;2;0;0
2403806;Florânia;RN;2026-09;4;4;4;4;0;0;0;0
3515905;Floreal;SP;2026-09;3;5;1;3;2;3;0;0
2605608;Flores;PE;2026-09;5;7;4;4;1;3;0;0
4308201;Flores da Cunha;RS;2026-09;35;39;23;30;12;15;3;3
5207907;Flores de Goiás;GO;2026-09;2;4;1;2;1;2;0;0
2203800;Flores do Piauí;PI;2026-09;2;3;1;2;1;2;0;0
2605707;Floresta;PE;2026-09;12;16;6;9;6;9;3;3
4107900;Floresta;PR;2026-09;9;10;4;6;5;7;1;1
2911006;Floresta Azul;BA;2026-09;2;3;1;3;1;2;0;0
1503044;Floresta do Araguaia;PA;2026-09;3;4;3;3;0;1;0;0
2203859;Floresta do Piauí;PI;2026-09;0;0;0;0;0;0;0;0
3126000;Florestal;MG;2026-09;8;11;5;7;3;6;0;0
4108007;Florestópolis;PR;2026-09;7;8;4;6;3;5;1;1
2203909;Floriano;PI;2026-09;47;96;24;42;23;67;3;3
4308250;Floriano Peixoto;RS;2026-09;3;3;2;3;1;1;2;2
4205407;Florianópolis;SC;2026-09;1163;1721;600;1012;563;952;130;137
4108106;Flórida;PR;2026-09;3;5;2;3;1;2;0;0
3516002;Flórida Paulista;SP;2026-09;6;7;3;3;3;4;1;1
3516101;Florínea;SP;2026-09;3;3;0;2;3;3;0;0
1301605;Fonte Boa;AM;2026-09;0;4;0;2;0;2;0;0
4308300;Fontoura Xavier;RS;2026-09;9;11;2;7;7;10;0;0
3126109;Formiga;MG;2026-09;59;88;27;52;32;55;4;4
4308409;Formigueiro;RS;2026-09;2;3;1;2;1;1;0;0
5208004;Formosa;GO;2026-09;81;126;59;90;22;59;7;7
2104099;Formosa da Serra Negra;MA;2026-09;5;8;4;5;1;4;1;1
4108205;Formosa do Oeste;PR;2026-09;7;8;3;5;4;4;0;0
2911105;Formosa do Rio Preto;BA;2026-09;9;12;6;11;3;4;2;2
4205431;Formosa do Sul;SC;2026-09;3;3;1;2;2;2;0;0
5208103;Formoso;GO;2026-09;7;7;3;4;4;4;1;1
3126208;Formoso;MG;2026-09;1;1;1;1;0;0;0;0
1708205;Formoso do Araguaia;TO;2026-09;7;7;5;5;2;2;0;0
4308433;Forquetinha;RS;2026-09;1;1;1;1;0;0;0;0
2304350;Forquilha;CE;2026-09;8;13;6;10;2;4;0;0
4205456;Forquilhinha;SC;2026-09;22;27;14;18;8;10;0;0
2304400;Fortaleza;CE;2026-09;1929;3054;1090;1775;839;1747;166;170
3126307;Fortaleza de Minas;MG;2026-09;2;2;1;1;1;1;0;0
2104107;Fortaleza dos Nogueiras;MA;2026-09;7;16;4;9;3;11;0;0
4308458;Fortaleza dos Valos;RS;2026-09;3;4;0;4;3;3;0;0
2304459;Fortim;CE;2026-09;7;14;6;12;1;3;1;1
2104206;Fortuna;MA;2026-09;2;2;2;2;0;0;0;0
3126406;Fortuna de Minas;MG;2026-09;2;4;2;4;0;0;0;0
4108304;Foz do Iguaçu;PR;2026-09;285;400;154;218;131;230;34;35
4108452;Foz do Jordão;PR;2026-09;5;6;2;5;3;3;0;0
4205506;Fraiburgo;SC;2026-09;28;41;18;30;10;19;3;3
3516200;Franca;SP;2026-09;264;389;167;281;97;169;9;12
2204006;Francinópolis;PI;2026-09;1;1;1;1;0;0;0;0
4108320;Francisco Alves;PR;2026-09;4;5;2;4;2;3;1;1
2204105;Francisco Ayres;PI;2026-09;2;2;2;2;0;1;0;0
3126505;Francisco Badaró;MG;2026-09;2;2;2;2;0;1;0;0
4108403;Francisco Beltrão;PR;2026-09;134;248;63;109;71;173;19;20
2403905;Francisco Dantas;RN;2026-09;0;0;0;0;0;0;0;0
3126604;Francisco Dumont;MG;2026-09;1;1;1;1;0;0;0;0
2204154;Francisco Macedo;PI;2026-09;2;2;2;2;0;0;0;0
3516309;Francisco Morato;SP;2026-09;43;61;31;47;12;18;5;7
3126703;Francisco Sá;MG;2026-09;4;11;4;7;0;7;1;1
2204204;Francisco Santos;PI;2026-09;3;3;3;3;0;0;0;0
3126752;Franciscópolis;MG;2026-09;0;0;0;0;0;0;0;0
3516408;Franco da Rocha;SP;2026-09;59;71;41;48;18;28;5;6
2304509;Frecheirinha;CE;2026-09;7;8;3;6;4;4;0;0
4308508;Frederico Westphalen;RS;2026-09;45;53;21;30;24;34;4;4
3126802;Frei Gaspar;MG;2026-09;1;1;1;1;0;0;0;0
3126901;Frei Inocêncio;MG;2026-09;3;6;2;5;1;3;0;0
3126950;Frei Lagonegro;MG;2026-09;0;1;0;0;0;1;0;0
2506202;Frei Martinho;PB;2026-09;2;3;2;2;0;1;0;0
2605806;Frei Miguelinho;PE;2026-09;9;10;7;10;2;2;2;2
2802304;Frei Paulo;SE;2026-09;7;8;4;8;3;3;0;0
4205555;Frei Rogério;SC;2026-09;1;1;1;1;0;0;0;0
3127008;Fronteira;MG;2026-09;6;6;2;5;4;4;1;1
3127057;Fronteira dos Vales;MG;2026-09;0;0;0;0;0;0;0;0
2204303;Fronteiras;PI;2026-09;2;4;2;3;0;2;0;0
3127073;Fruta de Leite;MG;2026-09;0;0;0;0;0;0;0;0
3127107;Frutal;MG;2026-09;33;48;17;29;16;27;4;4
2404002;Frutuoso Gomes;RN;2026-09;2;4;2;2;0;2;0;0
3202207;Fundão;ES;2026-09;9;12;6;8;3;5;0;0
3127206;Funilândia;MG;2026-09;2;2;1;2;1;1;1;1
3516507;Gabriel Monteiro;SP;2026-09;3;3;1;1;2;2;0;0
2506251;Gado Bravo;PB;2026-09;2;2;2;2;0;0;0;0
3516606;Gália;SP;2026-09;4;4;2;2;2;2;0;0
3127305;Galiléia;MG;2026-09;2;2;1;1;1;1;0;0
2404101;Galinhos;RN;2026-09;1;1;1;1;0;0;0;0
4205605;Galvão;SC;2026-09;3;6;1;3;2;3;0;0
2605905;Gameleira;PE;2026-09;4;5;4;4;0;2;1;1
5208152;Gameleira de Goiás;GO;2026-09;0;0;0;0;0;0;0;0
3127339;Gameleiras;MG;2026-09;1;2;0;0;1;2;0;0
2911204;Gandu;BA;2026-09;16;26;8;14;8;18;0;0
2606002;Garanhuns;PE;2026-09;68;130;48;79;20;68;1;1
2802403;Gararu;SE;2026-09;2;2;1;1;1;1;0;0
3516705;Garça;SP;2026-09;29;37;16;24;13;20;2;2
4308607;Garibaldi;RS;2026-09;43;50;23;34;20;23;6;6
4205704;Garopaba;SC;2026-09;59;75;39;58;20;32;7;7
1503077;Garrafão do Norte;PA;2026-09;5;6;2;4;3;3;0;0
4308656;Garruchos;RS;2026-09;1;1;1;1;0;0;0;0
4205803;Garuva;SC;2026-09;18;20;11;14;7;8;1;1
4205902;Gaspar;SC;2026-09;48;66;34;51;14;23;4;4
3516804;Gastão Vidigal;SP;2026-09;4;4;1;1;3;4;0;0
5103858;Gaúcha do Norte;MT;2026-09;5;6;4;6;1;2;1;1
4308706;Gaurama;RS;2026-09;7;9;4;7;3;4;0;0
2911253;Gavião;BA;2026-09;1;2;1;2;0;1;0;0
3516853;Gavião Peixoto;SP;2026-09;5;6;4;5;1;3;0;0
2204352;Geminiano;PI;2026-09;1;3;1;3;0;0;0;0
4308805;General Câmara;RS;2026-09;6;7;4;4;2;3;1;1
5103908;General Carneiro;MT;2026-09;1;1;1;1;0;0;0;0
4108502;General Carneiro;PR;2026-09;8;11;4;8;4;7;1;1
2802502;General Maynard;SE;2026-09;1;1;1;1;0;0;0;0
3516903;General Salgado;SP;2026-09;8;14;1;5;7;11;1;1
2304608;General Sampaio;CE;2026-09;3;4;3;3;0;1;0;0
4308854;Gentil;RS;2026-09;2;2;2;2;0;2;0;0
2911303;Gentio do Ouro;BA;2026-09;1;4;0;4;1;1;0;0
3517000;Getulina;SP;2026-09;3;3;2;2;1;2;0;0
4308904;Getúlio Vargas;RS;2026-09;26;40;13;26;13;24;2;2
2204402;Gilbués;PI;2026-09;3;3;3;3;0;0;0;0
2702900;Girau do Ponciano;AL;2026-09;5;6;3;5;2;2;1;1
4309001;Giruá;RS;2026-09;14;19;7;14;7;12;1;1
3127354;Glaucilândia;MG;2026-09;0;0;0;0;0;0;0;0
3517109;Glicério;SP;2026-09;0;0;0;0;0;0;0;0
2911402;Glória;BA;2026-09;3;4;2;3;1;2;0;0
5004007;Glória de Dourados;MS;2026-09;8;9;4;7;4;4;2;2
2606101;Glória do Goitá;PE;2026-09;8;11;7;8;1;3;0;0
5103957;Glória D'Oeste;MT;2026-09;3;4;2;2;1;2;2;2
4309050;Glorinha;RS;2026-09;2;4;2;3;0;1;0;1
2104305;Godofredo Viana;MA;2026-09;4;6;2;3;2;3;0;0
4108551;Godoy Moreira;PR;2026-09;0;0;0;0;0;0;0;0
3127370;Goiabeira;MG;2026-09;3;3;1;1;2;2;0;0
2606200;Goiana;PE;2026-09;30;68;20;39;10;38;1;1
3127388;Goianá;MG;2026-09;5;5;4;5;1;1;1;1
5208400;Goianápolis;GO;2026-09;4;5;2;2;2;3;0;0
5208509;Goiandira;GO;2026-09;6;7;2;5;4;4;0;0
5208608;Goianésia;GO;2026-09;52;82;26;47;26;54;6;7
1503093;Goianésia do Pará;PA;2026-09;8;14;6;11;2;7;0;0
5208707;Goiânia;GO;2026-09;1538;2479;861;1450;677;1395;183;189
2404200;Goianinha;RN;2026-09;15;23;11;15;4;12;1;1
5208806;Goianira;GO;2026-09;33;52;24;40;9;20;3;3
1708304;Goianorte;TO;2026-09;3;3;2;3;1;1;1;1
5208905;Goiás;GO;2026-09;10;19;7;10;3;11;1;1
1709005;Goiatins;TO;2026-09;3;5;2;4;1;2;0;0
5209101;Goiatuba;GO;2026-09;36;45;23;28;13;21;3;3
4108601;Goioerê;PR;2026-09;30;33;10;17;20;24;1;1
4108650;Goioxim;PR;2026-09;1;1;1;1;0;0;0;0
3127404;Gonçalves;MG;2026-09;4;4;2;2;2;2;2;2
2104404;Gonçalves Dias;MA;2026-09;2;3;2;3;0;1;0;0
2911501;Gongogi;BA;2026-09;1;2;1;2;0;0;0;0
3127503;Gonzaga;MG;2026-09;0;1;0;1;0;0;0;0
3127602;Gouveia;MG;2026-09;6;7;3;5;3;4;0;0
5209150;Gouvelândia;GO;2026-09;2;2;2;2;0;1;0;0
2104503;Governador Archer;MA;2026-09;1;2;1;1;0;1;0;0
4206009;Governador Celso Ramos;SC;2026-09;17;17;10;15;7;7;4;4
2404309;Governador Dix-Sept Rosado;RN;2026-09;4;6;4;5;0;2;0;0
2104552;Governador Edison Lobão;MA;2026-09;9;12;7;10;2;3;1;1
2104602;Governador Eugênio Barros;MA;2026-09;4;4;3;4;1;1;1;1
1101005;Governador Jorge Teixeira;RO;2026-09;0;3;0;0;0;3;0;0
3202256;Governador Lindenberg;ES;2026-09;7;8;5;8;2;3;2;2
2104628;Governador Luiz Rocha;MA;2026-09;1;2;1;2;0;0;0;0
2911600;Governador Mangabeira;BA;2026-09;10;14;9;11;1;4;2;2
2104651;Governador Newton Bello;MA;2026-09;2;2;2;2;0;1;0;0
2104677;Governador Nunes Freire;MA;2026-09;7;11;5;10;2;3;0;0
3127701;Governador Valadares;MG;2026-09;180;269;111;172;69;139;21;22
2304657;Graça;CE;2026-09;8;12;7;7;1;5;0;0
2104701;Graça Aranha;MA;2026-09;3;5;2;3;1;3;1;1
2802601;Graccho Cardoso;SE;2026-09;2;3;1;3;1;2;1;1
2104800;Grajaú;MA;2026-09;17;33;15;22;2;13;0;0
4309100;Gramado;RS;2026-09;61;86;40;52;21;44;5;5
4309126;Gramado dos Loureiros;RS;2026-09;2;2;0;1;2;2;0;0
4309159;Gramado Xavier;RS;2026-09;0;0;0;0;0;0;0;0
4108700;Grandes Rios;PR;2026-09;2;4;2;3;0;1;0;0
2606309;Granito;PE;2026-09;4;4;4;4;0;0;0;0
2304707;Granja;CE;2026-09;21;26;17;19;4;8;1;1
2304806;Granjeiro;CE;2026-09;2;2;2;2;0;0;0;0
3127800;Grão Mogol;MG;2026-09;2;3;1;3;1;1;0;0
4206108;Grão-Pará;SC;2026-09;6;6;3;6;3;3;1;1
2606408;Gravatá;PE;2026-09;28;55;16;31;12;35;2;2
4309209;Gravataí;RS;2026-09;139;204;87;132;52;87;6;6
4206207;Gravatal;SC;2026-09;10;12;6;10;4;5;1;1
2304905;Groaíras;CE;2026-09;5;8;4;5;1;4;0;0
2404408;Grossos;RN;2026-09;5;5;5;5;0;0;0;0
3127909;Grupiara;MG;2026-09;0;0;0;0;0;0;0;0
4309258;Guabiju;RS;2026-09;3;5;1;4;2;3;0;0
4206306;Guabiruba;SC;2026-09;14;17;10;15;4;6;3;3
3202306;Guaçuí;ES;2026-09;29;42;13;18;16;31;2;2
2204501;Guadalupe;PI;2026-09;4;7;4;4;0;3;0;0
4309308;Guaíba;RS;2026-09;66;91;46;61;20;40;8;8
3517208;Guaiçara;SP;2026-09;6;6;4;5;2;2;1;1
3517307;Guaimbê;SP;2026-09;3;3;3;3;0;0;1;1
3517406;Guaíra;SP;2026-09;21;35;14;26;7;11;2;2
4108809;Guaíra;PR;2026-09;30;44;19;29;11;20;4;4
4108908;Guairaçá;PR;2026-09;3;4;3;4;0;0;0;0
2304954;Guaiúba;CE;2026-09;5;5;4;5;1;1;0;0
1301654;Guajará;AM;2026-09;2;4;2;4;0;1;0;0
1100106;Guajará-Mirim;RO;2026-09;11;22;9;12;2;10;0;0
2911659;Guajeru;BA;2026-09;3;3;2;2;1;1;0;0
2404507;Guamaré;RN;2026-09;13;20;8;12;5;9;1;1
4108957;Guamiranga;PR;2026-09;4;6;2;5;2;5;0;0
2911709;Guanambi;BA;2026-09;95;148;48;78;47;97;9;9
3128006;Guanhães;MG;2026-09;17;24;12;19;5;11;0;0
3128105;Guapé;MG;2026-09;7;9;4;6;3;5;0;0
3517505;Guapiaçu;SP;2026-09;7;8;6;7;1;1;0;0
3517604;Guapiara;SP;2026-09;5;9;3;7;2;4;2;2
3301850;Guapimirim;RJ;2026-09;26;39;18;26;8;18;3;3
4109005;Guapirama;PR;2026-09;4;4;4;4;0;0;0;0
5209200;Guapó;GO;2026-09;7;11;6;6;1;6;1;1
4309407;Guaporé;RS;2026-09;32;44;19;34;13;23;4;4
4109104;Guaporema;PR;2026-09;0;0;0;0;0;0;0;0
3517703;Guará;SP;2026-09;11;14;7;12;4;4;2;2
2506301;Guarabira;PB;2026-09;31;63;21;34;10;38;3;3
3517802;Guaraçaí;SP;2026-09;7;7;5;5;2;2;0;0
3517901;Guaraci;SP;2026-09;5;6;3;6;2;2;0;0
4109203;Guaraci;PR;2026-09;4;4;3;4;1;1;0;0
4206405;Guaraciaba;SC;2026-09;15;15;12;13;3;3;3;3
3128204;Guaraciaba;MG;2026-09;4;5;2;3;2;3;0;0
2305001;Guaraciaba do Norte;CE;2026-09;24;34;18;23;6;15;0;0
3128253;Guaraciama;MG;2026-09;2;2;2;2;0;0;0;0
1709302;Guaraí;TO;2026-09;14;30;8;19;6;16;0;0
5209291;Guaraíta;GO;2026-09;0;0;0;0;0;0;0;0
2305100;Guaramiranga;CE;2026-09;4;5;4;5;0;0;0;0
4206504;Guaramirim;SC;2026-09;28;37;18;26;10;18;5;5
3128303;Guaranésia;MG;2026-09;16;16;11;11;5;5;1;1
3128402;Guarani;MG;2026-09;4;8;3;6;1;3;0;0
4309506;Guarani das Missões;RS;2026-09;3;3;1;1;2;2;0;0
5209408;Guarani de Goiás;GO;2026-09;3;3;2;2;1;1;0;0
3518008;Guarani d'Oeste;SP;2026-09;1;1;1;1;0;0;0;0
4109302;Guaraniaçu;PR;2026-09;10;16;6;11;4;8;1;1
3518107;Guarantã;SP;2026-09;6;7;4;5;2;2;0;0
5104104;Guarantã do Norte;MT;2026-09;34;49;11;19;23;37;2;2
3202405;Guarapari;ES;2026-09;116;169;70;113;46;85;15;15
4109401;Guarapuava;PR;2026-09;222;315;97;181;125;204;20;20
4109500;Guaraqueçaba;PR;2026-09;1;3;0;1;1;2;0;0
3128501;Guarará;MG;2026-09;4;5;3;5;1;1;1;1
3518206;Guararapes;SP;2026-09;17;24;12;15;5;12;2;2
3518305;Guararema;SP;2026-09;33;40;18;27;15;19;4;4
2911808;Guaratinga;BA;2026-09;3;4;2;2;1;3;0;0
3518404;Guaratinguetá;SP;2026-09;118;162;69;109;49;79;12;12
4109609;Guaratuba;PR;2026-09;26;34;16;23;10;17;3;3
3128600;Guarda-Mor;MG;2026-09;4;4;2;4;2;2;0;0
3518503;Guareí;SP;2026-09;10;10;6;7;4;4;0;0
3518602;Guariba;SP;2026-09;21;28;12;22;9;14;2;2
2204550;Guaribas;PI;2026-09;0;2;0;2;0;0;0;0
5209457;Guarinos;GO;2026-09;2;2;1;1;1;1;0;0
3518701;Guarujá;SP;2026-09;228;325;143;213;85;171;25;25
4206603;Guarujá do Sul;SC;2026-09;4;4;3;3;1;1;0;0
3518800;Guarulhos;SP;2026-09;729;1051;426;654;303;520;85;91
4206652;Guatambú;SC;2026-09;4;4;3;4;1;1;1;1
3518859;Guatapará;SP;2026-09;4;6;3;4;1;2;0;0
3128709;Guaxupé;MG;2026-09;58;77;25;42;33;45;4;4
5004106;Guia Lopes da Laguna;MS;2026-09;3;4;1;2;2;2;0;0
3128808;Guidoval;MG;2026-09;6;6;4;5;2;2;0;0
2104909;Guimarães;MA;2026-09;3;4;3;4;0;0;0;0
3128907;Guimarânia;MG;2026-09;6;8;4;6;2;3;1;1
5104203;Guiratinga;MT;2026-09;4;4;2;2;2;2;0;0
3129004;Guiricema;MG;2026-09;7;8;5;7;2;4;2;2
3129103;Gurinhatã;MG;2026-09;0;0;0;0;0;0;0;0
2506400;Gurinhém;PB;2026-09;5;6;4;5;1;2;1;1
2506509;Gurjão;PB;2026-09;2;3;2;2;0;1;0;0
1503101;Gurupá;PA;2026-09;5;11;5;11;0;0;0;0
1709500;Gurupi;TO;2026-09;62;102;37;62;25;58;5;5
3518909;Guzolândia;SP;2026-09;4;4;4;4;0;1;1;1
4309555;Harmonia;RS;2026-09;6;6;1;4;5;5;0;0
5209606;Heitoraí;GO;2026-09;3;4;1;2;2;3;0;0
3129202;Heliodora;MG;2026-09;2;2;2;2;0;0;0;0
2911857;Heliópolis;BA;2026-09;4;5;4;4;0;1;0;0
3519006;Herculândia;SP;2026-09;4;8;2;3;2;6;0;0
4307104;Herval;RS;2026-09;3;4;2;4;1;1;0;0
4206702;Herval d'Oeste;SC;2026-09;15;24;7;19;8;9;1;1
4309571;Herveiras;RS;2026-09;0;0;0;0;0;0;0;0
5209705;Hidrolândia;GO;2026-09;16;22;9;16;7;14;1;1
2305209;Hidrolândia;CE;2026-09;7;9;5;7;2;3;1;1
5209804;Hidrolina;GO;2026-09;7;8;3;6;4;5;1;1
3519055;Holambra;SP;2026-09;30;44;17;32;13;23;4;4
4109658;Honório Serpa;PR;2026-09;5;7;2;2;3;5;0;0
2305233;Horizonte;CE;2026-09;34;49;26;38;8;19;1;1
4309605;Horizontina;RS;2026-09;18;22;9;14;9;13;1;1
3519071;Hortolândia;SP;2026-09;158;222;95;149;63;107;16;17
2204600;Hugo Napoleão;PI;2026-09;1;1;1;1;0;0;0;0
4309654;Hulha Negra;RS;2026-09;1;1;1;1;0;0;0;0
4309704;Humaitá;RS;2026-09;3;4;1;1;2;3;1;1
1301704;Humaitá;AM;2026-09;33;55;13;28;20;36;1;1
2105005;Humberto de Campos;MA;2026-09;3;7;2;3;1;4;1;1
3519105;Iacanga;SP;2026-09;5;6;3;5;2;4;0;0
5209903;Iaciara;GO;2026-09;9;13;5;9;4;8;1;1
3519204;Iacri;SP;2026-09;2;2;2;2;0;0;0;0
2911907;Iaçu;BA;2026-09;4;9;3;7;1;6;0;0
3129301;Iapu;MG;2026-09;5;10;2;6;3;6;1;1
3519253;Iaras;SP;2026-09;2;2;2;2;0;1;1;1
2606507;Iati;PE;2026-09;6;7;6;6;0;1;0;0
4109708;Ibaiti;PR;2026-09;25;52;15;24;10;31;1;1
4309753;Ibarama;RS;2026-09;2;2;1;1;1;1;0;0
2305266;Ibaretama;CE;2026-09;4;4;4;4;0;0;0;0
3519303;Ibaté;SP;2026-09;15;22;8;15;7;9;0;0
2703007;Ibateguara;AL;2026-09;3;3;2;3;1;1;0;0
3202454;Ibatiba;ES;2026-09;17;26;11;16;6;14;1;1
4109757;Ibema;PR;2026-09;4;4;3;4;1;2;1;1
3129400;Ibertioga;MG;2026-09;2;3;1;3;1;1;1;1
3129509;Ibiá;MG;2026-09;13;16;7;9;6;11;2;2
4309803;Ibiaçá;RS;2026-09;7;7;1;5;6;6;1;1
3129608;Ibiaí;MG;2026-09;2;2;1;1;1;1;0;0
4206751;Ibiam;SC;2026-09;1;1;0;0;1;1;0;0
2305308;Ibiapina;CE;2026-09;13;15;10;13;3;6;2;2
2506608;Ibiara;PB;2026-09;6;7;2;2;4;6;0;0
2912004;Ibiassucê;BA;2026-09;7;9;5;5;2;5;0;0
2912103;Ibicaraí;BA;2026-09;6;18;5;12;1;8;0;0
4206801;Ibicaré;SC;2026-09;3;4;2;3;1;2;0;0
2912202;Ibicoara;BA;2026-09;9;19;5;12;4;11;1;1
2912301;Ibicuí;BA;2026-09;4;5;2;2;2;4;0;0
2305332;Ibicuitinga;CE;2026-09;5;8;4;5;1;4;1;1
2606606;Ibimirim;PE;2026-09;3;7;3;3;0;4;0;0
2912400;Ibipeba;BA;2026-09;4;4;2;4;2;2;0;0
2912509;Ibipitanga;BA;2026-09;4;12;4;4;0;8;0;0
4109807;Ibiporã;PR;2026-09;52;61;28;42;24;29;5;5
2912608;Ibiquera;BA;2026-09;0;0;0;0;0;0;0;0
3519402;Ibirá;SP;2026-09;9;11;6;8;3;4;1;1
3129657;Ibiracatu;MG;2026-09;0;1;0;1;0;0;0;0
3129707;Ibiraci;MG;2026-09;7;11;2;7;5;8;0;0
3202504;Ibiraçu;ES;2026-09;7;12;3;6;4;7;0;0
4309902;Ibiraiaras;RS;2026-09;5;7;2;4;3;4;0;0
2606705;Ibirajuba;PE;2026-09;2;3;2;2;0;1;0;0
4206900;Ibirama;SC;2026-09;11;16;8;14;3;4;0;0
2912707;Ibirapitanga;BA;2026-09;2;9;2;3;0;7;0;0
2912806;Ibirapuã;BA;2026-09;3;3;2;3;1;1;0;0
4309951;Ibirapuitã;RS;2026-09;2;2;2;2;0;0;0;0
3519501;Ibirarema;SP;2026-09;2;2;2;2;0;0;0;0
2912905;Ibirataia;BA;2026-09;7;9;5;7;2;4;1;1
3129806;Ibirité;MG;2026-09;45;73;32;56;13;34;8;8
4310009;Ibirubá;RS;2026-09;35;38;17;22;18;21;0;0
2913002;Ibitiara;BA;2026-09;2;7;1;1;1;6;0;0
3519600;Ibitinga;SP;2026-09;33;42;19;22;14;22;0;0
3202553;Ibitirama;ES;2026-09;5;6;3;3;2;3;0;0
2913101;Ibititá;BA;2026-09;3;4;2;3;1;1;0;0
3129905;Ibitiúra de Minas;MG;2026-09;5;6;3;6;2;2;1;1
3130002;Ibituruna;MG;2026-09;3;3;2;3;1;1;0;0
3519709;Ibiúna;SP;2026-09;46;60;27;42;19;23;5;7
2913200;Ibotirama;BA;2026-09;18;20;8;12;10;12;1;1
2305357;Icapuí;CE;2026-09;10;14;7;11;3;9;1;1
4207007;Içara;SC;2026-09;42;56;29;39;13;22;3;3
3130051;Icaraí de Minas;MG;2026-09;1;1;1;1;0;0;0;0
4109906;Icaraíma;PR;2026-09;7;7;4;4;3;3;0;0
2105104;Icatu;MA;2026-09;1;3;1;2;0;1;0;0
3519808;Icém;SP;2026-09;6;11;2;8;4;6;0;0
2913309;Ichu;BA;2026-09;5;6;3;3;2;3;0;0
2305407;Icó;CE;2026-09;20;27;14;18;6;11;2;2
3202603;Iconha;ES;2026-09;16;26;11;21;5;12;1;1
2404606;Ielmo Marinho;RN;2026-09;1;1;1;1;0;0;0;0
3519907;Iepê;SP;2026-09;7;7;5;5;2;2;0;0
2703106;Igaci;AL;2026-09;4;5;4;5;0;1;0;0
2913408;Igaporã;BA;2026-09;6;6;5;5;1;1;0;0
3520004;Igaraçu do Tietê;SP;2026-09;8;9;5;7;3;3;1;1
2502607;Igaracy;PB;2026-09;4;4;3;3;1;1;0;0
3520103;Igarapava;SP;2026-09;14;22;10;17;4;7;0;1
3130101;Igarapé;MG;2026-09;32;43;22;33;10;19;2;2
2105153;Igarapé do Meio;MA;2026-09;3;3;3;3;0;0;0;0
2105203;Igarapé Grande;MA;2026-09;2;8;1;7;1;4;0;1
1503200;Igarapé-Açu;PA;2026-09;13;18;13;14;0;5;0;0
1503309;Igarapé-Miri;PA;2026-09;19;27;11;21;8;13;1;1
2606804;Igarassu;PE;2026-09;69;89;28;41;41;59;2;2
3520202;Igaratá;SP;2026-09;10;13;6;9;4;7;1;1
3130200;Igaratinga;MG;2026-09;13;13;11;12;2;4;2;2
2913457;Igrapiúna;BA;2026-09;2;3;2;2;0;1;0;0
2703205;Igreja Nova;AL;2026-09;5;7;3;4;2;3;0;0
4310108;Igrejinha;RS;2026-09;32;43;14;30;18;22;2;2
3301876;Iguaba Grande;RJ;2026-09;22;34;13;23;9;17;2;2
2913507;Iguaí;BA;2026-09;5;8;3;6;2;5;1;1
3520301;Iguape;SP;2026-09;18;25;14;19;4;13;1;2
4110003;Iguaraçu;PR;2026-09;3;6;2;3;1;4;0;0
2606903;Iguaracy;PE;2026-09;4;4;4;4;0;0;0;0
3130309;Iguatama;MG;2026-09;6;8;4;5;2;4;0;0
5004304;Iguatemi;MS;2026-09;16;26;11;21;5;7;0;0
4110052;Iguatu;PR;2026-09;1;2;1;2;0;0;0;0
2305506;Iguatu;CE;2026-09;70;106;47;67;23;50;1;1
3130408;Ijaci;MG;2026-09;6;7;5;7;1;2;1;1
4310207;Ijuí;RS;2026-09;92;142;44;91;48;84;6;6
3520426;Ilha Comprida;SP;2026-09;9;14;8;13;1;3;2;2
2802700;Ilha das Flores;SE;2026-09;4;4;3;4;1;1;1;1
2607604;Ilha de Itamaracá;PE;2026-09;8;8;5;6;3;4;2;2
2204659;Ilha Grande;PI;2026-09;2;2;2;2;0;0;0;0
3520442;Ilha Solteira;SP;2026-09;48;55;18;23;30;33;1;1
3520400;Ilhabela;SP;2026-09;40;53;31;42;9;14;3;3
2913606;Ilhéus;BA;2026-09;99;167;61;97;38;102;13;14
4207106;Ilhota;SC;2026-09;5;7;5;6;0;2;1;1
3130507;Ilicínea;MG;2026-09;5;8;4;5;1;3;0;0
4310306;Ilópolis;RS;2026-09;3;3;3;3;0;0;0;0
2506707;Imaculada;PB;2026-09;3;3;3;3;0;0;0;0
4207205;Imaruí;SC;2026-09;5;6;3;6;2;2;0;0
4110078;Imbaú;PR;2026-09;4;6;2;3;2;4;0;0
4310330;Imbé;RS;2026-09;17;20;14;15;3;5;1;1
3130556;Imbé de Minas;MG;2026-09;1;2;1;1;0;1;0;0
4207304;Imbituba;SC;2026-09;76;86;50;59;26;35;4;4
4110102;Imbituva;PR;2026-09;13;15;10;11;3;5;1;1
4207403;Imbuia;SC;2026-09;4;7;2;6;2;3;1;1
4310363;Imigrante;RS;2026-09;3;3;1;2;2;2;1;1
2105302;Imperatriz;MA;2026-09;187;384;99;222;88;240;23;23
4110201;Inácio Martins;PR;2026-09;8;19;4;10;4;14;2;2
5209937;Inaciolândia;GO;2026-09;5;6;3;5;2;4;0;0
4110300;Inajá;PR;2026-09;0;0;0;0;0;0;0;0
2607000;Inajá;PE;2026-09;6;7;4;5;2;3;0;0
3130606;Inconfidentes;MG;2026-09;7;7;3;5;4;4;1;1
3130655;Indaiabira;MG;2026-09;1;4;1;1;0;3;0;0
4207502;Indaial;SC;2026-09;46;58;31;42;15;24;3;3
3520509;Indaiatuba;SP;2026-09;269;384;151;228;118;190;25;27
4310405;Independência;RS;2026-09;4;4;2;2;2;2;0;0
2305605;Independência;CE;2026-09;5;9;4;5;1;5;0;0
3520608;Indiana;SP;2026-09;6;6;3;4;3;3;1;1
4110409;Indianópolis;PR;2026-09;3;3;2;2;1;1;0;0
3130705;Indianópolis;MG;2026-09;7;10;2;9;5;6;0;0
3520707;Indiaporã;SP;2026-09;4;8;3;5;1;4;0;0
5209952;Indiara;GO;2026-09;8;11;7;10;1;2;1;1
2802809;Indiaroba;SE;2026-09;6;7;5;7;1;1;1;1
5104500;Indiavaí;MT;2026-09;0;0;0;0;0;0;0;0
2506806;Ingá;PB;2026-09;9;14;8;11;1;7;1;1
3130804;Ingaí;MG;2026-09;2;2;2;2;0;1;0;0
2607109;Ingazeira;PE;2026-09;3;3;3;3;0;0;0;0
4310413;Inhacorá;RS;2026-09;2;4;1;2;1;3;0;0
2913705;Inhambupe;BA;2026-09;9;19;5;7;4;12;1;1
1503408;Inhangapi;PA;2026-09;0;1;0;1;0;0;0;0
2703304;Inhapi;AL;2026-09;0;3;0;1;0;2;0;0
3130903;Inhapim;MG;2026-09;13;16;10;15;3;6;1;1
3131000;Inhaúma;MG;2026-09;2;2;1;1;1;1;1;1
2204709;Inhuma;PI;2026-09;10;15;8;9;2;6;0;0
5210000;Inhumas;GO;2026-09;42;52;32;39;10;15;4;4
3131109;Inimutaba;MG;2026-09;3;4;3;3;0;1;0;0
5004403;Inocência;MS;2026-09;6;8;3;5;3;4;0;0
3520806;Inúbia Paulista;SP;2026-09;4;5;2;4;2;2;0;0
4207577;Iomerê;SC;2026-09;3;4;3;4;0;1;0;0
3131158;Ipaba;MG;2026-09;4;6;3;5;1;2;1;1
5210109;Ipameri;GO;2026-09;30;34;8;16;22;26;3;3
3131208;Ipanema;MG;2026-09;14;22;8;13;6;13;0;0
2404705;Ipanguaçu;RN;2026-09;7;10;7;10;0;1;0;0
2305654;Ipaporanga;CE;2026-09;2;2;2;2;0;0;0;0
3131307;Ipatinga;MG;2026-09;236;360;134;205;102;206;22;22
2305704;Ipaumirim;CE;2026-09;10;11;7;8;3;4;0;0
3520905;Ipaussu;SP;2026-09;12;13;6;8;6;7;0;0
4310439;Ipê;RS;2026-09;6;6;3;4;3;3;1;1
2913804;Ipecaetá;BA;2026-09;1;3;1;1;0;2;0;0
3521002;Iperó;SP;2026-09;11;15;6;11;5;6;1;1
3521101;Ipeúna;SP;2026-09;3;3;2;2;1;1;0;0
3131406;Ipiaçu;MG;2026-09;1;1;1;1;0;0;0;0
2913903;Ipiaú;BA;2026-09;21;43;18;22;3;25;2;2
3521150;Ipiguá;SP;2026-09;3;4;1;1;2;3;1;1
4207601;Ipira;SC;2026-09;3;3;2;2;1;1;0;0
2914000;Ipirá;BA;2026-09;16;24;11;14;5;15;2;2
4110508;Ipiranga;PR;2026-09;8;12;8;9;0;5;1;1
5210158;Ipiranga de Goiás;GO;2026-09;6;6;3;3;3;4;1;1
5104526;Ipiranga do Norte;MT;2026-09;13;17;4;10;9;11;3;3
2204808;Ipiranga do Piauí;PI;2026-09;5;8;2;4;3;5;0;0
4310462;Ipiranga do Sul;RS;2026-09;4;5;2;3;2;4;1;1
1301803;Ipixuna;AM;2026-09;2;3;2;3;0;1;0;0
1503457;Ipixuna do Pará;PA;2026-09;8;10;7;9;1;3;0;0
2607208;Ipojuca;PE;2026-09;38;51;26;40;12;20;1;1
5210208;Iporá;GO;2026-09;18;32;7;14;11;23;3;3
4110607;Iporã;PR;2026-09;7;8;6;7;1;1;0;0
4207650;Iporã do Oeste;SC;2026-09;8;9;4;8;4;4;2;2
3521200;Iporanga;SP;2026-09;1;3;1;2;0;1;0;0
2305803;Ipu;CE;2026-09;23;28;19;23;4;7;1;1
3521309;Ipuã;SP;2026-09;21;22;10;11;11;12;0;0
4207684;Ipuaçu;SC;2026-09;4;4;4;4;0;1;1;1
2607307;Ipubi;PE;2026-09;10;14;10;10;0;4;0;0
2404804;Ipueira;RN;2026-09;1;1;1;1;0;0;0;0
2305902;Ipueiras;CE;2026-09;13;17;12;15;1;3;1;1
1709807;Ipueiras;TO;2026-09;0;0;0;0;0;0;0;0
3131505;Ipuiúna;MG;2026-09;8;9;4;8;4;4;2;2
4207700;Ipumirim;SC;2026-09;9;16;5;12;4;9;1;1
2914109;Ipupiara;BA;2026-09;4;7;3;4;1;4;1;1
1400282;Iracema;RR;2026-09;2;9;2;9;0;5;0;0
2306009;Iracema;CE;2026-09;5;9;4;6;1;6;1;1
4110656;Iracema do Oeste;PR;2026-09;0;2;0;2;0;0;0;0
3521408;Iracemápolis;SP;2026-09;21;23;15;16;6;7;0;0
4207759;Iraceminha;SC;2026-09;1;1;0;1;1;1;0;0
4310504;Iraí;RS;2026-09;7;8;2;6;5;5;0;0
3131604;Iraí de Minas;MG;2026-09;4;4;3;4;1;1;0;0
2914208;Irajuba;BA;2026-09;1;2;1;1;0;1;0;0
2914307;Iramaia;BA;2026-09;3;3;3;3;0;0;0;0
1301852;Iranduba;AM;2026-09;8;21;4;13;4;9;0;0
4207809;Irani;SC;2026-09;10;14;5;10;5;9;0;0
3521507;Irapuã;SP;2026-09;7;11;3;5;4;7;0;0
3521606;Irapuru;SP;2026-09;4;4;2;2;2;3;0;0
2914406;Iraquara;BA;2026-09;8;11;8;8;0;3;0;0
2914505;Irará;BA;2026-09;13;21;6;15;7;15;1;1
4110706;Irati;PR;2026-09;86;113;44;60;42;64;4;4
4207858;Irati;SC;2026-09;1;2;1;2;0;0;0;0
2306108;Irauçuba;CE;2026-09;7;12;5;9;2;6;2;2
2914604;Irecê;BA;2026-09;47;91;32;45;15;58;0;0
4110805;Iretama;PR;2026-09;8;9;5;5;3;4;0;0
4207908;Irineópolis;SC;2026-09;5;6;3;4;2;3;0;0
1503507;Irituia;PA;2026-09;3;3;2;2;1;1;1;1
3202652;Irupi;ES;2026-09;5;6;3;3;2;4;1;1
2204907;Isaías Coelho;PI;2026-09;3;3;2;2;1;1;0;0
5210307;Israelândia;GO;2026-09;2;2;1;1;1;1;0;0
4208005;Itá;SC;2026-09;9;12;4;8;5;6;1;1
4310538;Itaara;RS;2026-09;1;4;0;1;1;3;0;0
2506905;Itabaiana;PB;2026-09;10;12;9;9;1;4;2;2
2802908;Itabaiana;SE;2026-09;88;120;53;70;35;72;5;5
2803005;Itabaianinha;SE;2026-09;15;20;14;15;1;7;0;0
2914653;Itabela;BA;2026-09;7;12;5;8;2;4;0;0
3521705;Itaberá;SP;2026-09;7;8;5;6;2;3;1;1
2914703;Itaberaba;BA;2026-09;31;51;20;29;11;29;2;2
5210406;Itaberaí;GO;2026-09;33;46;26;31;7;21;2;2
2803104;Itabi;SE;2026-09;1;1;1;1;0;0;0;0
3131703;Itabira;MG;2026-09;110;140;59;94;51;75;15;17
3131802;Itabirinha;MG;2026-09;9;10;5;7;4;4;1;1
3131901;Itabirito;MG;2026-09;46;58;32;39;14;24;8;8
3301900;Itaboraí;RJ;2026-09;88;146;51;85;37;90;13;13
2914802;Itabuna;BA;2026-09;164;272;74;142;90;186;14;14
1710508;Itacajá;TO;2026-09;2;2;2;2;0;1;0;0
3132008;Itacambira;MG;2026-09;0;3;0;1;0;2;0;0
3132107;Itacarambi;MG;2026-09;6;9;5;8;1;3;0;0
2914901;Itacaré;BA;2026-09;19;22;11;13;8;9;0;0
1301902;Itacoatiara;AM;2026-09;25;60;16;35;9;34;0;0
2607406;Itacuruba;PE;2026-09;1;1;1;1;0;0;0;0
4310553;Itacurubi;RS;2026-09;1;2;1;2;0;1;0;0
2915007;Itaeté;BA;2026-09;2;3;2;3;0;0;0;0
2915106;Itagi;BA;2026-09;7;10;2;5;5;8;2;2
2915205;Itagibá;BA;2026-09;2;2;0;0;2;2;0;0
2915304;Itagimirim;BA;2026-09;4;5;3;5;1;2;0;0
3202702;Itaguaçu;ES;2026-09;5;6;3;3;2;4;1;1
2915353;Itaguaçu da Bahia;BA;2026-09;3;4;2;2;1;2;0;0
3302007;Itaguaí;RJ;2026-09;33;63;28;37;5;33;4;4
4110904;Itaguajé;PR;2026-09;5;6;2;3;3;3;1;1
3132206;Itaguara;MG;2026-09;13;17;8;14;5;8;1;1
5210562;Itaguari;GO;2026-09;7;8;5;6;2;4;0;1
5210604;Itaguaru;GO;2026-09;7;9;4;8;3;5;0;0
1710706;Itaguatins;TO;2026-09;4;4;3;4;1;1;0;0
3521804;Itaí;SP;2026-09;13;16;6;10;7;8;0;0
2607505;Itaíba;PE;2026-09;6;6;6;6;0;0;0;0
2306207;Itaiçaba;CE;2026-09;2;3;0;1;2;3;0;0
2205003;Itainópolis;PI;2026-09;3;6;3;4;0;2;0;0
4208104;Itaiópolis;SC;2026-09;12;14;6;6;6;8;0;0
2105351;Itaipava do Grajaú;MA;2026-09;2;5;2;4;0;1;0;0
3132305;Itaipé;MG;2026-09;4;4;2;3;2;2;0;0
4110953;Itaipulândia;PR;2026-09;7;8;4;7;3;4;2;2
2306256;Itaitinga;CE;2026-09;30;37;21;32;9;12;5;5
1503606;Itaituba;PA;2026-09;51;71;29;47;22;39;2;4
2404853;Itajá;RN;2026-09;2;6;2;4;0;2;0;0
5210802;Itajá;GO;2026-09;2;2;2;2;0;0;0;0
4208203;Itajaí;SC;2026-09;258;407;167;277;91;180;19;21
3521903;Itajobi;SP;2026-09;12;16;6;9;6;7;1;1
3522000;Itaju;SP;2026-09;2;3;2;3;0;0;0;0
2915403;Itaju do Colônia;BA;2026-09;0;1;0;1;0;0;0;0
3132404;Itajubá;MG;2026-09;139;205;62;112;77;126;13;16
2915502;Itajuípe;BA;2026-09;6;13;6;9;0;6;0;1
3302056;Italva;RJ;2026-09;7;16;5;8;2;10;1;1
2915601;Itamaraju;BA;2026-09;18;27;14;24;4;9;0;0
3132503;Itamarandiba;MG;2026-09;20;24;11;17;9;15;1;1
1301951;Itamarati;AM;2026-09;1;2;1;2;0;0;0;0
3132602;Itamarati de Minas;MG;2026-09;1;1;1;1;0;0;0;0
2915700;Itamari;BA;2026-09;4;7;2;4;2;5;0;0
3132701;Itambacuri;MG;2026-09;4;6;2;3;2;3;0;0
4111001;Itambaracá;PR;2026-09;2;2;1;2;1;2;0;0
4111100;Itambé;PR;2026-09;2;2;1;2;1;1;0;0
2915809;Itambé;BA;2026-09;4;8;3;5;1;4;0;0
2607653;Itambé;PE;2026-09;10;17;5;12;5;10;2;2
3132800;Itambé do Mato Dentro;MG;2026-09;3;3;2;3;1;1;1;1
3132909;Itamogi;MG;2026-09;11;12;8;10;3;4;1;1
3133006;Itamonte;MG;2026-09;16;22;9;15;7;8;0;0
2915908;Itanagra;BA;2026-09;3;4;1;2;2;2;0;0
3522109;Itanhaém;SP;2026-09;59;84;44;63;15;36;5;6
3133105;Itanhandu;MG;2026-09;28;31;13;16;15;18;2;2
5104542;Itanhangá;MT;2026-09;4;5;3;5;1;1;1;1
2916005;Itanhém;BA;2026-09;5;8;4;6;1;3;0;0
3133204;Itanhomi;MG;2026-09;13;14;9;9;4;6;2;2
3133303;Itaobim;MG;2026-09;11;17;8;11;3;11;2;2
3522158;Itaoca;SP;2026-09;0;0;0;0;0;0;0;0
3302106;Itaocara;RJ;2026-09;15;23;10;15;5;11;1;1
5210901;Itapaci;GO;2026-09;39;43;13;20;26;29;3;3
3133402;Itapagipe;MG;2026-09;13;13;6;6;7;7;1;1
2306306;Itapajé;CE;2026-09;19;26;16;21;3;8;1;1
2916104;Itaparica;BA;2026-09;7;11;5;6;2;5;0;0
2916203;Itapé;BA;2026-09;8;8;4;4;4;5;2;2
2916302;Itapebi;BA;2026-09;3;5;2;3;1;3;0;0
3133501;Itapecerica;MG;2026-09;17;24;13;18;4;12;2;2
3522208;Itapecerica da Serra;SP;2026-09;56;72;34;50;22;31;5;5
2105401;Itapecuru Mirim;MA;2026-09;15;27;9;17;6;20;1;1
4111209;Itapejara d'Oeste;PR;2026-09;10;20;5;11;5;14;3;3
4208302;Itapema;SC;2026-09;112;152;72;94;40;69;13;14
3202801;Itapemirim;ES;2026-09;27;52;16;26;11;34;2;2
4111258;Itaperuçu;PR;2026-09;15;23;8;14;7;13;3;3
3302205;Itaperuna;RJ;2026-09;82;187;48;90;34;124;6;6
2607703;Itapetim;PE;2026-09;5;6;5;5;0;1;0;0
2916401;Itapetinga;BA;2026-09;31;50;15;27;16;32;2;2
3522307;Itapetininga;SP;2026-09;109;144;62;96;47;76;16;17
3522406;Itapeva;SP;2026-09;54;69;41;54;13;24;2;3
3133600;Itapeva;MG;2026-09;6;7;5;6;1;2;0;0
3522505;Itapevi;SP;2026-09;81;106;48;66;33;49;5;6
2916500;Itapicuru;BA;2026-09;9;12;8;10;1;4;0;0
2306405;Itapipoca;CE;2026-09;41;62;30;37;11;31;1;1
3522604;Itapira;SP;2026-09;43;54;33;39;10;16;5;5
4208401;Itapiranga;SC;2026-09;22;30;13;24;9;12;3;3
1302009;Itapiranga;AM;2026-09;0;5;0;2;0;3;0;0
5211008;Itapirapuã;GO;2026-09;6;8;0;5;6;8;0;0
3522653;Itapirapuã Paulista;SP;2026-09;2;2;2;2;0;0;0;0
1710904;Itapiratins;TO;2026-09;1;1;1;1;0;0;0;0
2607752;Itapissuma;PE;2026-09;4;9;4;6;0;4;0;0
2916609;Itapitanga;BA;2026-09;0;0;0;0;0;0;0;0
2306504;Itapiúna;CE;2026-09;7;8;6;6;1;2;0;0
4208450;Itapoá;SC;2026-09;21;30;12;21;9;17;3;3
3522703;Itápolis;SP;2026-09;25;35;14;20;11;17;1;1
5004502;Itaporã;MS;2026-09;14;18;7;15;7;8;1;1
1711100;Itaporã do Tocantins;TO;2026-09;0;0;0;0;0;0;0;0
2507002;Itaporanga;PB;2026-09;13;19;10;14;3;9;2;2
3522802;Itaporanga;SP;2026-09;9;9;5;8;4;4;0;0
2803203;Itaporanga d'Ajuda;SE;2026-09;8;15;7;11;1;7;0;0
2507101;Itapororoca;PB;2026-09;8;11;6;7;2;6;2;2
1101104;Itapuã do Oeste;RO;2026-09;4;5;2;3;2;3;0;0
4310579;Itapuca;RS;2026-09;1;2;0;2;1;1;0;0
3522901;Itapuí;SP;2026-09;8;11;2;4;6;8;1;1
3523008;Itapura;SP;2026-09;5;7;3;7;2;2;0;0
5211206;Itapuranga;GO;2026-09;19;22;10;11;9;14;1;1
3523107;Itaquaquecetuba;SP;2026-09;106;137;74;95;32;53;5;6
2916708;Itaquara;BA;2026-09;2;4;2;3;0;1;0;0
4310603;Itaqui;RS;2026-09;22;30;13;24;9;10;2;2
5004601;Itaquiraí;MS;2026-09;5;5;5;5;0;0;0;0
2607802;Itaquitinga;PE;2026-09;3;3;3;3;0;0;0;0
3202900;Itarana;ES;2026-09;7;10;4;5;3;5;0;0
2916807;Itarantim;BA;2026-09;4;6;2;3;2;3;0;0
3523206;Itararé;SP;2026-09;23;34;17;23;6;12;1;2
2306553;Itarema;CE;2026-09;8;16;8;12;0;6;0;0
3523305;Itariri;SP;2026-09;7;7;3;5;4;4;1;1
5211305;Itarumã;GO;2026-09;2;4;1;2;1;3;0;0
4310652;Itati;RS;2026-09;0;0;0;0;0;0;0;0
3302254;Itatiaia;RJ;2026-09;13;18;11;14;2;4;0;0
3133709;Itatiaiuçu;MG;2026-09;12;16;6;14;6;7;4;4
3523404;Itatiba;SP;2026-09;116;142;60;85;56;77;12;13
4310702;Itatiba do Sul;RS;2026-09;3;5;2;2;1;4;0;0
2916856;Itatim;BA;2026-09;7;7;3;5;4;4;1;1
3523503;Itatinga;SP;2026-09;5;9;4;8;1;2;1;1
2306603;Itatira;CE;2026-09;3;6;3;3;0;3;0;0
2507200;Itatuba;PB;2026-09;3;3;3;3;0;0;0;0
2404903;Itaú;RN;2026-09;2;5;2;3;0;2;0;0
3133758;Itaú de Minas;MG;2026-09;10;16;3;8;7;10;1;1
5104559;Itaúba;MT;2026-09;5;5;3;5;2;3;1;1
1600253;Itaubal;AP;2026-09;1;1;1;1;0;0;0;0
5211404;Itauçu;GO;2026-09;13;14;6;7;7;8;1;1
2205102;Itaueira;PI;2026-09;9;15;3;5;6;12;1;1
3133808;Itaúna;MG;2026-09;95;115;58;77;37;55;9;9
4111308;Itaúna do Sul;PR;2026-09;2;2;1;1;1;1;1;1
3133907;Itaverava;MG;2026-09;2;3;2;3;0;0;0;0
3134004;Itinga;MG;2026-09;0;1;0;0;0;1;0;0
2105427;Itinga do Maranhão;MA;2026-09;4;8;1;4;3;5;0;0
5104609;Itiquira;MT;2026-09;4;5;3;4;1;1;0;0
3523602;Itirapina;SP;2026-09;7;9;6;8;1;1;0;0
3523701;Itirapuã;SP;2026-09;3;3;2;3;1;1;1;1
2916906;Itiruçu;BA;2026-09;2;6;1;1;1;5;0;0
2917003;Itiúba;BA;2026-09;4;10;2;3;2;8;1;1
3523800;Itobi;SP;2026-09;10;12;4;8;6;6;1;1
2917102;Itororó;BA;2026-09;11;15;7;13;4;10;1;1
3523909;Itu;SP;2026-09;149;202;88;140;61;94;6;6
2917201;Ituaçu;BA;2026-09;5;13;3;7;2;9;0;0
2917300;Ituberá;BA;2026-09;9;21;8;13;1;10;0;0
3134103;Itueta;MG;2026-09;1;2;1;2;0;0;0;0
3134202;Ituiutaba;MG;2026-09;64;89;32;48;32;51;4;5
5211503;Itumbiara;GO;2026-09;95;137;68;94;27;58;9;9
3134301;Itumirim;MG;2026-09;2;2;2;2;0;0;0;0
3524006;Itupeva;SP;2026-09;53;66;31;42;22;35;4;4
1503705;Itupiranga;PA;2026-09;7;16;5;9;2;9;1;1
4208500;Ituporanga;SC;2026-09;17;30;13;22;4;12;3;3
3134400;Iturama;MG;2026-09;34;54;14;32;20;31;1;1
3134509;Itutinga;MG;2026-09;3;3;2;3;1;2;0;0
3524105;Ituverava;SP;2026-09;35;44;19;31;16;23;4;4
2917334;Iuiu;BA;2026-09;3;3;3;3;0;0;0;0
3203007;Iúna;ES;2026-09;20;26;9;14;11;17;1;1
4111407;Ivaí;PR;2026-09;7;8;4;6;3;5;0;0
4111506;Ivaiporã;PR;2026-09;31;61;11;38;20;44;6;6
4111555;Ivaté;PR;2026-09;2;6;0;1;2;5;0;0
4111605;Ivatuba;PR;2026-09;2;2;1;1;1;1;0;0
5004700;Ivinhema;MS;2026-09;14;21;10;15;4;9;1;1
5211602;Ivolândia;GO;2026-09;3;5;0;1;3;4;0;0
4310751;Ivorá;RS;2026-09;1;1;0;0;1;1;0;0
4310801;Ivoti;RS;2026-09;36;43;22;31;14;20;5;5
2607901;Jaboatão dos Guararapes;PE;2026-09;250;376;155;220;95;206;26;27
4208609;Jaborá;SC;2026-09;2;3;2;3;0;0;0;0
3524204;Jaborandi;SP;2026-09;5;6;5;6;0;0;0;0
2917359;Jaborandi;BA;2026-09;3;4;3;3;0;2;1;1
4111704;Jaboti;PR;2026-09;8;11;3;9;5;7;1;1
4310850;Jaboticaba;RS;2026-09;5;7;2;4;3;5;1;1
3524303;Jaboticabal;SP;2026-09;45;55;24;35;21;26;6;6
3134608;Jaboticatubas;MG;2026-09;13;15;7;12;6;8;7;7
2405009;Jaçanã;RN;2026-09;1;3;1;2;0;1;0;0
2917409;Jacaraci;BA;2026-09;3;4;2;3;1;2;0;0
2507309;Jacaraú;PB;2026-09;6;8;5;5;1;3;0;0
2703403;Jacaré dos Homens;AL;2026-09;1;1;1;1;0;0;0;0
1503754;Jacareacanga;PA;2026-09;2;2;2;2;0;0;0;0
3524402;Jacareí;SP;2026-09;227;277;122;176;105;153;24;25
4111803;Jacarezinho;PR;2026-09;46;61;16;33;30;40;6;6
3524501;Jaci;SP;2026-09;0;2;0;2;0;0;0;0
5104807;Jaciara;MT;2026-09;16;25;8;16;8;14;1;1
3134707;Jacinto;MG;2026-09;4;4;2;4;2;2;0;0
4208708;Jacinto Machado;SC;2026-09;1;3;1;3;0;0;0;0
2917508;Jacobina;BA;2026-09;67;117;31;53;36;82;6;6
2205151;Jacobina do Piauí;PI;2026-09;3;4;3;3;0;1;0;0
3134806;Jacuí;MG;2026-09;6;6;5;6;1;1;0;0
2703502;Jacuípe;AL;2026-09;1;1;1;1;0;0;0;0
4310876;Jacuizinho;RS;2026-09;0;1;0;1;0;0;0;0
1503804;Jacundá;PA;2026-09;10;16;9;13;1;4;1;1
3524600;Jacupiranga;SP;2026-09;8;10;5;10;3;5;3;3
4310900;Jacutinga;RS;2026-09;4;6;2;5;2;3;0;0
3134905;Jacutinga;MG;2026-09;18;29;8;13;10;18;0;1
4111902;Jaguapitã;PR;2026-09;7;8;5;6;2;4;2;2
2917607;Jaguaquara;BA;2026-09;25;33;17;19;8;16;2;2
3135001;Jaguaraçu;MG;2026-09;1;2;1;2;0;0;0;0
4311007;Jaguarão;RS;2026-09;28;36;13;24;15;22;4;4
2917706;Jaguarari;BA;2026-09;28;37;11;15;17;26;2;2
3203056;Jaguaré;ES;2026-09;18;21;11;12;7;14;0;0
2306702;Jaguaretama;CE;2026-09;7;11;6;8;1;3;0;0
4311106;Jaguari;RS;2026-09;7;12;3;7;4;6;0;0
4112009;Jaguariaíva;PR;2026-09;23;30;18;23;5;7;1;1
2306801;Jaguaribara;CE;2026-09;7;11;6;6;1;5;0;0
2306900;Jaguaribe;CE;2026-09;14;23;13;14;1;9;0;0
2917805;Jaguaripe;BA;2026-09;2;2;2;2;0;0;0;0
3524709;Jaguariúna;SP;2026-09;57;83;24;50;33;48;7;7
2307007;Jaguaruana;CE;2026-09;11;20;7;11;4;12;1;1
4208807;Jaguaruna;SC;2026-09;19;23;14;16;5;7;1;1
3135050;Jaíba;MG;2026-09;9;13;6;10;3;5;0;0
2205201;Jaicós;PI;2026-09;4;6;4;4;0;2;0;0
3524808;Jales;SP;2026-09;54;83;19;37;35;62;2;2
3524907;Jambeiro;SP;2026-09;3;4;2;3;1;3;1;1
3135076;Jampruca;MG;2026-09;1;1;1;1;0;0;0;0
3135100;Janaúba;MG;2026-09;55;92;25;38;30;62;5;5
5211701;Jandaia;GO;2026-09;2;2;2;2;0;0;0;0
4112108;Jandaia do Sul;PR;2026-09;22;29;11;17;11;14;2;2
2917904;Jandaíra;BA;2026-09;1;4;1;3;0;1;0;0
2405108;Jandaíra;RN;2026-09;2;2;2;2;0;0;0;0
3525003;Jandira;SP;2026-09;50;62;38;48;12;24;10;10
2405207;Janduís;RN;2026-09;2;3;2;2;0;1;0;0
5104906;Jangada;MT;2026-09;1;1;1;1;0;0;0;0
4112207;Janiópolis;PR;2026-09;2;2;1;1;1;1;1;1
3135209;Januária;MG;2026-09;28;46;17;26;11;26;1;1
2405306;Januário Cicco;RN;2026-09;2;3;2;2;0;1;0;0
3135308;Japaraíba;MG;2026-09;1;3;1;1;0;2;0;0
2703601;Japaratinga;AL;2026-09;4;4;4;4;0;0;0;0
2803302;Japaratuba;SE;2026-09;7;9;5;7;2;4;1;1
3302270;Japeri;RJ;2026-09;28;31;20;25;8;13;5;5
2405405;Japi;RN;2026-09;2;2;2;2;0;0;0;0
4112306;Japira;PR;2026-09;2;4;1;1;1;3;0;0
2803401;Japoatã;SE;2026-09;4;6;4;5;0;2;0;0
3135357;Japonvar;MG;2026-09;2;4;1;2;1;2;0;0
5004809;Japorã;MS;2026-09;1;1;1;1;0;0;0;0
4112405;Japurá;PR;2026-09;9;9;5;8;4;4;0;0
1302108;Japurá;AM;2026-09;1;1;1;1;0;0;0;0
2607950;Jaqueira;PE;2026-09;0;0;0;0;0;0;0;0
4311122;Jaquirana;RS;2026-09;2;4;1;3;1;2;1;1
5211800;Jaraguá;GO;2026-09;18;33;16;26;2;18;1;1
4208906;Jaraguá do Sul;SC;2026-09;194;231;109;141;85;118;21;22
5004908;Jaraguari;MS;2026-09;2;3;1;1;1;3;0;0
2703700;Jaramataia;AL;2026-09;1;1;1;1;0;0;0;0
2307106;Jardim;CE;2026-09;12;15;9;9;3;6;0;0
5005004;Jardim;MS;2026-09;13;20;10;17;3;4;2;2
4112504;Jardim Alegre;PR;2026-09;5;14;2;7;3;10;0;0
2405504;Jardim de Angicos;RN;2026-09;0;0;0;0;0;0;0;0
2405603;Jardim de Piranhas;RN;2026-09;2;3;2;2;0;1;0;0
2205250;Jardim do Mulato;PI;2026-09;1;1;1;1;0;0;0;0
2405702;Jardim do Seridó;RN;2026-09;9;13;5;6;4;7;1;1
4112603;Jardim Olinda;PR;2026-09;2;2;2;2;0;0;0;0
3525102;Jardinópolis;SP;2026-09;23;31;16;21;7;12;1;1
4208955;Jardinópolis;SC;2026-09;0;0;0;0;0;0;0;0
4311130;Jari;RS;2026-09;1;2;1;2;0;0;0;0
3525201;Jarinu;SP;2026-09;32;37;13;22;19;24;6;6
1100114;Jaru;RO;2026-09;21;52;12;30;9;27;2;2
5211909;Jataí;GO;2026-09;78;102;44;65;34;52;10;10
4112702;Jataizinho;PR;2026-09;7;9;4;7;3;5;2;2
2608008;Jataúba;PE;2026-09;8;8;7;8;1;1;0;0
5005103;Jateí;MS;2026-09;2;2;2;2;0;0;0;0
2307205;Jati;CE;2026-09;4;4;3;3;1;1;0;0
2105450;Jatobá;MA;2026-09;0;0;0;0;0;0;0;0
2608057;Jatobá;PE;2026-09;3;4;3;3;0;1;0;0
2205276;Jatobá do Piauí;PI;2026-09;2;2;2;2;0;0;0;0
3525300;Jaú;SP;2026-09;86;105;51;65;35;44;2;2
1711506;Jaú do Tocantins;TO;2026-09;1;1;1;1;0;0;0;0
5212006;Jaupaci;GO;2026-09;3;3;3;3;0;0;0;0
5105002;Jauru;MT;2026-09;5;7;3;4;2;4;0;0
3135407;Jeceaba;MG;2026-09;5;7;4;6;1;3;0;0
3135456;Jenipapo de Minas;MG;2026-09;3;4;2;3;1;2;0;0
2105476;Jenipapo dos Vieiras;MA;2026-09;1;2;1;1;0;1;0;0
3135506;Jequeri;MG;2026-09;9;10;4;10;5;5;3;3
2703759;Jequiá da Praia;AL;2026-09;2;4;2;2;0;2;0;0
2918001;Jequié;BA;2026-09;115;180;78;102;37;101;6;6
3135605;Jequitaí;MG;2026-09;3;6;3;4;0;2;0;0
3135704;Jequitibá;MG;2026-09;2;2;1;2;1;1;1;1
3135803;Jequitinhonha;MG;2026-09;8;9;5;7;3;3;0;0
2918100;Jeremoabo;BA;2026-09;11;17;5;8;6;12;1;1
2507408;Jericó;PB;2026-09;3;5;3;5;0;0;0;0
3525409;Jeriquara;SP;2026-09;1;2;0;1;1;1;0;0
3203106;Jerônimo Monteiro;ES;2026-09;13;18;5;11;8;13;3;3
2205300;Jerumenha;PI;2026-09;4;4;3;3;1;1;0;0
3135902;Jesuânia;MG;2026-09;4;4;2;2;2;2;0;0
4112751;Jesuítas;PR;2026-09;7;9;5;9;2;3;1;1
5212055;Jesúpolis;GO;2026-09;2;2;1;1;1;1;0;0
2307254;Jijoca de Jericoacoara;CE;2026-09;18;26;12;20;6;10;2;2
1100122;Ji-Paraná;RO;2026-09;102;185;43;102;59;122;6;6
2918209;Jiquiriçá;BA;2026-09;3;5;3;4;0;2;0;0
2918308;Jitaúna;BA;2026-09;3;6;2;4;1;3;1;1
4209003;Joaçaba;SC;2026-09;52;66;24;41;28;37;7;7
3136009;Joaíma;MG;2026-09;4;6;3;5;1;2;0;0
3136108;Joanésia;MG;2026-09;1;1;1;1;0;0;0;0
3525508;Joanópolis;SP;2026-09;11;15;7;10;4;7;0;0
2608107;João Alfredo;PE;2026-09;14;20;9;10;5;11;3;3
2405801;João Câmara;RN;2026-09;11;26;10;18;1;11;0;0
2205359;João Costa;PI;2026-09;0;0;0;0;0;0;0;0
2405900;João Dias;RN;2026-09;1;1;1;1;0;0;0;0
2918357;João Dourado;BA;2026-09;6;7;5;5;1;2;0;0
2105500;João Lisboa;MA;2026-09;6;15;6;10;0;7;0;0
3136207;João Monlevade;MG;2026-09;68;100;43;67;25;44;7;7
3203130;João Neiva;ES;2026-09;15;20;8;14;7;13;3;3
2507507;João Pessoa;PB;2026-09;927;1457;385;639;542;1034;104;107
3136306;João Pinheiro;MG;2026-09;27;36;18;25;9;18;4;4
3525607;João Ramalho;SP;2026-09;3;3;3;3;0;0;0;0
3136405;Joaquim Felício;MG;2026-09;2;5;2;2;0;3;0;0
2703809;Joaquim Gomes;AL;2026-09;6;7;6;6;0;1;0;0
2608206;Joaquim Nabuco;PE;2026-09;3;4;2;3;1;2;1;1
2205409;Joaquim Pires;PI;2026-09;3;5;3;4;0;1;0;0
4112801;Joaquim Távora;PR;2026-09;16;21;8;10;8;11;3;3
2513653;Joca Claudino;PB;2026-09;1;1;1;1;0;0;0;0
2205458;Joca Marques;PI;2026-09;3;3;3;3;0;0;0;0
4311155;Jóia;RS;2026-09;4;5;2;2;2;3;0;0
4209102;Joinville;SC;2026-09;574;756;357;496;217;340;76;77
3136504;Jordânia;MG;2026-09;8;10;1;3;7;9;0;0
1200328;Jordão;AC;2026-09;0;1;0;1;0;0;0;0
4209151;José Boiteux;SC;2026-09;3;3;2;2;1;1;0;0
3525706;José Bonifácio;SP;2026-09;16;31;9;12;7;19;1;1
2406007;José da Penha;RN;2026-09;4;4;3;3;1;1;0;0
2205508;José de Freitas;PI;2026-09;9;20;8;11;1;10;1;1
3136520;José Gonçalves de Minas;MG;2026-09;0;0;0;0;0;0;0;0
3136553;José Raydan;MG;2026-09;1;1;1;1;0;0;0;0
2105609;Joselândia;MA;2026-09;3;6;2;4;1;3;1;1
3136579;Josenópolis;MG;2026-09;2;2;2;2;0;0;0;0
5212105;Joviânia;GO;2026-09;7;11;6;7;1;5;0;0
5105101;Juara;MT;2026-09;18;33;7;18;11;22;1;1
2507606;Juarez Távora;PB;2026-09;3;4;2;3;1;2;1;1
1711803;Juarina;TO;2026-09;1;1;1;1;0;0;0;0
3136652;Juatuba;MG;2026-09;19;23;16;19;3;6;2;2
2507705;Juazeirinho;PB;2026-09;10;11;5;8;5;6;3;3
2918407;Juazeiro;BA;2026-09;114;192;54;99;60;124;11;11
2307304;Juazeiro do Norte;CE;2026-09;218;357;120;177;98;222;9;10
2205516;Juazeiro do Piauí;PI;2026-09;3;5;2;2;1;3;0;0
2307403;Jucás;CE;2026-09;9;11;5;8;4;5;1;1
2608255;Jucati;PE;2026-09;2;3;2;2;0;1;0;0
2918456;Jucuruçu;BA;2026-09;1;3;1;2;0;1;0;0
2406106;Jucurutu;RN;2026-09;5;11;5;8;0;6;0;0
5105150;Juína;MT;2026-09;34;51;9;23;25;36;2;2
3136702;Juiz de Fora;MG;2026-09;643;859;299;492;344;516;61;62
2205524;Júlio Borges;PI;2026-09;1;1;1;1;0;0;0;0
4311205;Júlio de Castilhos;RS;2026-09;18;20;12;14;6;9;2;2
3525805;Júlio Mesquita;SP;2026-09;2;2;1;1;1;2;0;0
3525854;Jumirim;SP;2026-09;3;3;2;3;1;1;1;1
2105658;Junco do Maranhão;MA;2026-09;2;2;2;2;0;0;0;0
2507804;Junco do Seridó;PB;2026-09;5;6;5;5;0;1;0;0
2406155;Jundiá;RN;2026-09;1;1;1;1;0;0;0;0
2703908;Jundiá;AL;2026-09;1;2;1;1;0;1;0;0
3525904;Jundiaí;SP;2026-09;628;845;294;477;334;481;72;76
4112900;Jundiaí do Sul;PR;2026-09;5;6;2;2;3;4;1;1
2704005;Junqueiro;AL;2026-09;12;14;6;9;6;8;0;0
3526001;Junqueirópolis;SP;2026-09;17;18;11;14;6;7;0;0
2608305;Jupi;PE;2026-09;7;8;5;5;2;4;0;0
4209177;Jupiá;SC;2026-09;1;1;0;0;1;1;0;0
3526100;Juquiá;SP;2026-09;5;7;3;4;2;3;1;1
3526209;Juquitiba;SP;2026-09;7;11;5;8;2;5;2;2
3136801;Juramento;MG;2026-09;0;0;0;0;0;0;0;0
4112959;Juranda;PR;2026-09;3;4;1;2;2;2;0;0
2608404;Jurema;PE;2026-09;5;5;4;5;1;1;0;0
2205532;Jurema;PI;2026-09;0;0;0;0;0;0;0;0
2507903;Juripiranga;PB;2026-09;3;3;3;3;0;0;0;0
2508000;Juru;PB;2026-09;3;6;3;5;0;1;0;0
1302207;Juruá;AM;2026-09;3;4;3;3;0;1;0;0
3136900;Juruaia;MG;2026-09;13;14;7;10;6;6;2;2
5105176;Juruena;MT;2026-09;5;6;2;4;3;4;1;1
1503903;Juruti;PA;2026-09;13;26;8;13;5;16;1;1
5105200;Juscimeira;MT;2026-09;5;5;3;3;2;2;0;0
5212204;Jussara;GO;2026-09;8;12;5;8;3;4;0;0
4113007;Jussara;PR;2026-09;4;5;4;4;0;1;1;1
2918506;Jussara;BA;2026-09;5;7;4;6;1;3;0;0
2918555;Jussari;BA;2026-09;2;2;2;2;0;0;0;0
2918605;Jussiape;BA;2026-09;3;5;3;4;0;2;0;0
1302306;Jutaí;AM;2026-09;1;6;1;5;0;1;0;0
5005152;Juti;MS;2026-09;5;5;2;3;3;3;0;0
3136959;Juvenília;MG;2026-09;1;1;1;1;0;0;0;0
4113106;Kaloré;PR;2026-09;3;7;1;4;2;4;0;0
1302405;Lábrea;AM;2026-09;2;6;1;1;1;5;0;0
4209201;Lacerdópolis;SC;2026-09;3;3;2;3;1;1;0;0
3137007;Ladainha;MG;2026-09;1;2;0;1;1;1;0;0
5005202;Ladário;MS;2026-09;6;7;3;4;3;3;0;0
2918704;Lafaiete Coutinho;BA;2026-09;3;4;2;2;1;3;0;0
3137106;Lagamar;MG;2026-09;3;6;2;5;1;2;0;0
2803500;Lagarto;SE;2026-09;65;88;46;63;19;46;13;13
4209300;Lages;SC;2026-09;178;237;88;146;90;131;22;22
2105708;Lago da Pedra;MA;2026-09;14;28;13;19;1;12;0;0
2105807;Lago do Junco;MA;2026-09;3;3;3;3;0;1;0;0
2105948;Lago dos Rodrigues;MA;2026-09;1;2;1;1;0;1;0;0
2105906;Lago Verde;MA;2026-09;2;3;2;3;0;0;0;0
2508109;Lagoa;PB;2026-09;2;2;2;2;0;0;0;0
2205557;Lagoa Alegre;PI;2026-09;1;2;1;1;0;1;0;0
4311239;Lagoa Bonita do Sul;RS;2026-09;1;1;1;1;0;0;0;0
2704104;Lagoa da Canoa;AL;2026-09;6;9;5;5;1;5;1;1
1711902;Lagoa da Confusão;TO;2026-09;7;11;4;5;3;7;0;0
3137205;Lagoa da Prata;MG;2026-09;40;46;19;34;21;27;6;6
2406205;Lagoa d'Anta;RN;2026-09;2;2;2;2;0;0;0;0
2508208;Lagoa de Dentro;PB;2026-09;3;3;3;3;0;0;0;0
2608503;Lagoa de Itaenga;PE;2026-09;5;6;5;5;0;1;0;0
2406304;Lagoa de Pedras;RN;2026-09;3;6;3;5;0;3;0;0
2205573;Lagoa de São Francisco;PI;2026-09;5;6;5;5;0;1;0;0
2406403;Lagoa de Velhos;RN;2026-09;2;3;2;2;0;1;0;0
2205565;Lagoa do Barro do Piauí;PI;2026-09;5;6;4;5;1;2;0;0
2608453;Lagoa do Carro;PE;2026-09;3;5;3;4;0;1;0;0
2105922;Lagoa do Mato;MA;2026-09;2;3;2;2;0;1;0;0
2608602;Lagoa do Ouro;PE;2026-09;3;3;3;3;0;0;0;0
2205581;Lagoa do Piauí;PI;2026-09;1;1;1;1;0;0;0;0
2205599;Lagoa do Sítio;PI;2026-09;0;1;0;0;0;1;0;0
1711951;Lagoa do Tocantins;TO;2026-09;1;3;1;1;0;2;0;0
2608701;Lagoa dos Gatos;PE;2026-09;5;5;3;4;2;2;1;1
3137304;Lagoa dos Patos;MG;2026-09;0;2;0;1;0;1;0;0
4311270;Lagoa dos Três Cantos;RS;2026-09;1;1;0;0;1;1;0;0
3137403;Lagoa Dourada;MG;2026-09;6;6;3;6;3;3;0;0
3137502;Lagoa Formosa;MG;2026-09;12;14;6;9;6;9;2;2
3137536;Lagoa Grande;MG;2026-09;4;6;4;4;0;2;0;0
2608750;Lagoa Grande;PE;2026-09;9;11;7;8;2;5;0;0
2105963;Lagoa Grande do Maranhão;MA;2026-09;2;4;2;3;0;1;0;0
2406502;Lagoa Nova;RN;2026-09;7;13;6;10;1;3;0;0
2918753;Lagoa Real;BA;2026-09;3;4;2;3;1;1;0;0
2406601;Lagoa Salgada;RN;2026-09;4;5;4;4;0;1;0;0
3137601;Lagoa Santa;MG;2026-09;78;111;46;71;32;62;18;19
5212253;Lagoa Santa;GO;2026-09;1;2;0;1;1;2;0;0
2508307;Lagoa Seca;PB;2026-09;15;17;12;12;3;5;1;1
4311304;Lagoa Vermelha;RS;2026-09;27;33;18;25;9;12;3;3
4311254;Lagoão;RS;2026-09;0;0;0;0;0;0;0;0
3526308;Lagoinha;SP;2026-09;4;6;3;4;1;2;1;1
2205540;Lagoinha do Piauí;PI;2026-09;0;0;0;0;0;0;0;0
4209409;Laguna;SC;2026-09;33;39;24;30;9;15;3;3
5005251;Laguna Carapã;MS;2026-09;2;3;2;2;0;1;0;0
2918803;Laje;BA;2026-09;6;8;4;6;2;4;0;0
3302304;Laje do Muriaé;RJ;2026-09;4;4;0;2;4;4;0;0
4311403;Lajeado;RS;2026-09;144;197;74;120;70;110;10;10
1712009;Lajeado;TO;2026-09;4;6;2;4;2;3;0;0
4311429;Lajeado do Bugre;RS;2026-09;1;2;1;2;0;0;0;0
4209458;Lajeado Grande;SC;2026-09;0;0;0;0;0;0;0;0
2105989;Lajeado Novo;MA;2026-09;2;2;2;2;0;0;0;0
2918902;Lajedão;BA;2026-09;1;1;1;1;0;0;0;0
2919009;Lajedinho;BA;2026-09;0;0;0;0;0;0;0;0
2608800;Lajedo;PE;2026-09;19;26;14;20;5;8;1;1
2919058;Lajedo do Tabocal;BA;2026-09;2;3;2;2;0;1;0;0
2406700;Lajes;RN;2026-09;4;11;4;4;0;7;0;0
2406809;Lajes Pintadas;RN;2026-09;2;2;2;2;0;1;0;0
3137700;Lajinha;MG;2026-09;5;7;3;6;2;3;1;1
2919108;Lamarão;BA;2026-09;2;2;2;2;0;0;0;0
3137809;Lambari;MG;2026-09;14;20;13;17;1;7;0;1
5105234;Lambari D'Oeste;MT;2026-09;4;5;0;4;4;5;2;2
3137908;Lamim;MG;2026-09;1;2;1;2;0;0;0;0
2205607;Landri Sales;PI;2026-09;3;3;3;3;0;0;0;0
4113205;Lapa;PR;2026-09;34;44;20;28;14;26;5;5
2919157;Lapão;BA;2026-09;9;11;7;7;2;4;3;3
3203163;Laranja da Terra;ES;2026-09;6;6;4;5;2;2;0;0
4113254;Laranjal;PR;2026-09;4;4;3;3;1;1;0;0
3138005;Laranjal;MG;2026-09;3;4;2;2;1;2;0;0
1600279;Laranjal do Jari;AP;2026-09;7;17;6;14;1;5;0;0
3526407;Laranjal Paulista;SP;2026-09;20;22;12;14;8;9;0;0
2803609;Laranjeiras;SE;2026-09;7;12;6;9;1;4;1;1
4113304;Laranjeiras do Sul;PR;2026-09;29;45;15;33;14;20;3;3
3138104;Lassance;MG;2026-09;3;3;1;2;2;2;0;0
2508406;Lastro;PB;2026-09;0;1;0;1;0;0;0;0
4209508;Laurentino;SC;2026-09;9;10;4;7;5;5;1;1
2919207;Lauro de Freitas;BA;2026-09;306;455;120;205;186;311;32;33
4209607;Lauro Müller;SC;2026-09;10;10;5;8;5;5;1;1
1712157;Lavandeira;TO;2026-09;1;1;0;1;1;1;1;1
3526506;Lavínia;SP;2026-09;4;5;1;2;3;3;0;0
3138203;Lavras;MG;2026-09;117;162;83;120;34;66;9;9
2307502;Lavras da Mangabeira;CE;2026-09;13;16;12;13;1;4;0;0
4311502;Lavras do Sul;RS;2026-09;5;5;3;3;2;2;0;0
3526605;Lavrinhas;SP;2026-09;1;1;1;1;0;0;0;0
3138302;Leandro Ferreira;MG;2026-09;2;2;1;2;1;1;1;1
4209706;Lebon Régis;SC;2026-09;5;7;3;6;2;2;1;1
3526704;Leme;SP;2026-09;53;76;27;46;26;40;1;2
3138351;Leme do Prado;MG;2026-09;2;4;1;3;1;2;0;0
2919306;Lençóis;BA;2026-09;9;9;7;7;2;2;0;0
3526803;Lençóis Paulista;SP;2026-09;63;72;35;44;28;32;1;1
4209805;Leoberto Leal;SC;2026-09;4;4;1;2;3;3;1;1
3138401;Leopoldina;MG;2026-09;30;47;15;24;15;31;5;5
5212303;Leopoldo de Bulhões;GO;2026-09;5;6;2;5;3;4;1;1
4113403;Leópolis;PR;2026-09;3;4;2;2;1;2;0;0
4311601;Liberato Salzano;RS;2026-09;2;5;2;2;0;4;0;0
3138500;Liberdade;MG;2026-09;2;3;2;2;0;1;0;0
2919405;Licínio de Almeida;BA;2026-09;6;9;4;5;2;4;0;0
4113429;Lidianópolis;PR;2026-09;2;3;1;3;1;2;0;0
2106003;Lima Campos;MA;2026-09;6;12;4;11;2;3;1;1
3138609;Lima Duarte;MG;2026-09;16;23;8;11;8;13;2;2
3526902;Limeira;SP;2026-09;265;362;132;211;133;200;26;29
3138625;Limeira do Oeste;MG;2026-09;6;10;3;5;3;6;0;0
2608909;Limoeiro;PE;2026-09;43;580;18;27;25;558;2;2
2704203;Limoeiro de Anadia;AL;2026-09;10;13;6;9;4;7;1;1
1504000;Limoeiro do Ajuru;PA;2026-09;0;3;0;1;0;2;0;0
2307601;Limoeiro do Norte;CE;2026-09;43;64;34;42;9;28;1;1
4113452;Lindoeste;PR;2026-09;2;5;0;4;2;3;1;1
3527009;Lindóia;SP;2026-09;9;13;4;6;5;9;0;0
4209854;Lindóia do Sul;SC;2026-09;4;5;3;4;1;3;1;1
4311627;Lindolfo Collor;RS;2026-09;2;4;2;2;0;2;0;0
4311643;Linha Nova;RS;2026-09;0;0;0;0;0;0;0;0
3203205;Linhares;ES;2026-09;127;216;81;143;46;99;5;6
3527108;Lins;SP;2026-09;70;91;32;48;38;50;1;1
2508505;Livramento;PB;2026-09;2;2;2;2;0;0;0;0
2919504;Livramento de Nossa Senhora;BA;2026-09;25;39;17;24;8;22;4;4
1712405;Lizarda;TO;2026-09;1;1;1;1;0;0;0;0
4113502;Loanda;PR;2026-09;21;30;9;14;12;20;1;1
4113601;Lobato;PR;2026-09;12;15;6;8;6;8;0;0
2508554;Logradouro;PB;2026-09;0;1;0;0;0;1;0;0
4113700;Londrina;PR;2026-09;887;1144;333;548;554;742;101;103
3138658;Lontra;MG;2026-09;2;3;2;2;0;1;0;0
4209904;Lontras;SC;2026-09;12;13;8;10;4;5;2;2
3527207;Lorena;SP;2026-09;60;84;34;57;26;42;3;3
2106102;Loreto;MA;2026-09;4;7;3;4;1;4;1;1
3527256;Lourdes;SP;2026-09;2;2;1;2;1;1;0;0
3527306;Louveira;SP;2026-09;46;61;26;36;20;32;7;9
5105259;Lucas do Rio Verde;MT;2026-09;58;96;33;59;25;50;4;4
3527405;Lucélia;SP;2026-09;16;23;7;12;9;14;0;0
2508604;Lucena;PB;2026-09;3;3;3;3;0;0;0;0
3527504;Lucianópolis;SP;2026-09;1;1;0;0;1;1;0;0
5105309;Luciara;MT;2026-09;1;1;1;1;0;0;0;0
2406908;Lucrécia;RN;2026-09;5;6;3;4;2;2;1;1
3527603;Luís Antônio;SP;2026-09;9;10;7;8;2;3;1;1
2205706;Luís Correia;PI;2026-09;11;17;9;12;2;5;0;0
2106201;Luís Domingues;MA;2026-09;2;3;2;2;0;1;0;0
2919553;Luís Eduardo Magalhães;BA;2026-09;102;142;62;99;40;66;11;11
2407005;Luís Gomes;RN;2026-09;3;5;3;5;0;1;0;0
3138674;Luisburgo;MG;2026-09;1;1;1;1;0;0;0;0
3138682;Luislândia;MG;2026-09;2;2;2;2;0;0;0;0
4210001;Luiz Alves;SC;2026-09;8;10;5;7;3;3;0;0
4113734;Luiziana;PR;2026-09;5;5;2;2;3;3;1;1
3527702;Luiziânia;SP;2026-09;2;2;0;1;2;2;0;0
3138708;Luminárias;MG;2026-09;3;3;3;3;0;0;0;0
4113759;Lunardelli;PR;2026-09;2;2;1;1;1;1;0;0
3527801;Lupércio;SP;2026-09;0;2;0;0;0;2;0;0
4113809;Lupionópolis;PR;2026-09;6;9;3;7;3;6;2;2
3527900;Lutécia;SP;2026-09;2;2;0;0;2;2;0;0
3138807;Luz;MG;2026-09;10;12;5;8;5;8;4;4
4210035;Luzerna;SC;2026-09;7;10;3;9;4;5;1;1
5212501;Luziânia;GO;2026-09;82;117;61;83;21;49;8;8
2205805;Luzilândia;PI;2026-09;7;14;6;7;1;7;1;1
1712454;Luzinópolis;TO;2026-09;1;1;1;1;0;0;0;0
3302403;Macaé;RJ;2026-09;174;291;112;194;62;146;12;12
2407104;Macaíba;RN;2026-09;21;31;20;23;1;8;0;0
2919603;Macajuba;BA;2026-09;0;4;0;2;0;2;0;0
4311718;Maçambará;RS;2026-09;1;1;0;0;1;1;0;0
2803708;Macambira;SE;2026-09;3;3;3;3;0;0;0;0
1600303;Macapá;AP;2026-09;309;610;183;333;126;376;13;15
2609006;Macaparana;PE;2026-09;8;11;6;6;2;5;1;1
2919702;Macarani;BA;2026-09;6;6;5;5;1;1;0;0
3528007;Macatuba;SP;2026-09;9;10;5;7;4;5;1;1
2407203;Macau;RN;2026-09;16;25;14;17;2;8;0;0
3528106;Macaubal;SP;2026-09;7;9;5;5;2;5;0;0
2919801;Macaúbas;BA;2026-09;13;21;9;13;4;11;2;2
3528205;Macedônia;SP;2026-09;5;5;1;4;4;4;1;1
2704302;Maceió;AL;2026-09;632;1119;374;601;258;679;37;41
3138906;Machacalis;MG;2026-09;2;2;1;1;1;1;0;0
4311700;Machadinho;RS;2026-09;5;6;2;5;3;4;1;1
1100130;Machadinho D'Oeste;RO;2026-09;6;12;4;9;2;6;0;0
3139003;Machado;MG;2026-09;30;37;13;25;17;21;4;4
2609105;Machados;PE;2026-09;3;7;3;4;0;3;0;0
4210050;Macieira;SC;2026-09;0;1;0;1;0;1;0;0
3302452;Macuco;RJ;2026-09;6;10;4;6;2;5;1;1
2919900;Macururé;BA;2026-09;2;5;2;2;0;3;0;0
2307635;Madalena;CE;2026-09;13;14;7;8;6;7;0;0
2205854;Madeiro;PI;2026-09;2;2;2;2;0;1;0;0
2919926;Madre de Deus;BA;2026-09;16;23;7;11;9;14;0;1
3139102;Madre de Deus de Minas;MG;2026-09;4;4;4;4;0;1;1;1
2508703;Mãe d'Água;PB;2026-09;3;3;1;1;2;2;0;0
1504059;Mãe do Rio;PA;2026-09;8;12;8;9;0;6;0;0
2919959;Maetinga;BA;2026-09;3;4;2;3;1;2;0;0
4210100;Mafra;SC;2026-09;49;72;22;34;27;47;4;4
1504109;Magalhães Barata;PA;2026-09;0;2;0;1;0;1;0;0
2106300;Magalhães de Almeida;MA;2026-09;3;4;2;2;1;2;0;0
3528304;Magda;SP;2026-09;5;5;1;1;4;4;0;0
3302502;Magé;RJ;2026-09;120;161;80;119;40;72;16;17
2920007;Maiquinique;BA;2026-09;2;2;2;2;0;0;0;0
2920106;Mairi;BA;2026-09;16;19;4;6;12;16;1;1
3528403;Mairinque;SP;2026-09;31;42;21;31;10;14;2;2
3528502;Mairiporã;SP;2026-09;40;65;24;46;16;29;6;7
5212600;Mairipotaba;GO;2026-09;0;0;0;0;0;0;0;0
4210209;Major Gercino;SC;2026-09;1;1;1;1;0;0;0;0
2704401;Major Isidoro;AL;2026-09;5;5;3;5;2;3;1;1
2407252;Major Sales;RN;2026-09;2;2;2;2;0;0;0;0
4210308;Major Vieira;SC;2026-09;2;3;1;1;1;2;0;0
3139201;Malacacheta;MG;2026-09;12;14;3;9;9;12;1;1
2920205;Malhada;BA;2026-09;4;4;3;3;1;1;0;0
2920304;Malhada de Pedras;BA;2026-09;4;7;3;6;1;4;0;0
2803807;Malhada dos Bois;SE;2026-09;1;1;1;1;0;0;0;0
2803906;Malhador;SE;2026-09;3;3;2;2;1;1;0;0
4113908;Mallet;PR;2026-09;8;11;2;2;6;10;2;2
2508802;Malta;PB;2026-09;3;3;2;3;1;1;1;1
2508901;Mamanguape;PB;2026-09;21;33;15;23;6;15;2;2
5212709;Mambaí;GO;2026-09;5;9;4;7;1;3;0;0
4114005;Mamborê;PR;2026-09;19;24;9;16;10;15;4;4
3139250;Mamonas;MG;2026-09;5;6;4;5;1;2;1;1
4311734;Mampituba;RS;2026-09;0;0;0;0;0;0;0;0
1302504;Manacapuru;AM;2026-09;22;60;15;37;7;32;1;2
2509008;Manaíra;PB;2026-09;2;3;2;2;0;1;0;0
1302553;Manaquiri;AM;2026-09;1;3;1;2;0;1;0;0
2609154;Manari;PE;2026-09;2;2;2;2;0;0;0;0
1302603;Manaus;AM;2026-09;1186;2475;556;1151;630;1660;46;51
1200336;Mâncio Lima;AC;2026-09;5;8;4;7;1;3;0;0
4114104;Mandaguaçu;PR;2026-09;18;23;7;11;11;15;1;1
4114203;Mandaguari;PR;2026-09;24;38;11;22;13;18;3;3
4114302;Mandirituba;PR;2026-09;13;22;8;17;5;9;0;0
3528601;Manduri;SP;2026-09;4;6;2;3;2;3;0;0
4114351;Manfrinópolis;PR;2026-09;4;7;3;3;1;4;0;0
3139300;Manga;MG;2026-09;6;8;3;5;3;5;2;2
3302601;Mangaratiba;RJ;2026-09;18;32;16;23;2;12;0;0
4114401;Mangueirinha;PR;2026-09;11;15;5;11;6;7;1;1
3139409;Manhuaçu;MG;2026-09;57;80;33;53;24;41;6;6
3139508;Manhumirim;MG;2026-09;10;24;2;8;8;16;0;0
1302702;Manicoré;AM;2026-09;3;12;2;10;1;7;1;1
2205904;Manoel Emídio;PI;2026-09;3;4;3;3;0;1;0;0
4114500;Manoel Ribas;PR;2026-09;7;14;4;9;3;8;1;1
1200344;Manoel Urbano;AC;2026-09;1;7;1;2;0;5;0;0
4311759;Manoel Viana;RS;2026-09;5;7;3;5;2;2;0;0
2920403;Manoel Vitorino;BA;2026-09;5;5;4;4;1;1;0;0
2920452;Mansidão;BA;2026-09;1;4;1;1;0;3;0;0
3139607;Mantena;MG;2026-09;17;18;11;13;6;7;0;0
3203304;Mantenópolis;ES;2026-09;9;13;5;9;4;7;1;1
4311775;Maquiné;RS;2026-09;3;3;3;3;0;0;0;0
3139805;Mar de Espanha;MG;2026-09;8;13;6;10;2;5;1;1
2704906;Mar Vermelho;AL;2026-09;1;1;1;1;0;0;0;0
5212808;Mara Rosa;GO;2026-09;5;11;4;7;1;4;0;0
1302801;Maraã;AM;2026-09;2;5;1;5;1;2;0;0
1504208;Marabá;PA;2026-09;128;275;86;166;42;145;5;5
3528700;Marabá Paulista;SP;2026-09;2;2;2;2;0;0;0;0
2106326;Maracaçumé;MA;2026-09;2;5;2;3;0;4;1;1
3528809;Maracaí;SP;2026-09;8;13;4;9;4;6;1;1
4210407;Maracajá;SC;2026-09;9;10;6;8;3;4;1;1
5005400;Maracaju;MS;2026-09;53;72;26;60;27;37;4;4
1504307;Maracanã;PA;2026-09;3;7;3;5;0;2;0;0
2307650;Maracanaú;CE;2026-09;107;165;84;114;23;80;6;6
2920502;Maracás;BA;2026-09;20;36;11;18;9;22;1;1
2704500;Maragogi;AL;2026-09;14;24;12;19;2;7;1;1
2920601;Maragogipe;BA;2026-09;10;18;5;9;5;12;1;1
2609204;Maraial;PE;2026-09;2;2;1;1;1;1;0;0
2106359;Marajá do Sena;MA;2026-09;0;1;0;0;0;1;0;0
2307700;Maranguape;CE;2026-09;41;60;38;47;3;18;1;1
2106375;Maranhãozinho;MA;2026-09;4;7;4;6;0;1;0;0
1504406;Marapanim;PA;2026-09;4;5;3;4;1;1;0;0
3528858;Marapoama;SP;2026-09;2;2;2;2;0;0;0;0
4311791;Maratá;RS;2026-09;2;4;1;4;1;2;0;0
3203320;Marataízes;ES;2026-09;44;85;30;54;14;45;1;1
4311809;Marau;RS;2026-09;45;68;24;43;21;38;5;6
2920700;Maraú;BA;2026-09;10;17;8;13;2;7;1;1
2704609;Maravilha;AL;2026-09;3;5;3;4;0;1;0;0
4210506;Maravilha;SC;2026-09;33;46;16;29;17;29;4;4
3139706;Maravilhas;MG;2026-09;2;3;2;2;0;1;0;0
2509057;Marcação;PB;2026-09;3;4;3;3;0;1;0;0
5105580;Marcelândia;MT;2026-09;7;10;4;8;3;4;1;1
4311908;Marcelino Ramos;RS;2026-09;5;8;2;3;3;6;1;1
2407302;Marcelino Vieira;RN;2026-09;5;5;4;5;1;1;1;1
2920809;Marcionílio Souza;BA;2026-09;2;3;2;3;0;1;0;0
2307809;Marco;CE;2026-09;8;9;4;7;4;7;1;1
2205953;Marcolândia;PI;2026-09;4;8;3;5;1;3;0;0
2206001;Marcos Parente;PI;2026-09;6;6;3;3;3;3;1;1
4114609;Marechal Cândido Rondon;PR;2026-09;50;65;30;47;20;27;4;4
2704708;Marechal Deodoro;AL;2026-09;29;38;26;33;3;7;1;1
3203346;Marechal Floriano;ES;2026-09;13;13;8;10;5;6;0;0
1200351;Marechal Thaumaturgo;AC;2026-09;0;1;0;1;0;0;0;0
4210555;Marema;SC;2026-09;0;0;0;0;0;0;0;0
2509107;Mari;PB;2026-09;7;11;5;7;2;5;0;0
3139904;Maria da Fé;MG;2026-09;16;20;9;12;7;12;2;3
4114708;Maria Helena;PR;2026-09;1;2;1;2;0;1;1;1
4114807;Marialva;PR;2026-09;33;41;15;22;18;27;4;4
3140001;Mariana;MG;2026-09;67;84;44;63;23;37;9;9
4311981;Mariana Pimentel;RS;2026-09;3;4;1;3;2;2;0;0
4312005;Mariano Moro;RS;2026-09;1;1;1;1;0;0;0;0
1712504;Marianópolis do Tocantins;TO;2026-09;2;2;2;2;0;1;1;1
3528908;Mariápolis;SP;2026-09;3;3;1;1;2;2;0;0
2704807;Maribondo;AL;2026-09;4;5;4;4;0;1;0;0
3302700;Maricá;RJ;2026-09;165;243;98;151;67;127;13;14
3140100;Marilac;MG;2026-09;2;2;2;2;0;0;0;0
3203353;Marilândia;ES;2026-09;6;8;5;7;1;3;0;0
4114906;Marilândia do Sul;PR;2026-09;2;5;2;4;0;2;0;0
4115002;Marilena;PR;2026-09;0;0;0;0;0;0;0;0
3529005;Marília;SP;2026-09;214;274;93;144;121;159;22;23
4115101;Mariluz;PR;2026-09;4;4;3;4;1;1;0;0
4115200;Maringá;PR;2026-09;670;853;331;500;339;468;86;90
3529104;Marinópolis;SP;2026-09;1;2;1;2;0;0;0;0
3140159;Mário Campos;MG;2026-09;6;6;6;6;0;2;0;0
4115309;Mariópolis;PR;2026-09;7;12;3;11;4;4;2;2
4115358;Maripá;PR;2026-09;5;5;3;4;2;4;0;0
3140209;Maripá de Minas;MG;2026-09;2;2;2;2;0;0;0;0
1504422;Marituba;PA;2026-09;27;31;26;29;1;5;0;0
2509156;Marizópolis;PB;2026-09;3;4;3;3;0;2;0;0
3140308;Marliéria;MG;2026-09;2;3;1;1;1;2;1;1
4115408;Marmeleiro;PR;2026-09;18;24;7;13;11;15;1;1
3140407;Marmelópolis;MG;2026-09;1;1;1;1;0;0;0;0
4312054;Marques de Souza;RS;2026-09;1;1;0;0;1;1;0;0
4115457;Marquinho;PR;2026-09;1;2;0;2;1;1;0;0
3140506;Martinho Campos;MG;2026-09;7;13;3;7;4;9;0;0
2307908;Martinópole;CE;2026-09;2;3;2;3;0;0;0;0
3529203;Martinópolis;SP;2026-09;9;11;7;7;2;4;0;0
2407401;Martins;RN;2026-09;6;6;5;6;1;1;0;0
3140530;Martins Soares;MG;2026-09;6;6;4;6;2;2;0;0
2804003;Maruim;SE;2026-09;4;5;3;4;1;2;0;0
4115507;Marumbi;PR;2026-09;3;6;1;1;2;5;0;0
5212907;Marzagão;GO;2026-09;1;1;1;1;0;0;0;0
2920908;Mascote;BA;2026-09;3;3;2;2;1;1;0;0
2308005;Massapê;CE;2026-09;11;14;11;14;0;1;0;0
2206050;Massapê do Piauí;PI;2026-09;1;1;1;1;0;0;0;0
2509206;Massaranduba;PB;2026-09;3;3;3;3;0;0;0;0
4210605;Massaranduba;SC;2026-09;10;13;6;7;4;6;0;1
4312104;Mata;RS;2026-09;3;4;2;2;1;2;0;0
2921005;Mata de São João;BA;2026-09;22;32;15;27;7;11;2;2
2705002;Mata Grande;AL;2026-09;4;5;4;4;0;1;0;0
2106409;Mata Roma;MA;2026-09;5;6;3;3;2;3;0;0
3140555;Mata Verde;MG;2026-09;3;3;3;3;0;1;1;1
3529302;Matão;SP;2026-09;49;64;28;42;21;30;2;2
2509305;Mataraca;PB;2026-09;3;4;3;3;0;1;0;0
1712702;Mateiros;TO;2026-09;1;1;1;1;0;0;0;0
4115606;Matelândia;PR;2026-09;16;18;10;12;6;8;1;1
3140605;Materlândia;MG;2026-09;2;2;1;2;1;1;0;0
3140704;Mateus Leme;MG;2026-09;16;22;11;14;5;10;3;3
3171501;Mathias Lobato;MG;2026-09;1;1;1;1;0;0;0;0
3140803;Matias Barbosa;MG;2026-09;20;22;9;15;11;11;1;1
3140852;Matias Cardoso;MG;2026-09;2;3;2;2;0;1;0;0
2206100;Matias Olímpio;PI;2026-09;1;2;1;1;0;1;0;0
2921054;Matina;BA;2026-09;5;7;2;2;3;5;0;0
2106508;Matinha;MA;2026-09;5;10;5;6;0;4;0;0
2509339;Matinhas;PB;2026-09;0;0;0;0;0;0;0;0
4115705;Matinhos;PR;2026-09;20;30;14;21;6;13;2;2
3140902;Matipó;MG;2026-09;6;10;6;6;0;4;0;0
4312138;Mato Castelhano;RS;2026-09;1;1;1;1;0;0;0;0
2509370;Mato Grosso;PB;2026-09;1;1;1;1;0;0;0;0
4312153;Mato Leitão;RS;2026-09;4;5;3;4;1;2;0;0
4312179;Mato Queimado;RS;2026-09;1;1;1;1;0;1;1;1
4115739;Mato Rico;PR;2026-09;1;1;0;1;1;1;1;1
3141009;Mato Verde;MG;2026-09;9;14;8;8;1;8;0;0
2106607;Matões;MA;2026-09;4;8;4;7;0;4;0;0
2106631;Matões do Norte;MA;2026-09;0;1;0;1;0;0;0;0
4210704;Matos Costa;SC;2026-09;0;0;0;0;0;0;0;0
3141108;Matozinhos;MG;2026-09;24;30;20;25;4;9;1;1
5212956;Matrinchã;GO;2026-09;4;4;2;2;2;2;0;0
2705101;Matriz de Camaragibe;AL;2026-09;4;6;4;5;0;1;0;0
5105606;Matupá;MT;2026-09;13;21;7;13;6;13;3;3
2509396;Maturéia;PB;2026-09;4;5;4;4;0;2;0;0
3141207;Matutina;MG;2026-09;2;2;2;2;0;0;0;0
3529401;Mauá;SP;2026-09;185;256;113;160;72;116;20;27
4115754;Mauá da Serra;PR;2026-09;8;10;3;5;5;8;0;0
1302900;Maués;AM;2026-09;8;23;5;14;3;11;0;0
5213004;Maurilândia;GO;2026-09;4;8;4;6;0;5;0;0
1712801;Maurilândia do Tocantins;TO;2026-09;1;1;1;1;0;0;0;0
2308104;Mauriti;CE;2026-09;15;25;12;16;3;10;0;0
2407500;Maxaranguape;RN;2026-09;4;4;4;4;0;0;0;0
4312203;Maximiliano de Almeida;RS;2026-09;3;3;2;3;1;2;1;1
1600402;Mazagão;AP;2026-09;5;6;5;5;0;1;0;0
3141306;Medeiros;MG;2026-09;3;4;3;3;0;1;0;0
2921104;Medeiros Neto;BA;2026-09;7;7;5;7;2;3;0;0
4115804;Medianeira;PR;2026-09;56;88;23;47;33;57;7;7
1504455;Medicilândia;PA;2026-09;6;8;6;8;0;0;0;0
3141405;Medina;MG;2026-09;8;10;6;8;2;4;1;1
4210803;Meleiro;SC;2026-09;6;7;3;6;3;4;0;0
1504505;Melgaço;PA;2026-09;3;4;2;4;1;1;1;1
3302809;Mendes;RJ;2026-09;6;12;4;9;2;9;1;1
3141504;Mendes Pimentel;MG;2026-09;0;2;0;0;0;2;0;0
3529500;Mendonça;SP;2026-09;3;3;2;3;1;1;0;0
4115853;Mercedes;PR;2026-09;4;8;1;6;3;5;0;0
3141603;Mercês;MG;2026-09;4;4;3;4;1;1;0;0
3529609;Meridiano;SP;2026-09;1;1;0;0;1;1;0;0
2308203;Meruoca;CE;2026-09;8;10;7;10;1;2;0;0
3529658;Mesópolis;SP;2026-09;2;2;2;2;0;1;0;0
3302858;Mesquita;RJ;2026-09;56;80;38;52;18;35;6;6
3141702;Mesquita;MG;2026-09;0;0;0;0;0;0;0;0
2705200;Messias;AL;2026-09;6;10;4;6;2;5;0;0
2407609;Messias Targino;RN;2026-09;2;2;1;1;1;1;0;0
2206209;Miguel Alves;PI;2026-09;6;9;5;6;1;7;1;1
2921203;Miguel Calmon;BA;2026-09;9;13;5;6;4;8;0;0
2206308;Miguel Leão;PI;2026-09;1;1;1;1;0;0;0;0
3302908;Miguel Pereira;RJ;2026-09;21;32;16;22;5;13;1;1
3529708;Miguelópolis;SP;2026-09;9;9;6;7;3;3;0;0
2308302;Milagres;CE;2026-09;9;14;5;7;4;9;1;1
2921302;Milagres;BA;2026-09;3;3;2;2;1;1;0;0
2106672;Milagres do Maranhão;MA;2026-09;0;1;0;1;0;1;0;0
2308351;Milhã;CE;2026-09;7;8;5;6;2;5;1;1
2206357;Milton Brandão;PI;2026-09;3;3;3;3;0;1;1;1
5213053;Mimoso de Goiás;GO;2026-09;0;0;0;0;0;0;0;0
3203403;Mimoso do Sul;ES;2026-09;12;22;8;16;4;10;0;0
5213087;Minaçu;GO;2026-09;16;26;7;11;9;18;3;3
2705309;Minador do Negrão;AL;2026-09;1;3;1;2;0;1;0;0
4312252;Minas do Leão;RS;2026-09;4;5;2;3;2;3;1;1
3141801;Minas Novas;MG;2026-09;11;17;6;11;5;11;2;2
3141900;Minduri;MG;2026-09;4;7;0;4;4;6;0;0
5213103;Mineiros;GO;2026-09;61;82;37;49;24;40;2;2
3529807;Mineiros do Tietê;SP;2026-09;7;9;4;8;3;3;0;0
1101203;Ministro Andreazza;RO;2026-09;3;7;3;5;0;2;0;0
3530003;Mira Estrela;SP;2026-09;2;3;1;2;1;1;0;0
3142007;Mirabela;MG;2026-09;5;8;5;6;0;2;1;1
3529906;Miracatu;SP;2026-09;8;12;6;9;2;3;1;1
3303005;Miracema;RJ;2026-09;12;26;8;16;4;15;0;0
1713205;Miracema do Tocantins;TO;2026-09;5;8;4;8;1;1;1;1
2106706;Mirador;MA;2026-09;4;6;4;5;0;2;1;1
4115903;Mirador;PR;2026-09;0;1;0;0;0;1;0;0
3142106;Miradouro;MG;2026-09;8;9;4;5;4;5;0;0
4312302;Miraguaí;RS;2026-09;3;3;2;3;1;1;0;0
3142205;Miraí;MG;2026-09;12;13;4;8;8;9;1;1
2308377;Miraíma;CE;2026-09;6;6;5;6;1;1;0;0
5005608;Miranda;MS;2026-09;6;12;4;5;2;7;0;0
2106755;Miranda do Norte;MA;2026-09;1;6;1;4;0;2;0;0
2609303;Mirandiba;PE;2026-09;6;7;5;6;1;2;0;0
3530102;Mirandópolis;SP;2026-09;29;34;8;14;21;23;2;2
2921401;Mirangaba;BA;2026-09;5;6;5;6;0;1;0;0
1713304;Miranorte;TO;2026-09;9;10;6;6;3;4;0;0
2921450;Mirante;BA;2026-09;0;1;0;0;0;1;0;0
1101302;Mirante da Serra;RO;2026-09;1;8;1;4;0;4;0;0
3530201;Mirante do Paranapanema;SP;2026-09;9;9;3;3;6;6;0;0
4116000;Miraselva;PR;2026-09;1;1;1;1;0;0;0;0
3530300;Mirassol;SP;2026-09;45;56;26;37;19;26;4;4
5105622;Mirassol d'Oeste;MT;2026-09;22;33;8;10;14;26;2;2
3530409;Mirassolândia;SP;2026-09;1;2;1;2;0;1;0;0
3142254;Miravânia;MG;2026-09;0;1;0;0;0;1;0;0
4210852;Mirim Doce;SC;2026-09;2;3;1;3;1;1;1;1
2106805;Mirinzal;MA;2026-09;3;3;3;3;0;0;0;0
4116059;Missal;PR;2026-09;10;16;7;10;3;8;1;1
2308401;Missão Velha;CE;2026-09;10;14;7;10;3;5;0;0
1504604;Mocajuba;PA;2026-09;8;10;7;9;1;3;0;0
3530508;Mococa;SP;2026-09;45;58;20;35;25;31;2;2
4210902;Modelo;SC;2026-09;2;2;2;2;0;0;0;0
3142304;Moeda;MG;2026-09;1;2;1;1;0;2;1;1
3142403;Moema;MG;2026-09;7;9;3;6;4;5;0;0
2509404;Mogeiro;PB;2026-09;4;4;3;4;1;1;0;0
3530607;Mogi das Cruzes;SP;2026-09;405;609;214;335;191;347;35;38
3530706;Mogi Guaçu;SP;2026-09;105;140;68;102;37;63;10;10
3530805;Mogi Mirim;SP;2026-09;90;116;47;71;43;61;6;6
5213400;Moiporá;GO;2026-09;0;1;0;1;0;0;0;0
2804102;Moita Bonita;SE;2026-09;5;7;5;6;0;1;0;0
1504703;Moju;PA;2026-09;7;13;6;11;1;4;0;0
1504752;Mojuí dos Campos;PA;2026-09;3;5;2;3;1;3;0;0
2308500;Mombaça;CE;2026-09;12;17;10;12;2;7;0;0
3530904;Mombuca;SP;2026-09;1;1;1;1;0;0;0;0
2106904;Monção;MA;2026-09;3;5;3;4;0;1;0;0
3531001;Monções;SP;2026-09;2;5;1;1;1;4;0;0
4211009;Mondaí;SC;2026-09;14;15;7;7;7;8;1;1
3531100;Mongaguá;SP;2026-09;31;39;24;29;7;13;1;1
3142502;Monjolos;MG;2026-09;1;1;1;1;0;0;0;0
2206407;Monsenhor Gil;PI;2026-09;2;4;2;2;0;2;0;0
2206506;Monsenhor Hipólito;PI;2026-09;6;6;5;5;1;1;0;0
3142601;Monsenhor Paulo;MG;2026-09;7;9;4;8;3;3;1;1
2308609;Monsenhor Tabosa;CE;2026-09;6;10;5;9;1;1;0;0
2509503;Montadas;PB;2026-09;6;6;4;6;2;2;0;0
3142700;Montalvânia;MG;2026-09;5;6;3;6;2;2;0;0
3203502;Montanha;ES;2026-09;9;17;7;11;2;8;1;1
2407708;Montanhas;RN;2026-09;5;6;4;5;1;2;1;1
4312351;Montauri;RS;2026-09;4;5;3;4;1;2;2;2
2407807;Monte Alegre;RN;2026-09;3;6;1;5;2;3;1;1
1504802;Monte Alegre;PA;2026-09;11;19;7;8;4;12;1;1
5213509;Monte Alegre de Goiás;GO;2026-09;1;1;1;1;0;0;0;0
3142809;Monte Alegre de Minas;MG;2026-09;12;14;10;13;2;3;2;2
2804201;Monte Alegre de Sergipe;SE;2026-09;6;7;5;7;1;2;2;2
2206605;Monte Alegre do Piauí;PI;2026-09;2;3;2;2;0;1;0;0
3531209;Monte Alegre do Sul;SP;2026-09;5;8;3;4;2;4;1;1
4312377;Monte Alegre dos Campos;RS;2026-09;0;0;0;0;0;0;0;0
3531308;Monte Alto;SP;2026-09;55;59;24;31;31;32;5;5
3531407;Monte Aprazível;SP;2026-09;19;28;10;16;9;15;0;0
3142908;Monte Azul;MG;2026-09;12;20;8;9;4;11;0;0
3531506;Monte Azul Paulista;SP;2026-09;25;33;15;22;10;13;1;1
3143005;Monte Belo;MG;2026-09;15;21;10;18;5;7;0;0
4312385;Monte Belo do Sul;RS;2026-09;4;4;3;4;1;1;0;0
4211058;Monte Carlo;SC;2026-09;3;4;2;2;1;2;0;0
3143104;Monte Carmelo;MG;2026-09;28;40;16;27;12;18;2;2
4211108;Monte Castelo;SC;2026-09;4;7;2;4;2;4;0;0
3531605;Monte Castelo;SP;2026-09;4;6;2;6;2;2;0;0
2407906;Monte das Gameleiras;RN;2026-09;1;4;1;2;0;3;0;0
1713601;Monte do Carmo;TO;2026-09;1;1;1;1;0;0;0;0
3143153;Monte Formoso;MG;2026-09;0;0;0;0;0;0;0;0
2509602;Monte Horebe;PB;2026-09;3;3;3;3;0;0;0;0
3531803;Monte Mor;SP;2026-09;34;46;26;36;8;19;3;3
1101401;Monte Negro;RO;2026-09;3;4;2;3;1;1;0;0
2921500;Monte Santo;BA;2026-09;19;29;12;22;7;15;2;2
3143203;Monte Santo de Minas;MG;2026-09;14;14;8;11;6;6;1;1
1713700;Monte Santo do Tocantins;TO;2026-09;1;1;1;1;0;0;0;0
3143401;Monte Sião;MG;2026-09;25;34;13;21;12;21;2;2
2509701;Monteiro;PB;2026-09;9;11;5;5;4;6;0;0
3531704;Monteiro Lobato;SP;2026-09;3;3;2;2;1;1;0;0
2705408;Monteirópolis;AL;2026-09;3;4;3;3;0;1;0;0
4312401;Montenegro;RS;2026-09;63;89;34;56;29;52;3;3
2107001;Montes Altos;MA;2026-09;1;1;1;1;0;0;0;0
3143302;Montes Claros;MG;2026-09;379;552;150;243;229;374;33;36
5213707;Montes Claros de Goiás;GO;2026-09;4;6;3;3;1;3;0;0
3143450;Montezuma;MG;2026-09;1;1;1;1;0;1;0;0
5213756;Montividiu;GO;2026-09;7;10;6;7;1;4;1;1
5213772;Montividiu do Norte;GO;2026-09;2;4;1;2;1;3;0;0
2308708;Morada Nova;CE;2026-09;19;37;14;20;5;19;0;0
3143500;Morada Nova de Minas;MG;2026-09;1;3;1;1;0;3;1;1
2308807;Moraújo;CE;2026-09;3;3;2;3;1;1;0;0
2614303;Moreilândia;PE;2026-09;4;5;4;4;0;1;0;0
4116109;Moreira Sales;PR;2026-09;10;13;6;9;4;6;2;2
2609402;Moreno;PE;2026-09;24;32;18;21;6;11;0;0
4312427;Mormaço;RS;2026-09;1;1;1;1;0;0;0;0
2921609;Morpará;BA;2026-09;2;5;1;2;1;3;0;0
4116208;Morretes;PR;2026-09;9;14;4;7;5;8;0;0
5213806;Morrinhos;GO;2026-09;63;81;27;44;36;48;10;10
2308906;Morrinhos;CE;2026-09;7;8;6;6;1;2;0;0
4312443;Morrinhos do Sul;RS;2026-09;1;1;1;1;0;0;0;0
3531902;Morro Agudo;SP;2026-09;20;24;10;13;10;11;0;0
5213855;Morro Agudo de Goiás;GO;2026-09;0;1;0;0;0;1;0;0
2206654;Morro Cabeça no Tempo;PI;2026-09;2;2;2;2;0;0;0;0
4211207;Morro da Fumaça;SC;2026-09;13;16;9;10;4;6;1;1
3143609;Morro da Garça;MG;2026-09;1;1;1;1;0;0;0;0
2921708;Morro do Chapéu;BA;2026-09;11;20;7;11;4;12;1;1
2206670;Morro do Chapéu do Piauí;PI;2026-09;3;4;3;3;0;1;0;0
3143708;Morro do Pilar;MG;2026-09;2;2;0;0;2;2;1;1
4211256;Morro Grande;SC;2026-09;3;3;2;2;1;1;0;0
4312450;Morro Redondo;RS;2026-09;7;8;3;5;4;4;0;0
4312476;Morro Reuter;RS;2026-09;5;5;4;5;1;2;0;0
2107100;Morros;MA;2026-09;3;7;3;4;0;3;0;0
2921807;Mortugaba;BA;2026-09;1;1;1;1;0;0;0;0
3532009;Morungaba;SP;2026-09;13;21;7;9;6;14;1;1
5213905;Mossâmedes;GO;2026-09;4;5;1;4;3;4;2;2
2408003;Mossoró;RN;2026-09;223;408;143;227;80;231;8;8
4312500;Mostardas;RS;2026-09;7;8;4;6;3;5;2;2
3532058;Motuca;SP;2026-09;3;3;2;2;1;1;0;0
5214002;Mozarlândia;GO;2026-09;6;9;5;6;1;3;0;0
1504901;Muaná;PA;2026-09;4;7;4;6;0;1;0;0
1400308;Mucajaí;RR;2026-09;5;7;3;3;2;4;0;0
2309003;Mucambo;CE;2026-09;5;8;3;5;2;4;0;0
2921906;Mucugê;BA;2026-09;5;11;2;7;3;8;3;3
4312609;Muçum;RS;2026-09;4;4;1;1;3;3;0;0
2922003;Mucuri;BA;2026-09;20;24;10;19;10;12;0;1
3203601;Mucurici;ES;2026-09;5;5;5;5;0;0;0;0
4312617;Muitos Capões;RS;2026-09;1;3;1;3;0;0;0;0
4312625;Muliterno;RS;2026-09;2;3;2;3;0;0;0;0
2309102;Mulungu;CE;2026-09;5;5;3;4;2;2;2;2
2509800;Mulungu;PB;2026-09;3;3;3;3;0;0;0;0
2922052;Mulungu do Morro;BA;2026-09;4;5;3;3;1;2;0;0
2922102;Mundo Novo;BA;2026-09;5;6;4;5;1;2;0;0
5005681;Mundo Novo;MS;2026-09;14;19;9;11;5;10;0;0
5214051;Mundo Novo;GO;2026-09;1;2;1;1;0;1;0;0
3143807;Munhoz;MG;2026-09;5;5;4;4;1;1;0;0
4116307;Munhoz de Melo;PR;2026-09;4;5;2;3;2;2;0;0
2922201;Muniz Ferreira;BA;2026-09;3;4;2;2;1;2;0;0
3203700;Muniz Freire;ES;2026-09;10;13;5;8;5;7;3;3
2922250;Muquém do São Francisco;BA;2026-09;2;2;2;2;0;0;0;0
3203809;Muqui;ES;2026-09;9;13;8;10;1;4;0;0
3143906;Muriaé;MG;2026-09;91;135;61;93;30;70;10;10
2804300;Muribeca;SE;2026-09;4;4;4;4;0;1;1;1
2705507;Murici;AL;2026-09;8;11;5;6;3;7;1;1
2206696;Murici dos Portelas;PI;2026-09;0;2;0;2;0;2;0;0
1713957;Muricilândia;TO;2026-09;0;0;0;0;0;0;0;0
2922300;Muritiba;BA;2026-09;13;18;6;9;7;12;0;0
3532108;Murutinga do Sul;SP;2026-09;1;1;1;1;0;0;0;0
2922409;Mutuípe;BA;2026-09;6;11;4;6;2;6;0;0
3144003;Mutum;MG;2026-09;9;14;5;10;4;7;2;2
5214101;Mutunópolis;GO;2026-09;2;2;2;2;0;1;0;0
3144102;Muzambinho;MG;2026-09;13;14;10;13;3;3;1;1
3144201;Nacip Raydan;MG;2026-09;0;0;0;0;0;0;0;0
3532157;Nantes;SP;2026-09;2;2;2;2;0;0;0;0
3144300;Nanuque;MG;2026-09;26;37;16;23;10;19;1;1
4312658;Não-Me-Toque;RS;2026-09;22;31;14;18;8;14;1;1
3144359;Naque;MG;2026-09;4;5;2;3;2;2;0;0
3532207;Narandiba;SP;2026-09;5;5;3;3;2;2;0;0
2408102;Natal;RN;2026-09;742;1407;418;729;324;870;44;44
3144375;Natalândia;MG;2026-09;2;2;2;2;0;0;0;0
3144409;Natércia;MG;2026-09;3;3;3;3;0;0;0;0
3303104;Natividade;RJ;2026-09;9;19;4;8;5;15;0;0
1714203;Natividade;TO;2026-09;5;7;2;4;3;3;0;0
3532306;Natividade da Serra;SP;2026-09;2;3;1;1;1;2;1;1
2509909;Natuba;PB;2026-09;1;2;1;1;0;1;0;0
4211306;Navegantes;SC;2026-09;64;87;42;56;22;39;7;7
5005707;Naviraí;MS;2026-09;38;59;18;38;20;29;3;3
1714302;Nazaré;TO;2026-09;1;1;1;1;0;0;0;0
2922508;Nazaré;BA;2026-09;26;30;10;25;16;20;0;0
2609501;Nazaré da Mata;PE;2026-09;22;24;15;17;7;9;2;2
2206704;Nazaré do Piauí;PI;2026-09;4;6;2;4;2;4;1;1
3532405;Nazaré Paulista;SP;2026-09;9;11;4;10;5;5;3;3
3144508;Nazareno;MG;2026-09;9;10;6;7;3;7;2;2
2510006;Nazarezinho;PB;2026-09;3;3;3;3;0;0;0;0
2206720;Nazária;PI;2026-09;1;2;1;2;0;1;0;0
5214408;Nazário;GO;2026-09;9;10;6;9;3;4;2;2
2804409;Neópolis;SE;2026-09;8;13;7;9;1;6;0;0
3144607;Nepomuceno;MG;2026-09;27;28;22;26;5;6;3;3
5214507;Nerópolis;GO;2026-09;21;35;16;27;5;14;2;2
3532504;Neves Paulista;SP;2026-09;6;6;5;5;1;1;0;0
1303007;Nhamundá;AM;2026-09;4;4;4;4;0;0;0;0
3532603;Nhandeara;SP;2026-09;11;16;4;5;7;11;0;0
4312674;Nicolau Vergueiro;RS;2026-09;2;2;1;2;1;1;0;0
2922607;Nilo Peçanha;BA;2026-09;1;3;1;1;0;2;0;0
3303203;Nilópolis;RJ;2026-09;67;105;44;65;23;49;14;16
2107209;Nina Rodrigues;MA;2026-09;2;3;1;2;1;1;0;0
3144656;Ninheira;MG;2026-09;4;4;4;4;0;0;0;0
5005806;Nioaque;MS;2026-09;4;5;3;3;1;2;0;0
3532702;Nipoã;SP;2026-09;1;1;1;1;0;0;0;0
5214606;Niquelândia;GO;2026-09;19;34;14;22;5;17;0;0
2408201;Nísia Floresta;RN;2026-09;13;16;12;12;1;5;1;1
3303302;Niterói;RJ;2026-09;901;1916;368;676;533;1446;70;74
5105903;Nobres;MT;2026-09;7;10;2;4;5;7;3;3
4312708;Nonoai;RS;2026-09;8;11;6;7;2;5;1;1
2922656;Nordestina;BA;2026-09;5;7;1;3;4;5;1;1
1400407;Normandia;RR;2026-09;0;0;0;0;0;0;0;0
5106000;Nortelândia;MT;2026-09;3;3;2;3;1;1;0;0
2804458;Nossa Senhora Aparecida;SE;2026-09;5;5;3;3;2;2;0;0
2804508;Nossa Senhora da Glória;SE;2026-09;20;44;12;29;8;23;3;3
2804607;Nossa Senhora das Dores;SE;2026-09;6;10;6;6;0;6;0;0
4116406;Nossa Senhora das Graças;PR;2026-09;2;2;1;1;1;1;0;0
2804706;Nossa Senhora de Lourdes;SE;2026-09;2;2;2;2;0;0;0;0
2206753;Nossa Senhora de Nazaré;PI;2026-09;2;2;2;2;0;0;0;0
5106109;Nossa Senhora do Livramento;MT;2026-09;1;2;1;2;0;0;0;0
2804805;Nossa Senhora do Socorro;SE;2026-09;54;73;44;51;10;30;7;7
2206803;Nossa Senhora dos Remédios;PI;2026-09;1;2;1;1;0;1;0;0
3532801;Nova Aliança;SP;2026-09;2;2;2;2;0;1;0;0
4116505;Nova Aliança do Ivaí;PR;2026-09;0;0;0;0;0;0;0;0
4312757;Nova Alvorada;RS;2026-09;4;5;1;4;3;4;0;0
5006002;Nova Alvorada do Sul;MS;2026-09;12;18;8;12;4;9;1;1
5214705;Nova América;GO;2026-09;2;3;1;2;1;1;0;0
4116604;Nova América da Colina;PR;2026-09;2;2;2;2;0;0;0;0
5006200;Nova Andradina;MS;2026-09;33;50;24;38;9;15;1;2
4312807;Nova Araçá;RS;2026-09;9;11;8;10;1;2;1;1
5214804;Nova Aurora;GO;2026-09;3;3;0;0;3;3;0;0
4116703;Nova Aurora;PR;2026-09;9;12;3;6;6;8;1;1
5106158;Nova Bandeirantes;MT;2026-09;5;5;4;4;1;1;1;1
4312906;Nova Bassano;RS;2026-09;16;18;8;12;8;8;3;3
3144672;Nova Belém;MG;2026-09;2;2;1;2;1;1;0;0
4312955;Nova Boa Vista;RS;2026-09;1;2;0;0;1;2;0;0
5106208;Nova Brasilândia;MT;2026-09;2;3;2;3;0;1;0;0
1100148;Nova Brasilândia D'Oeste;RO;2026-09;6;20;4;6;2;14;0;0
4313003;Nova Bréscia;RS;2026-09;6;7;0;2;6;6;0;0
3532827;Nova Campina;SP;2026-09;1;1;1;1;0;0;0;0
2922706;Nova Canaã;BA;2026-09;1;5;1;1;0;5;0;0
5106216;Nova Canaã do Norte;MT;2026-09;4;8;4;5;0;4;0;0
3532843;Nova Canaã Paulista;SP;2026-09;3;3;1;2;2;2;0;0
4313011;Nova Candelária;RS;2026-09;5;5;2;4;3;3;2;2
4116802;Nova Cantu;PR;2026-09;4;5;1;4;3;4;0;0
3532868;Nova Castilho;SP;2026-09;2;2;0;0;2;2;0;0
2107258;Nova Colinas;MA;2026-09;1;1;1;1;0;0;0;0
5214838;Nova Crixás;GO;2026-09;4;7;4;5;0;2;0;0
2408300;Nova Cruz;RN;2026-09;15;29;14;21;1;11;1;1
3144706;Nova Era;MG;2026-09;14;18;6;11;8;12;2;2
4211405;Nova Erechim;SC;2026-09;6;9;3;4;3;7;1;1
4116901;Nova Esperança;PR;2026-09;21;32;12;21;9;16;3;3
1504950;Nova Esperança do Piriá;PA;2026-09;3;3;3;3;0;0;0;0
4116950;Nova Esperança do Sudoeste;PR;2026-09;5;6;2;2;3;4;0;0
4313037;Nova Esperança do Sul;RS;2026-09;2;3;2;2;0;1;0;0
3532900;Nova Europa;SP;2026-09;8;9;3;4;5;5;0;0
4117008;Nova Fátima;PR;2026-09;3;3;2;2;1;1;0;0
2922730;Nova Fátima;BA;2026-09;4;5;3;3;1;3;1;1
2510105;Nova Floresta;PB;2026-09;7;8;5;6;2;3;2;2
3303401;Nova Friburgo;RJ;2026-09;178;256;102;163;76;132;11;11
5214861;Nova Glória;GO;2026-09;6;6;4;5;2;2;2;2
3533007;Nova Granada;SP;2026-09;12;16;8;11;4;6;1;1
5108808;Nova Guarita;MT;2026-09;1;1;1;1;0;0;0;0
3533106;Nova Guataporanga;SP;2026-09;2;2;2;2;0;0;0;0
4313060;Nova Hartz;RS;2026-09;14;21;11;17;3;6;0;0
2922755;Nova Ibiá;BA;2026-09;1;3;0;0;1;3;0;0
3303500;Nova Iguaçu;RJ;2026-09;333;605;200;304;133;381;37;37
5214879;Nova Iguaçu de Goiás;GO;2026-09;1;2;1;1;0;1;0;0
3533205;Nova Independência;SP;2026-09;3;3;1;1;2;2;0;0
2107308;Nova Iorque;MA;2026-09;1;1;1;1;0;0;0;0
1504976;Nova Ipixuna;PA;2026-09;3;8;3;5;0;3;0;0
4211454;Nova Itaberaba;SC;2026-09;4;4;3;3;1;1;1;1
2922805;Nova Itarana;BA;2026-09;1;1;1;1;0;0;0;0
5106182;Nova Lacerda;MT;2026-09;3;5;2;3;1;2;1;1
4117057;Nova Laranjeiras;PR;2026-09;8;9;4;5;4;5;0;0
3144805;Nova Lima;MG;2026-09;137;209;71;142;66;110;24;24
4117107;Nova Londrina;PR;2026-09;4;8;2;5;2;3;0;0
3533304;Nova Luzitânia;SP;2026-09;2;3;1;2;1;2;0;0
1100338;Nova Mamoré;RO;2026-09;6;14;3;7;3;9;1;1
5108857;Nova Marilândia;MT;2026-09;1;1;1;1;0;0;0;0
5108907;Nova Maringá;MT;2026-09;5;6;3;3;2;3;1;1
3144904;Nova Módica;MG;2026-09;1;2;0;1;1;2;0;0
5108956;Nova Monte Verde;MT;2026-09;2;4;1;3;1;2;0;0
5106224;Nova Mutum;MT;2026-09;56;84;25;50;31;47;2;3
5106174;Nova Nazaré;MT;2026-09;0;0;0;0;0;0;0;0
3533403;Nova Odessa;SP;2026-09;45;56;29;45;16;21;5;5
4117206;Nova Olímpia;PR;2026-09;4;5;1;3;3;4;1;1
5106232;Nova Olímpia;MT;2026-09;10;13;5;7;5;7;1;1
1714880;Nova Olinda;TO;2026-09;3;5;2;2;1;3;0;0
2510204;Nova Olinda;PB;2026-09;4;4;3;3;1;1;0;0
2309201;Nova Olinda;CE;2026-09;4;7;4;5;0;2;0;0
2107357;Nova Olinda do Maranhão;MA;2026-09;2;3;2;2;0;2;0;0
1303106;Nova Olinda do Norte;AM;2026-09;5;14;1;6;4;11;0;0
4313086;Nova Pádua;RS;2026-09;1;1;1;1;0;0;0;0
4313102;Nova Palma;RS;2026-09;2;4;1;2;1;2;0;0
2510303;Nova Palmeira;PB;2026-09;3;3;2;2;1;1;0;0
4313201;Nova Petrópolis;RS;2026-09;24;40;19;31;5;17;0;0
3145000;Nova Ponte;MG;2026-09;13;16;7;12;6;8;2;2
3145059;Nova Porteirinha;MG;2026-09;3;3;1;1;2;2;0;0
4313300;Nova Prata;RS;2026-09;38;53;20;39;18;27;8;8
4117255;Nova Prata do Iguaçu;PR;2026-09;6;12;5;5;1;8;0;0
4313334;Nova Ramada;RS;2026-09;1;5;0;4;1;2;1;1
2922854;Nova Redenção;BA;2026-09;1;2;1;1;0;1;0;0
3145109;Nova Resende;MG;2026-09;12;13;5;10;7;8;1;1
5214903;Nova Roma;GO;2026-09;1;2;1;1;0;1;0;0
4313359;Nova Roma do Sul;RS;2026-09;0;0;0;0;0;0;0;0
1715002;Nova Rosalândia;TO;2026-09;0;2;0;1;0;1;0;1
2309300;Nova Russas;CE;2026-09;14;18;12;14;2;5;0;0
4117214;Nova Santa Bárbara;PR;2026-09;3;4;2;3;1;1;0;0
5106190;Nova Santa Helena;MT;2026-09;2;4;1;3;1;3;0;0
4313375;Nova Santa Rita;RS;2026-09;15;21;12;12;3;9;0;0
2207959;Nova Santa Rita;PI;2026-09;1;1;1;1;0;0;0;0
4117222;Nova Santa Rosa;PR;2026-09;7;9;3;4;4;6;1;1
3145208;Nova Serrana;MG;2026-09;45;73;38;55;7;31;2;2
2922904;Nova Soure;BA;2026-09;5;14;1;7;4;11;0;0
4117271;Nova Tebas;PR;2026-09;1;1;1;1;0;0;0;0
1505007;Nova Timboteua;PA;2026-09;5;5;5;5;0;0;0;0
4211504;Nova Trento;SC;2026-09;10;13;9;9;1;6;1;1
5106240;Nova Ubiratã;MT;2026-09;8;13;5;10;3;8;1;1
1101435;Nova União;RO;2026-09;1;3;1;1;0;2;0;0
3136603;Nova União;MG;2026-09;4;4;3;4;1;2;1;1
3203908;Nova Venécia;ES;2026-09;37;49;25;26;12;25;6;6
5215009;Nova Veneza;GO;2026-09;7;7;5;5;2;2;1;1
4211603;Nova Veneza;SC;2026-09;11;13;6;8;5;8;2;2
2923001;Nova Viçosa;BA;2026-09;21;28;14;24;7;9;1;1
5106257;Nova Xavantina;MT;2026-09;14;31;10;20;4;15;1;1
3533254;Novais;SP;2026-09;2;2;1;1;1;2;0;0
1715101;Novo Acordo;TO;2026-09;0;1;0;0;0;1;0;0
1303205;Novo Airão;AM;2026-09;5;8;3;6;2;2;0;0
1715150;Novo Alegre;TO;2026-09;0;0;0;0;0;0;0;0
1303304;Novo Aripuanã;AM;2026-09;1;1;1;1;0;0;0;0
4313490;Novo Barreiro;RS;2026-09;2;3;1;2;1;2;0;0
5215207;Novo Brasil;GO;2026-09;4;4;2;3;2;2;0;0
4313391;Novo Cabrais;RS;2026-09;3;3;1;1;2;2;0;0
3145307;Novo Cruzeiro;MG;2026-09;6;7;4;6;2;5;1;1
5215231;Novo Gama;GO;2026-09;29;31;27;30;2;2;0;0
4313409;Novo Hamburgo;RS;2026-09;231;332;148;214;83;154;16;16
4211652;Novo Horizonte;SC;2026-09;3;3;1;1;2;2;0;0
3533502;Novo Horizonte;SP;2026-09;27;41;19;32;8;13;0;0
2923035;Novo Horizonte;BA;2026-09;2;2;2;2;0;0;0;0
5106273;Novo Horizonte do Norte;MT;2026-09;2;2;1;2;1;1;1;1
1100502;Novo Horizonte do Oeste;RO;2026-09;0;3;0;0;0;3;0;0
5006259;Novo Horizonte do Sul;MS;2026-09;3;3;3;3;0;0;0;0
4117297;Novo Itacolomi;PR;2026-09;4;12;2;5;2;10;0;0
1715259;Novo Jardim;TO;2026-09;0;0;0;0;0;0;0;0
2705606;Novo Lino;AL;2026-09;1;2;1;2;0;0;0;0
4313425;Novo Machado;RS;2026-09;3;3;2;3;1;1;0;0
5106265;Novo Mundo;MT;2026-09;2;2;2;2;0;0;0;0
2309409;Novo Oriente;CE;2026-09;14;21;12;19;2;5;1;1
3145356;Novo Oriente de Minas;MG;2026-09;3;3;3;3;0;0;0;0
2206902;Novo Oriente do Piauí;PI;2026-09;4;5;2;2;2;3;0;0
5215256;Novo Planalto;GO;2026-09;5;6;1;1;4;5;0;0
1505031;Novo Progresso;PA;2026-09;20;34;12;21;8;18;1;1
1505064;Novo Repartimento;PA;2026-09;10;22;5;13;5;14;0;0
2206951;Novo Santo Antônio;PI;2026-09;1;1;1;1;0;0;0;0
5106315;Novo Santo Antônio;MT;2026-09;0;0;0;0;0;0;0;0
5106281;Novo São Joaquim;MT;2026-09;2;2;2;2;0;0;0;0
4313441;Novo Tiradentes;RS;2026-09;2;3;2;2;0;2;0;0
2923050;Novo Triunfo;BA;2026-09;3;5;3;4;0;1;0;0
4313466;Novo Xingu;RS;2026-09;0;1;0;0;0;1;0;0
3145372;Novorizonte;MG;2026-09;1;2;0;2;1;2;0;0
3533601;Nuporanga;SP;2026-09;13;13;2;2;11;11;3;3
1505106;Óbidos;PA;2026-09;8;10;6;9;2;4;0;0
2309458;Ocara;CE;2026-09;18;20;14;15;4;5;0;0
3533700;Ocauçu;SP;2026-09;2;3;1;1;1;2;0;0
2207009;Oeiras;PI;2026-09;16;30;9;15;7;18;1;1
1505205;Oeiras do Pará;PA;2026-09;5;8;5;5;0;3;0;0
1600501;Oiapoque;AP;2026-09;7;12;6;10;1;4;0;0
3145406;Olaria;MG;2026-09;1;1;1;1;0;1;0;0
3533809;Óleo;SP;2026-09;2;2;1;2;1;1;0;0
2510402;Olho d'Água;PB;2026-09;2;2;2;2;0;0;0;0
2107407;Olho d'Água das Cunhãs;MA;2026-09;2;6;2;5;0;3;0;0
2705705;Olho d'Água das Flores;AL;2026-09;6;10;4;4;2;6;0;0
2408409;Olho d'Água do Borges;RN;2026-09;2;3;2;2;0;1;0;0
2705804;Olho d'Água do Casado;AL;2026-09;5;6;5;5;0;1;0;0
2207108;Olho D'Água do Piauí;PI;2026-09;0;0;0;0;0;0;0;0
2705903;Olho d'Água Grande;AL;2026-09;1;1;1;1;0;0;0;0
3145455;Olhos-d'Água;MG;2026-09;2;2;2;2;0;0;0;0
3533908;Olímpia;SP;2026-09;54;63;35;45;19;22;2;2
3145505;Olímpio Noronha;MG;2026-09;3;3;2;3;1;1;1;1
2609600;Olinda;PE;2026-09;194;353;90;130;104;244;5;5
2107456;Olinda Nova do Maranhão;MA;2026-09;5;8;3;3;2;5;0;0
2923100;Olindina;BA;2026-09;10;18;6;9;4;13;2;2
2510501;Olivedos;PB;2026-09;0;0;0;0;0;0;0;0
3145604;Oliveira;MG;2026-09;41;51;26;41;15;29;11;11
1715507;Oliveira de Fátima;TO;2026-09;0;2;0;2;0;1;0;0
2923209;Oliveira dos Brejinhos;BA;2026-09;6;9;3;6;3;6;0;0
3145703;Oliveira Fortes;MG;2026-09;0;2;0;1;0;1;0;0
2706000;Olivença;AL;2026-09;3;3;3;3;0;0;0;0
3145802;Onça de Pitangui;MG;2026-09;2;2;2;2;0;0;0;0
3534005;Onda Verde;SP;2026-09;2;5;2;5;0;0;0;0
3145851;Oratórios;MG;2026-09;2;2;1;1;1;1;1;1
3534104;Oriente;SP;2026-09;3;3;1;1;2;2;0;0
3534203;Orindiúva;SP;2026-09;3;5;2;3;1;2;0;0
1505304;Oriximiná;PA;2026-09;8;28;4;14;4;21;2;2
3145877;Orizânia;MG;2026-09;5;6;4;4;1;3;1;1
5215306;Orizona;GO;2026-09;8;12;6;8;2;6;1;1
3534302;Orlândia;SP;2026-09;53;65;21;35;32;38;5;5
4211702;Orleans;SC;2026-09;16;19;13;15;3;7;0;0
2609709;Orobó;PE;2026-09;11;12;7;8;4;5;1;1
2609808;Orocó;PE;2026-09;3;3;2;2;1;1;0;0
2309508;Orós;CE;2026-09;5;8;4;7;1;1;0;0
4117305;Ortigueira;PR;2026-09;7;12;5;9;2;5;2;2
3534401;Osasco;SP;2026-09;527;738;255;410;272;414;47;53
3534500;Oscar Bressane;SP;2026-09;2;3;2;3;0;1;0;0
4313508;Osório;RS;2026-09;40;72;29;50;11;28;3;3
3534609;Osvaldo Cruz;SP;2026-09;24;34;12;18;12;22;1;1
4211751;Otacílio Costa;SC;2026-09;11;19;5;9;6;14;1;1
1505403;Ourém;PA;2026-09;4;5;3;3;1;2;0;0
2923308;Ouriçangas;BA;2026-09;4;5;3;5;1;1;1;1
2609907;Ouricuri;PE;2026-09;16;22;13;14;3;9;0;0
1505437;Ourilândia do Norte;PA;2026-09;12;24;10;15;2;13;0;1
3534708;Ourinhos;SP;2026-09;100;133;37;59;63;91;7;7
4117404;Ourizona;PR;2026-09;5;5;2;2;3;3;0;0
4211801;Ouro;SC;2026-09;7;7;2;4;5;5;1;1
3145901;Ouro Branco;MG;2026-09;45;66;22;47;23;33;7;7
2408508;Ouro Branco;RN;2026-09;5;6;3;4;2;3;0;0
2706109;Ouro Branco;AL;2026-09;2;2;2;2;0;0;0;0
3146008;Ouro Fino;MG;2026-09;28;33;16;25;12;17;3;3
3146107;Ouro Preto;MG;2026-09;70;87;47;63;23;37;7;7
1100155;Ouro Preto do Oeste;RO;2026-09;28;48;15;26;13;31;3;3
2510600;Ouro Velho;PB;2026-09;2;3;2;3;0;0;0;0
3534807;Ouro Verde;SP;2026-09;3;4;2;4;1;1;0;0
4211850;Ouro Verde;SC;2026-09;1;1;1;1;0;0;0;0
5215405;Ouro Verde de Goiás;GO;2026-09;3;3;3;3;0;0;1;1
3146206;Ouro Verde de Minas;MG;2026-09;2;3;2;3;0;0;0;0
4117453;Ouro Verde do Oeste;PR;2026-09;4;7;1;5;3;4;1;1
3534757;Ouroeste;SP;2026-09;9;10;4;7;5;6;2;2
2923357;Ourolândia;BA;2026-09;5;8;2;4;3;6;0;0
5215504;Ouvidor;GO;2026-09;5;5;4;4;1;1;0;0
3534906;Pacaembu;SP;2026-09;18;21;9;10;9;13;0;0
1505486;Pacajá;PA;2026-09;6;17;3;7;3;13;2;2
2309607;Pacajus;CE;2026-09;37;49;21;32;16;30;1;1
1400456;Pacaraima;RR;2026-09;5;8;4;7;1;2;0;0
2309706;Pacatuba;CE;2026-09;27;32;21;25;6;9;2;2
2804904;Pacatuba;SE;2026-09;3;3;3;3;0;0;0;0
2107506;Paço do Lumiar;MA;2026-09;40;55;33;48;7;18;6;6
2309805;Pacoti;CE;2026-09;3;5;3;3;0;2;0;0
2309904;Pacujá;CE;2026-09;3;7;2;5;1;2;0;0
5215603;Padre Bernardo;GO;2026-09;9;13;7;10;2;4;0;0
3146255;Padre Carvalho;MG;2026-09;0;1;0;0;0;1;0;0
2207207;Padre Marcos;PI;2026-09;1;2;1;1;0;1;0;0
3146305;Padre Paraíso;MG;2026-09;6;9;5;8;1;4;0;0
2207306;Paes Landim;PI;2026-09;2;3;2;3;0;0;0;0
3146552;Pai Pedro;MG;2026-09;1;2;1;1;0;1;0;0
4211876;Paial;SC;2026-09;1;1;1;1;0;0;0;0
4117503;Paiçandu;PR;2026-09;25;32;18;24;7;14;3;3
4313607;Paim Filho;RS;2026-09;3;4;2;2;1;3;1;1
3146404;Paineiras;MG;2026-09;2;2;2;2;0;0;0;0
4211892;Painel;SC;2026-09;0;0;0;0;0;0;0;0
3146503;Pains;MG;2026-09;5;10;5;7;0;3;0;0
3146602;Paiva;MG;2026-09;2;2;1;1;1;1;0;0
2207355;Pajeú do Piauí;PI;2026-09;2;2;1;1;1;1;0;0
2706208;Palestina;AL;2026-09;2;2;2;2;0;0;0;0
3535002;Palestina;SP;2026-09;10;12;5;9;5;6;0;0
5215652;Palestina de Goiás;GO;2026-09;2;2;2;2;0;0;0;0
1505494;Palestina do Pará;PA;2026-09;1;1;1;1;0;0;0;0
2310001;Palhano;CE;2026-09;6;8;4;6;2;4;0;0
4211900;Palhoça;SC;2026-09;247;315;141;204;106;158;40;40
3146701;Palma;MG;2026-09;5;7;3;4;2;3;0;0
4212007;Palma Sola;SC;2026-09;6;7;5;6;1;3;0;0
2310100;Palmácia;CE;2026-09;7;8;5;8;2;2;0;0
2610004;Palmares;PE;2026-09;25;44;18;26;7;20;1;1
4313656;Palmares do Sul;RS;2026-09;11;13;6;10;5;6;1;1
3535101;Palmares Paulista;SP;2026-09;8;8;6;7;2;2;0;0
4117602;Palmas;PR;2026-09;30;49;17;32;13;25;4;4
1721000;Palmas;TO;2026-09;246;470;129;252;117;292;20;21
2923407;Palmas de Monte Alto;BA;2026-09;4;6;3;4;1;3;0;0
4117701;Palmeira;PR;2026-09;21;32;12;15;9;20;2;2
4212056;Palmeira;SC;2026-09;1;1;1;1;0;0;0;0
4313706;Palmeira das Missões;RS;2026-09;29;39;16;24;13;20;1;1
2207405;Palmeira do Piauí;PI;2026-09;0;0;0;0;0;0;0;0
3535200;Palmeira d'Oeste;SP;2026-09;6;8;3;6;3;4;0;0
2706307;Palmeira dos Índios;AL;2026-09;40;61;30;38;10;32;3;3
2207504;Palmeirais;PI;2026-09;1;4;1;3;0;1;0;0
2107605;Palmeirândia;MA;2026-09;1;1;1;1;0;0;0;0
1715705;Palmeirante;TO;2026-09;1;2;0;2;1;1;0;0
2923506;Palmeiras;BA;2026-09;5;9;5;7;0;3;0;0
5215702;Palmeiras de Goiás;GO;2026-09;27;47;14;22;13;33;5;5
1713809;Palmeiras do Tocantins;TO;2026-09;3;3;3;3;0;0;0;0
2610103;Palmeirina;PE;2026-09;1;1;1;1;0;0;0;0
1715754;Palmeirópolis;TO;2026-09;5;6;4;5;1;2;0;0
5215801;Palmelo;GO;2026-09;1;1;1;1;0;0;0;0
5215900;Palminópolis;GO;2026-09;3;4;2;2;1;2;0;0
4117800;Palmital;PR;2026-09;3;7;2;5;1;3;1;1
3535309;Palmital;SP;2026-09;21;23;6;14;15;16;1;1
4313805;Palmitinho;RS;2026-09;13;15;9;10;4;5;1;1
4212106;Palmitos;SC;2026-09;16;21;10;16;6;10;0;0
3146750;Palmópolis;MG;2026-09;2;2;1;1;1;1;0;0
4117909;Palotina;PR;2026-09;29;44;15;26;14;21;3;3
5216007;Panamá;GO;2026-09;5;5;2;2;3;3;0;0
4313904;Panambi;RS;2026-09;46;53;30;43;16;22;4;4
3204005;Pancas;ES;2026-09;5;7;3;5;2;2;0;0
2610202;Panelas;PE;2026-09;10;11;7;9;3;4;1;1
3535408;Panorama;SP;2026-09;10;15;3;8;7;9;1;1
4313953;Pantano Grande;RS;2026-09;5;7;3;5;2;2;0;0
2706406;Pão de Açúcar;AL;2026-09;8;10;6;7;2;4;1;1
3146909;Papagaios;MG;2026-09;12;15;5;7;7;10;1;1
4212205;Papanduva;SC;2026-09;12;17;6;10;6;10;0;0
2207553;Paquetá;PI;2026-09;1;1;1;1;0;0;0;0
3147105;Pará de Minas;MG;2026-09;83;106;51;82;32;51;16;17
3303609;Paracambi;RJ;2026-09;26;32;18;26;8;12;4;4
3147006;Paracatu;MG;2026-09;52;90;39;65;13;34;2;2
2310209;Paracuru;CE;2026-09;15;25;13;18;2;8;0;0
1505502;Paragominas;PA;2026-09;45;74;38;53;7;27;1;2
3147204;Paraguaçu;MG;2026-09;19;23;10;15;9;12;0;0
3535507;Paraguaçu Paulista;SP;2026-09;23;28;9;16;14;16;1;1
4314001;Paraí;RS;2026-09;8;12;4;7;4;6;1;1
3303708;Paraíba do Sul;RJ;2026-09;29;46;24;31;5;17;0;0
2107704;Paraibano;MA;2026-09;4;8;3;4;1;5;0;0
3535606;Paraibuna;SP;2026-09;6;8;5;6;1;3;0;0
2310258;Paraipaba;CE;2026-09;10;16;10;11;0;5;0;0
3535705;Paraíso;SP;2026-09;5;6;3;3;2;3;1;1
4212239;Paraíso;SC;2026-09;3;3;2;2;1;1;0;0
5006275;Paraíso das Águas;MS;2026-09;5;5;4;4;1;1;0;0
4118006;Paraíso do Norte;PR;2026-09;7;8;5;6;2;2;2;2
4314027;Paraíso do Sul;RS;2026-09;1;2;1;2;0;0;0;0
1716109;Paraíso do Tocantins;TO;2026-09;29;48;20;33;9;21;0;0
3147303;Paraisópolis;MG;2026-09;21;26;14;20;7;9;3;3
2310308;Parambu;CE;2026-09;7;8;4;6;3;4;0;0
2923605;Paramirim;BA;2026-09;20;30;13;17;7;17;1;1
2310407;Paramoti;CE;2026-09;2;3;2;2;0;1;0;0
2408607;Paraná;RN;2026-09;2;2;2;2;0;0;0;0
1716208;Paranã;TO;2026-09;4;5;1;4;3;4;0;0
4118105;Paranacity;PR;2026-09;8;9;5;5;3;5;0;0
4118204;Paranaguá;PR;2026-09;111;161;53;88;58;94;14;14
5006309;Paranaíba;MS;2026-09;36;43;16;23;20;24;3;3
5216304;Paranaiguara;GO;2026-09;4;11;2;5;2;7;0;0
5106299;Paranaíta;MT;2026-09;6;9;3;5;3;4;0;0
3535804;Paranapanema;SP;2026-09;8;9;5;7;3;3;0;0
4118303;Paranapoema;PR;2026-09;3;4;2;3;1;1;1;1
3535903;Paranapuã;SP;2026-09;3;8;0;4;3;6;0;0
2610301;Paranatama;PE;2026-09;4;6;4;6;0;0;0;0
5106307;Paranatinga;MT;2026-09;12;15;6;6;6;9;0;0
4118402;Paranavaí;PR;2026-09;73;121;46;82;27;54;8;8
5006358;Paranhos;MS;2026-09;1;1;1;1;0;0;0;0
3147402;Paraopeba;MG;2026-09;12;21;7;16;5;14;3;3
3536000;Parapuã;SP;2026-09;10;12;6;9;4;7;1;1
2510659;Parari;PB;2026-09;1;1;1;1;0;0;0;0
2923704;Paratinga;BA;2026-09;6;8;5;8;1;1;0;0
3303807;Paraty;RJ;2026-09;22;32;17;28;5;9;2;2
2408706;Paraú;RN;2026-09;2;3;1;3;1;1;0;0
1505536;Parauapebas;PA;2026-09;132;346;87;224;45;172;12;12
5216403;Paraúna;GO;2026-09;13;14;6;7;7;8;0;0
2408805;Parazinho;RN;2026-09;3;3;3;3;0;0;0;0
3536109;Pardinho;SP;2026-09;5;7;4;5;1;2;1;1
4314035;Pareci Novo;RS;2026-09;2;4;1;1;1;3;0;0
1101450;Parecis;RO;2026-09;1;1;0;1;1;1;0;0
2408904;Parelhas;RN;2026-09;12;29;7;11;5;25;1;1
2706422;Pariconha;AL;2026-09;3;4;3;3;0;1;0;0
1303403;Parintins;AM;2026-09;23;55;15;38;8;24;4;4
2923803;Paripiranga;BA;2026-09;15;25;11;15;4;16;3;3
2706448;Paripueira;AL;2026-09;5;7;5;5;0;3;2;2
3536208;Pariquera-Açu;SP;2026-09;14;25;10;16;4;14;1;2
3536257;Parisi;SP;2026-09;2;2;1;1;1;1;0;0
2207603;Parnaguá;PI;2026-09;3;5;2;3;1;2;0;0
2207702;Parnaíba;PI;2026-09;102;201;54;102;48;139;4;5
2403251;Parnamirim;RN;2026-09;199;293;133;180;66;145;14;15
2610400;Parnamirim;PE;2026-09;3;5;2;2;1;3;0;0
2107803;Parnarama;MA;2026-09;7;10;5;8;2;5;0;0
4314050;Parobé;RS;2026-09;27;36;21;24;6;17;1;1
2409100;Passa e Fica;RN;2026-09;4;8;4;6;0;2;0;0
3147600;Passa Quatro;MG;2026-09;19;23;12;18;7;8;1;1
4314068;Passa Sete;RS;2026-09;1;1;0;0;1;1;0;0
3147709;Passa Tempo;MG;2026-09;7;10;5;5;2;5;0;0
3147808;Passa Vinte;MG;2026-09;1;1;1;1;0;0;0;0
3147501;Passabém;MG;2026-09;0;0;0;0;0;0;0;0
2409209;Passagem;RN;2026-09;2;7;2;3;0;5;0;0
2510709;Passagem;PB;2026-09;5;5;3;3;2;2;0;0
2107902;Passagem Franca;MA;2026-09;4;5;4;4;0;1;0;0
2207751;Passagem Franca do Piauí;PI;2026-09;0;1;0;0;0;1;0;0
2610509;Passira;PE;2026-09;10;11;8;9;2;3;0;0
2706505;Passo de Camaragibe;AL;2026-09;4;7;3;5;1;3;0;0
4212254;Passo de Torres;SC;2026-09;12;13;9;13;3;4;1;1
4314076;Passo do Sobrado;RS;2026-09;5;7;3;7;2;2;1;1
4314100;Passo Fundo;RS;2026-09;238;370;125;228;113;202;20;21
3147907;Passos;MG;2026-09;109;139;50;73;59;77;6;6
4212270;Passos Maia;SC;2026-09;2;2;1;1;1;1;0;0
2108009;Pastos Bons;MA;2026-09;7;11;5;11;2;4;1;1
3147956;Patis;MG;2026-09;1;1;1;1;0;0;0;0
4118451;Pato Bragado;PR;2026-09;5;9;2;8;3;5;1;1
4118501;Pato Branco;PR;2026-09;149;223;79;135;70;126;11;13
2510808;Patos;PB;2026-09;78;120;48;67;30;68;5;5
3148004;Patos de Minas;MG;2026-09;179;242;94;144;85;134;20;20
2207777;Patos do Piauí;PI;2026-09;1;1;1;1;0;0;0;0
3148103;Patrocínio;MG;2026-09;82;108;39;52;43;65;2;2
3148202;Patrocínio do Muriaé;MG;2026-09;2;3;2;2;0;1;0;0
3536307;Patrocínio Paulista;SP;2026-09;5;10;4;7;1;3;0;0
2409308;Patu;RN;2026-09;5;16;4;6;1;12;0;0
3303856;Paty do Alferes;RJ;2026-09;17;26;9;11;8;15;0;0
2923902;Pau Brasil;BA;2026-09;2;2;2;2;0;0;0;0
1505551;Pau D'Arco;PA;2026-09;2;4;2;2;0;2;0;0
1716307;Pau D'Arco;TO;2026-09;2;2;2;2;0;0;0;0
2207793;Pau D'Arco do Piauí;PI;2026-09;1;1;1;1;0;0;0;0
2409407;Pau dos Ferros;RN;2026-09;31;52;18;30;13;28;2;2
2610608;Paudalho;PE;2026-09;14;19;12;16;2;4;1;1
1303502;Pauini;AM;2026-09;0;2;0;2;0;0;0;0
3148301;Paula Cândido;MG;2026-09;5;5;3;4;2;2;0;0
4118600;Paula Freitas;PR;2026-09;3;5;1;3;2;3;2;2
3536406;Paulicéia;SP;2026-09;5;7;2;3;3;4;0;0
3536505;Paulínia;SP;2026-09;136;192;65;126;71;112;17;18
2108058;Paulino Neves;MA;2026-09;3;7;2;7;1;1;0;0
2510907;Paulista;PB;2026-09;7;8;6;7;1;2;0;0
2610707;Paulista;PE;2026-09;144;206;93;124;51;105;12;12
2207801;Paulistana;PI;2026-09;10;27;8;14;2;16;2;2
3536570;Paulistânia;SP;2026-09;0;0;0;0;0;0;0;0
3148400;Paulistas;MG;2026-09;1;1;1;1;0;0;0;0
2924009;Paulo Afonso;BA;2026-09;65;116;31;52;34;75;3;3
4314134;Paulo Bento;RS;2026-09;2;2;1;1;1;1;0;0
3536604;Paulo de Faria;SP;2026-09;2;2;2;2;0;0;0;0
4118709;Paulo Frontin;PR;2026-09;4;7;2;4;2;6;2;2
2706604;Paulo Jacinto;AL;2026-09;2;3;2;2;0;1;0;0
4212304;Paulo Lopes;SC;2026-09;5;8;3;7;2;3;0;0
2108108;Paulo Ramos;MA;2026-09;4;5;2;5;2;2;1;1
3148509;Pavão;MG;2026-09;2;2;0;0;2;2;1;1
4314159;Paverama;RS;2026-09;8;10;2;8;6;8;0;0
2207850;Pavussu;PI;2026-09;2;2;2;2;0;0;0;0
2924058;Pé de Serra;BA;2026-09;4;7;3;4;1;3;0;0
4118808;Peabiru;PR;2026-09;7;8;3;6;4;4;0;0
3148608;Peçanha;MG;2026-09;2;4;2;2;0;2;0;0
3536703;Pederneiras;SP;2026-09;40;49;29;38;11;15;2;2
2610806;Pedra;PE;2026-09;5;5;5;5;0;0;0;0
3148707;Pedra Azul;MG;2026-09;13;15;8;13;5;5;0;0
3536802;Pedra Bela;SP;2026-09;5;5;4;4;1;1;2;2
3148756;Pedra Bonita;MG;2026-09;1;1;0;1;1;1;0;0
2310506;Pedra Branca;CE;2026-09;15;22;11;18;4;9;0;0
2511004;Pedra Branca;PB;2026-09;2;2;2;2;0;0;0;0
1600154;Pedra Branca do Amapari;AP;2026-09;2;3;2;2;0;1;0;0
3148806;Pedra do Anta;MG;2026-09;2;3;2;2;0;1;0;0
3148905;Pedra do Indaiá;MG;2026-09;6;6;4;5;2;2;0;0
3149002;Pedra Dourada;MG;2026-09;0;1;0;1;0;0;0;0
2409506;Pedra Grande;RN;2026-09;2;2;2;2;0;0;0;0
2511103;Pedra Lavrada;PB;2026-09;2;2;2;2;0;0;0;0
2805000;Pedra Mole;SE;2026-09;0;0;0;0;0;0;0;0
2409605;Pedra Preta;RN;2026-09;1;1;1;1;0;0;0;0
5106372;Pedra Preta;MT;2026-09;8;11;4;6;4;7;1;1
3149101;Pedralva;MG;2026-09;12;15;8;10;4;7;1;1
3536901;Pedranópolis;SP;2026-09;0;1;0;1;0;1;0;0
2924108;Pedrão;BA;2026-09;3;3;1;2;2;2;1;1
4314175;Pedras Altas;RS;2026-09;0;0;0;0;0;0;0;0
2511202;Pedras de Fogo;PB;2026-09;13;20;9;12;4;11;1;1
3149150;Pedras de Maria da Cruz;MG;2026-09;1;4;0;2;1;3;0;0
4212403;Pedras Grandes;SC;2026-09;2;2;1;1;1;1;0;0
3537008;Pedregulho;SP;2026-09;7;8;4;5;3;4;0;0
3537107;Pedreira;SP;2026-09;30;41;15;29;15;21;1;1
2108207;Pedreiras;MA;2026-09;28;58;24;41;4;31;3;3
2805109;Pedrinhas;SE;2026-09;3;5;3;5;0;1;0;0
3537156;Pedrinhas Paulista;SP;2026-09;1;1;1;1;0;0;0;0
3149200;Pedrinópolis;MG;2026-09;7;7;5;6;2;2;0;0
1716505;Pedro Afonso;TO;2026-09;8;24;6;12;2;16;1;1
2924207;Pedro Alexandre;BA;2026-09;1;1;1;1;0;0;0;0
2409704;Pedro Avelino;RN;2026-09;1;3;1;1;0;2;0;0
3204054;Pedro Canário;ES;2026-09;13;15;9;10;4;5;0;0
3537206;Pedro de Toledo;SP;2026-09;4;6;3;4;1;2;0;0
2108256;Pedro do Rosário;MA;2026-09;3;5;3;4;0;1;0;0
5006408;Pedro Gomes;MS;2026-09;3;3;2;2;1;1;0;0
2207900;Pedro II;PI;2026-09;25;37;15;19;10;21;3;3
2207934;Pedro Laurentino;PI;2026-09;0;0;0;0;0;0;0;0
3149309;Pedro Leopoldo;MG;2026-09;40;57;25;40;15;30;2;2
4314209;Pedro Osório;RS;2026-09;4;4;4;4;0;0;0;0
2512721;Pedro Régis;PB;2026-09;1;1;1;1;0;0;0;0
3149408;Pedro Teixeira;MG;2026-09;0;0;0;0;0;0;0;0
2409803;Pedro Velho;RN;2026-09;4;6;3;4;1;3;0;0
1716604;Peixe;TO;2026-09;6;7;5;6;1;2;1;1
1505601;Peixe-Boi;PA;2026-09;3;4;3;4;0;0;0;0
5106422;Peixoto de Azevedo;MT;2026-09;16;20;7;13;9;13;2;2
4314308;Pejuçara;RS;2026-09;7;7;4;6;3;4;2;2
4314407;Pelotas;RS;2026-09;400;537;192;316;208;314;38;38
2310605;Penaforte;CE;2026-09;4;4;4;4;0;0;0;0
2108306;Penalva;MA;2026-09;2;7;2;5;0;3;0;0
3537305;Penápolis;SP;2026-09;44;66;24;32;20;38;1;2
2409902;Pendências;RN;2026-09;6;9;6;7;0;2;0;0
2706703;Penedo;AL;2026-09;33;41;18;25;15;22;1;1
4212502;Penha;SC;2026-09;20;34;17;24;3;14;1;1
2310704;Pentecoste;CE;2026-09;11;19;10;12;1;9;1;1
3149507;Pequeri;MG;2026-09;1;2;1;1;0;2;0;0
3149606;Pequi;MG;2026-09;0;0;0;0;0;0;0;0
1716653;Pequizeiro;TO;2026-09;2;3;2;2;0;1;0;0
3149705;Perdigão;MG;2026-09;5;6;4;4;1;2;0;0
3149804;Perdizes;MG;2026-09;8;16;5;8;3;9;0;0
3149903;Perdões;MG;2026-09;16;18;12;13;4;5;0;0
3537404;Pereira Barreto;SP;2026-09;27;30;13;16;14;16;1;1
3537503;Pereiras;SP;2026-09;7;11;6;6;1;5;1;1
2310803;Pereiro;CE;2026-09;10;11;5;8;5;6;1;1
2108405;Peri Mirim;MA;2026-09;1;1;0;0;1;1;0;0
3149952;Periquito;MG;2026-09;5;5;3;3;2;2;0;0
4212601;Peritiba;SC;2026-09;4;5;1;3;3;3;0;1
2108454;Peritoró;MA;2026-09;4;10;4;7;0;3;0;0
4118857;Perobal;PR;2026-09;1;2;1;2;0;0;0;0
4118907;Pérola;PR;2026-09;6;9;3;5;3;4;0;0
4119004;Pérola d'Oeste;PR;2026-09;3;4;2;2;1;2;0;0
5216452;Perolândia;GO;2026-09;0;1;0;0;0;1;0;0
3537602;Peruíbe;SP;2026-09;65;99;41;64;24;48;5;7
3150000;Pescador;MG;2026-09;0;0;0;0;0;0;0;0
4212650;Pescaria Brava;SC;2026-09;5;6;4;5;1;2;0;0
2610905;Pesqueira;PE;2026-09;27;37;21;24;6;14;0;0
2611002;Petrolândia;PE;2026-09;13;21;9;12;4;13;0;0
4212700;Petrolândia;SC;2026-09;2;4;1;3;1;2;0;0
2611101;Petrolina;PE;2026-09;304;523;130;228;174;370;23;27
5216809;Petrolina de Goiás;GO;2026-09;4;4;4;4;0;1;1;1
3303906;Petrópolis;RJ;2026-09;238;345;116;192;122;189;10;11
2706802;Piaçabuçu;AL;2026-09;5;6;5;6;0;0;0;0
3537701;Piacatu;SP;2026-09;7;7;0;1;7;7;1;1
2511301;Piancó;PB;2026-09;12;16;6;7;6;10;0;0
2924306;Piatã;BA;2026-09;9;12;4;9;5;7;2;2
3150109;Piau;MG;2026-09;0;0;0;0;0;0;0;0
4314423;Picada Café;RS;2026-09;4;4;2;2;2;2;0;0
1505635;Piçarra;PA;2026-09;1;2;1;1;0;1;0;0
2208007;Picos;PI;2026-09;98;166;44;76;54;107;2;2
2511400;Picuí;PB;2026-09;15;18;11;12;4;7;1;1
3537800;Piedade;SP;2026-09;25;31;12;16;13;18;2;2
3150158;Piedade de Caratinga;MG;2026-09;3;4;3;4;0;0;0;0
3150208;Piedade de Ponte Nova;MG;2026-09;2;2;2;2;0;0;1;1
3150307;Piedade do Rio Grande;MG;2026-09;3;4;3;4;0;1;1;1
3150406;Piedade dos Gerais;MG;2026-09;3;3;3;3;0;1;0;0
4119103;Piên;PR;2026-09;9;12;5;9;4;6;1;1
2924405;Pilão Arcado;BA;2026-09;3;7;2;5;1;2;0;0
2706901;Pilar;AL;2026-09;14;20;11;11;3;11;2;2
2511509;Pilar;PB;2026-09;3;6;2;5;1;3;0;0
5216908;Pilar de Goiás;GO;2026-09;4;5;2;3;2;3;0;0
3537909;Pilar do Sul;SP;2026-09;27;32;12;17;15;18;1;1
2511608;Pilões;PB;2026-09;2;2;1;1;1;1;0;0
2410009;Pilões;RN;2026-09;3;3;3;3;0;0;0;0
2511707;Pilõezinhos;PB;2026-09;4;4;2;2;2;2;0;0
3150505;Pimenta;MG;2026-09;7;9;5;7;2;4;0;0
1100189;Pimenta Bueno;RO;2026-09;27;38;19;29;8;20;3;4
2208106;Pimenteiras;PI;2026-09;3;5;3;4;0;1;0;0
1101468;Pimenteiras do Oeste;RO;2026-09;0;0;0;0;0;0;0;0
2924504;Pindaí;BA;2026-09;3;4;3;3;0;1;0;0
3538006;Pindamonhangaba;SP;2026-09;113;154;53;79;60;87;4;5
2108504;Pindaré-Mirim;MA;2026-09;7;12;3;8;4;5;0;0
2707008;Pindoba;AL;2026-09;0;0;0;0;0;0;0;0
2924603;Pindobaçu;BA;2026-09;2;5;1;3;1;3;0;0
3538105;Pindorama;SP;2026-09;9;10;7;9;2;3;0;0
1717008;Pindorama do Tocantins;TO;2026-09;0;0;0;0;0;0;0;0
2310852;Pindoretama;CE;2026-09;7;11;7;9;0;2;0;0
3150539;Pingo-d'Água;MG;2026-09;3;4;2;3;1;2;0;0
4119152;Pinhais;PR;2026-09;118;167;64;106;54;87;22;22
4314456;Pinhal;RS;2026-09;2;2;1;2;1;1;1;1
4314464;Pinhal da Serra;RS;2026-09;1;1;1;1;0;0;0;0
4119251;Pinhal de São Bento;PR;2026-09;2;2;1;2;1;1;1;1
4314472;Pinhal Grande;RS;2026-09;3;3;2;2;1;1;0;0
4119202;Pinhalão;PR;2026-09;8;14;4;7;4;10;3;3
4212908;Pinhalzinho;SC;2026-09;22;36;15;26;7;20;2;2
3538204;Pinhalzinho;SP;2026-09;13;18;5;10;8;11;2;2
4119301;Pinhão;PR;2026-09;15;21;4;12;11;15;2;2
2805208;Pinhão;SE;2026-09;2;2;1;2;1;1;1;1
3303955;Pinheiral;RJ;2026-09;13;20;12;16;1;6;0;0
4314498;Pinheirinho do Vale;RS;2026-09;2;4;1;3;1;2;0;0
2108603;Pinheiro;MA;2026-09;25;46;17;22;8;29;1;1
4314506;Pinheiro Machado;RS;2026-09;6;12;5;10;1;5;0;0
4213005;Pinheiro Preto;SC;2026-09;2;2;1;2;1;1;0;0
3204104;Pinheiros;ES;2026-09;15;19;11;16;4;8;1;1
2924652;Pintadas;BA;2026-09;13;19;6;12;7;12;0;0
4314548;Pinto Bandeira;RS;2026-09;3;8;3;6;0;2;0;0
3150570;Pintópolis;MG;2026-09;6;8;0;3;6;8;1;1
2208205;Pio IX;PI;2026-09;5;8;4;5;1;3;0;0
2108702;Pio XII;MA;2026-09;4;14;2;8;2;9;0;0
3538303;Piquerobi;SP;2026-09;5;5;2;2;3;4;1;1
2310902;Piquet Carneiro;CE;2026-09;3;4;3;3;0;1;0;0
3538501;Piquete;SP;2026-09;6;6;4;5;2;2;1;1
3538600;Piracaia;SP;2026-09;19;30;9;18;10;19;2;2
5217104;Piracanjuba;GO;2026-09;7;8;5;6;2;3;1;1
3150604;Piracema;MG;2026-09;5;6;3;3;2;3;1;1
3538709;Piracicaba;SP;2026-09;417;536;236;366;181;254;38;40
2208304;Piracuruca;PI;2026-09;15;17;10;12;5;7;1;1
3304003;Piraí;RJ;2026-09;14;18;13;15;1;3;0;0
2924678;Piraí do Norte;BA;2026-09;3;5;2;3;1;3;0;0
4119400;Piraí do Sul;PR;2026-09;8;11;4;5;4;6;0;0
3538808;Piraju;SP;2026-09;38;49;19;24;19;29;4;4
3150703;Pirajuba;MG;2026-09;6;8;2;3;4;6;0;0
3538907;Pirajuí;SP;2026-09;13;21;7;12;6;15;0;0
2805307;Pirambu;SE;2026-09;1;1;1;1;0;0;0;0
3150802;Piranga;MG;2026-09;10;12;7;9;3;4;0;0
3539004;Pirangi;SP;2026-09;10;12;7;10;3;3;0;0
3150901;Piranguçu;MG;2026-09;3;3;1;3;2;2;1;1
3151008;Piranguinho;MG;2026-09;8;11;7;10;1;4;0;0
5217203;Piranhas;GO;2026-09;4;12;3;4;1;8;1;1
2707107;Piranhas;AL;2026-09;14;23;10;13;4;12;0;0
2108801;Pirapemas;MA;2026-09;2;4;2;2;0;2;0;0
3151107;Pirapetinga;MG;2026-09;12;20;10;11;2;11;3;3
4314555;Pirapó;RS;2026-09;2;2;1;2;1;1;0;0
3151206;Pirapora;MG;2026-09;41;67;24;46;17;33;3;3
3539103;Pirapora do Bom Jesus;SP;2026-09;6;8;6;7;0;1;0;0
3539202;Pirapozinho;SP;2026-09;18;24;14;20;4;7;2;2
4119509;Piraquara;PR;2026-09;57;75;38;49;19;31;3;3
1717206;Piraquê;TO;2026-09;0;2;0;1;0;1;0;0
3539301;Pirassununga;SP;2026-09;70;79;32;42;38;47;6;6
4314605;Piratini;RS;2026-09;7;11;5;6;2;7;1;1
3539400;Piratininga;SP;2026-09;10;14;7;12;3;4;1;1
4213104;Piratuba;SC;2026-09;9;12;5;8;4;6;1;1
3151305;Piraúba;MG;2026-09;16;20;7;10;9;10;1;1
5217302;Pirenópolis;GO;2026-09;23;30;15;23;8;11;2;2
5217401;Pires do Rio;GO;2026-09;20;25;10;11;10;16;3;3
2310951;Pires Ferreira;CE;2026-09;4;5;4;5;0;0;0;0
2924702;Piripá;BA;2026-09;3;3;3;3;0;0;0;0
2208403;Piripiri;PI;2026-09;38;69;22;36;16;44;2;2
2924801;Piritiba;BA;2026-09;6;7;3;3;3;4;0;0
2511806;Pirpirituba;PB;2026-09;5;5;5;5;0;0;0;0
4119608;Pitanga;PR;2026-09;15;28;7;17;8;18;1;1
4119657;Pitangueiras;PR;2026-09;3;5;1;4;2;3;0;0
3539509;Pitangueiras;SP;2026-09;21;26;16;17;5;10;0;0
3151404;Pitangui;MG;2026-09;36;41;25;32;11;15;1;1
2511905;Pitimbu;PB;2026-09;3;7;3;4;0;3;0;0
1717503;Pium;TO;2026-09;2;3;2;2;0;1;0;0
3204203;Piúma;ES;2026-09;19;38;9;20;10;27;2;2
3151503;Piumhi;MG;2026-09;46;57;29;39;17;26;5;5
1505650;Placas;PA;2026-09;1;3;1;2;0;1;0;0
1200385;Plácido de Castro;AC;2026-09;5;11;3;7;2;5;0;0
5217609;Planaltina;GO;2026-09;38;50;31;40;7;14;2;2
4119707;Planaltina do Paraná;PR;2026-09;3;5;1;5;2;2;1;1
2924900;Planaltino;BA;2026-09;2;2;2;2;0;0;0;0
2925006;Planalto;BA;2026-09;4;9;4;5;0;5;0;0
4119806;Planalto;PR;2026-09;8;14;3;9;5;10;1;1
3539608;Planalto;SP;2026-09;1;1;1;1;0;0;0;0
4314704;Planalto;RS;2026-09;6;8;4;6;2;3;0;0
4213153;Planalto Alegre;SC;2026-09;2;2;1;2;1;1;1;1
5106455;Planalto da Serra;MT;2026-09;3;3;2;2;1;1;1;1
3151602;Planura;MG;2026-09;9;10;4;8;5;7;2;2
3539707;Platina;SP;2026-09;2;2;1;1;1;1;0;0
3539806;Poá;SP;2026-09;93;117;56;79;37;54;10;11
2611200;Poção;PE;2026-09;4;4;4;4;0;0;0;0
2108900;Poção de Pedras;MA;2026-09;5;7;5;6;0;2;0;0
2512002;Pocinhos;PB;2026-09;5;5;5;5;0;2;0;0
2410108;Poço Branco;RN;2026-09;2;2;2;2;0;0;0;0
2512036;Poço Dantas;PB;2026-09;3;3;3;3;0;0;0;0
4314753;Poço das Antas;RS;2026-09;3;3;1;2;2;2;1;1
2707206;Poço das Trincheiras;AL;2026-09;2;2;2;2;0;0;0;0
2512077;Poço de José de Moura;PB;2026-09;2;2;2;2;0;0;0;0
3151701;Poço Fundo;MG;2026-09;11;12;5;9;6;7;4;4
2805406;Poço Redondo;SE;2026-09;8;10;8;8;0;2;0;0
2805505;Poço Verde;SE;2026-09;8;9;6;7;2;3;1;1
2925105;Poções;BA;2026-09;21;24;16;21;5;9;1;1
5106505;Poconé;MT;2026-09;15;21;12;17;3;8;2;2
3151800;Poços de Caldas;MG;2026-09;200;251;104;161;96;136;28;28
3151909;Pocrane;MG;2026-09;4;5;4;5;0;0;0;0
2925204;Pojuca;BA;2026-09;20;25;7;12;13;19;1;1
3539905;Poloni;SP;2026-09;3;5;3;3;0;2;1;1
2512101;Pombal;PB;2026-09;16;26;11;15;5;13;0;0
2611309;Pombos;PE;2026-09;3;3;3;3;0;0;0;0
4213203;Pomerode;SC;2026-09;31;35;18;23;13;19;7;7
3540002;Pompéia;SP;2026-09;31;35;11;13;20;24;1;1
3152006;Pompéu;MG;2026-09;14;30;8;23;6;12;3;3
3540101;Pongaí;SP;2026-09;2;3;0;1;2;2;0;0
1505700;Ponta de Pedras;PA;2026-09;2;3;2;2;0;1;0;0
4119905;Ponta Grossa;PR;2026-09;324;477;186;277;138;247;24;24
5006606;Ponta Porã;MS;2026-09;62;79;48;58;14;26;5;5
3540200;Pontal;SP;2026-09;36;43;21;30;15;17;0;0
5106653;Pontal do Araguaia;MT;2026-09;2;3;1;2;1;2;1;1
4119954;Pontal do Paraná;PR;2026-09;30;39;19;26;11;23;5;5
5217708;Pontalina;GO;2026-09;18;25;10;17;8;11;2;3
3540259;Pontalinda;SP;2026-09;3;5;2;4;1;3;0;0
4314779;Pontão;RS;2026-09;3;4;1;2;2;3;0;0
4213302;Ponte Alta;SC;2026-09;2;2;1;2;1;1;0;0
1717800;Ponte Alta do Bom Jesus;TO;2026-09;2;2;2;2;0;0;0;0
4213351;Ponte Alta do Norte;SC;2026-09;2;3;1;1;1;2;0;0
1717909;Ponte Alta do Tocantins;TO;2026-09;1;1;1;1;0;0;0;0
5106703;Ponte Branca;MT;2026-09;1;1;1;1;0;0;0;0
3152105;Ponte Nova;MG;2026-09;84;97;39;52;45;55;4;4
4314787;Ponte Preta;RS;2026-09;3;4;2;4;1;2;1;1
4213401;Ponte Serrada;SC;2026-09;5;8;4;4;1;4;0;0
5106752;Pontes e Lacerda;MT;2026-09;37;58;15;30;22;37;4;4
3540309;Pontes Gestal;SP;2026-09;2;3;2;3;0;0;0;0
3204252;Ponto Belo;ES;2026-09;4;5;4;5;0;0;0;0
3152131;Ponto Chique;MG;2026-09;2;4;2;3;0;1;0;0
3152170;Ponto dos Volantes;MG;2026-09;1;1;1;1;0;0;0;0
2925253;Ponto Novo;BA;2026-09;6;6;4;5;2;2;0;0
3540408;Populina;SP;2026-09;2;3;1;2;1;1;0;0
2311009;Poranga;CE;2026-09;3;4;2;4;1;1;0;0
3540507;Porangaba;SP;2026-09;5;6;5;5;0;2;0;0
5218003;Porangatu;GO;2026-09;32;48;16;21;16;31;2;2
3304102;Porciúncula;RJ;2026-09;9;18;6;11;3;11;2;2
4120002;Porecatu;PR;2026-09;7;7;2;3;5;5;0;0
2410207;Portalegre;RN;2026-09;3;6;2;4;1;4;0;0
4314803;Portão;RS;2026-09;25;38;15;25;10;17;1;1
5218052;Porteirão;GO;2026-09;2;4;2;2;0;2;0;0
2311108;Porteiras;CE;2026-09;7;8;6;6;1;2;0;0
3152204;Porteirinha;MG;2026-09;13;25;9;12;4;15;1;1
1505809;Portel;PA;2026-09;10;20;10;15;0;7;0;0
5218102;Portelândia;GO;2026-09;5;5;1;4;4;4;0;0
2208502;Porto;PI;2026-09;3;6;2;2;1;4;0;0
1200807;Porto Acre;AC;2026-09;4;4;2;4;2;2;1;1
4314902;Porto Alegre;RS;2026-09;2013;2899;1109;1769;904;1518;185;197
5106778;Porto Alegre do Norte;MT;2026-09;4;5;3;3;1;2;0;0
2208551;Porto Alegre do Piauí;PI;2026-09;0;0;0;0;0;0;0;0
1718006;Porto Alegre do Tocantins;TO;2026-09;2;2;2;2;0;0;0;0
4120101;Porto Amazonas;PR;2026-09;5;7;2;5;3;4;1;1
4120150;Porto Barreiro;PR;2026-09;2;2;1;2;1;1;1;1
4213500;Porto Belo;SC;2026-09;24;32;18;25;6;10;3;3
2707305;Porto Calvo;AL;2026-09;9;11;8;8;1;4;0;0
2805604;Porto da Folha;SE;2026-09;10;12;10;10;0;2;0;0
1505908;Porto de Moz;PA;2026-09;3;4;3;4;0;0;0;0
2707404;Porto de Pedras;AL;2026-09;3;6;3;4;0;2;0;0
2410256;Porto do Mangue;RN;2026-09;4;4;3;3;1;1;0;0
5106802;Porto dos Gaúchos;MT;2026-09;4;5;3;3;1;2;0;0
5106828;Porto Esperidião;MT;2026-09;3;3;2;3;1;1;0;0
5106851;Porto Estrela;MT;2026-09;2;4;1;1;1;3;0;0
3540606;Porto Feliz;SP;2026-09;47;58;25;41;22;30;7;7
3540705;Porto Ferreira;SP;2026-09;40;47;23;31;17;22;4;4
3152303;Porto Firme;MG;2026-09;6;8;4;6;2;2;0;0
2109007;Porto Franco;MA;2026-09;11;15;9;12;2;5;1;1
1600535;Porto Grande;AP;2026-09;6;8;4;4;2;5;0;0
4315008;Porto Lucena;RS;2026-09;2;2;0;1;2;2;0;0
4315057;Porto Mauá;RS;2026-09;4;4;2;4;2;2;2;2
5006903;Porto Murtinho;MS;2026-09;1;2;1;2;0;0;0;0
1718204;Porto Nacional;TO;2026-09;39;63;29;44;10;25;4;5
3304110;Porto Real;RJ;2026-09;14;17;10;13;4;6;2;2
2707503;Porto Real do Colégio;AL;2026-09;4;5;3;4;1;2;1;1
4120200;Porto Rico;PR;2026-09;3;3;2;2;1;1;1;1
2109056;Porto Rico do Maranhão;MA;2026-09;0;0;0;0;0;0;0;0
2925303;Porto Seguro;BA;2026-09;98;150;64;115;34;64;8;8
4213609;Porto União;SC;2026-09;25;32;15;18;10;17;1;1
1100205;Porto Velho;RO;2026-09;271;538;150;311;121;331;25;27
4315073;Porto Vera Cruz;RS;2026-09;1;1;0;0;1;1;0;0
4120309;Porto Vitória;PR;2026-09;1;2;1;1;0;1;0;0
1200393;Porto Walter;AC;2026-09;1;2;1;2;0;1;0;0
4315107;Porto Xavier;RS;2026-09;10;10;6;6;4;4;0;0
5218300;Posse;GO;2026-09;24;42;18;23;6;23;1;1
3152402;Poté;MG;2026-09;3;3;3;3;0;1;0;0
2311207;Potengi;CE;2026-09;3;5;3;5;0;0;0;0
3540754;Potim;SP;2026-09;10;13;6;10;4;6;2;2
2925402;Potiraguá;BA;2026-09;2;3;1;1;1;2;1;1
3540804;Potirendaba;SP;2026-09;19;20;9;11;10;13;1;1
2311231;Potiretama;CE;2026-09;3;4;3;4;0;1;0;0
3152501;Pouso Alegre;MG;2026-09;223;280;106;151;117;163;26;26
3152600;Pouso Alto;MG;2026-09;11;11;9;11;2;3;1;1
4315131;Pouso Novo;RS;2026-09;0;2;0;2;0;0;0;0
4213708;Pouso Redondo;SC;2026-09;11;16;5;9;6;9;1;1
5107008;Poxoréu;MT;2026-09;1;4;0;4;1;2;0;0
3540853;Pracinha;SP;2026-09;1;1;1;1;0;0;0;0
1600550;Pracuúba;AP;2026-09;1;1;1;1;0;0;0;0
2925501;Prado;BA;2026-09;11;19;8;15;3;6;1;1
4120333;Prado Ferreira;PR;2026-09;3;3;1;1;2;2;0;0
3540903;Pradópolis;SP;2026-09;15;22;3;11;12;16;2;2
3152709;Prados;MG;2026-09;7;9;4;5;3;6;1;1
3541000;Praia Grande;SP;2026-09;238;342;142;216;96;166;13;16
4213807;Praia Grande;SC;2026-09;5;7;4;4;1;4;1;1
1718303;Praia Norte;TO;2026-09;1;1;1;1;0;0;0;0
1506005;Prainha;PA;2026-09;4;6;3;5;1;2;0;0
4120358;Pranchita;PR;2026-09;4;5;4;4;0;1;0;0
3152808;Prata;MG;2026-09;19;30;10;22;9;15;6;6
2512200;Prata;PB;2026-09;3;4;3;4;0;0;0;0
2208601;Prata do Piauí;PI;2026-09;3;3;3;3;0;0;0;0
3541059;Pratânia;SP;2026-09;3;3;3;3;0;0;0;0
3152907;Pratápolis;MG;2026-09;5;7;0;5;5;6;0;0
3153004;Pratinha;MG;2026-09;2;2;1;1;1;1;0;0
3541109;Presidente Alves;SP;2026-09;2;3;2;2;0;1;0;0
3541208;Presidente Bernardes;SP;2026-09;11;11;5;6;6;8;2;2
3153103;Presidente Bernardes;MG;2026-09;3;3;2;3;1;2;1;1
4213906;Presidente Castello Branco;SC;2026-09;2;2;1;2;1;1;0;0
4120408;Presidente Castelo Branco;PR;2026-09;1;1;0;0;1;1;0;0
2109106;Presidente Dutra;MA;2026-09;21;44;18;26;3;23;2;2
2925600;Presidente Dutra;BA;2026-09;6;9;5;6;1;4;0;0
3541307;Presidente Epitácio;SP;2026-09;23;28;12;18;11;14;2;2
1303536;Presidente Figueiredo;AM;2026-09;7;17;6;13;1;5;0;0
4214003;Presidente Getúlio;SC;2026-09;9;15;8;10;1;5;0;0
2925709;Presidente Jânio Quadros;BA;2026-09;1;4;1;2;0;3;0;0
2109205;Presidente Juscelino;MA;2026-09;3;4;3;4;0;1;1;1
3153202;Presidente Juscelino;MG;2026-09;4;4;2;2;2;2;0;0
3204302;Presidente Kennedy;ES;2026-09;7;17;4;8;3;14;1;1
1718402;Presidente Kennedy;TO;2026-09;2;3;2;2;0;1;0;0
3153301;Presidente Kubitschek;MG;2026-09;0;0;0;0;0;0;0;0
4315149;Presidente Lucena;RS;2026-09;2;2;1;2;1;1;0;0
2109239;Presidente Médici;MA;2026-09;2;4;2;3;0;1;0;0
1100254;Presidente Médici;RO;2026-09;7;20;5;6;2;14;0;0
4214102;Presidente Nereu;SC;2026-09;1;1;1;1;0;0;0;0
3153400;Presidente Olegário;MG;2026-09;7;9;6;8;1;2;1;1
3541406;Presidente Prudente;SP;2026-09;243;320;122;179;121;184;17;17
2109270;Presidente Sarney;MA;2026-09;3;4;3;3;0;1;0;0
2925758;Presidente Tancredo Neves;BA;2026-09;10;23;5;12;5;18;1;1
2109304;Presidente Vargas;MA;2026-09;1;1;1;1;0;0;0;0
3541505;Presidente Venceslau;SP;2026-09;28;30;14;19;14;18;2;2
1506104;Primavera;PA;2026-09;4;5;4;4;0;2;0;0
2611408;Primavera;PE;2026-09;3;4;3;3;0;1;0;0
1101476;Primavera de Rondônia;RO;2026-09;0;0;0;0;0;0;0;0
5107040;Primavera do Leste;MT;2026-09;110;169;48;86;62;108;10;10
2109403;Primeira Cruz;MA;2026-09;0;1;0;1;0;0;0;0
4120507;Primeiro de Maio;PR;2026-09;9;10;7;8;2;3;0;0
4214151;Princesa;SC;2026-09;4;4;4;4;0;1;1;1
2512309;Princesa Isabel;PB;2026-09;9;13;7;8;2;7;1;1
5218391;Professor Jamil;GO;2026-09;6;7;2;2;4;5;0;0
4315156;Progresso;RS;2026-09;4;5;0;3;4;5;0;0
3541604;Promissão;SP;2026-09;22;33;9;16;13;19;1;1
2805703;Propriá;SE;2026-09;14;30;8;15;6;19;0;0
4315172;Protásio Alves;RS;2026-09;2;4;0;3;2;3;1;1
3153608;Prudente de Morais;MG;2026-09;4;5;4;5;0;0;0;0
4120606;Prudentópolis;PR;2026-09;35;43;21;28;14;21;3;3
1718451;Pugmil;TO;2026-09;1;1;1;1;0;0;0;0
2410405;Pureza;RN;2026-09;3;3;3;3;0;0;0;0
4315206;Putinga;RS;2026-09;2;4;1;3;1;2;0;0
2512408;Puxinanã;PB;2026-09;6;7;5;5;1;2;0;0
3541653;Quadra;SP;2026-09;2;2;2;2;0;0;0;0
4315305;Quaraí;RS;2026-09;11;17;7;11;4;6;1;1
3153707;Quartel Geral;MG;2026-09;2;2;1;1;1;1;0;0
4120655;Quarto Centenário;PR;2026-09;2;2;1;1;1;1;0;0
3541703;Quatá;SP;2026-09;20;23;8;9;12;15;1;1
4120705;Quatiguá;PR;2026-09;6;7;3;3;3;4;0;0
1506112;Quatipuru;PA;2026-09;2;4;2;3;0;1;0;0
3304128;Quatis;RJ;2026-09;6;7;6;6;0;2;0;0
4120804;Quatro Barras;PR;2026-09;22;28;11;17;11;13;3;3
4315313;Quatro Irmãos;RS;2026-09;0;1;0;1;0;0;0;0
4120853;Quatro Pontes;PR;2026-09;7;11;4;6;3;6;0;0
2707602;Quebrangulo;AL;2026-09;2;2;2;2;0;0;0;0
4120903;Quedas do Iguaçu;PR;2026-09;28;36;11;22;17;24;1;1
2208650;Queimada Nova;PI;2026-09;1;5;1;1;0;4;0;0
2512507;Queimadas;PB;2026-09;20;25;18;18;2;8;1;1
2925808;Queimadas;BA;2026-09;8;14;3;6;5;10;0;0
3304144;Queimados;RJ;2026-09;42;61;29;39;13;32;7;7
3541802;Queiroz;SP;2026-09;0;0;0;0;0;0;0;0
3541901;Queluz;SP;2026-09;8;8;2;5;6;6;2;2
3153806;Queluzito;MG;2026-09;0;0;0;0;0;0;0;0
5107065;Querência;MT;2026-09;12;20;6;16;6;10;1;1
4121000;Querência do Norte;PR;2026-09;3;4;2;3;1;1;0;0
4315321;Quevedos;RS;2026-09;0;0;0;0;0;0;0;0
2925907;Quijingue;BA;2026-09;6;7;4;5;2;3;0;0
4214201;Quilombo;SC;2026-09;10;15;4;11;6;8;2;2
4121109;Quinta do Sol;PR;2026-09;6;6;2;3;4;5;1;1
3542008;Quintana;SP;2026-09;5;6;2;2;3;4;0;0
4315354;Quinze de Novembro;RS;2026-09;7;7;1;6;6;6;0;0
2611507;Quipapá;PE;2026-09;2;3;2;3;0;0;0;0
5218508;Quirinópolis;GO;2026-09;27;45;20;33;7;21;2;2
3304151;Quissamã;RJ;2026-09;10;17;6;10;4;8;0;0
4121208;Quitandinha;PR;2026-09;6;11;4;7;2;6;0;0
2311264;Quiterianópolis;CE;2026-09;7;7;6;6;1;1;0;0
2512606;Quixaba;PB;2026-09;2;2;1;1;1;1;0;0
2611533;Quixaba;PE;2026-09;1;1;1;1;0;0;0;0
2925931;Quixabeira;BA;2026-09;4;9;4;8;0;3;0;0
2311306;Quixadá;CE;2026-09;38;64;27;35;11;34;2;2
2311355;Quixelô;CE;2026-09;4;6;4;5;0;1;0;0
2311405;Quixeramobim;CE;2026-09;22;41;17;25;5;21;1;1
2311504;Quixeré;CE;2026-09;5;14;5;12;0;9;0;0
2410504;Rafael Fernandes;RN;2026-09;2;2;2;2;0;0;0;0
2410603;Rafael Godeiro;RN;2026-09;2;2;2;2;0;0;0;0
2925956;Rafael Jambeiro;BA;2026-09;6;8;4;5;2;4;0;0
3542107;Rafard;SP;2026-09;3;4;2;4;1;2;1;1
4121257;Ramilândia;PR;2026-09;1;2;1;2;0;1;0;0
3542206;Rancharia;SP;2026-09;25;30;11;17;14;16;3;3
4121307;Rancho Alegre;PR;2026-09;5;5;2;2;3;3;0;0
4121356;Rancho Alegre D'Oeste;PR;2026-09;1;1;1;1;0;0;0;0
4214300;Rancho Queimado;SC;2026-09;4;4;2;3;2;2;0;0
2109452;Raposa;MA;2026-09;8;12;8;9;0;4;0;0
3153905;Raposos;MG;2026-09;8;12;4;8;4;5;1;1
3154002;Raul Soares;MG;2026-09;26;28;7;18;19;19;2;2
4121406;Realeza;PR;2026-09;23;32;10;16;13;20;3;3
4121505;Rebouças;PR;2026-09;16;18;11;15;5;6;2;2
2611606;Recife;PE;2026-09;1180;1909;490;819;690;1286;81;87
3154101;Recreio;MG;2026-09;8;8;4;6;4;4;1;1
1718501;Recursolândia;TO;2026-09;1;1;1;1;0;0;0;0
1506138;Redenção;PA;2026-09;42;93;21;43;21;66;2;2
2311603;Redenção;CE;2026-09;9;14;5;10;4;7;1;1
3542305;Redenção da Serra;SP;2026-09;1;2;1;1;0;1;0;0
2208700;Redenção do Gurguéia;PI;2026-09;2;2;2;2;0;0;0;0
4315404;Redentora;RS;2026-09;5;5;3;3;2;2;0;0
3154150;Reduto;MG;2026-09;3;3;1;1;2;2;0;0
2208809;Regeneração;PI;2026-09;5;7;3;3;2;6;0;0
3542404;Regente Feijó;SP;2026-09;22;24;16;16;6;9;2;2
3542503;Reginópolis;SP;2026-09;4;4;3;3;1;2;0;0
3542602;Registro;SP;2026-09;58;82;39;61;19;37;3;3
4315453;Relvado;RS;2026-09;2;2;1;1;1;1;0;0
2926004;Remanso;BA;2026-09;8;14;3;5;5;10;0;0
2512705;Remígio;PB;2026-09;14;16;10;12;4;6;1;1
4121604;Renascença;PR;2026-09;4;6;1;3;3;5;0;0
2311702;Reriutaba;CE;2026-09;7;9;7;8;0;2;1;1
3304201;Resende;RJ;2026-09;124;179;78;100;46;97;15;16
3154200;Resende Costa;MG;2026-09;13;17;7;14;6;9;2;2
4121703;Reserva;PR;2026-09;12;14;7;11;5;5;0;0
5107156;Reserva do Cabaçal;MT;2026-09;3;3;2;2;1;1;0;0
4121752;Reserva do Iguaçu;PR;2026-09;4;4;2;3;2;2;1;1
3154309;Resplendor;MG;2026-09;5;11;3;7;2;8;1;2
3154408;Ressaquinha;MG;2026-09;4;4;1;4;3;3;0;0
3542701;Restinga;SP;2026-09;4;6;3;4;1;2;0;0
4315503;Restinga Sêca;RS;2026-09;16;23;7;13;9;14;1;1
2926103;Retirolândia;BA;2026-09;8;15;7;8;1;8;1;1
2512747;Riachão;PB;2026-09;0;0;0;0;0;0;0;0
2109502;Riachão;MA;2026-09;4;11;3;6;1;7;1;1
2926202;Riachão das Neves;BA;2026-09;5;5;5;5;0;0;0;0
2512754;Riachão do Bacamarte;PB;2026-09;2;3;2;2;0;1;0;0
2805802;Riachão do Dantas;SE;2026-09;5;7;5;7;0;1;0;0
2926301;Riachão do Jacuípe;BA;2026-09;17;33;13;18;4;21;1;1
2512762;Riachão do Poço;PB;2026-09;1;1;1;1;0;0;0;0
1718550;Riachinho;TO;2026-09;0;1;0;1;0;1;0;0
3154457;Riachinho;MG;2026-09;1;3;1;1;0;2;0;0
2410702;Riacho da Cruz;RN;2026-09;1;3;1;3;0;2;0;0
2611705;Riacho das Almas;PE;2026-09;4;39;3;4;1;35;0;0
2926400;Riacho de Santana;BA;2026-09;12;15;8;12;4;9;2;2
2410801;Riacho de Santana;RN;2026-09;2;2;2;2;0;0;0;0
2512788;Riacho de Santo Antônio;PB;2026-09;1;1;1;1;0;0;0;0
2512804;Riacho dos Cavalos;PB;2026-09;4;6;4;4;0;2;0;0
3154507;Riacho dos Machados;MG;2026-09;2;3;2;2;0;3;1;1
2208858;Riacho Frio;PI;2026-09;1;1;1;1;0;0;0;0
2410900;Riachuelo;RN;2026-09;3;3;2;2;1;1;0;0
2805901;Riachuelo;SE;2026-09;1;4;1;3;0;1;0;0
5218607;Rialma;GO;2026-09;18;25;5;7;13;19;1;1
5218706;Rianápolis;GO;2026-09;6;6;2;2;4;4;0;0
2109551;Ribamar Fiquene;MA;2026-09;1;1;1;1;0;0;0;0
5007109;Ribas do Rio Pardo;MS;2026-09;12;21;8;14;4;11;1;1
3542800;Ribeira;SP;2026-09;1;1;1;1;0;0;0;0
2926509;Ribeira do Amparo;BA;2026-09;2;5;1;2;1;4;0;0
2208874;Ribeira do Piauí;PI;2026-09;1;1;1;1;0;0;0;0
2926608;Ribeira do Pombal;BA;2026-09;23;45;15;28;8;25;1;1
2611804;Ribeirão;PE;2026-09;9;15;5;6;4;9;1;1
3542909;Ribeirão Bonito;SP;2026-09;17;24;7;14;10;11;1;1
3543006;Ribeirão Branco;SP;2026-09;5;7;2;2;3;5;0;0
5107180;Ribeirão Cascalheira;MT;2026-09;2;6;2;5;0;1;0;0
4121802;Ribeirão Claro;PR;2026-09;6;9;2;4;4;6;0;0
3543105;Ribeirão Corrente;SP;2026-09;0;0;0;0;0;0;0;0
3154606;Ribeirão das Neves;MG;2026-09;101;131;68;101;33;60;17;17
2926657;Ribeirão do Largo;BA;2026-09;1;1;1;1;0;0;0;0
4121901;Ribeirão do Pinhal;PR;2026-09;9;14;5;10;4;7;2;2
3543204;Ribeirão do Sul;SP;2026-09;4;6;2;3;2;4;1;1
3543238;Ribeirão dos Índios;SP;2026-09;1;1;1;1;0;0;0;0
3543253;Ribeirão Grande;SP;2026-09;5;6;2;5;3;3;1;1
3543303;Ribeirão Pires;SP;2026-09;73;111;43;73;30;48;7;9
3543402;Ribeirão Preto;SP;2026-09;912;1215;462;771;450;629;110;116
3154705;Ribeirão Vermelho;MG;2026-09;5;5;1;2;4;4;0;0
5107198;Ribeirãozinho;MT;2026-09;3;4;2;4;1;2;1;1
2208908;Ribeiro Gonçalves;PI;2026-09;2;4;2;3;0;2;0;0
2806008;Ribeirópolis;SE;2026-09;8;10;5;8;3;5;1;1
3543600;Rifaina;SP;2026-09;2;2;2;2;0;0;0;0
3543709;Rincão;SP;2026-09;5;6;5;5;0;2;0;0
3543808;Rinópolis;SP;2026-09;8;8;7;7;1;1;0;0
3154804;Rio Acima;MG;2026-09;4;6;4;6;0;1;0;0
4122008;Rio Azul;PR;2026-09;7;8;2;3;5;6;2;2
3204351;Rio Bananal;ES;2026-09;21;23;12;16;9;12;1;1
4122107;Rio Bom;PR;2026-09;3;4;1;4;2;3;0;1
3304300;Rio Bonito;RJ;2026-09;40;342;22;28;18;317;1;1
4122156;Rio Bonito do Iguaçu;PR;2026-09;3;6;1;3;2;5;2;2
5107206;Rio Branco;MT;2026-09;6;6;4;4;2;3;0;0
1200401;Rio Branco;AC;2026-09;183;406;83;203;100;279;16;17
4122172;Rio Branco do Ivaí;PR;2026-09;0;1;0;1;0;0;0;0
4122206;Rio Branco do Sul;PR;2026-09;15;21;7;11;8;15;0;0
5007208;Rio Brilhante;MS;2026-09;20;25;16;21;4;7;0;0
3154903;Rio Casca;MG;2026-09;7;10;3;5;4;6;0;0
3304409;Rio Claro;RJ;2026-09;8;11;8;9;0;2;0;0
3543907;Rio Claro;SP;2026-09;163;223;89;141;74;120;12;12
1100262;Rio Crespo;RO;2026-09;0;0;0;0;0;0;0;0
1718659;Rio da Conceição;TO;2026-09;0;0;0;0;0;0;0;0
4214409;Rio das Antas;SC;2026-09;3;5;1;2;2;4;0;0
3304508;Rio das Flores;RJ;2026-09;3;4;3;3;0;1;0;0
3304524;Rio das Ostras;RJ;2026-09;131;241;85;146;46;135;14;15
3544004;Rio das Pedras;SP;2026-09;16;19;11;15;5;6;0;0
2926707;Rio de Contas;BA;2026-09;3;4;2;3;1;2;0;0
3304557;Rio de Janeiro;RJ;2026-09;6324;10554;2741;4530;3583;6952;426;462
2926806;Rio do Antônio;BA;2026-09;6;6;4;5;2;3;2;2
4214508;Rio do Campo;SC;2026-09;6;6;4;4;2;2;0;0
2408953;Rio do Fogo;RN;2026-09;2;3;2;3;0;0;0;0
4214607;Rio do Oeste;SC;2026-09;7;7;3;3;4;5;0;0
2926905;Rio do Pires;BA;2026-09;6;6;3;3;3;3;0;0
3155108;Rio do Prado;MG;2026-09;0;0;0;0;0;0;0;0
4214805;Rio do Sul;SC;2026-09;103;129;54;75;49;70;11;11
3155009;Rio Doce;MG;2026-09;2;2;2;2;0;1;0;0
1718709;Rio dos Bois;TO;2026-09;0;0;0;0;0;0;0;0
4214706;Rio dos Cedros;SC;2026-09;11;11;6;7;5;5;0;0
4315552;Rio dos Índios;RS;2026-09;2;3;1;2;1;2;0;0
3155207;Rio Espera;MG;2026-09;2;2;2;2;0;0;0;0
2611903;Rio Formoso;PE;2026-09;1;2;1;2;0;0;0;0
4214904;Rio Fortuna;SC;2026-09;5;8;4;8;1;3;2;2
4315602;Rio Grande;RS;2026-09;168;222;83;134;85;133;6;6
3544103;Rio Grande da Serra;SP;2026-09;10;10;8;8;2;2;0;0
2209005;Rio Grande do Piauí;PI;2026-09;2;4;1;1;1;3;0;0
2707701;Rio Largo;AL;2026-09;27;32;22;25;5;10;3;3
3155306;Rio Manso;MG;2026-09;6;6;4;4;2;2;0;0
1506161;Rio Maria;PA;2026-09;7;15;6;7;1;9;0;0
4215000;Rio Negrinho;SC;2026-09;31;37;20;27;11;12;2;2
5007307;Rio Negro;MS;2026-09;3;5;2;3;1;2;1;1
4122305;Rio Negro;PR;2026-09;32;47;22;33;10;18;2;2
3155405;Rio Novo;MG;2026-09;6;8;2;3;4;5;0;0
3204401;Rio Novo do Sul;ES;2026-09;9;14;9;11;0;5;1;1
3155504;Rio Paranaíba;MG;2026-09;12;19;8;14;4;10;2;3
4315701;Rio Pardo;RS;2026-09;16;20;6;11;10;10;0;0
3155603;Rio Pardo de Minas;MG;2026-09;16;19;9;14;7;11;3;3
3155702;Rio Piracicaba;MG;2026-09;14;14;9;13;5;5;3;3
3155801;Rio Pomba;MG;2026-09;14;18;7;13;7;10;1;1
3155900;Rio Preto;MG;2026-09;1;1;1;1;0;0;0;0
1303569;Rio Preto da Eva;AM;2026-09;7;18;7;14;0;7;0;0
5218789;Rio Quente;GO;2026-09;3;5;3;4;0;1;0;0
2927002;Rio Real;BA;2026-09;6;10;4;6;2;6;1;1
4215059;Rio Rufino;SC;2026-09;1;1;1;1;0;0;0;0
1718758;Rio Sono;TO;2026-09;1;1;1;1;0;0;0;0
2512903;Rio Tinto;PB;2026-09;11;13;6;11;5;6;3;3
5218805;Rio Verde;GO;2026-09;151;244;89;142;62;134;11;11
5007406;Rio Verde de Mato Grosso;MS;2026-09;10;13;5;9;5;6;0;0
3156007;Rio Vermelho;MG;2026-09;6;8;3;4;3;5;1;1
3544202;Riolândia;SP;2026-09;4;5;3;4;1;1;1;1
4315750;Riozinho;RS;2026-09;2;2;2;2;0;1;0;0
4215075;Riqueza;SC;2026-09;5;6;5;6;0;2;1;1
3156106;Ritápolis;MG;2026-09;4;4;3;3;1;2;1;1
3543501;Riversul;SP;2026-09;3;3;3;3;0;1;0;0
4315800;Roca Sales;RS;2026-09;5;5;2;2;3;3;0;0
5007505;Rochedo;MS;2026-09;1;4;1;3;0;1;0;0
3156205;Rochedo de Minas;MG;2026-09;0;0;0;0;0;0;0;0
4215109;Rodeio;SC;2026-09;7;12;3;7;4;6;0;0
4315909;Rodeio Bonito;RS;2026-09;4;7;3;5;1;3;0;0
3156304;Rodeiro;MG;2026-09;12;12;9;10;3;3;1;1
2927101;Rodelas;BA;2026-09;3;6;3;4;0;2;1;1
2411007;Rodolfo Fernandes;RN;2026-09;7;10;3;6;4;4;0;0
1200427;Rodrigues Alves;AC;2026-09;1;5;1;4;0;2;0;0
4315958;Rolador;RS;2026-09;1;2;1;2;0;0;0;0
4122404;Rolândia;PR;2026-09;81;110;39;68;42;59;12;12
4316006;Rolante;RS;2026-09;14;22;9;18;5;6;1;1
1100288;Rolim de Moura;RO;2026-09;43;109;28;57;15;73;3;3
3156403;Romaria;MG;2026-09;0;0;0;0;0;0;0;0
4215208;Romelândia;SC;2026-09;3;5;2;4;1;2;0;0
4122503;Roncador;PR;2026-09;8;9;5;9;3;3;0;0
4316105;Ronda Alta;RS;2026-09;8;12;5;7;3;6;1;1
4316204;Rondinha;RS;2026-09;3;6;2;5;1;2;0;0
5107578;Rondolândia;MT;2026-09;1;2;1;1;0;1;0;0
4122602;Rondon;PR;2026-09;9;11;4;7;5;7;4;4
1506187;Rondon do Pará;PA;2026-09;11;27;8;16;3;15;0;0
5107602;Rondonópolis;MT;2026-09;219;320;86;163;133;211;16;16
4316303;Roque Gonzales;RS;2026-09;5;6;3;6;2;2;1;1
1400472;Rorainópolis;RR;2026-09;7;22;7;18;0;5;0;0
3544251;Rosana;SP;2026-09;13;18;7;10;6;9;0;0
2109601;Rosário;MA;2026-09;7;18;5;12;2;9;1;1
3156452;Rosário da Limeira;MG;2026-09;3;4;2;3;1;2;1;1
2806107;Rosário do Catete;SE;2026-09;2;4;2;3;0;2;0;0
4122651;Rosário do Ivaí;PR;2026-09;2;4;2;3;0;2;0;0
4316402;Rosário do Sul;RS;2026-09;26;35;14;24;12;13;0;0
5107701;Rosário Oeste;MT;2026-09;3;4;1;2;2;2;1;1
3544301;Roseira;SP;2026-09;6;6;3;5;3;3;0;0
2707800;Roteiro;AL;2026-09;2;2;2;2;0;0;0;0
3156502;Rubelita;MG;2026-09;1;1;1;1;0;0;0;0
3544400;Rubiácea;SP;2026-09;1;1;0;0;1;1;0;0
5218904;Rubiataba;GO;2026-09;19;23;6;10;13;17;0;0
3156601;Rubim;MG;2026-09;1;1;1;1;0;0;0;0
3544509;Rubinéia;SP;2026-09;6;8;2;6;4;5;1;1
1506195;Rurópolis;PA;2026-09;4;16;3;11;1;6;1;1
2311801;Russas;CE;2026-09;39;55;26;33;13;28;0;0
2411106;Ruy Barbosa;RN;2026-09;1;1;1;1;0;0;0;0
2927200;Ruy Barbosa;BA;2026-09;12;19;8;11;4;11;0;0
3156700;Sabará;MG;2026-09;77;92;45;66;32;46;12;13
4122701;Sabáudia;PR;2026-09;9;12;5;7;4;7;2;2
3544608;Sabino;SP;2026-09;1;1;1;1;0;0;0;0
3156809;Sabinópolis;MG;2026-09;8;9;4;7;4;4;2;2
2311900;Saboeiro;CE;2026-09;2;2;2;2;0;0;0;0
3156908;Sacramento;MG;2026-09;20;26;13;21;7;11;2;2
4316428;Sagrada Família;RS;2026-09;3;3;3;3;0;0;0;0
3544707;Sagres;SP;2026-09;5;5;2;2;3;3;0;0
2612000;Sairé;PE;2026-09;6;10;5;7;1;5;1;1
4316436;Saldanha Marinho;RS;2026-09;1;2;1;2;0;0;0;0
3544806;Sales;SP;2026-09;3;6;1;2;2;4;0;0
3544905;Sales Oliveira;SP;2026-09;11;12;6;8;5;5;0;0
3545001;Salesópolis;SP;2026-09;9;12;7;11;2;6;2;2
4215307;Salete;SC;2026-09;9;11;4;5;5;7;1;1
2612109;Salgadinho;PE;2026-09;0;0;0;0;0;0;0;0
2513000;Salgadinho;PB;2026-09;2;2;2;2;0;0;0;0
2806206;Salgado;SE;2026-09;7;9;5;7;2;3;0;0
2513109;Salgado de São Félix;PB;2026-09;2;2;2;2;0;0;0;0
4122800;Salgado Filho;PR;2026-09;3;3;2;2;1;1;0;0
2612208;Salgueiro;PE;2026-09;28;46;21;26;7;25;3;3
3157005;Salinas;MG;2026-09;32;48;19;33;13;26;4;4
2927309;Salinas da Margarida;BA;2026-09;5;8;4;6;1;4;0;0
1506203;Salinópolis;PA;2026-09;12;17;10;11;2;6;0;0
2311959;Salitre;CE;2026-09;3;3;3;3;0;0;0;0
3545100;Salmourão;SP;2026-09;2;2;2;2;0;0;0;0
2612307;Saloá;PE;2026-09;4;4;4;4;0;0;0;0
3545159;Saltinho;SP;2026-09;4;8;2;6;2;2;1;1
4215356;Saltinho;SC;2026-09;2;4;2;4;0;1;0;0
3545209;Salto;SP;2026-09;97;127;56;81;41;62;13;15
3157104;Salto da Divisa;MG;2026-09;0;0;0;0;0;0;0;0
3545308;Salto de Pirapora;SP;2026-09;26;30;17;23;9;15;3;3
5107750;Salto do Céu;MT;2026-09;2;2;1;2;1;1;1;1
4122909;Salto do Itararé;PR;2026-09;1;5;1;1;0;4;0;0
4316451;Salto do Jacuí;RS;2026-09;11;17;7;11;4;8;0;0
4123006;Salto do Lontra;PR;2026-09;12;14;3;6;9;9;3;3
3545407;Salto Grande;SP;2026-09;5;6;4;4;1;2;0;0
4215406;Salto Veloso;SC;2026-09;2;3;2;3;0;1;0;0
2927408;Salvador;BA;2026-09;2052;3171;904;1470;1148;2171;250;258
4316477;Salvador das Missões;RS;2026-09;1;2;1;1;0;1;0;0
4316501;Salvador do Sul;RS;2026-09;8;10;5;5;3;5;0;0
1506302;Salvaterra;PA;2026-09;3;7;3;5;0;2;0;0
2109700;Sambaíba;MA;2026-09;0;0;0;0;0;0;0;0
1718808;Sampaio;TO;2026-09;2;2;2;2;0;0;0;0
4316600;Sananduva;RS;2026-09;15;20;6;11;9;11;1;1
5219001;Sanclerlândia;GO;2026-09;7;13;4;7;3;8;0;0
1718840;Sandolândia;TO;2026-09;2;3;0;1;2;3;0;0
3545506;Sandovalina;SP;2026-09;2;3;1;3;1;1;1;1
4215455;Sangão;SC;2026-09;3;4;2;3;1;2;1;1
2612406;Sanharó;PE;2026-09;4;6;4;4;0;2;0;0
3545605;Santa Adélia;SP;2026-09;7;12;5;10;2;3;0;0
3545704;Santa Albertina;SP;2026-09;3;5;2;3;1;2;0;0
4123105;Santa Amélia;PR;2026-09;3;3;3;3;0;0;0;0
3157203;Santa Bárbara;MG;2026-09;27;36;11;23;16;22;1;1
2927507;Santa Bárbara;BA;2026-09;6;7;3;5;3;4;1;1
5219100;Santa Bárbara de Goiás;GO;2026-09;7;11;1;3;6;10;1;1
3157252;Santa Bárbara do Leste;MG;2026-09;4;4;1;3;3;3;1;1
3157278;Santa Bárbara do Monte Verde;MG;2026-09;1;2;0;1;1;2;0;1
1506351;Santa Bárbara do Pará;PA;2026-09;8;8;8;8;0;0;0;0
4316709;Santa Bárbara do Sul;RS;2026-09;5;5;1;2;4;4;0;0
3157302;Santa Bárbara do Tugúrio;MG;2026-09;5;5;2;2;3;4;1;1
3545803;Santa Bárbara d'Oeste;SP;2026-09;115;145;73;113;42;58;15;15
3546009;Santa Branca;SP;2026-09;6;8;4;5;2;5;1;1
2927606;Santa Brígida;BA;2026-09;5;5;5;5;0;0;0;0
5107248;Santa Carmem;MT;2026-09;7;8;4;7;3;5;0;0
4215505;Santa Cecília;SC;2026-09;8;10;7;7;1;3;0;0
2513158;Santa Cecília;PB;2026-09;2;2;2;2;0;0;0;0
4123204;Santa Cecília do Pavão;PR;2026-09;4;5;2;2;2;3;0;0
4316733;Santa Cecília do Sul;RS;2026-09;0;0;0;0;0;0;0;0
4316758;Santa Clara do Sul;RS;2026-09;5;8;4;6;1;3;1;1
3546108;Santa Clara d'Oeste;SP;2026-09;5;6;2;2;3;4;0;0
2513208;Santa Cruz;PB;2026-09;1;2;1;1;0;1;0;0
2411205;Santa Cruz;RN;2026-09;16;37;11;23;5;20;0;0
2612455;Santa Cruz;PE;2026-09;2;2;2;2;0;0;0;0
2927705;Santa Cruz Cabrália;BA;2026-09;10;12;8;12;2;2;0;0
2612471;Santa Cruz da Baixa Verde;PE;2026-09;3;3;3;3;0;0;0;0
3546207;Santa Cruz da Conceição;SP;2026-09;0;0;0;0;0;0;0;0
3546256;Santa Cruz da Esperança;SP;2026-09;2;2;1;1;1;1;0;0
2927804;Santa Cruz da Vitória;BA;2026-09;1;1;1;1;0;1;0;0
3546306;Santa Cruz das Palmeiras;SP;2026-09;17;19;9;9;8;11;1;1
5219209;Santa Cruz de Goiás;GO;2026-09;1;1;1;1;0;0;0;0
3157336;Santa Cruz de Minas;MG;2026-09;4;5;3;3;1;3;0;0
4123303;Santa Cruz de Monte Castelo;PR;2026-09;5;9;3;7;2;3;0;0
3157377;Santa Cruz de Salinas;MG;2026-09;0;0;0;0;0;0;0;0
1506401;Santa Cruz do Arari;PA;2026-09;0;0;0;0;0;0;0;0
2612505;Santa Cruz do Capibaribe;PE;2026-09;46;66;38;50;8;22;2;2
3157401;Santa Cruz do Escalvado;MG;2026-09;3;4;2;3;1;3;1;1
2209104;Santa Cruz do Piauí;PI;2026-09;3;4;3;3;0;1;0;0
3546405;Santa Cruz do Rio Pardo;SP;2026-09;54;69;28;39;26;34;2;2
4316808;Santa Cruz do Sul;RS;2026-09;163;229;74;143;89;131;12;12
5107743;Santa Cruz do Xingu;MT;2026-09;3;4;2;3;1;2;0;0
2209153;Santa Cruz dos Milagres;PI;2026-09;1;1;1;1;0;0;0;0
3157500;Santa Efigênia de Minas;MG;2026-09;1;2;1;1;0;1;0;0
3546504;Santa Ernestina;SP;2026-09;2;4;2;4;0;1;0;0
4123402;Santa Fé;PR;2026-09;8;13;4;7;4;8;0;0
5219258;Santa Fé de Goiás;GO;2026-09;5;5;2;2;3;3;1;1
3157609;Santa Fé de Minas;MG;2026-09;0;2;0;2;0;0;0;0
1718865;Santa Fé do Araguaia;TO;2026-09;1;1;1;1;0;0;0;0
3546603;Santa Fé do Sul;SP;2026-09;48;68;22;35;26;42;2;2
2209203;Santa Filomena;PI;2026-09;2;3;2;2;0;1;0;0
2612554;Santa Filomena;PE;2026-09;2;2;2;2;0;0;0;0
2109759;Santa Filomena do Maranhão;MA;2026-09;1;1;1;1;0;0;0;0
3546702;Santa Gertrudes;SP;2026-09;8;11;7;11;1;1;1;1
4123501;Santa Helena;PR;2026-09;18;32;8;20;10;17;0;0
4215554;Santa Helena;SC;2026-09;3;3;2;2;1;1;0;0
2109809;Santa Helena;MA;2026-09;8;16;6;9;2;7;0;0
2513307;Santa Helena;PB;2026-09;3;3;3;3;0;0;0;0
5219308;Santa Helena de Goiás;GO;2026-09;18;32;14;18;4;15;1;1
3157658;Santa Helena de Minas;MG;2026-09;0;0;0;0;0;0;0;0
4123600;Santa Inês;PR;2026-09;1;2;1;2;0;0;0;0
2513356;Santa Inês;PB;2026-09;0;0;0;0;0;0;0;0
2109908;Santa Inês;MA;2026-09;40;92;29;51;11;49;2;2
2927903;Santa Inês;BA;2026-09;4;4;2;2;2;2;0;0
3546801;Santa Isabel;SP;2026-09;24;34;19;24;5;15;4;4
5219357;Santa Isabel;GO;2026-09;2;2;1;1;1;1;0;0
4123709;Santa Isabel do Ivaí;PR;2026-09;6;8;3;5;3;4;1;1
1303601;Santa Isabel do Rio Negro;AM;2026-09;1;1;1;1;0;0;0;0
4123808;Santa Izabel do Oeste;PR;2026-09;12;14;5;8;7;10;0;0
1506500;Santa Izabel do Pará;PA;2026-09;24;31;22;22;2;11;2;2
3157708;Santa Juliana;MG;2026-09;6;13;4;8;2;8;0;0
3204500;Santa Leopoldina;ES;2026-09;2;3;1;2;1;2;0;0
4123824;Santa Lúcia;PR;2026-09;1;1;0;1;1;1;1;1
3546900;Santa Lúcia;SP;2026-09;5;5;3;3;2;2;0;0
2209302;Santa Luz;PI;2026-09;1;1;1;1;0;0;0;0
2513406;Santa Luzia;PB;2026-09;10;17;7;8;3;11;0;0
2110005;Santa Luzia;MA;2026-09;21;31;18;24;3;9;1;1
2928059;Santa Luzia;BA;2026-09;5;11;4;7;1;6;0;0
3157807;Santa Luzia;MG;2026-09;124;165;77;113;47;80;16;17
2806305;Santa Luzia do Itanhy;SE;2026-09;1;3;1;1;0;2;0;0
2707909;Santa Luzia do Norte;AL;2026-09;1;2;1;1;0;1;0;0
1506559;Santa Luzia do Pará;PA;2026-09;5;8;5;6;0;3;0;0
2110039;Santa Luzia do Paruá;MA;2026-09;2;10;2;7;0;6;0;0
1100296;Santa Luzia D'Oeste;RO;2026-09;4;9;2;5;2;6;1;1
3157906;Santa Margarida;MG;2026-09;8;9;5;6;3;4;1;1
4316972;Santa Margarida do Sul;RS;2026-09;1;1;1;1;0;0;0;0
4316907;Santa Maria;RS;2026-09;274;376;154;230;120;188;22;22
2409332;Santa Maria;RN;2026-09;1;2;1;1;0;1;0;0
2612604;Santa Maria da Boa Vista;PE;2026-09;5;8;4;5;1;4;0;0
3547007;Santa Maria da Serra;SP;2026-09;4;4;4;4;0;1;0;0
2928109;Santa Maria da Vitória;BA;2026-09;14;21;10;14;4;9;0;0
1506583;Santa Maria das Barreiras;PA;2026-09;4;5;3;3;1;3;0;0
3158003;Santa Maria de Itabira;MG;2026-09;6;8;2;4;4;7;2;2
3204559;Santa Maria de Jetibá;ES;2026-09;26;33;22;27;4;12;2;2
2612703;Santa Maria do Cambucá;PE;2026-09;3;4;3;3;0;1;0;0
4316956;Santa Maria do Herval;RS;2026-09;3;3;2;3;1;1;0;0
4123857;Santa Maria do Oeste;PR;2026-09;2;4;1;2;1;2;0;0
1506609;Santa Maria do Pará;PA;2026-09;4;10;3;6;1;6;1;1
3158102;Santa Maria do Salto;MG;2026-09;0;1;0;1;0;0;0;0
3158201;Santa Maria do Suaçuí;MG;2026-09;4;5;2;4;2;2;0;0
1718881;Santa Maria do Tocantins;TO;2026-09;1;1;1;1;0;0;0;0
3304607;Santa Maria Madalena;RJ;2026-09;6;8;4;6;2;5;2;2
4123907;Santa Mariana;PR;2026-09;8;8;4;5;4;4;0;0
3547106;Santa Mercedes;SP;2026-09;2;2;1;1;1;1;0;0
4123956;Santa Mônica;PR;2026-09;2;2;2;2;0;0;1;1
2312205;Santa Quitéria;CE;2026-09;16;27;15;22;1;6;0;0
2110104;Santa Quitéria do Maranhão;MA;2026-09;3;3;1;1;2;2;0;0
2110203;Santa Rita;MA;2026-09;9;17;7;15;2;9;0;0
2513703;Santa Rita;PB;2026-09;55;66;41;51;14;27;6;6
3159209;Santa Rita de Caldas;MG;2026-09;7;9;3;7;4;4;0;0
2928406;Santa Rita de Cássia;BA;2026-09;6;8;5;7;1;3;1;1
3159407;Santa Rita de Ibitipoca;MG;2026-09;3;3;2;3;1;2;0;0
3159308;Santa Rita de Jacutinga;MG;2026-09;8;12;7;9;1;6;2;2
3159357;Santa Rita de Minas;MG;2026-09;3;3;3;3;0;0;0;0
5219407;Santa Rita do Araguaia;GO;2026-09;1;2;1;1;0;1;0;0
3159506;Santa Rita do Itueto;MG;2026-09;3;3;2;2;1;1;1;1
5219456;Santa Rita do Novo Destino;GO;2026-09;2;3;1;2;1;1;0;0
5007554;Santa Rita do Pardo;MS;2026-09;2;3;2;2;0;1;0;0
3547502;Santa Rita do Passa Quatro;SP;2026-09;18;22;11;14;7;9;0;0
3159605;Santa Rita do Sapucaí;MG;2026-09;57;72;43;54;14;25;4;4
1718899;Santa Rita do Tocantins;TO;2026-09;1;1;1;1;0;1;0;0
5107768;Santa Rita do Trivelato;MT;2026-09;4;6;2;3;2;3;0;0
3547403;Santa Rita d'Oeste;SP;2026-09;1;2;1;2;0;0;0;0
4317202;Santa Rosa;RS;2026-09;72;101;34;58;38;56;3;3
3159704;Santa Rosa da Serra;MG;2026-09;3;3;3;3;0;0;0;0
5219506;Santa Rosa de Goiás;GO;2026-09;0;0;0;0;0;0;0;0
4215604;Santa Rosa de Lima;SC;2026-09;0;0;0;0;0;0;0;0
2806503;Santa Rosa de Lima;SE;2026-09;2;2;2;2;0;0;0;0
3547601;Santa Rosa de Viterbo;SP;2026-09;18;25;8;15;10;13;0;0
2209377;Santa Rosa do Piauí;PI;2026-09;2;2;2;2;0;0;0;0
1200435;Santa Rosa do Purus;AC;2026-09;0;0;0;0;0;0;0;0
4215653;Santa Rosa do Sul;SC;2026-09;7;10;5;9;2;5;0;0
1718907;Santa Rosa do Tocantins;TO;2026-09;0;0;0;0;0;0;0;0
3547650;Santa Salete;SP;2026-09;2;2;0;1;2;2;0;0
3204609;Santa Teresa;ES;2026-09;19;28;10;22;9;15;1;1
2513802;Santa Teresinha;PB;2026-09;2;2;1;1;1;1;1;1
4317251;Santa Tereza;RS;2026-09;1;2;1;1;0;1;0;0
5219605;Santa Tereza de Goiás;GO;2026-09;3;3;1;1;2;2;1;1
4124020;Santa Tereza do Oeste;PR;2026-09;9;14;5;11;4;6;1;1
1719004;Santa Tereza do Tocantins;TO;2026-09;0;0;0;0;0;0;0;0
2612802;Santa Terezinha;PE;2026-09;1;1;1;1;0;0;0;0
4215679;Santa Terezinha;SC;2026-09;6;8;4;7;2;4;2;2
5107776;Santa Terezinha;MT;2026-09;3;3;1;2;2;2;1;1
2928505;Santa Terezinha;BA;2026-09;2;3;2;2;0;1;1;1
5219704;Santa Terezinha de Goiás;GO;2026-09;4;7;2;2;2;5;1;1
4124053;Santa Terezinha de Itaipu;PR;2026-09;17;26;9;17;8;12;2;2
4215687;Santa Terezinha do Progresso;SC;2026-09;0;1;0;1;0;0;0;0
1720002;Santa Terezinha do Tocantins;TO;2026-09;0;0;0;0;0;0;0;0
3159803;Santa Vitória;MG;2026-09;15;18;12;16;3;5;1;1
4317301;Santa Vitória do Palmar;RS;2026-09;19;26;18;20;1;7;1;1
2928000;Santaluz;BA;2026-09;19;40;13;21;6;23;2;2
2928208;Santana;BA;2026-09;6;9;5;6;1;4;0;0
1600600;Santana;AP;2026-09;40;87;27;57;13;45;2;2
4317004;Santana da Boa Vista;RS;2026-09;3;4;3;4;0;0;1;1
3547205;Santana da Ponte Pensa;SP;2026-09;1;1;0;1;1;1;1;1
3158300;Santana da Vargem;MG;2026-09;5;7;5;7;0;1;0;0
3158409;Santana de Cataguases;MG;2026-09;1;1;1;1;0;0;0;0
2513505;Santana de Mangueira;PB;2026-09;2;2;2;2;0;0;0;0
3547304;Santana de Parnaíba;SP;2026-09;136;201;69;127;67;102;18;18
3158508;Santana de Pirapama;MG;2026-09;1;1;1;1;0;1;0;0
2312007;Santana do Acaraú;CE;2026-09;9;11;8;8;1;3;0;0
1506708;Santana do Araguaia;PA;2026-09;6;13;5;8;1;7;0;0
2312106;Santana do Cariri;CE;2026-09;7;7;5;6;2;2;0;0
3158607;Santana do Deserto;MG;2026-09;3;3;1;3;2;2;1;1
3158706;Santana do Garambéu;MG;2026-09;2;3;2;3;0;0;0;0
2708006;Santana do Ipanema;AL;2026-09;9;20;8;9;1;11;0;0
4124004;Santana do Itararé;PR;2026-09;3;3;2;2;1;1;0;0
3158805;Santana do Jacaré;MG;2026-09;4;5;3;5;1;1;1;1
4317103;Sant'Ana do Livramento;RS;2026-09;44;68;25;42;19;32;2;2
3158904;Santana do Manhuaçu;MG;2026-09;2;2;2;2;0;1;1;1
2110237;Santana do Maranhão;MA;2026-09;1;3;1;2;0;2;0;0
2411403;Santana do Matos;RN;2026-09;6;10;5;6;1;5;0;0
2708105;Santana do Mundaú;AL;2026-09;5;6;4;4;1;2;1;1
3158953;Santana do Paraíso;MG;2026-09;27;36;21;26;6;15;3;3
2209351;Santana do Piauí;PI;2026-09;3;3;3;3;0;0;0;0
3159001;Santana do Riacho;MG;2026-09;6;6;5;6;1;2;2;2
2806404;Santana do São Francisco;SE;2026-09;4;4;4;4;0;0;0;0
2411429;Santana do Seridó;RN;2026-09;1;1;1;1;0;0;0;0
2513604;Santana dos Garrotes;PB;2026-09;4;6;2;3;2;4;0;0
3159100;Santana dos Montes;MG;2026-09;0;0;0;0;0;0;0;0
2928307;Santanópolis;BA;2026-09;4;6;3;6;1;2;2;2
1506807;Santarém;PA;2026-09;153;249;95;144;58;136;11;12
1506906;Santarém Novo;PA;2026-09;0;0;0;0;0;0;0;0
4317400;Santiago;RS;2026-09;48;56;33;44;15;20;5;5
4215695;Santiago do Sul;SC;2026-09;0;0;0;0;0;0;0;0
5107263;Santo Afonso;MT;2026-09;3;3;1;2;2;2;1;1
2928604;Santo Amaro;BA;2026-09;16;26;11;15;5;15;0;0
4215703;Santo Amaro da Imperatriz;SC;2026-09;42;46;21;32;21;26;6;6
2806602;Santo Amaro das Brotas;SE;2026-09;5;6;4;4;1;2;1;1
2110278;Santo Amaro do Maranhão;MA;2026-09;2;4;2;3;0;2;0;0
3547700;Santo Anastácio;SP;2026-09;12;15;4;7;8;10;1;1
3547809;Santo André;SP;2026-09;753;1056;369;576;384;601;107;116
2513851;Santo André;PB;2026-09;1;1;0;0;1;1;0;0
4317509;Santo Ângelo;RS;2026-09;93;120;51;74;42;65;7;7
2411502;Santo Antônio;RN;2026-09;6;10;5;5;1;5;0;0
3547908;Santo Antônio da Alegria;SP;2026-09;3;3;2;3;1;1;0;0
5219712;Santo Antônio da Barra;GO;2026-09;1;3;1;2;0;1;0;0
4317608;Santo Antônio da Patrulha;RS;2026-09;28;36;22;26;6;12;1;1
4124103;Santo Antônio da Platina;PR;2026-09;41;68;20;40;21;36;2;2
4317707;Santo Antônio das Missões;RS;2026-09;5;5;2;3;3;3;0;0
5219738;Santo Antônio de Goiás;GO;2026-09;11;16;6;9;5;12;1;1
2928703;Santo Antônio de Jesus;BA;2026-09;83;154;35;65;48;117;2;2
5107800;Santo Antônio de Leverger;MT;2026-09;2;4;2;2;0;2;0;0
2209401;Santo Antônio de Lisboa;PI;2026-09;3;4;3;3;0;1;0;0
3304706;Santo Antônio de Pádua;RJ;2026-09;29;46;20;29;9;25;2;2
3548005;Santo Antônio de Posse;SP;2026-09;15;22;11;16;4;8;0;0
3159902;Santo Antônio do Amparo;MG;2026-09;6;13;6;9;0;4;1;1
3548054;Santo Antônio do Aracanguá;SP;2026-09;5;5;1;1;4;5;1;1
3160009;Santo Antônio do Aventureiro;MG;2026-09;3;5;3;5;0;0;0;0
4124202;Santo Antônio do Caiuá;PR;2026-09;1;2;1;2;0;0;0;0
5219753;Santo Antônio do Descoberto;GO;2026-09;14;21;13;16;1;6;0;0
3160108;Santo Antônio do Grama;MG;2026-09;4;5;3;4;1;2;1;1
1303700;Santo Antônio do Içá;AM;2026-09;3;5;2;4;1;1;0;0
3160207;Santo Antônio do Itambé;MG;2026-09;1;1;1;1;0;0;0;0
3160306;Santo Antônio do Jacinto;MG;2026-09;0;1;0;1;0;0;0;0
3548104;Santo Antônio do Jardim;SP;2026-09;3;4;3;3;0;1;1;1
5107792;Santo Antônio do Leste;MT;2026-09;3;5;3;4;0;2;0;0
3160405;Santo Antônio do Monte;MG;2026-09;17;23;12;15;5;12;3;3
4317558;Santo Antônio do Palma;RS;2026-09;2;3;1;2;1;1;1;1
4124301;Santo Antônio do Paraíso;PR;2026-09;3;3;2;3;1;1;0;0
3548203;Santo Antônio do Pinhal;SP;2026-09;8;12;6;10;2;3;1;1
4317756;Santo Antônio do Planalto;RS;2026-09;2;2;1;2;1;1;1;1
3160454;Santo Antônio do Retiro;MG;2026-09;0;0;0;0;0;0;0;0
3160504;Santo Antônio do Rio Abaixo;MG;2026-09;1;1;0;1;1;1;1;1
4124400;Santo Antônio do Sudoeste;PR;2026-09;11;15;6;9;5;9;2;2
1507003;Santo Antônio do Tauá;PA;2026-09;7;14;7;8;0;6;0;0
2110302;Santo Antônio dos Lopes;MA;2026-09;3;8;3;5;0;5;0;0
2209450;Santo Antônio dos Milagres;PI;2026-09;1;1;1;1;0;0;0;0
4317806;Santo Augusto;RS;2026-09;3;12;1;5;2;9;0;0
4317905;Santo Cristo;RS;2026-09;11;17;6;13;5;9;1;1
2928802;Santo Estêvão;BA;2026-09;26;43;17;27;9;24;3;3
3548302;Santo Expedito;SP;2026-09;2;2;1;2;1;1;0;0
4317954;Santo Expedito do Sul;RS;2026-09;3;4;0;2;3;3;1;1
3160603;Santo Hipólito;MG;2026-09;0;0;0;0;0;0;0;0
4124509;Santo Inácio;PR;2026-09;3;3;2;2;1;1;0;0
2209500;Santo Inácio do Piauí;PI;2026-09;2;2;1;1;1;1;0;0
3548401;Santópolis do Aguapeí;SP;2026-09;5;7;3;5;2;6;1;1
3548500;Santos;SP;2026-09;647;909;299;510;348;495;51;60
3160702;Santos Dumont;MG;2026-09;28;39;17;25;11;19;2;2
2312304;São Benedito;CE;2026-09;22;36;14;20;8;19;1;1
2110401;São Benedito do Rio Preto;MA;2026-09;3;3;2;3;1;1;1;1
2612901;São Benedito do Sul;PE;2026-09;2;2;2;2;0;0;0;0
2513927;São Bentinho;PB;2026-09;2;2;2;2;0;0;0;0
2513901;São Bento;PB;2026-09;19;24;16;20;3;7;1;1
2110500;São Bento;MA;2026-09;5;9;3;6;2;5;0;0
3160801;São Bento Abade;MG;2026-09;2;3;1;1;1;2;0;0
2411601;São Bento do Norte;RN;2026-09;0;1;0;0;0;1;0;0
3548609;São Bento do Sapucaí;SP;2026-09;8;11;6;10;2;3;0;0
4215802;São Bento do Sul;SC;2026-09;76;101;50;72;26;44;11;11
1720101;São Bento do Tocantins;TO;2026-09;2;3;2;2;0;1;0;0
2411700;São Bento do Trairí;RN;2026-09;1;1;1;1;0;0;0;0
2613008;São Bento do Una;PE;2026-09;17;22;10;13;7;12;0;0
4215752;São Bernardino;SC;2026-09;2;2;1;2;1;1;0;0
2110609;São Bernardo;MA;2026-09;6;9;5;6;1;4;0;0
3548708;São Bernardo do Campo;SP;2026-09;725;984;369;553;356;538;91;98
4215901;São Bonifácio;SC;2026-09;0;0;0;0;0;0;0;0
4318002;São Borja;RS;2026-09;33;40;21;27;12;16;2;2
2708204;São Brás;AL;2026-09;2;2;2;2;0;0;0;0
3160900;São Brás do Suaçuí;MG;2026-09;5;6;2;3;3;4;1;1
2209559;São Braz do Piauí;PI;2026-09;1;1;1;1;0;0;0;0
1507102;São Caetano de Odivelas;PA;2026-09;3;4;2;4;1;1;0;0
3548807;São Caetano do Sul;SP;2026-09;349;491;164;267;185;288;42;45
2613107;São Caitano;PE;2026-09;11;27;7;10;4;19;1;1
3548906;São Carlos;SP;2026-09;317;410;140;216;177;239;19;20
4216008;São Carlos;SC;2026-09;7;7;5;6;2;3;0;0
4124608;São Carlos do Ivaí;PR;2026-09;5;8;3;7;2;3;1;1
2806701;São Cristóvão;SE;2026-09;35;39;25;28;10;19;6;6
4216057;São Cristóvão do Sul;SC;2026-09;5;5;1;3;4;4;1;1
2928901;São Desidério;BA;2026-09;11;18;7;12;4;10;2;2
2928950;São Domingos;BA;2026-09;5;9;5;5;0;6;1;1
4216107;São Domingos;SC;2026-09;4;5;4;5;0;0;1;1
5219803;São Domingos;GO;2026-09;7;10;3;5;4;6;0;0
2806800;São Domingos;SE;2026-09;5;7;5;5;0;2;0;0
2513968;São Domingos;PB;2026-09;0;0;0;0;0;0;0;0
3160959;São Domingos das Dores;MG;2026-09;4;7;2;4;2;4;0;0
1507151;São Domingos do Araguaia;PA;2026-09;6;8;4;7;2;4;0;0
2110658;São Domingos do Azeitão;MA;2026-09;4;5;3;5;1;1;1;1
1507201;São Domingos do Capim;PA;2026-09;5;8;5;7;0;1;0;0
2513943;São Domingos do Cariri;PB;2026-09;0;0;0;0;0;0;0;0
2110708;São Domingos do Maranhão;MA;2026-09;9;13;7;10;2;4;0;0
3204658;São Domingos do Norte;ES;2026-09;6;9;3;7;3;4;0;0
3161007;São Domingos do Prata;MG;2026-09;10;14;3;9;7;9;0;0
4318051;São Domingos do Sul;RS;2026-09;3;7;2;4;1;3;0;0
2929107;São Felipe;BA;2026-09;9;11;5;10;4;5;0;0
1101484;São Felipe D'Oeste;RO;2026-09;2;3;1;3;1;2;0;0
2929008;São Félix;BA;2026-09;2;2;1;2;1;2;0;0
2110807;São Félix de Balsas;MA;2026-09;1;1;1;1;0;0;0;0
3161056;São Félix de Minas;MG;2026-09;2;3;0;1;2;3;0;0
5107859;São Félix do Araguaia;MT;2026-09;5;6;4;5;1;1;1;1
2929057;São Félix do Coribe;BA;2026-09;1;3;1;1;0;2;0;0
2209609;São Félix do Piauí;PI;2026-09;0;0;0;0;0;0;0;0
1720150;São Félix do Tocantins;TO;2026-09;0;1;0;0;0;1;0;0
1507300;São Félix do Xingu;PA;2026-09;6;14;6;10;0;5;0;0
2411809;São Fernando;RN;2026-09;3;3;3;3;0;0;1;1
3304805;São Fidélis;RJ;2026-09;23;35;17;19;6;19;1;1
3549003;São Francisco;SP;2026-09;2;2;1;1;1;1;0;0
3161106;São Francisco;MG;2026-09;18;29;13;20;5;12;0;0
2806909;São Francisco;SE;2026-09;2;2;2;2;0;0;0;0
2513984;São Francisco;PB;2026-09;2;2;2;2;0;0;0;0
4318101;São Francisco de Assis;RS;2026-09;8;10;3;5;5;5;0;0
2209658;São Francisco de Assis do Piauí;PI;2026-09;2;2;2;2;0;0;0;0
5219902;São Francisco de Goiás;GO;2026-09;3;3;2;3;1;1;0;0
3304755;São Francisco de Itabapoana;RJ;2026-09;21;36;14;25;7;18;2;2
3161205;São Francisco de Paula;MG;2026-09;4;4;4;4;0;1;1;1
4318200;São Francisco de Paula;RS;2026-09;13;18;7;13;6;7;3;3
3161304;São Francisco de Sales;MG;2026-09;2;3;2;2;0;2;0;0
2110856;São Francisco do Brejão;MA;2026-09;4;5;4;4;0;1;0;0
2929206;São Francisco do Conde;BA;2026-09;13;17;10;13;3;4;0;0
3161403;São Francisco do Glória;MG;2026-09;7;8;4;4;3;6;0;0
1101492;São Francisco do Guaporé;RO;2026-09;8;21;6;14;2;12;0;0
2110906;São Francisco do Maranhão;MA;2026-09;1;2;1;1;0;1;0;0
2411908;São Francisco do Oeste;RN;2026-09;2;2;2;2;0;0;0;0
1507409;São Francisco do Pará;PA;2026-09;4;8;3;5;1;4;0;0
2209708;São Francisco do Piauí;PI;2026-09;2;3;2;2;0;1;0;0
4216206;São Francisco do Sul;SC;2026-09;47;58;31;45;16;20;5;5
4318309;São Gabriel;RS;2026-09;30;38;23;30;7;9;1;1
2929255;São Gabriel;BA;2026-09;6;7;4;4;2;3;0;0
1303809;São Gabriel da Cachoeira;AM;2026-09;4;6;4;4;0;2;0;0
3204708;São Gabriel da Palha;ES;2026-09;13;29;10;15;3;18;1;1
5007695;São Gabriel do Oeste;MS;2026-09;16;20;11;17;5;5;1;1
3161502;São Geraldo;MG;2026-09;2;3;1;3;1;2;0;0
3161601;São Geraldo da Piedade;MG;2026-09;0;0;0;0;0;0;0;0
1507458;São Geraldo do Araguaia;PA;2026-09;3;7;3;5;0;5;0;0
3161650;São Geraldo do Baixio;MG;2026-09;0;1;0;1;0;0;0;0
3304904;São Gonçalo;RJ;2026-09;375;762;214;332;161;525;48;50
3161700;São Gonçalo do Abaeté;MG;2026-09;4;4;4;4;0;1;2;2
2312403;São Gonçalo do Amarante;CE;2026-09;27;49;19;35;8;27;3;3
2412005;São Gonçalo do Amarante;RN;2026-09;59;86;46;57;13;34;3;3
2209757;São Gonçalo do Gurguéia;PI;2026-09;1;1;1;1;0;0;0;0
3161809;São Gonçalo do Pará;MG;2026-09;5;6;5;5;0;1;0;0
2209807;São Gonçalo do Piauí;PI;2026-09;1;1;0;0;1;1;0;0
3161908;São Gonçalo do Rio Abaixo;MG;2026-09;7;10;3;7;4;5;1;1
3125507;São Gonçalo do Rio Preto;MG;2026-09;0;0;0;0;0;0;0;0
3162005;São Gonçalo do Sapucaí;MG;2026-09;18;20;12;16;6;6;1;1
2929305;São Gonçalo dos Campos;BA;2026-09;13;22;9;13;4;11;2;3
3162104;São Gotardo;MG;2026-09;46;59;31;44;15;25;6;6
4318408;São Jerônimo;RS;2026-09;10;15;6;10;4;7;0;0
4124707;São Jerônimo da Serra;PR;2026-09;9;13;2;8;7;10;0;0
4124806;São João;PR;2026-09;11;15;7;9;4;7;2;2
2613206;São João;PE;2026-09;6;7;5;6;1;1;0;0
2111003;São João Batista;MA;2026-09;4;5;4;4;0;1;0;0
4216305;São João Batista;SC;2026-09;18;27;15;22;3;6;0;0
3162203;São João Batista do Glória;MG;2026-09;8;9;6;8;2;4;3;3
1400506;São João da Baliza;RR;2026-09;0;2;0;0;0;2;0;0
3305000;São João da Barra;RJ;2026-09;19;36;11;24;8;23;3;3
3549102;São João da Boa Vista;SP;2026-09;95;118;47;71;48;65;7;7
2209856;São João da Canabrava;PI;2026-09;2;3;1;2;1;1;0;0
2209872;São João da Fronteira;PI;2026-09;1;1;1;1;0;0;0;0
3162252;São João da Lagoa;MG;2026-09;0;0;0;0;0;0;0;0
3162302;São João da Mata;MG;2026-09;1;1;1;1;0;0;0;0
5220058;São João da Paraúna;GO;2026-09;0;0;0;0;0;0;0;0
1507466;São João da Ponta;PA;2026-09;0;1;0;1;0;0;0;0
3162401;São João da Ponte;MG;2026-09;2;7;2;3;0;4;0;0
2209906;São João da Serra;PI;2026-09;1;1;1;1;0;0;0;0
4318424;São João da Urtiga;RS;2026-09;3;6;0;3;3;4;1;1
2209955;São João da Varjota;PI;2026-09;1;1;1;1;0;0;0;0
5220009;São João d'Aliança;GO;2026-09;9;13;6;7;3;7;0;0
3549201;São João das Duas Pontes;SP;2026-09;5;6;3;4;2;3;0;0
3162450;São João das Missões;MG;2026-09;4;5;3;4;1;2;0;0
3549250;São João de Iracema;SP;2026-09;4;5;3;3;1;2;0;0
3305109;São João de Meriti;RJ;2026-09;114;190;79;119;35;98;11;12
1507474;São João de Pirabas;PA;2026-09;6;6;5;5;1;1;0;0
3162500;São João del Rei;MG;2026-09;111;143;49;94;62;82;18;18
1507508;São João do Araguaia;PA;2026-09;1;1;1;1;0;0;0;0
2209971;São João do Arraial;PI;2026-09;2;2;2;2;0;0;0;0
4124905;São João do Caiuá;PR;2026-09;2;2;2;2;0;0;0;0
2514008;São João do Cariri;PB;2026-09;2;2;1;1;1;1;0;0
2111029;São João do Carú;MA;2026-09;2;3;2;3;0;0;0;0
4216354;São João do Itaperiú;SC;2026-09;3;4;3;3;0;1;0;0
4125001;São João do Ivaí;PR;2026-09;2;10;1;7;1;6;0;0
2312502;São João do Jaguaribe;CE;2026-09;1;1;1;1;0;0;0;0
3162559;São João do Manhuaçu;MG;2026-09;3;3;2;2;1;1;0;0
3162575;São João do Manteninha;MG;2026-09;4;4;3;4;1;1;0;0
4216255;São João do Oeste;SC;2026-09;3;5;2;4;1;1;1;1
3162609;São João do Oriente;MG;2026-09;4;5;4;5;0;0;1;1
3162658;São João do Pacuí;MG;2026-09;0;1;0;1;0;0;0;0
3162708;São João do Paraíso;MG;2026-09;6;9;4;5;2;5;0;0
2111052;São João do Paraíso;MA;2026-09;5;7;3;4;2;4;1;1
3549300;São João do Pau d'Alho;SP;2026-09;5;6;2;4;3;3;1;1
2210003;São João do Piauí;PI;2026-09;7;21;4;12;3;12;1;1
4318432;São João do Polêsine;RS;2026-09;1;4;1;3;0;2;0;0
2500700;São João do Rio do Peixe;PB;2026-09;8;12;7;8;1;5;2;2
2412104;São João do Sabugi;RN;2026-09;1;2;1;1;0;1;0;0
2111078;São João do Soter;MA;2026-09;1;2;1;2;0;0;0;0
4216404;São João do Sul;SC;2026-09;2;3;1;2;1;2;0;0
2514107;São João do Tigre;PB;2026-09;1;1;1;1;0;0;0;0
4125100;São João do Triunfo;PR;2026-09;2;2;2;2;0;0;0;0
2111102;São João dos Patos;MA;2026-09;8;18;5;7;3;11;0;0
3162807;São João Evangelista;MG;2026-09;8;13;1;9;7;11;2;2
3162906;São João Nepomuceno;MG;2026-09;18;22;10;16;8;11;1;1
4216503;São Joaquim;SC;2026-09;20;21;10;12;10;10;1;1
3549409;São Joaquim da Barra;SP;2026-09;47;59;24;38;23;30;1;1
3162922;São Joaquim de Bicas;MG;2026-09;8;13;8;12;0;2;0;0
2613305;São Joaquim do Monte;PE;2026-09;5;7;5;6;0;3;1;1
4318440;São Jorge;RS;2026-09;1;2;1;2;0;0;0;0
4125308;São Jorge do Ivaí;PR;2026-09;3;4;2;2;1;2;0;0
4125357;São Jorge do Patrocínio;PR;2026-09;4;13;3;6;1;8;0;1
4125209;São Jorge d'Oeste;PR;2026-09;13;15;5;8;8;10;1;1
4216602;São José;SC;2026-09;348;489;187;296;161;270;48;50
3162948;São José da Barra;MG;2026-09;3;4;1;3;2;2;0;0
3549508;São José da Bela Vista;SP;2026-09;3;4;2;3;1;1;0;0
4125407;São José da Boa Vista;PR;2026-09;8;8;2;2;6;6;1;1
2613404;São José da Coroa Grande;PE;2026-09;8;13;6;10;2;7;1;1
2514206;São José da Lagoa Tapada;PB;2026-09;2;2;2;2;0;0;0;0
2708303;São José da Laje;AL;2026-09;12;17;6;9;6;11;2;2
3162955;São José da Lapa;MG;2026-09;18;18;7;13;11;11;2;2
3163003;São José da Safira;MG;2026-09;2;2;1;1;1;1;0;0
2708402;São José da Tapera;AL;2026-09;6;13;5;9;1;4;0;0
3163102;São José da Varginha;MG;2026-09;1;1;1;1;0;0;0;0
2929354;São José da Vitória;BA;2026-09;2;3;1;3;1;1;0;0
4318457;São José das Missões;RS;2026-09;1;2;1;2;0;0;0;0
4125456;São José das Palmeiras;PR;2026-09;2;3;0;2;2;2;0;0
2514305;São José de Caiana;PB;2026-09;3;3;2;3;1;1;1;1
2514404;São José de Espinharas;PB;2026-09;1;1;1;1;0;0;0;0
2412203;São José de Mipibu;RN;2026-09;17;30;15;21;2;12;0;0
2514503;São José de Piranhas;PB;2026-09;12;13;12;13;0;0;0;0
2514552;São José de Princesa;PB;2026-09;1;1;0;0;1;1;0;0
2111201;São José de Ribamar;MA;2026-09;81;121;53;82;28;55;3;3
3305133;São José de Ubá;RJ;2026-09;2;3;1;2;1;2;0;0
3163201;São José do Alegre;MG;2026-09;3;3;2;2;1;1;0;0
3549607;São José do Barreiro;SP;2026-09;3;3;2;2;1;1;0;0
2613503;São José do Belmonte;PE;2026-09;10;13;8;9;2;7;0;0
2514602;São José do Bonfim;PB;2026-09;1;1;1;1;0;1;0;0
2514651;São José do Brejo do Cruz;PB;2026-09;2;2;2;2;0;0;0;0
3204807;São José do Calçado;ES;2026-09;4;5;1;3;3;4;0;0
2412302;São José do Campestre;RN;2026-09;4;4;4;4;0;0;0;0
4216701;São José do Cedro;SC;2026-09;16;24;9;13;7;14;1;1
4216800;São José do Cerrito;SC;2026-09;2;2;1;1;1;1;0;0
3163300;São José do Divino;MG;2026-09;2;2;1;1;1;1;0;0
2210052;São José do Divino;PI;2026-09;1;1;1;1;0;0;0;0
2613602;São José do Egito;PE;2026-09;20;27;15;18;5;11;0;0
3163409;São José do Goiabal;MG;2026-09;2;2;1;2;1;1;0;0
4318465;São José do Herval;RS;2026-09;0;0;0;0;0;0;0;0
4318481;São José do Hortêncio;RS;2026-09;3;4;2;2;1;2;0;0
4318499;São José do Inhacorá;RS;2026-09;4;4;2;3;2;2;1;1
2929370;São José do Jacuípe;BA;2026-09;1;5;1;4;0;2;1;1
3163508;São José do Jacuri;MG;2026-09;0;2;0;0;0;2;0;0
3163607;São José do Mantimento;MG;2026-09;2;2;2;2;0;1;1;1
4318507;São José do Norte;RS;2026-09;9;12;6;9;3;6;0;0
4318606;São José do Ouro;RS;2026-09;6;10;1;6;5;6;1;1
2210102;São José do Peixe;PI;2026-09;1;1;1;1;0;0;0;0
2210201;São José do Piauí;PI;2026-09;2;3;2;2;0;1;0;0
5107297;São José do Povo;MT;2026-09;2;2;0;1;2;2;0;0
5107305;São José do Rio Claro;MT;2026-09;14;16;7;10;7;10;3;3
3549706;São José do Rio Pardo;SP;2026-09;55;76;21;34;34;49;4;4
3549805;São José do Rio Preto;SP;2026-09;443;630;223;352;220;366;35;37
2514701;São José do Sabugi;PB;2026-09;1;2;1;1;0;1;0;0
2412401;São José do Seridó;RN;2026-09;3;3;3;3;0;0;1;1
4318614;São José do Sul;RS;2026-09;2;2;1;2;1;1;0;0
3305158;São José do Vale do Rio Preto;RJ;2026-09;16;20;10;13;6;9;1;1
5107354;São José do Xingu;MT;2026-09;1;1;1;1;0;0;0;0
4318622;São José dos Ausentes;RS;2026-09;1;1;0;1;1;1;1;1
2111250;São José dos Basílios;MA;2026-09;1;2;1;2;0;1;0;0
3549904;São José dos Campos;SP;2026-09;743;1072;325;558;418;648;70;78
2514800;São José dos Cordeiros;PB;2026-09;2;2;2;2;0;0;0;0
4125506;São José dos Pinhais;PR;2026-09;252;358;139;219;113;198;35;37
5107107;São José dos Quatro Marcos;MT;2026-09;22;26;8;15;14;17;4;5
2514453;São José dos Ramos;PB;2026-09;2;3;2;2;0;1;0;0
2210300;São Julião;PI;2026-09;3;3;3;3;0;0;0;0
4318705;São Leopoldo;RS;2026-09;146;206;94;134;52;93;6;6
3163706;São Lourenço;MG;2026-09;64;80;39;53;25;38;6;6
2613701;São Lourenço da Mata;PE;2026-09;30;51;18;30;12;25;3;3
3549953;São Lourenço da Serra;SP;2026-09;4;6;2;4;2;3;1;1
4216909;São Lourenço do Oeste;SC;2026-09;27;43;17;28;10;28;5;5
2210359;São Lourenço do Piauí;PI;2026-09;1;2;1;1;0;1;0;0
4318804;São Lourenço do Sul;RS;2026-09;15;23;11;14;4;11;1;1
4217006;São Ludgero;SC;2026-09;10;15;6;9;4;7;3;3
2111300;São Luís;MA;2026-09;826;1530;487;951;339;907;97;100
5220108;São Luís de Montes Belos;GO;2026-09;38;46;21;35;17;25;3;3
2312601;São Luís do Curu;CE;2026-09;4;6;3;3;1;3;0;0
2210375;São Luis do Piauí;PI;2026-09;1;1;1;1;0;1;0;0
2708501;São Luís do Quitunde;AL;2026-09;6;10;5;7;1;4;1;1
2111409;São Luís Gonzaga do Maranhão;MA;2026-09;3;3;3;3;0;0;0;0
1400605;São Luiz do Anauá;RR;2026-09;2;5;1;3;1;3;0;0
5220157;São Luiz do Norte;GO;2026-09;7;8;4;5;3;4;0;0
3550001;São Luiz do Paraitinga;SP;2026-09;7;12;4;7;3;8;2;2
4318903;São Luiz Gonzaga;RS;2026-09;32;44;18;30;14;24;0;0
2514909;São Mamede;PB;2026-09;1;2;1;1;0;1;0;0
4125555;São Manoel do Paraná;PR;2026-09;2;2;2;2;0;0;0;0
3550100;São Manuel;SP;2026-09;37;45;21;25;16;23;1;1
4319000;São Marcos;RS;2026-09;21;26;12;15;9;11;1;1
4319109;São Martinho;RS;2026-09;6;7;4;5;2;3;0;0
4217105;São Martinho;SC;2026-09;2;2;1;1;1;1;0;0
4319125;São Martinho da Serra;RS;2026-09;1;1;1;1;0;0;0;0
3204906;São Mateus;ES;2026-09;85;146;49;93;36;84;5;5
2111508;São Mateus do Maranhão;MA;2026-09;7;15;4;5;3;10;0;0
4125605;São Mateus do Sul;PR;2026-09;26;37;15;25;11;21;4;4
2412500;São Miguel;RN;2026-09;17;29;13;21;4;13;1;1
3550209;São Miguel Arcanjo;SP;2026-09;12;14;10;12;2;2;0;0
2210383;São Miguel da Baixa Grande;PI;2026-09;1;2;1;2;0;0;0;0
4217154;São Miguel da Boa Vista;SC;2026-09;1;2;0;2;1;1;1;1
2929404;São Miguel das Matas;BA;2026-09;5;6;3;5;2;4;0;0
4319158;São Miguel das Missões;RS;2026-09;6;6;2;5;4;4;1;1
2515005;São Miguel de Taipu;PB;2026-09;1;1;1;1;0;0;0;0
2807006;São Miguel do Aleixo;SE;2026-09;2;2;1;1;1;1;1;1
3163805;São Miguel do Anta;MG;2026-09;8;8;5;8;3;3;0;0
5220207;São Miguel do Araguaia;GO;2026-09;9;13;6;8;3;9;2;2
2210391;São Miguel do Fidalgo;PI;2026-09;1;1;1;1;0;0;0;0
2412559;São Miguel do Gostoso;RN;2026-09;5;7;4;6;1;2;0;0
1507607;São Miguel do Guamá;PA;2026-09;16;24;12;18;4;9;2;2
1100320;São Miguel do Guaporé;RO;2026-09;7;24;3;11;4;18;0;0
4125704;São Miguel do Iguaçu;PR;2026-09;18;30;11;19;7;17;3;3
4217204;São Miguel do Oeste;SC;2026-09;68;85;27;41;41;58;5;5
5220264;São Miguel do Passa Quatro;GO;2026-09;2;3;2;3;0;1;0;0
2210409;São Miguel do Tapuio;PI;2026-09;6;7;5;7;1;1;0;0
1720200;São Miguel do Tocantins;TO;2026-09;5;5;5;5;0;0;0;0
2708600;São Miguel dos Campos;AL;2026-09;19;42;14;26;5;24;1;1
2708709;São Miguel dos Milagres;AL;2026-09;4;6;4;5;0;1;0;0
4319208;São Nicolau;RS;2026-09;2;2;2;2;0;0;0;0
5220280;São Patrício;GO;2026-09;3;3;2;2;1;1;0;0
3550308;São Paulo;SP;2026-09;14009;20794;6208;10567;7801;12369;1211;1404
4319307;São Paulo das Missões;RS;2026-09;2;3;1;2;1;2;0;0
1303908;São Paulo de Olivença;AM;2026-09;2;4;2;3;0;1;0;0
2412609;São Paulo do Potengi;RN;2026-09;5;13;5;10;0;5;0;0
2412708;São Pedro;RN;2026-09;2;2;2;2;0;0;0;0
3550407;São Pedro;SP;2026-09;44;59;21;35;23;33;2;2
2111532;São Pedro da Água Branca;MA;2026-09;3;3;2;2;1;1;1;1
3305208;São Pedro da Aldeia;RJ;2026-09;56;96;32;59;24;59;6;6
5107404;São Pedro da Cipa;MT;2026-09;1;1;1;1;0;0;0;0
4319356;São Pedro da Serra;RS;2026-09;5;6;1;5;4;4;1;1
3163904;São Pedro da União;MG;2026-09;4;4;3;4;1;1;1;1
4319364;São Pedro das Missões;RS;2026-09;1;1;0;0;1;1;0;0
4217253;São Pedro de Alcântara;SC;2026-09;9;9;3;6;6;7;1;1
4319372;São Pedro do Butiá;RS;2026-09;3;4;1;2;2;2;0;0
4125753;São Pedro do Iguaçu;PR;2026-09;2;2;1;2;1;1;0;0
4125803;São Pedro do Ivaí;PR;2026-09;7;9;3;5;4;6;2;2
4125902;São Pedro do Paraná;PR;2026-09;2;2;1;1;1;1;1;1
2210508;São Pedro do Piauí;PI;2026-09;2;2;2;2;0;0;0;0
3164100;São Pedro do Suaçuí;MG;2026-09;1;2;0;1;1;1;0;0
4319406;São Pedro do Sul;RS;2026-09;7;11;3;5;4;9;0;0
3550506;São Pedro do Turvo;SP;2026-09;2;3;2;3;0;0;1;1
2111573;São Pedro dos Crentes;MA;2026-09;2;2;2;2;0;0;0;0
3164001;São Pedro dos Ferros;MG;2026-09;2;3;1;2;1;2;2;2
2412807;São Rafael;RN;2026-09;5;5;5;5;0;1;1;1
2111607;São Raimundo das Mangabeiras;MA;2026-09;4;8;4;6;0;3;0;0
2111631;São Raimundo do Doca Bezerra;MA;2026-09;4;4;3;3;1;1;0;0
2210607;São Raimundo Nonato;PI;2026-09;27;79;21;34;6;49;2;2
2111672;São Roberto;MA;2026-09;2;3;2;3;0;0;0;0
3164209;São Romão;MG;2026-09;4;5;4;5;0;2;1;1
3550605;São Roque;SP;2026-09;76;117;38;72;38;65;11;12
3164308;São Roque de Minas;MG;2026-09;8;10;4;8;4;6;1;1
3204955;São Roque do Canaã;ES;2026-09;8;8;4;7;4;4;0;0
1720259;São Salvador do Tocantins;TO;2026-09;0;0;0;0;0;0;0;0
2708808;São Sebastião;AL;2026-09;10;17;7;13;3;7;1;1
3550704;São Sebastião;SP;2026-09;72;111;53;88;19;35;12;12
4126009;São Sebastião da Amoreira;PR;2026-09;6;10;4;8;2;5;2;2
3164407;São Sebastião da Bela Vista;MG;2026-09;3;3;3;3;0;0;0;0
1507706;São Sebastião da Boa Vista;PA;2026-09;2;4;2;4;0;0;0;0
3550803;São Sebastião da Grama;SP;2026-09;8;9;4;4;4;5;0;0
3164431;São Sebastião da Vargem Alegre;MG;2026-09;2;5;2;3;0;2;0;0
2515104;São Sebastião de Lagoa de Roça;PB;2026-09;7;9;5;7;2;3;1;1
3305307;São Sebastião do Alto;RJ;2026-09;2;2;2;2;0;0;0;0
3164472;São Sebastião do Anta;MG;2026-09;1;2;1;2;0;0;0;0
4319505;São Sebastião do Caí;RS;2026-09;17;28;6;16;11;14;2;2
3164506;São Sebastião do Maranhão;MG;2026-09;0;2;0;0;0;2;0;0
3164605;São Sebastião do Oeste;MG;2026-09;4;4;3;4;1;1;0;0
3164704;São Sebastião do Paraíso;MG;2026-09;58;78;31;47;27;42;6;6
2929503;São Sebastião do Passé;BA;2026-09;21;27;11;18;10;16;4;4
3164803;São Sebastião do Rio Preto;MG;2026-09;0;0;0;0;0;0;0;0
3164902;São Sebastião do Rio Verde;MG;2026-09;7;8;1;7;6;8;2;2
1720309;São Sebastião do Tocantins;TO;2026-09;0;0;0;0;0;0;0;0
1303957;São Sebastião do Uatumã;AM;2026-09;0;1;0;0;0;1;0;0
2515203;São Sebastião do Umbuzeiro;PB;2026-09;2;2;2;2;0;0;0;0
4319604;São Sepé;RS;2026-09;16;19;10;13;6;7;1;1
5220405;São Simão;GO;2026-09;6;13;5;9;1;5;0;0
3550902;São Simão;SP;2026-09;10;10;4;7;6;6;3;3
3165008;São Tiago;MG;2026-09;10;12;8;10;2;4;1;1
3165107;São Tomás de Aquino;MG;2026-09;4;4;3;3;1;1;0;0
4126108;São Tomé;PR;2026-09;2;2;0;0;2;2;0;0
2412906;São Tomé;RN;2026-09;2;3;1;1;1;2;0;0
3165206;São Tomé das Letras;MG;2026-09;2;7;2;5;0;3;0;0
4319703;São Valentim;RS;2026-09;4;5;2;3;2;2;0;0
4319711;São Valentim do Sul;RS;2026-09;5;7;3;6;2;3;1;1
1720499;São Valério;TO;2026-09;1;2;1;2;0;1;0;0
4319737;São Valério do Sul;RS;2026-09;0;0;0;0;0;0;0;0
4319752;São Vendelino;RS;2026-09;2;2;2;2;0;1;0;0
3551009;São Vicente;SP;2026-09;166;223;118;160;48;83;18;19
2413003;São Vicente;RN;2026-09;7;8;3;4;4;5;0;0
3165305;São Vicente de Minas;MG;2026-09;5;6;4;5;1;4;1;1
2515401;São Vicente do Seridó;PB;2026-09;4;4;3;4;1;2;0;0
4319802;São Vicente do Sul;RS;2026-09;3;5;2;3;1;2;0;0
2111706;São Vicente Ferrer;MA;2026-09;3;3;3;3;0;0;0;0
2613800;São Vicente Férrer;PE;2026-09;5;6;4;4;1;2;1;1
2515302;Sapé;PB;2026-09;8;21;7;10;1;12;0;0
2929602;Sapeaçu;BA;2026-09;11;19;7;12;4;11;3;3
5107875;Sapezal;MT;2026-09;20;32;14;21;6;14;0;0
4319901;Sapiranga;RS;2026-09;71;99;45;71;26;46;4;4
4126207;Sapopema;PR;2026-09;3;6;2;4;1;4;0;0
3305406;Sapucaia;RJ;2026-09;11;17;5;11;6;8;1;1
1507755;Sapucaia;PA;2026-09;1;3;1;1;0;2;0;0
4320008;Sapucaia do Sul;RS;2026-09;77;97;56;72;21;33;7;7
3165404;Sapucaí-Mirim;MG;2026-09;2;2;2;2;0;0;0;0
3305505;Saquarema;RJ;2026-09;76;109;48;71;28;53;4;4
4320107;Sarandi;RS;2026-09;19;31;11;19;8;17;1;1
4126256;Sarandi;PR;2026-09;58;70;33;48;25;34;6;6
3551108;Sarapuí;SP;2026-09;5;5;3;4;2;2;1;1
3165503;Sardoá;MG;2026-09;2;7;2;4;0;3;0;0
3551207;Sarutaiá;SP;2026-09;2;3;2;2;0;1;0;0
3165537;Sarzedo;MG;2026-09;34;45;23;38;11;19;5;5
2929701;Sátiro Dias;BA;2026-09;4;6;3;4;1;3;0;0
2708907;Satuba;AL;2026-09;5;9;5;6;0;3;0;0
2111722;Satubinha;MA;2026-09;3;3;2;2;1;1;0;0
2929750;Saubara;BA;2026-09;4;6;2;5;2;3;0;0
4126272;Saudade do Iguaçu;PR;2026-09;6;9;3;7;3;3;2;2
4217303;Saudades;SC;2026-09;8;15;3;15;5;5;4;4
2929800;Saúde;BA;2026-09;4;6;3;4;1;3;0;0
4217402;Schroeder;SC;2026-09;16;18;9;11;7;10;2;2
2929909;Seabra;BA;2026-09;28;37;20;29;8;17;3;3
4217501;Seara;SC;2026-09;18;24;9;14;9;14;2;2
3551306;Sebastianópolis do Sul;SP;2026-09;4;9;2;3;2;7;0;0
2210623;Sebastião Barros;PI;2026-09;0;0;0;0;0;0;0;0
2930006;Sebastião Laranjeiras;BA;2026-09;3;5;2;4;1;2;0;0
2210631;Sebastião Leal;PI;2026-09;2;4;2;2;0;3;0;0
4320206;Seberi;RS;2026-09;10;12;7;11;3;3;0;0
4320230;Sede Nova;RS;2026-09;1;1;1;1;0;0;0;0
4320263;Segredo;RS;2026-09;2;2;1;1;1;1;0;0
4320305;Selbach;RS;2026-09;4;4;2;3;2;2;1;1
5007802;Selvíria;MS;2026-09;3;4;3;3;0;1;0;0
3165560;Sem-Peixe;MG;2026-09;0;0;0;0;0;0;0;0
1200500;Sena Madureira;AC;2026-09;12;26;8;14;4;13;0;0
2111748;Senador Alexandre Costa;MA;2026-09;5;5;5;5;0;0;0;0
3165578;Senador Amaral;MG;2026-09;4;5;4;5;0;1;1;1
5220454;Senador Canedo;GO;2026-09;73;111;51;73;22;51;5;5
3165602;Senador Cortes;MG;2026-09;2;2;2;2;0;0;0;0
2413102;Senador Elói de Souza;RN;2026-09;2;2;2;2;0;0;0;0
3165701;Senador Firmino;MG;2026-09;5;8;4;6;1;2;0;0
2413201;Senador Georgino Avelino;RN;2026-09;1;2;1;1;0;1;0;0
1200450;Senador Guiomard;AC;2026-09;7;15;5;11;2;5;0;0
3165800;Senador José Bento;MG;2026-09;0;0;0;0;0;0;0;0
1507805;Senador José Porfírio;PA;2026-09;3;5;3;4;0;2;0;0
2111763;Senador La Rocque;MA;2026-09;2;4;2;3;0;1;0;0
3165909;Senador Modestino Gonçalves;MG;2026-09;1;1;1;1;0;0;0;0
2312700;Senador Pompeu;CE;2026-09;5;14;5;6;0;10;1;1
2708956;Senador Rui Palmeira;AL;2026-09;3;3;2;2;1;1;1;1
2312809;Senador Sá;CE;2026-09;3;3;3;3;0;0;0;0
4320321;Senador Salgado Filho;RS;2026-09;3;3;1;2;2;2;0;0
4126306;Sengés;PR;2026-09;14;16;5;9;9;9;0;0
2930105;Senhor do Bonfim;BA;2026-09;42;91;29;58;13;54;1;1
3166006;Senhora de Oliveira;MG;2026-09;6;7;2;4;4;5;1;1
3166105;Senhora do Porto;MG;2026-09;0;0;0;0;0;0;0;0
3166204;Senhora dos Remédios;MG;2026-09;4;4;1;3;3;3;3;3
4320354;Sentinela do Sul;RS;2026-09;2;3;1;2;1;2;1;1
2930204;Sento Sé;BA;2026-09;3;5;3;4;0;1;0;0
4320404;Serafina Corrêa;RS;2026-09;22;27;7;14;15;18;2;2
3166303;Sericita;MG;2026-09;7;7;3;3;4;4;0;0
1101500;Seringueiras;RO;2026-09;2;11;2;9;0;8;0;0
4320453;Sério;RS;2026-09;2;4;1;3;1;1;0;0
3166402;Seritinga;MG;2026-09;3;3;1;2;2;2;1;1
3305554;Seropédica;RJ;2026-09;32;45;27;34;5;16;2;2
3205002;Serra;ES;2026-09;334;489;206;313;128;256;38;38
4217550;Serra Alta;SC;2026-09;3;3;1;1;2;2;0;0
3551405;Serra Azul;SP;2026-09;4;5;3;5;1;1;1;1
3166501;Serra Azul de Minas;MG;2026-09;0;0;0;0;0;0;0;0
2515500;Serra Branca;PB;2026-09;6;9;3;4;3;5;0;0
2410306;Serra Caiada;RN;2026-09;3;4;3;3;0;1;0;0
2515609;Serra da Raiz;PB;2026-09;2;2;1;2;1;1;1;1
3166600;Serra da Saudade;MG;2026-09;0;0;0;0;0;0;0;0
2413300;Serra de São Bento;RN;2026-09;4;6;4;6;0;1;0;0
2413359;Serra do Mel;RN;2026-09;5;9;3;7;2;3;0;0
1600055;Serra do Navio;AP;2026-09;1;1;1;1;0;0;0;0
2930154;Serra do Ramalho;BA;2026-09;5;6;5;5;0;1;0;0
3166808;Serra do Salitre;MG;2026-09;12;14;4;9;8;9;0;1
3166709;Serra dos Aimorés;MG;2026-09;1;1;0;0;1;1;0;0
2930303;Serra Dourada;BA;2026-09;5;8;5;5;0;4;0;0
2515708;Serra Grande;PB;2026-09;1;1;1;1;0;0;0;0
3551603;Serra Negra;SP;2026-09;25;28;11;15;14;16;1;1
2413409;Serra Negra do Norte;RN;2026-09;3;5;3;4;0;1;0;0
5107883;Serra Nova Dourada;MT;2026-09;0;0;0;0;0;0;0;0
2930402;Serra Preta;BA;2026-09;4;5;1;2;3;4;1;1
2515807;Serra Redonda;PB;2026-09;2;3;2;3;0;1;0;1
2613909;Serra Talhada;PE;2026-09;56;76;29;50;27;40;4;4
3551504;Serrana;SP;2026-09;37;50;24;38;13;22;4;4
3166907;Serrania;MG;2026-09;2;2;2;2;0;0;0;0
2111789;Serrano do Maranhão;MA;2026-09;0;0;0;0;0;0;0;0
5220504;Serranópolis;GO;2026-09;4;5;3;4;1;3;1;1
3166956;Serranópolis de Minas;MG;2026-09;1;1;1;1;0;0;0;0
4126355;Serranópolis do Iguaçu;PR;2026-09;6;8;1;2;5;7;0;0
3167004;Serranos;MG;2026-09;0;0;0;0;0;0;0;0
2515906;Serraria;PB;2026-09;2;2;2;2;0;0;0;0
2930501;Serrinha;BA;2026-09;55;89;37;55;18;50;6;6
2413508;Serrinha;RN;2026-09;4;5;3;3;1;2;0;0
2413557;Serrinha dos Pintos;RN;2026-09;4;5;3;3;1;2;0;0
2614006;Serrita;PE;2026-09;4;8;4;5;0;3;0;0
3167103;Serro;MG;2026-09;10;14;7;7;3;7;0;0
2930600;Serrolândia;BA;2026-09;4;8;3;4;1;5;1;1
4126405;Sertaneja;PR;2026-09;6;6;3;4;3;3;3;3
2614105;Sertânia;PE;2026-09;4;7;3;6;1;1;0;0
4126504;Sertanópolis;PR;2026-09;15;16;9;10;6;6;0;0
4320503;Sertão;RS;2026-09;4;7;3;4;1;4;0;0
4320552;Sertão Santana;RS;2026-09;5;7;3;6;2;4;1;1
3551702;Sertãozinho;SP;2026-09;119;160;65;101;54;74;5;6
2515930;Sertãozinho;PB;2026-09;2;3;2;2;0;1;0;0
3551801;Sete Barras;SP;2026-09;5;7;2;3;3;5;1;1
4320578;Sete de Setembro;RS;2026-09;0;0;0;0;0;0;0;0
3167202;Sete Lagoas;MG;2026-09;155;222;104;164;51;104;28;29
5007703;Sete Quedas;MS;2026-09;5;7;4;6;1;3;1;1
3165552;Setubinha;MG;2026-09;0;0;0;0;0;0;0;0
4320602;Severiano de Almeida;RS;2026-09;2;4;1;3;1;2;0;0
2413607;Severiano Melo;RN;2026-09;2;2;2;2;0;0;0;0
3551900;Severínia;SP;2026-09;7;7;6;6;1;1;0;0
4217600;Siderópolis;SC;2026-09;11;11;5;7;6;6;2;2
5007901;Sidrolândia;MS;2026-09;40;52;17;31;23;30;3;3
2210656;Sigefredo Pacheco;PI;2026-09;2;4;2;3;0;1;0;0
3305604;Silva Jardim;RJ;2026-09;11;18;8;16;3;7;0;0
5220603;Silvânia;GO;2026-09;19;28;13;15;6;15;0;0
1720655;Silvanópolis;TO;2026-09;3;4;2;3;1;2;0;0
4320651;Silveira Martins;RS;2026-09;1;1;1;1;0;0;0;0
3167301;Silveirânia;MG;2026-09;1;1;0;1;1;1;0;0
3552007;Silveiras;SP;2026-09;2;2;2;2;0;0;0;0
1304005;Silves;AM;2026-09;0;7;0;4;0;4;0;0
3167400;Silvianópolis;MG;2026-09;3;4;2;3;1;1;0;0
2807105;Simão Dias;SE;2026-09;16;27;11;19;5;16;1;1
3167509;Simão Pereira;MG;2026-09;2;4;1;1;1;3;0;0
2210706;Simões;PI;2026-09;4;7;2;3;2;5;0;0
2930709;Simões Filho;BA;2026-09;49;80;24;49;25;44;3;3
5220686;Simolândia;GO;2026-09;2;3;2;2;0;1;0;0
3167608;Simonésia;MG;2026-09;6;8;4;6;2;3;0;0
2210805;Simplício Mendes;PI;2026-09;5;15;3;5;2;13;0;0
4320677;Sinimbu;RS;2026-09;0;0;0;0;0;0;0;0
5107909;Sinop;MT;2026-09;172;253;88;146;84;147;19;20
4126603;Siqueira Campos;PR;2026-09;16;21;9;12;7;10;1;1
2614204;Sirinhaém;PE;2026-09;5;9;4;6;1;3;0;0
2807204;Siriri;SE;2026-09;3;3;2;3;1;2;1;1
5220702;Sítio d'Abadia;GO;2026-09;1;3;1;3;0;0;0;0
2930758;Sítio do Mato;BA;2026-09;1;2;1;2;0;1;0;1
2930766;Sítio do Quinto;BA;2026-09;3;6;3;3;0;3;0;0
2413706;Sítio Novo;RN;2026-09;1;1;1;1;0;0;0;0
2111805;Sítio Novo;MA;2026-09;5;8;4;6;1;3;0;0
1720804;Sítio Novo do Tocantins;TO;2026-09;2;6;2;4;0;3;0;0
2930774;Sobradinho;BA;2026-09;10;12;6;10;4;6;1;1
4320701;Sobradinho;RS;2026-09;13;16;9;14;4;5;0;0
2515971;Sobrado;PB;2026-09;2;2;2;2;0;0;0;0
2312908;Sobral;CE;2026-09;157;257;91;129;66;149;5;5
3167707;Sobrália;MG;2026-09;1;1;1;1;0;0;0;0
3552106;Socorro;SP;2026-09;33;39;24;31;9;12;0;0
2210904;Socorro do Piauí;PI;2026-09;1;1;1;1;0;0;0;0
2516003;Solânea;PB;2026-09;20;28;14;21;6;11;1;1
2516102;Soledade;PB;2026-09;7;9;3;4;4;6;1;1
4320800;Soledade;RS;2026-09;19;31;11;16;8;15;0;0
3167806;Soledade de Minas;MG;2026-09;3;3;1;2;2;2;1;1
2614402;Solidão;PE;2026-09;2;2;1;1;1;1;0;0
2313005;Solonópole;CE;2026-09;8;10;7;7;1;3;0;0
4217709;Sombrio;SC;2026-09;27;39;17;28;10;20;2;2
5007935;Sonora;MS;2026-09;13;18;5;9;8;10;0;0
3205010;Sooretama;ES;2026-09;11;13;10;12;1;2;0;0
3552205;Sorocaba;SP;2026-09;624;1006;348;634;276;547;77;78
5107925;Sorriso;MT;2026-09;144;203;66;96;78;121;13;13
2516151;Sossêgo;PB;2026-09;2;2;2;2;0;0;0;0
1507904;Soure;PA;2026-09;4;5;4;5;0;1;0;0
2516201;Sousa;PB;2026-09;41;67;21;34;20;47;2;2
2930808;Souto Soares;BA;2026-09;5;5;4;5;1;1;0;0
1720853;Sucupira;TO;2026-09;2;2;2;2;0;0;0;0
2111904;Sucupira do Norte;MA;2026-09;2;3;2;2;0;1;0;0
2111953;Sucupira do Riachão;MA;2026-09;0;0;0;0;0;0;0;0
3552304;Sud Mennucci;SP;2026-09;3;3;2;2;1;1;0;0
4217758;Sul Brasil;SC;2026-09;1;1;1;1;0;0;0;0
4126652;Sulina;PR;2026-09;3;4;1;4;2;2;0;0
3552403;Sumaré;SP;2026-09;168;221;96;142;72;115;16;19
2516300;Sumé;PB;2026-09;10;17;6;9;4;10;1;1
3305703;Sumidouro;RJ;2026-09;8;13;7;12;1;3;0;0
2614501;Surubim;PE;2026-09;33;56;19;31;14;33;4;4
2210938;Sussuapara;PI;2026-09;5;5;3;3;2;2;1;1
3552551;Suzanápolis;SP;2026-09;2;5;1;4;1;3;0;0
3552502;Suzano;SP;2026-09;199;284;121;175;78;145;21;25
4320859;Tabaí;RS;2026-09;3;7;1;6;2;6;1;1
5107941;Tabaporã;MT;2026-09;6;10;5;6;1;6;1;1
3552601;Tabapuã;SP;2026-09;7;8;5;7;2;3;2;2
3552700;Tabatinga;SP;2026-09;8;10;4;6;4;6;1;1
1304062;Tabatinga;AM;2026-09;4;25;2;12;2;15;1;1
2614600;Tabira;PE;2026-09;13;13;12;13;1;1;0;0
3552809;Taboão da Serra;SP;2026-09;193;255;94;152;99;132;19;21
1708254;Tabocão;TO;2026-09;2;2;2;2;0;0;1;1
2930907;Tabocas do Brejo Velho;BA;2026-09;3;3;3;3;0;2;0;0
2413805;Taboleiro Grande;RN;2026-09;3;4;2;2;1;2;0;0
3167905;Tabuleiro;MG;2026-09;2;2;1;1;1;1;0;0
2313104;Tabuleiro do Norte;CE;2026-09;11;21;8;14;3;12;0;0
2614709;Tacaimbó;PE;2026-09;4;5;3;3;1;2;0;0
2614808;Tacaratu;PE;2026-09;6;8;5;6;1;4;0;0
3552908;Taciba;SP;2026-09;7;7;3;6;4;4;0;0
2516409;Tacima;PB;2026-09;2;3;2;2;0;1;0;0
5007950;Tacuru;MS;2026-09;2;2;2;2;0;0;0;0
3553005;Taguaí;SP;2026-09;8;9;5;6;3;3;0;0
1720903;Taguatinga;TO;2026-09;5;7;3;3;2;4;0;0
3553104;Taiaçu;SP;2026-09;1;2;0;2;1;1;0;0
1507953;Tailândia;PA;2026-09;27;40;19;31;8;14;1;1
4217808;Taió;SC;2026-09;19;19;10;12;9;10;1;1
3168002;Taiobeiras;MG;2026-09;19;36;13;23;6;21;0;0
1720937;Taipas do Tocantins;TO;2026-09;1;1;1;1;0;0;0;0
2413904;Taipu;RN;2026-09;1;1;1;1;0;0;0;0
3553203;Taiúva;SP;2026-09;2;2;1;1;1;1;0;0
1720978;Talismã;TO;2026-09;1;2;1;2;0;1;0;0
2614857;Tamandaré;PE;2026-09;7;10;5;8;2;4;2;2
4126678;Tamarana;PR;2026-09;2;4;1;3;1;1;0;0
3553302;Tambaú;SP;2026-09;15;20;6;11;9;11;1;1
4126702;Tamboara;PR;2026-09;5;6;4;4;1;2;1;1
2313203;Tamboril;CE;2026-09;6;8;5;7;1;2;0;0
2210953;Tamboril do Piauí;PI;2026-09;1;1;1;1;0;0;0;0
3553401;Tanabi;SP;2026-09;10;14;8;11;2;6;0;0
4217907;Tangará;SC;2026-09;6;6;3;6;3;3;1;1
2414001;Tangará;RN;2026-09;7;8;5;7;2;3;0;0
5107958;Tangará da Serra;MT;2026-09;75;117;28;59;47;79;5;5
3305752;Tanguá;RJ;2026-09;9;15;8;9;1;6;1;1
2931004;Tanhaçu;BA;2026-09;9;12;7;7;2;6;0;0
2709004;Tanque d'Arca;AL;2026-09;2;3;2;2;0;1;0;0
2210979;Tanque do Piauí;PI;2026-09;1;1;1;1;0;0;0;0
2931053;Tanque Novo;BA;2026-09;8;12;8;9;0;4;0;0
2931103;Tanquinho;BA;2026-09;2;3;1;1;1;2;0;0
3168051;Taparuba;MG;2026-09;1;1;1;1;0;0;0;0
1304104;Tapauá;AM;2026-09;2;4;1;1;1;3;0;0
4320909;Tapejara;RS;2026-09;42;54;20;29;22;29;3;3
4126801;Tapejara;PR;2026-09;9;14;5;9;4;6;0;0
4321006;Tapera;RS;2026-09;6;13;1;5;5;9;0;0
2931202;Taperoá;BA;2026-09;5;11;4;4;1;7;0;0
2516508;Taperoá;PB;2026-09;6;7;4;4;2;3;0;0
4321105;Tapes;RS;2026-09;9;12;3;6;6;7;0;0
4126900;Tapira;PR;2026-09;5;5;4;5;1;1;0;0
3168101;Tapira;MG;2026-09;1;1;0;0;1;1;1;1
3168200;Tapiraí;MG;2026-09;0;0;0;0;0;0;0;0
3553500;Tapiraí;SP;2026-09;6;6;4;4;2;2;1;1
2931301;Tapiramutá;BA;2026-09;6;10;2;4;4;8;0;0
3553609;Tapiratiba;SP;2026-09;9;9;6;7;3;3;0;0
5108006;Tapurah;MT;2026-09;7;11;5;7;2;4;0;0
4321204;Taquara;RS;2026-09;47;60;27;35;20;34;1;1
3168309;Taquaraçu de Minas;MG;2026-09;0;0;0;0;0;0;0;0
3553658;Taquaral;SP;2026-09;2;2;2;2;0;0;0;0
5221007;Taquaral de Goiás;GO;2026-09;4;4;3;4;1;1;0;0
2709103;Taquarana;AL;2026-09;7;9;5;8;2;3;1;1
4321303;Taquari;RS;2026-09;17;28;8;17;9;18;2;2
3553708;Taquaritinga;SP;2026-09;46;62;27;37;19;31;5;5
2615003;Taquaritinga do Norte;PE;2026-09;9;10;7;7;2;3;0;0
3553807;Taquarituba;SP;2026-09;11;15;9;12;2;5;2;2
3553856;Taquarivaí;SP;2026-09;4;5;3;5;1;1;0;0
4321329;Taquaruçu do Sul;RS;2026-09;6;7;3;4;3;5;0;0
5007976;Taquarussu;MS;2026-09;2;2;2;2;0;0;0;0
3553906;Tarabai;SP;2026-09;2;2;1;1;1;1;0;0
1200609;Tarauacá;AC;2026-09;8;23;7;20;1;11;0;0
2313252;Tarrafas;CE;2026-09;3;4;3;3;0;1;0;0
1600709;Tartarugalzinho;AP;2026-09;2;3;2;2;0;1;0;0
3553955;Tarumã;SP;2026-09;16;18;9;12;7;9;2;2
3168408;Tarumirim;MG;2026-09;9;13;2;5;7;11;1;1
2112001;Tasso Fragoso;MA;2026-09;3;3;3;3;0;0;0;0
3554003;Tatuí;SP;2026-09;96;131;43;84;53;80;2;2
2313302;Tauá;CE;2026-09;19;32;12;24;7;20;2;2
3554102;Taubaté;SP;2026-09;275;383;157;238;118;208;29;30
4321352;Tavares;RS;2026-09;3;3;3;3;0;0;0;0
2516607;Tavares;PB;2026-09;5;6;5;5;0;1;0;0
1304203;Tefé;AM;2026-09;11;49;8;30;3;22;0;0
2516706;Teixeira;PB;2026-09;8;9;6;7;2;3;0;0
2931350;Teixeira de Freitas;BA;2026-09;90;144;65;94;25;69;7;7
4127007;Teixeira Soares;PR;2026-09;5;6;3;5;2;2;0;0
3168507;Teixeiras;MG;2026-09;21;24;9;10;12;15;1;1
1101559;Teixeirópolis;RO;2026-09;1;3;0;0;1;3;0;0
2313351;Tejuçuoca;CE;2026-09;3;4;3;4;0;0;0;0
3554201;Tejupá;SP;2026-09;1;1;0;1;1;1;0;0
4127106;Telêmaco Borba;PR;2026-09;57;80;36;47;21;37;3;3
2807303;Telha;SE;2026-09;2;2;1;1;1;1;0;0
2414100;Tenente Ananias;RN;2026-09;4;9;3;7;1;4;1;1
2414159;Tenente Laurentino Cruz;RN;2026-09;4;4;3;4;1;2;0;0
4321402;Tenente Portela;RS;2026-09;17;24;6;18;11;14;5;5
2516755;Tenório;PB;2026-09;1;1;1;1;0;0;0;0
2931400;Teodoro Sampaio;BA;2026-09;0;0;0;0;0;0;0;0
3554300;Teodoro Sampaio;SP;2026-09;10;14;4;8;6;9;1;1
2931509;Teofilândia;BA;2026-09;6;13;5;11;1;5;0;0
3168606;Teófilo Otoni;MG;2026-09;88;133;50;73;38;76;6;6
2931608;Teolândia;BA;2026-09;14;17;5;6;9;12;0;0
2709152;Teotônio Vilela;AL;2026-09;12;19;10;15;2;7;2;2
5008008;Terenos;MS;2026-09;9;15;4;9;5;10;1;1
2211001;Teresina;PI;2026-09;802;1278;441;639;361;776;34;35
5221080;Teresina de Goiás;GO;2026-09;1;1;1;1;0;0;0;0
3305802;Teresópolis;RJ;2026-09;196;259;81;131;115;168;13;13
2615102;Terezinha;PE;2026-09;3;6;3;6;0;0;0;0
5221197;Terezópolis de Goiás;GO;2026-09;6;6;6;6;0;0;0;0
1507961;Terra Alta;PA;2026-09;2;2;2;2;0;0;0;0
4127205;Terra Boa;PR;2026-09;15;18;8;9;7;11;1;1
4321436;Terra de Areia;RS;2026-09;1;10;1;3;0;10;0;0
2615201;Terra Nova;PE;2026-09;3;3;3;3;0;0;0;0
2931707;Terra Nova;BA;2026-09;6;8;3;8;3;3;1;1
5108055;Terra Nova do Norte;MT;2026-09;6;8;4;7;2;4;0;0
4127304;Terra Rica;PR;2026-09;11;12;6;6;5;6;0;0
4127403;Terra Roxa;PR;2026-09;11;16;5;11;6;7;1;1
3554409;Terra Roxa;SP;2026-09;4;6;4;6;0;1;0;0
1507979;Terra Santa;PA;2026-09;4;13;3;4;1;11;0;1
5108105;Tesouro;MT;2026-09;1;1;0;0;1;1;0;0
4321451;Teutônia;RS;2026-09;42;58;29;44;13;22;1;1
1101609;Theobroma;RO;2026-09;1;1;0;1;1;1;0;0
2313401;Tianguá;CE;2026-09;50;84;37;55;13;38;2;2
4127502;Tibagi;PR;2026-09;9;15;6;11;3;5;0;0
2411056;Tibau;RN;2026-09;2;752;2;2;0;750;0;0
2414209;Tibau do Sul;RN;2026-09;14;20;14;19;0;4;1;1
3554508;Tietê;SP;2026-09;43;53;21;31;22;31;2;2
4217956;Tigrinhos;SC;2026-09;2;2;2;2;0;0;0;0
4218004;Tijucas;SC;2026-09;33;44;22;33;11;19;2;2
4127601;Tijucas do Sul;PR;2026-09;5;6;4;4;1;3;0;0
2615300;Timbaúba;PE;2026-09;26;38;16;22;10;20;3;3
2414308;Timbaúba dos Batistas;RN;2026-09;1;1;1;1;0;0;0;0
4218103;Timbé do Sul;SC;2026-09;4;4;2;4;2;2;0;0
2112100;Timbiras;MA;2026-09;6;8;4;6;2;3;0;0
4218202;Timbó;SC;2026-09;56;80;34;48;22;37;3;3
4218251;Timbó Grande;SC;2026-09;3;3;2;2;1;1;0;0
3554607;Timburi;SP;2026-09;6;7;2;3;4;4;2;2
2112209;Timon;MA;2026-09;64;93;47;66;17;36;1;1
3168705;Timóteo;MG;2026-09;56;92;32;59;24;42;6;6
4321469;Tio Hugo;RS;2026-09;3;5;3;4;0;1;0;0
3168804;Tiradentes;MG;2026-09;6;6;3;6;3;3;0;0
4321477;Tiradentes do Sul;RS;2026-09;1;3;1;3;0;1;0;0
3168903;Tiros;MG;2026-09;8;8;5;8;3;4;1;1
2807402;Tobias Barreto;SE;2026-09;26;33;23;26;3;9;0;0
1721109;Tocantínia;TO;2026-09;1;2;1;1;0;1;0;0
1721208;Tocantinópolis;TO;2026-09;7;11;4;6;3;7;0;0
3169000;Tocantins;MG;2026-09;14;15;8;12;6;7;2;2
3169059;Tocos do Moji;MG;2026-09;4;4;3;3;1;1;0;0
3169109;Toledo;MG;2026-09;5;6;4;4;1;2;0;0
4127700;Toledo;PR;2026-09;166;227;89;140;77;125;18;20
2807501;Tomar do Geru;SE;2026-09;2;4;2;2;0;2;0;0
4127809;Tomazina;PR;2026-09;9;11;5;9;4;5;1;1
3169208;Tombos;MG;2026-09;7;11;3;7;4;7;0;0
1508001;Tomé-Açu;PA;2026-09;20;33;16;22;4;13;0;0
1304237;Tonantins;AM;2026-09;1;1;0;0;1;1;0;0
2615409;Toritama;PE;2026-09;13;31;9;15;4;20;0;0
5108204;Torixoréu;MT;2026-09;9;11;4;5;5;8;1;1
4321493;Toropi;RS;2026-09;1;2;0;2;1;1;0;0
3554656;Torre de Pedra;SP;2026-09;0;1;0;1;0;0;0;0
4321501;Torres;RS;2026-09;45;71;26;48;19;31;2;2
3554706;Torrinha;SP;2026-09;7;9;6;8;1;2;0;0
2414407;Touros;RN;2026-09;12;14;7;12;5;5;1;1
3554755;Trabiju;SP;2026-09;0;0;0;0;0;0;0;0
1508035;Tracuateua;PA;2026-09;3;5;3;4;0;2;0;0
2615508;Tracunhaém;PE;2026-09;4;6;3;4;1;2;0;0
2709202;Traipu;AL;2026-09;3;4;3;3;0;1;0;0
1508050;Trairão;PA;2026-09;3;6;3;6;0;1;0;0
2313500;Trairi;CE;2026-09;20;30;16;22;4;13;1;1
3305901;Trajano de Moraes;RJ;2026-09;2;9;2;3;0;6;0;0
4321600;Tramandaí;RS;2026-09;37;55;26;32;11;26;1;1
4321626;Travesseiro;RS;2026-09;1;1;0;1;1;1;1;1
2931806;Tremedal;BA;2026-09;4;8;2;2;2;6;0;0
3554805;Tremembé;SP;2026-09;25;33;19;26;6;13;2;2
4321634;Três Arroios;RS;2026-09;2;2;1;2;1;1;1;1
4218301;Três Barras;SC;2026-09;8;11;5;7;3;5;2;2
4127858;Três Barras do Paraná;PR;2026-09;13;16;3;9;10;11;2;2
4321667;Três Cachoeiras;RS;2026-09;6;10;3;9;3;5;0;0
3169307;Três Corações;MG;2026-09;62;78;42;63;20;33;10;10
4321709;Três Coroas;RS;2026-09;17;19;12;16;5;7;2;2
4321808;Três de Maio;RS;2026-09;34;49;13;27;21;27;0;0
4321832;Três Forquilhas;RS;2026-09;0;1;0;0;0;1;0;0
3554904;Três Fronteiras;SP;2026-09;3;4;2;3;1;2;0;0
5008305;Três Lagoas;MS;2026-09;90;130;59;89;31;54;9;9
3169356;Três Marias;MG;2026-09;28;45;15;31;13;24;4;4
4321857;Três Palmeiras;RS;2026-09;7;7;5;7;2;2;1;1
4321907;Três Passos;RS;2026-09;26;34;14;21;12;17;2;2
3169406;Três Pontas;MG;2026-09;44;54;36;41;8;18;6;6
5221304;Três Ranchos;GO;2026-09;6;7;1;1;5;6;0;0
3306008;Três Rios;RJ;2026-09;55;97;39;60;16;42;5;5
4218350;Treviso;SC;2026-09;5;5;4;5;1;2;1;1
4218400;Treze de Maio;SC;2026-09;5;5;3;3;2;2;0;0
4218509;Treze Tílias;SC;2026-09;13;14;8;13;5;6;1;1
5221403;Trindade;GO;2026-09;90;143;54;93;36;74;6;7
2615607;Trindade;PE;2026-09;12;14;8;9;4;6;2;2
4321956;Trindade do Sul;RS;2026-09;5;7;4;7;1;1;0;0
4322004;Triunfo;RS;2026-09;28;35;16;26;12;18;2;2
2615706;Triunfo;PE;2026-09;8;11;6;8;2;3;0;0
2516805;Triunfo;PB;2026-09;4;5;4;4;0;1;0;0
2414456;Triunfo Potiguar;RN;2026-09;2;3;2;3;0;1;0;0
2112233;Trizidela do Vale;MA;2026-09;9;15;8;14;1;5;0;0
5221452;Trombas;GO;2026-09;5;8;3;4;2;4;0;0
4218608;Trombudo Central;SC;2026-09;3;3;2;3;1;1;1;1
4218707;Tubarão;SC;2026-09;164;229;93;122;71;127;12;13
2931905;Tucano;BA;2026-09;18;28;10;23;8;16;5;6
1508084;Tucumã;PA;2026-09;14;33;9;16;5;18;1;1
4322103;Tucunduva;RS;2026-09;6;6;2;3;4;4;1;1
1508100;Tucuruí;PA;2026-09;42;69;30;49;12;36;5;5
2112274;Tufilândia;MA;2026-09;0;0;0;0;0;0;0;0
3554953;Tuiuti;SP;2026-09;3;5;2;5;1;1;1;1
3169505;Tumiritinga;MG;2026-09;2;2;2;2;0;0;0;0
4218756;Tunápolis;SC;2026-09;6;9;3;4;3;5;0;0
4322152;Tunas;RS;2026-09;1;1;0;1;1;1;1;1
4127882;Tunas do Paraná;PR;2026-09;3;4;1;2;2;3;1;1
4127908;Tuneiras do Oeste;PR;2026-09;6;7;3;5;3;3;1;1
2112308;Tuntum;MA;2026-09;7;12;4;10;3;6;0;0
3555000;Tupã;SP;2026-09;65;86;34;52;31;47;6;6
3169604;Tupaciguara;MG;2026-09;27;35;20;24;7;13;5;5
2615805;Tupanatinga;PE;2026-09;3;3;3;3;0;0;0;0
4322186;Tupanci do Sul;RS;2026-09;2;2;1;1;1;1;0;0
4322202;Tupanciretã;RS;2026-09;18;22;12;14;6;10;2;2
4322251;Tupandi;RS;2026-09;4;8;2;4;2;6;1;1
4322301;Tuparendi;RS;2026-09;10;12;5;8;5;7;2;2
2615904;Tuparetama;PE;2026-09;5;6;4;6;1;1;0;0
4127957;Tupãssi;PR;2026-09;11;13;4;8;7;9;0;0
3555109;Tupi Paulista;SP;2026-09;13;15;5;10;8;9;2;2
1721257;Tupirama;TO;2026-09;0;0;0;0;0;0;0;0
1721307;Tupiratins;TO;2026-09;0;2;0;2;0;0;0;0
2112407;Turiaçu;MA;2026-09;2;3;1;1;1;2;0;0
2112456;Turilândia;MA;2026-09;3;4;3;3;0;1;0;0
3555208;Turiúba;SP;2026-09;0;0;0;0;0;0;0;0
3555307;Turmalina;SP;2026-09;1;2;0;1;1;1;0;0
3169703;Turmalina;MG;2026-09;14;21;8;15;6;13;4;4
4322327;Turuçu;RS;2026-09;1;4;1;4;0;1;0;0
2313559;Tururu;CE;2026-09;6;7;4;6;2;2;0;0
5221502;Turvânia;GO;2026-09;2;2;2;2;0;0;0;0
5221551;Turvelândia;GO;2026-09;2;3;2;3;0;1;0;0
4127965;Turvo;PR;2026-09;10;22;4;12;6;17;0;0
4218806;Turvo;SC;2026-09;10;12;6;9;4;5;1;1
3169802;Turvolândia;MG;2026-09;3;3;2;2;1;1;0;0
2112506;Tutóia;MA;2026-09;13;23;9;16;4;10;0;0
1304260;Uarini;AM;2026-09;0;2;0;1;0;2;0;0
2932002;Uauá;BA;2026-09;8;14;3;8;5;10;1;1
3169901;Ubá;MG;2026-09;118;155;73;98;45;74;8;9
3170008;Ubaí;MG;2026-09;0;2;0;0;0;2;0;0
2932101;Ubaíra;BA;2026-09;6;9;4;5;2;5;0;0
2932200;Ubaitaba;BA;2026-09;12;16;7;9;5;9;1;1
2313609;Ubajara;CE;2026-09;13;17;9;13;4;8;0;0
3170057;Ubaporanga;MG;2026-09;5;8;2;4;3;4;1;1
3555356;Ubarana;SP;2026-09;4;4;3;3;1;1;0;0
2932309;Ubatã;BA;2026-09;10;16;7;9;3;10;0;0
3555406;Ubatuba;SP;2026-09;75;96;54;78;21;27;3;3
3170107;Uberaba;MG;2026-09;251;366;154;228;97;193;26;29
3170206;Uberlândia;MG;2026-09;752;1041;446;700;306;519;124;128
3555505;Ubirajara;SP;2026-09;5;5;2;2;3;3;0;0
4128005;Ubiratã;PR;2026-09;22;32;11;18;11;18;1;1
4322343;Ubiretama;RS;2026-09;1;1;0;0;1;1;0;0
3555604;Uchoa;SP;2026-09;5;6;4;4;1;3;1;1
2932408;Uibaí;BA;2026-09;12;13;11;12;1;2;1;1
1400704;Uiramutã;RR;2026-09;0;0;0;0;0;0;0;0
5221577;Uirapuru;GO;2026-09;3;4;1;1;2;3;0;0
2516904;Uiraúna;PB;2026-09;7;9;5;8;2;3;1;1
1508126;Ulianópolis;PA;2026-09;6;9;5;6;1;4;0;0
2313708;Umari;CE;2026-09;3;3;2;3;1;1;0;0
2414506;Umarizal;RN;2026-09;10;12;8;9;2;4;0;0
2807600;Umbaúba;SE;2026-09;7;11;6;7;1;5;1;1
2932457;Umburanas;BA;2026-09;3;7;1;1;2;6;0;0
3170305;Umburatiba;MG;2026-09;0;0;0;0;0;0;0;0
2517001;Umbuzeiro;PB;2026-09;4;6;4;4;0;2;0;0
2313757;Umirim;CE;2026-09;8;8;5;6;3;3;1;1
4128104;Umuarama;PR;2026-09;108;161;63;99;45;78;8;8
2932507;Una;BA;2026-09;5;13;3;8;2;7;0;0
3170404;Unaí;MG;2026-09;54;76;29;51;25;37;9;10
2211100;União;PI;2026-09;13;15;10;11;3;6;1;1
4322350;União da Serra;RS;2026-09;1;1;1;1;0;0;0;0
4128203;União da Vitória;PR;2026-09;56;79;31;49;25;43;10;10
3170438;União de Minas;MG;2026-09;3;4;1;3;2;2;0;0
4218855;União do Oeste;SC;2026-09;2;5;1;3;1;3;0;0
5108303;União do Sul;MT;2026-09;2;4;1;3;1;3;0;0
2709301;União dos Palmares;AL;2026-09;23;33;17;19;6;17;3;3
3555703;União Paulista;SP;2026-09;1;4;0;2;1;3;0;0
4128302;Uniflor;PR;2026-09;1;2;1;2;0;0;0;0
4322376;Unistalda;RS;2026-09;1;1;1;1;0;1;0;0
2414605;Upanema;RN;2026-09;2;4;1;3;1;3;0;0
4128401;Uraí;PR;2026-09;10;13;4;5;6;8;0;0
2932606;Urandi;BA;2026-09;5;10;3;4;2;8;1;1
3555802;Urânia;SP;2026-09;10;11;5;7;5;6;0;0
2112605;Urbano Santos;MA;2026-09;7;8;5;5;2;3;0;0
3555901;Uru;SP;2026-09;3;3;0;0;3;3;0;0
5221601;Uruaçu;GO;2026-09;29;53;17;23;12;34;5;5
5221700;Uruana;GO;2026-09;15;19;5;8;10;12;0;0
3170479;Uruana de Minas;MG;2026-09;1;1;1;1;0;0;0;0
1508159;Uruará;PA;2026-09;9;10;5;8;4;4;0;1
4218905;Urubici;SC;2026-09;10;13;6;11;4;6;1;1
2313807;Uruburetama;CE;2026-09;7;8;5;6;2;3;0;0
3170503;Urucânia;MG;2026-09;5;6;3;6;2;2;0;0
1304302;Urucará;AM;2026-09;4;5;4;5;0;1;0;0
2932705;Uruçuca;BA;2026-09;12;18;11;14;1;6;2;2
2211209;Uruçuí;PI;2026-09;11;20;8;11;3;12;0;0
3170529;Urucuia;MG;2026-09;6;7;2;4;4;5;0;0
1304401;Urucurituba;AM;2026-09;0;3;0;3;0;0;0;0
4322400;Uruguaiana;RS;2026-09;67;92;35;64;32;45;9;9
2313906;Uruoca;CE;2026-09;7;8;7;8;0;0;0;0
1101708;Urupá;RO;2026-09;3;6;1;4;2;4;0;0
4218954;Urupema;SC;2026-09;1;2;1;1;0;1;0;0
3556008;Urupês;SP;2026-09;17;21;10;13;7;10;1;1
4219002;Urussanga;SC;2026-09;22;29;17;22;5;9;1;1
5221809;Urutaí;GO;2026-09;2;4;1;4;1;1;0;1
2932804;Utinga;BA;2026-09;2;7;2;5;0;3;0;0
4322509;Vacaria;RS;2026-09;41;59;19;33;22;33;5;5
5108352;Vale de São Domingos;MT;2026-09;1;1;1;1;0;0;0;0
1101757;Vale do Anari;RO;2026-09;2;2;2;2;0;0;0;0
1101807;Vale do Paraíso;RO;2026-09;3;7;2;4;1;4;0;0
4322533;Vale do Sol;RS;2026-09;2;2;0;2;2;2;2;2
4322541;Vale Real;RS;2026-09;7;8;5;6;2;2;1;1
4322525;Vale Verde;RS;2026-09;2;3;2;2;0;1;0;0
3306107;Valença;RJ;2026-09;39;61;26;35;13;32;2;2
2932903;Valença;BA;2026-09;44;75;20;32;24;54;3;3
2211308;Valença do Piauí;PI;2026-09;17;23;10;13;7;10;0;0
2933000;Valente;BA;2026-09;18;40;10;18;8;27;3;3
3556107;Valentim Gentil;SP;2026-09;8;9;5;6;3;3;0;0
3556206;Valinhos;SP;2026-09;186;240;96;151;90;123;21;24
3556305;Valparaíso;SP;2026-09;19;21;11;13;8;10;1;1
5221858;Valparaíso de Goiás;GO;2026-09;103;142;78;106;25;60;10;11
4322558;Vanini;RS;2026-09;5;8;0;5;5;8;0;0
4219101;Vargeão;SC;2026-09;2;4;1;3;1;2;1;1
4219150;Vargem;SC;2026-09;1;1;1;1;0;0;0;0
3556354;Vargem;SP;2026-09;6;7;4;6;2;2;0;0
3170578;Vargem Alegre;MG;2026-09;2;2;2;2;0;0;0;0
3205036;Vargem Alta;ES;2026-09;9;13;8;9;1;5;0;0
3170602;Vargem Bonita;MG;2026-09;2;3;1;2;1;2;0;0
4219176;Vargem Bonita;SC;2026-09;2;2;2;2;0;0;0;0
2112704;Vargem Grande;MA;2026-09;5;12;5;7;0;6;1;1
3170651;Vargem Grande do Rio Pardo;MG;2026-09;1;4;0;1;1;4;0;0
3556404;Vargem Grande do Sul;SP;2026-09;26;31;17;20;9;14;2;2
3556453;Vargem Grande Paulista;SP;2026-09;34;54;24;40;10;19;2;2
3170701;Varginha;MG;2026-09;153;198;93;121;60;100;10;10
5221908;Varjão;GO;2026-09;2;3;2;2;0;1;0;0
3170750;Varjão de Minas;MG;2026-09;6;6;4;4;2;2;1;1
2313955;Varjota;CE;2026-09;13;17;8;11;5;10;0;0
3306156;Varre-Sai;RJ;2026-09;15;18;3;13;12;16;0;0
2414704;Várzea;RN;2026-09;4;4;4;4;0;0;0;0
2517100;Várzea;PB;2026-09;3;3;2;3;1;1;0;0
2314003;Várzea Alegre;CE;2026-09;30;38;22;26;8;13;0;0
2211357;Várzea Branca;PI;2026-09;2;4;2;3;0;2;0;0
3170800;Várzea da Palma;MG;2026-09;15;21;13;17;2;8;0;0
2933059;Várzea da Roça;BA;2026-09;4;6;2;3;2;5;0;0
2933109;Várzea do Poço;BA;2026-09;7;7;4;4;3;3;0;0
2211407;Várzea Grande;PI;2026-09;2;2;2;2;0;0;0;0
5108402;Várzea Grande;MT;2026-09;148;233;69;124;79;138;10;11
2933158;Várzea Nova;BA;2026-09;5;6;2;4;3;4;1;1
3556503;Várzea Paulista;SP;2026-09;51;63;29;40;22;29;4;5
2933174;Varzedo;BA;2026-09;3;3;2;3;1;1;0;0
3170909;Varzelândia;MG;2026-09;6;8;4;5;2;4;0;0
3306206;Vassouras;RJ;2026-09;26;44;20;26;6;23;0;0
3171006;Vazante;MG;2026-09;15;23;9;14;6;13;3;3
4322608;Venâncio Aires;RS;2026-09;63;83;34;48;29;40;1;1
3205069;Venda Nova do Imigrante;ES;2026-09;17;26;10;19;7;11;2;2
2414753;Venha-Ver;RN;2026-09;0;0;0;0;0;0;0;0
4128534;Ventania;PR;2026-09;7;15;4;9;3;7;0;0
2616001;Venturosa;PE;2026-09;2;2;2;2;0;0;0;0
5108501;Vera;MT;2026-09;8;12;3;5;5;8;0;0
4322707;Vera Cruz;RS;2026-09;16;20;11;13;5;7;0;0
3556602;Vera Cruz;SP;2026-09;9;12;5;10;4;6;1;1
2933208;Vera Cruz;BA;2026-09;19;29;11;16;8;18;1;1
2414803;Vera Cruz;RN;2026-09;1;5;1;2;0;3;0;0
4128559;Vera Cruz do Oeste;PR;2026-09;6;8;3;3;3;5;0;0
2211506;Vera Mendes;PI;2026-09;2;2;2;2;0;0;0;0
4322806;Veranópolis;RS;2026-09;32;47;17;24;15;28;3;3
2616100;Verdejante;PE;2026-09;2;3;2;2;0;1;0;0
3171030;Verdelândia;MG;2026-09;1;1;1;1;0;0;0;0
4128609;Verê;PR;2026-09;9;14;4;12;5;7;3;3
2933257;Vereda;BA;2026-09;0;1;0;0;0;1;0;0
3171071;Veredinha;MG;2026-09;3;3;2;2;1;2;0;0
3171105;Veríssimo;MG;2026-09;1;1;1;1;0;0;0;0
3171154;Vermelho Novo;MG;2026-09;4;6;3;5;1;2;0;0
2616183;Vertente do Lério;PE;2026-09;1;1;1;1;0;0;0;0
2616209;Vertentes;PE;2026-09;7;11;4;6;3;7;0;0
3171204;Vespasiano;MG;2026-09;62;77;41;56;21;32;8;8
4322855;Vespasiano Corrêa;RS;2026-09;2;2;1;2;1;1;1;1
4322905;Viadutos;RS;2026-09;5;7;4;7;1;2;0;0
4323002;Viamão;RS;2026-09;89;120;59;80;30;50;7;7
3205101;Viana;ES;2026-09;27;38;17;24;10;21;4;4
2112803;Viana;MA;2026-09;5;14;3;8;2;9;1;1
5222005;Vianópolis;GO;2026-09;11;16;6;9;5;9;0;0
2616308;Vicência;PE;2026-09;9;12;7;8;2;4;0;0
4323101;Vicente Dutra;RS;2026-09;2;2;2;2;0;0;0;0
5008404;Vicentina;MS;2026-09;5;6;3;4;2;3;1;1
5222054;Vicentinópolis;GO;2026-09;9;12;5;7;4;8;2;2
3171303;Viçosa;MG;2026-09;141;173;81;112;60;85;7;7
2709400;Viçosa;AL;2026-09;7;10;6;7;1;3;0;0
2414902;Viçosa;RN;2026-09;0;2;0;2;0;2;0;0
2314102;Viçosa do Ceará;CE;2026-09;19;28;12;15;7;14;2;2
4323200;Victor Graeff;RS;2026-09;2;3;1;2;1;1;0;0
4219200;Vidal Ramos;SC;2026-09;8;8;4;4;4;4;0;0
4219309;Videira;SC;2026-09;53;81;28;52;25;44;6;6
3171402;Vieiras;MG;2026-09;3;3;2;3;1;1;0;0
2517209;Vieirópolis;PB;2026-09;2;2;2;2;0;0;0;0
1508209;Vigia;PA;2026-09;11;13;7;8;4;6;0;0
5105507;Vila Bela da Santíssima Trindade;MT;2026-09;3;4;3;4;0;0;0;0
5222203;Vila Boa;GO;2026-09;2;2;2;2;0;0;0;0
2415008;Vila Flor;RN;2026-09;2;2;2;2;0;0;0;0
4323309;Vila Flores;RS;2026-09;3;3;1;2;2;2;0;0
4323358;Vila Lângaro;RS;2026-09;1;1;1;1;0;1;0;0
4323408;Vila Maria;RS;2026-09;4;6;2;4;2;3;1;1
2211605;Vila Nova do Piauí;PI;2026-09;2;2;2;2;0;0;0;0
4323457;Vila Nova do Sul;RS;2026-09;1;1;0;0;1;1;1;1
2112852;Vila Nova dos Martírios;MA;2026-09;1;3;1;3;0;0;0;0
3205150;Vila Pavão;ES;2026-09;7;7;7;7;0;1;0;0
5222302;Vila Propício;GO;2026-09;1;1;1;1;0;0;0;0
5108600;Vila Rica;MT;2026-09;10;15;7;11;3;7;0;0
3205176;Vila Valério;ES;2026-09;6;11;4;9;2;5;0;0
3205200;Vila Velha;ES;2026-09;446;751;268;485;178;412;62;65
1100304;Vilhena;RO;2026-09;81;149;41;81;40;92;7;7
3556701;Vinhedo;SP;2026-09;120;164;74;113;46;75;13;15
3556800;Viradouro;SP;2026-09;15;19;8;15;7;8;1;1
3171600;Virgem da Lapa;MG;2026-09;4;5;3;5;1;2;0;0
3171709;Virgínia;MG;2026-09;13;16;6;7;7;10;0;0
3171808;Virginópolis;MG;2026-09;2;4;2;3;0;1;0;0
3171907;Virgolândia;MG;2026-09;2;3;2;3;0;0;0;0
4128658;Virmond;PR;2026-09;2;3;1;2;1;1;0;0
3172004;Visconde do Rio Branco;MG;2026-09;34;40;21;32;13;16;2;2
1508308;Viseu;PA;2026-09;5;11;4;7;1;7;0;0
4323507;Vista Alegre;RS;2026-09;6;6;2;3;4;4;0;0
3556909;Vista Alegre do Alto;SP;2026-09;6;7;4;4;2;3;0;0
4323606;Vista Alegre do Prata;RS;2026-09;2;2;1;2;1;1;1;1
4323705;Vista Gaúcha;RS;2026-09;2;2;1;2;1;1;0;0
2505501;Vista Serrana;PB;2026-09;3;3;3;3;0;0;0;0
4219358;Vitor Meireles;SC;2026-09;2;3;2;3;0;0;0;0
3205309;Vitória;ES;2026-09;576;943;263;525;313;601;61;64
3556958;Vitória Brasil;SP;2026-09;0;1;0;1;0;1;0;0
2933307;Vitória da Conquista;BA;2026-09;302;439;161;241;141;258;25;26
4323754;Vitória das Missões;RS;2026-09;2;3;0;1;2;2;0;0
2616407;Vitória de Santo Antão;PE;2026-09;78;114;54;71;24;59;7;7
1600808;Vitória do Jari;AP;2026-09;4;5;3;4;1;1;0;0
2112902;Vitória do Mearim;MA;2026-09;7;12;4;8;3;7;1;1
1508357;Vitória do Xingu;PA;2026-09;6;12;6;10;0;2;0;0
4128708;Vitorino;PR;2026-09;7;9;6;8;1;2;1;1
2113009;Vitorino Freire;MA;2026-09;11;18;8;11;3;10;0;0
3172103;Volta Grande;MG;2026-09;3;3;2;2;1;1;0;0
3306305;Volta Redonda;RJ;2026-09;173;259;122;178;51;118;11;12
3557006;Votorantim;SP;2026-09;73;106;44;77;29;53;7;8
3557105;Votuporanga;SP;2026-09;69;94;40;57;29;46;2;2
2933406;Wagner;BA;2026-09;3;4;2;3;1;1;0;0
2211704;Wall Ferraz;PI;2026-09;3;3;3;3;0;0;0;0
1722081;Wanderlândia;TO;2026-09;2;3;2;3;0;0;0;0
2933455;Wanderley;BA;2026-09;3;4;2;3;1;2;1;1
3172202;Wenceslau Braz;MG;2026-09;3;3;2;2;1;1;0;0
4128500;Wenceslau Braz;PR;2026-09;7;9;3;4;4;5;0;0
2933505;Wenceslau Guimarães;BA;2026-09;5;7;4;5;1;3;1;1
4323770;Westfália;RS;2026-09;3;3;1;2;2;2;0;0
4219408;Witmarsum;SC;2026-09;2;3;2;3;0;0;0;0
1722107;Xambioá;TO;2026-09;6;10;4;6;2;4;1;1
4128807;Xambrê;PR;2026-09;3;4;1;2;2;3;0;0
4323804;Xangri-lá;RS;2026-09;20;28;12;20;8;14;3;3
4219507;Xanxerê;SC;2026-09;44;68;30;46;14;36;9;9
1200708;Xapuri;AC;2026-09;9;10;7;10;2;3;1;1
4219606;Xavantina;SC;2026-09;4;5;2;4;2;2;0;0
4219705;Xaxim;SC;2026-09;32;38;18;27;14;20;5;5
2616506;Xexéu;PE;2026-09;7;8;7;7;0;1;0;0
1508407;Xinguara;PA;2026-09;19;49;16;26;3;30;2;2
2933604;Xique-Xique;BA;2026-09;13;28;8;14;5;17;2;3
2517407;Zabelê;PB;2026-09;1;1;1;1;0;0;0;0
3557154;Zacarias;SP;2026-09;0;0;0;0;0;0;0;0
2114007;Zé Doca;MA;2026-09;12;20;9;13;3;10;1;1
4219853;Zortéa;SC;2026-09;4;4;2;2;2;3;0;0
