IBGE;Município;UF;Grande região;Código intermediária;Região intermediária;Papel intermediária;Código imediata;Região imediata;Papel imediata;Hierarquia da planilha;PIB R$ 2023;PIB per capita R$ 2023
1100015;Alta Floresta D'Oeste;RO;Norte;1102;Ji-Paraná;do Entorno;110005;Cacoal;do Entorno;Centro Local;1046342546.0;48680.68
1100023;Ariquemes;RO;Norte;1101;Porto Velho;do Entorno;110002;Ariquemes;Polo;Centro Sub-Regional A;4383815338.0;45271.91
1100031;Cabixi;RO;Norte;1102;Ji-Paraná;do Entorno;110006;Vilhena;do Entorno;Centro Local;300832108.0;56219.79
1100049;Cacoal;RO;Norte;1102;Ji-Paraná;do Entorno;110005;Cacoal;Polo;Capital Regional C;3848467896.0;44292.79
1100056;Cerejeiras;RO;Norte;1102;Ji-Paraná;do Entorno;110006;Vilhena;do Entorno;Centro de Zona B;1006389440.0;63334.77
1100064;Colorado do Oeste;RO;Norte;1102;Ji-Paraná;do Entorno;110006;Vilhena;do Entorno;Centro de Zona B;580898591.0;37087.31
1100072;Corumbiara;RO;Norte;1102;Ji-Paraná;do Entorno;110006;Vilhena;do Entorno;Centro Local;509565719.0;67770.41
1100080;Costa Marques;RO;Norte;1102;Ji-Paraná;do Entorno;110004;Ji-Paraná;do Entorno;Centro Local;413942952.0;32782.37
1100098;Espigão D'Oeste;RO;Norte;1102;Ji-Paraná;do Entorno;110005;Cacoal;do Entorno;Centro Local;1023972935.0;34812.43
1100106;Guajará-Mirim;RO;Norte;1101;Porto Velho;do Entorno;110001;Porto Velho;do Entorno;Centro Sub-Regional B;1145033649.0;29071.36
1100114;Jaru;RO;Norte;1101;Porto Velho;do Entorno;110003;Jaru;Polo;Centro Sub-Regional B;2515557725.0;49723.42
1100122;Ji-Paraná;RO;Norte;1102;Ji-Paraná;Polo;110004;Ji-Paraná;Polo;Capital Regional C;5824472224.0;46845.75
1100130;Machadinho D'Oeste;RO;Norte;1101;Porto Velho;do Entorno;110003;Jaru;do Entorno;Centro de Zona B;1055806050.0;34383.24
1100148;Nova Brasilândia D'Oeste;RO;Norte;1102;Ji-Paraná;do Entorno;110005;Cacoal;do Entorno;Centro Local;731951760.0;46683.57
1100155;Ouro Preto do Oeste;RO;Norte;1102;Ji-Paraná;do Entorno;110004;Ji-Paraná;do Entorno;Centro Sub-Regional B;1275478843.0;36396.5
1100189;Pimenta Bueno;RO;Norte;1102;Ji-Paraná;do Entorno;110005;Cacoal;do Entorno;Centro Sub-Regional B;2124340165.0;60558.74
1100205;Porto Velho;RO;Norte;1101;Porto Velho;Polo;110001;Porto Velho;Polo;Capital Regional B;25402193434.0;55170.11
1100254;Presidente Médici;RO;Norte;1102;Ji-Paraná;do Entorno;110004;Ji-Paraná;do Entorno;Centro Local;776280726.0;40165.61
1100262;Rio Crespo;RO;Norte;1101;Porto Velho;do Entorno;110002;Ariquemes;do Entorno;Centro Local;265160116.0;76393.0
1100288;Rolim de Moura;RO;Norte;1102;Ji-Paraná;do Entorno;110005;Cacoal;do Entorno;Centro Sub-Regional B;2287630996.0;40556.52
1100296;Santa Luzia D'Oeste;RO;Norte;1102;Ji-Paraná;do Entorno;110005;Cacoal;do Entorno;Centro Local;291886731.0;39343.14
1100304;Vilhena;RO;Norte;1102;Ji-Paraná;do Entorno;110006;Vilhena;Polo;Centro Sub-Regional A;5115785079.0;53382.85
1100320;São Miguel do Guaporé;RO;Norte;1102;Ji-Paraná;do Entorno;110004;Ji-Paraná;do Entorno;Centro Local;1549191677.0;74674.23
1100338;Nova Mamoré;RO;Norte;1101;Porto Velho;do Entorno;110001;Porto Velho;do Entorno;Centro Local;1060566252.0;41682.37
1100346;Alvorada D'Oeste;RO;Norte;1102;Ji-Paraná;do Entorno;110004;Ji-Paraná;do Entorno;Centro Local;486626485.0;37098.92
1100379;Alto Alegre dos Parecis;RO;Norte;1102;Ji-Paraná;do Entorno;110005;Cacoal;do Entorno;Centro Local;575129366.0;50102.74
1100403;Alto Paraíso;RO;Norte;1101;Porto Velho;do Entorno;110002;Ariquemes;do Entorno;Centro Local;667923438.0;40926.68
1100452;Buritis;RO;Norte;1101;Porto Velho;do Entorno;110002;Ariquemes;do Entorno;Centro Local;1221007917.0;43619.89
1100502;Novo Horizonte do Oeste;RO;Norte;1102;Ji-Paraná;do Entorno;110005;Cacoal;do Entorno;Centro Local;331958408.0;43297.04
1100601;Cacaulândia;RO;Norte;1101;Porto Velho;do Entorno;110002;Ariquemes;do Entorno;Centro Local;238989350.0;57587.8
1100700;Campo Novo de Rondônia;RO;Norte;1101;Porto Velho;do Entorno;110002;Ariquemes;do Entorno;Centro Local;455251255.0;51475.72
1100809;Candeias do Jamari;RO;Norte;1101;Porto Velho;do Entorno;110001;Porto Velho;do Entorno;Capital Regional B;1001610328.0;44895.13
1100908;Castanheiras;RO;Norte;1102;Ji-Paraná;do Entorno;110005;Cacoal;do Entorno;Centro Local;138594311.0;42868.64
1100924;Chupinguaia;RO;Norte;1102;Ji-Paraná;do Entorno;110006;Vilhena;do Entorno;Centro Local;673989845.0;72285.48
1100940;Cujubim;RO;Norte;1101;Porto Velho;do Entorno;110002;Ariquemes;do Entorno;Centro Local;582148186.0;39167.61
1101005;Governador Jorge Teixeira;RO;Norte;1101;Porto Velho;do Entorno;110003;Jaru;do Entorno;Centro Local;320123460.0;40010.43
1101104;Itapuã do Oeste;RO;Norte;1101;Porto Velho;do Entorno;110001;Porto Velho;do Entorno;Centro Local;340162494.0;39794.4
1101203;Ministro Andreazza;RO;Norte;1102;Ji-Paraná;do Entorno;110005;Cacoal;do Entorno;Centro Local;440281632.0;68091.81
1101302;Mirante da Serra;RO;Norte;1102;Ji-Paraná;do Entorno;110004;Ji-Paraná;do Entorno;Centro Local;380178709.0;41167.16
1101401;Monte Negro;RO;Norte;1101;Porto Velho;do Entorno;110002;Ariquemes;do Entorno;Centro Local;526989791.0;45634.72
1101435;Nova União;RO;Norte;1102;Ji-Paraná;do Entorno;110004;Ji-Paraná;do Entorno;Centro Local;193556525.0;31218.79
1101450;Parecis;RO;Norte;1102;Ji-Paraná;do Entorno;110005;Cacoal;do Entorno;Centro Local;201510402.0;48851.01
1101468;Pimenteiras do Oeste;RO;Norte;1102;Ji-Paraná;do Entorno;110006;Vilhena;do Entorno;Centro Local;355185198.0;164742.67
1101476;Primavera de Rondônia;RO;Norte;1102;Ji-Paraná;do Entorno;110005;Cacoal;do Entorno;Centro Local;131192932.0;42650.5
1101484;São Felipe D'Oeste;RO;Norte;1102;Ji-Paraná;do Entorno;110005;Cacoal;do Entorno;Centro Local;177906434.0;33835.38
1101492;São Francisco do Guaporé;RO;Norte;1102;Ji-Paraná;do Entorno;110004;Ji-Paraná;do Entorno;Centro Local;716410560.0;43989.35
1101500;Seringueiras;RO;Norte;1102;Ji-Paraná;do Entorno;110004;Ji-Paraná;do Entorno;Centro Local;446996914.0;37064.42
1101559;Teixeirópolis;RO;Norte;1102;Ji-Paraná;do Entorno;110004;Ji-Paraná;do Entorno;Centro Local;156426033.0;36754.24
1101609;Theobroma;RO;Norte;1101;Porto Velho;do Entorno;110003;Jaru;do Entorno;Centro Local;307753834.0;37933.42
1101708;Urupá;RO;Norte;1102;Ji-Paraná;do Entorno;110004;Ji-Paraná;do Entorno;Centro Local;370213664.0;34518.76
1101757;Vale do Anari;RO;Norte;1101;Porto Velho;do Entorno;110003;Jaru;do Entorno;Centro Local;257310753.0;33039.39
1101807;Vale do Paraíso;RO;Norte;1102;Ji-Paraná;do Entorno;110004;Ji-Paraná;do Entorno;Centro Local;225187419.0;34756.51
1200013;Acrelândia;AC;Norte;1201;Rio Branco;do Entorno;120001;Rio Branco;do Entorno;Centro Local;502663016.0;35850.73
1200054;Assis Brasil;AC;Norte;1201;Rio Branco;do Entorno;120002;Brasiléia;do Entorno;Centro Local;187366498.0;23131.67
1200104;Brasiléia;AC;Norte;1201;Rio Branco;do Entorno;120002;Brasiléia;Polo;Centro Sub-Regional B;929800488.0;35761.56
1200138;Bujari;AC;Norte;1201;Rio Branco;do Entorno;120001;Rio Branco;do Entorno;Centro Local;365418786.0;28289.76
1200179;Capixaba;AC;Norte;1201;Rio Branco;do Entorno;120001;Rio Branco;do Entorno;Centro Local;530656841.0;51063.98
1200203;Cruzeiro do Sul;AC;Norte;1202;Cruzeiro do Sul;Polo;120004;Cruzeiro do Sul;Polo;Centro Sub-Regional B;2680143051.0;29167.5
1200252;Epitaciolândia;AC;Norte;1201;Rio Branco;do Entorno;120002;Brasiléia;do Entorno;Centro Sub-Regional B;793426711.0;42300.3
1200302;Feijó;AC;Norte;1202;Cruzeiro do Sul;do Entorno;120005;Tarauacá;do Entorno;Centro Local;741343805.0;20926.55
1200328;Jordão;AC;Norte;1202;Cruzeiro do Sul;do Entorno;120005;Tarauacá;do Entorno;Centro Local;150648095.0;16335.73
1200336;Mâncio Lima;AC;Norte;1202;Cruzeiro do Sul;do Entorno;120004;Cruzeiro do Sul;do Entorno;Centro Local;339224183.0;17581.85
1200344;Manoel Urbano;AC;Norte;1201;Rio Branco;do Entorno;120003;Sena Madureira;do Entorno;Centro Local;262614030.0;21891.8
1200351;Marechal Thaumaturgo;AC;Norte;1202;Cruzeiro do Sul;do Entorno;120004;Cruzeiro do Sul;do Entorno;Centro Local;288045144.0;16851.64
1200385;Plácido de Castro;AC;Norte;1201;Rio Branco;do Entorno;120001;Rio Branco;do Entorno;Centro Local;764818375.0;46184.68
1200393;Porto Walter;AC;Norte;1202;Cruzeiro do Sul;do Entorno;120004;Cruzeiro do Sul;do Entorno;Centro Local;200511946.0;18678.34
1200401;Rio Branco;AC;Norte;1201;Rio Branco;Polo;120001;Rio Branco;Polo;Capital Regional C;12960965992.0;35533.25
1200427;Rodrigues Alves;AC;Norte;1202;Cruzeiro do Sul;do Entorno;120004;Cruzeiro do Sul;do Entorno;Centro Local;293645129.0;19657.59
1200435;Santa Rosa do Purus;AC;Norte;1201;Rio Branco;do Entorno;120003;Sena Madureira;do Entorno;Centro Local;124069582.0;18454.5
1200450;Senador Guiomard;AC;Norte;1201;Rio Branco;do Entorno;120001;Rio Branco;do Entorno;Centro Local;1111820541.0;51823.46
1200500;Sena Madureira;AC;Norte;1201;Rio Branco;do Entorno;120003;Sena Madureira;Polo;Centro Local;972647740.0;23526.3
1200609;Tarauacá;AC;Norte;1202;Cruzeiro do Sul;do Entorno;120005;Tarauacá;Polo;Centro Local;932079699.0;21443.39
1200708;Xapuri;AC;Norte;1201;Rio Branco;do Entorno;120002;Brasiléia;do Entorno;Centro Local;626025729.0;34315.94
1200807;Porto Acre;AC;Norte;1201;Rio Branco;do Entorno;120001;Rio Branco;do Entorno;Centro Local;533385984.0;31952.67
1300029;Alvarães;AM;Norte;1302;Tefé;do Entorno;130005;Tefé;do Entorno;Centro Local;242584495.0;15289.58
1300060;Amaturá;AM;Norte;1302;Tefé;do Entorno;130006;Tabatinga;do Entorno;Centro Local;134731625.0;12453.24
1300086;Anamã;AM;Norte;1301;Manaus;do Entorno;130004;Manacapuru;do Entorno;Centro Local;154694426.0;15528.45
1300102;Anori;AM;Norte;1301;Manaus;do Entorno;130003;Coari;do Entorno;Centro Local;297170704.0;17283.4
1300144;Apuí;AM;Norte;1303;Lábrea;do Entorno;130009;Manicoré;do Entorno;Centro Local;386133301.0;18701.67
1300201;Atalaia do Norte;AM;Norte;1302;Tefé;do Entorno;130006;Tabatinga;do Entorno;Centro Local;206768902.0;13501.95
1300300;Autazes;AM;Norte;1301;Manaus;do Entorno;130001;Manaus;do Entorno;Centro Local;584989752.0;14074.43
1300409;Barcelos;AM;Norte;1301;Manaus;do Entorno;130002;São Gabriel da Cachoeira;do Entorno;Centro Local;242100261.0;12854.43
1300508;Barreirinha;AM;Norte;1304;Parintins;do Entorno;130010;Parintins;do Entorno;Centro Local;398068438.0;12819.83
1300607;Benjamin Constant;AM;Norte;1302;Tefé;do Entorno;130006;Tabatinga;do Entorno;Centro Local;469445192.0;12469.33
1300631;Beruri;AM;Norte;1301;Manaus;do Entorno;130003;Coari;do Entorno;Centro Local;262120815.0;12651.84
1300680;Boa Vista do Ramos;AM;Norte;1304;Parintins;do Entorno;130010;Parintins;do Entorno;Centro Local;243779045.0;10249.28
1300706;Boca do Acre;AM;Norte;1303;Lábrea;do Entorno;130008;Lábrea;do Entorno;Centro Local;661734760.0;18668.29
1300805;Borba;AM;Norte;1301;Manaus;do Entorno;130001;Manaus;do Entorno;Centro Local;435683804.0;13170.61
1300839;Caapiranga;AM;Norte;1301;Manaus;do Entorno;130004;Manacapuru;do Entorno;Centro Local;219111532.0;16267.84
1300904;Canutama;AM;Norte;1303;Lábrea;do Entorno;130008;Lábrea;do Entorno;Centro Local;208247373.0;12344.97
1301001;Carauari;AM;Norte;1302;Tefé;do Entorno;130005;Tefé;do Entorno;Centro Local;433322221.0;15076.27
1301100;Careiro;AM;Norte;1301;Manaus;do Entorno;130001;Manaus;do Entorno;Centro Local;436682175.0;14181.68
1301159;Careiro da Várzea;AM;Norte;1301;Manaus;do Entorno;130001;Manaus;do Entorno;Centro Local;418937788.0;21334.1
1301209;Coari;AM;Norte;1301;Manaus;do Entorno;130003;Coari;Polo;Centro Local;3893678738.0;55138.76
1301308;Codajás;AM;Norte;1301;Manaus;do Entorno;130003;Coari;do Entorno;Centro Local;637712807.0;27080.25
1301407;Eirunepé;AM;Norte;1302;Tefé;do Entorno;130007;Eirunepé;Polo;Centro de Zona B;683640161.0;20610.19
1301506;Envira;AM;Norte;1302;Tefé;do Entorno;130007;Eirunepé;do Entorno;Centro Local;236123505.0;13739.29
1301605;Fonte Boa;AM;Norte;1302;Tefé;do Entorno;130005;Tefé;do Entorno;Centro Local;324328590.0;12536.38
1301654;Guajará;AM;Norte;1302;Tefé;do Entorno;130007;Eirunepé;do Entorno;Centro Local;184646312.0;13365.64
1301704;Humaitá;AM;Norte;1303;Lábrea;do Entorno;130009;Manicoré;do Entorno;Centro Local;926065113.0;16113.05
1301803;Ipixuna;AM;Norte;1302;Tefé;do Entorno;130007;Eirunepé;do Entorno;Centro Local;247844484.0;10194.75
1301852;Iranduba;AM;Norte;1301;Manaus;do Entorno;130001;Manaus;do Entorno;Centro Local;1263495864.0;20657.85
1301902;Itacoatiara;AM;Norte;1304;Parintins;do Entorno;130011;Itacoatiara;Polo;Centro Sub-Regional B;3321936455.0;32065.64
1301951;Itamarati;AM;Norte;1302;Tefé;do Entorno;130007;Eirunepé;do Entorno;Centro Local;161776815.0;14791.7
1302009;Itapiranga;AM;Norte;1304;Parintins;do Entorno;130011;Itacoatiara;do Entorno;Centro Local;196557472.0;19342.4
1302108;Japurá;AM;Norte;1302;Tefé;do Entorno;130005;Tefé;do Entorno;Centro Local;145336660.0;16407.39
1302207;Juruá;AM;Norte;1302;Tefé;do Entorno;130005;Tefé;do Entorno;Centro Local;147949792.0;13773.02
1302306;Jutaí;AM;Norte;1302;Tefé;do Entorno;130005;Tefé;do Entorno;Centro Local;394549656.0;15674.15
1302405;Lábrea;AM;Norte;1303;Lábrea;Polo;130008;Lábrea;Polo;Centro Local;742982105.0;16347.96
1302504;Manacapuru;AM;Norte;1301;Manaus;do Entorno;130004;Manacapuru;Polo;Centro Sub-Regional B;1917412717.0;18819.75
1302553;Manaquiri;AM;Norte;1301;Manaus;do Entorno;130001;Manaus;do Entorno;Centro Local;303946710.0;17767.39
1302603;Manaus;AM;Norte;1301;Manaus;Polo;130001;Manaus;Polo;Metrópole;127649795492.0;61855.15
1302702;Manicoré;AM;Norte;1303;Lábrea;do Entorno;130009;Manicoré;Polo;Centro Local;926409799.0;17183.1
1302801;Maraã;AM;Norte;1302;Tefé;do Entorno;130005;Tefé;do Entorno;Centro Local;202680119.0;13051.72
1302900;Maués;AM;Norte;1304;Parintins;do Entorno;130010;Parintins;do Entorno;Centro Local;695906555.0;11370.28
1303007;Nhamundá;AM;Norte;1304;Parintins;do Entorno;130010;Parintins;do Entorno;Centro Local;239730567.0;11905.57
1303106;Nova Olinda do Norte;AM;Norte;1301;Manaus;do Entorno;130001;Manaus;do Entorno;Centro Local;354692767.0;13106.67
1303205;Novo Airão;AM;Norte;1301;Manaus;do Entorno;130004;Manacapuru;do Entorno;Centro Local;243315684.0;15437.83
1303304;Novo Aripuanã;AM;Norte;1303;Lábrea;do Entorno;130009;Manicoré;do Entorno;Centro Local;311736687.0;13088.28
1303403;Parintins;AM;Norte;1304;Parintins;Polo;130010;Parintins;Polo;Centro Sub-Regional B;1656948637.0;17193.26
1303502;Pauini;AM;Norte;1303;Lábrea;do Entorno;130008;Lábrea;do Entorno;Centro Local;237839168.0;12276.84
1303536;Presidente Figueiredo;AM;Norte;1301;Manaus;do Entorno;130001;Manaus;do Entorno;Centro Local;730302557.0;23813.18
1303569;Rio Preto da Eva;AM;Norte;1301;Manaus;do Entorno;130001;Manaus;do Entorno;Centro Local;495857750.0;19885.22
1303601;Santa Isabel do Rio Negro;AM;Norte;1301;Manaus;do Entorno;130002;São Gabriel da Cachoeira;do Entorno;Centro Local;197856988.0;13969.01
1303700;Santo Antônio do Içá;AM;Norte;1302;Tefé;do Entorno;130006;Tabatinga;do Entorno;Centro Local;354277121.0;12558.12
1303809;São Gabriel da Cachoeira;AM;Norte;1301;Manaus;do Entorno;130002;São Gabriel da Cachoeira;Polo;Centro Local;584408814.0;11283.11
1303908;São Paulo de Olivença;AM;Norte;1302;Tefé;do Entorno;130006;Tabatinga;do Entorno;Centro Local;358400311.0;10871.49
1303957;São Sebastião do Uatumã;AM;Norte;1304;Parintins;do Entorno;130011;Itacoatiara;do Entorno;Centro Local;145515482.0;12469.19
1304005;Silves;AM;Norte;1304;Parintins;do Entorno;130011;Itacoatiara;do Entorno;Centro Local;434235288.0;37566.86
1304062;Tabatinga;AM;Norte;1302;Tefé;do Entorno;130006;Tabatinga;Polo;Centro Sub-Regional B;849680832.0;12726.63
1304104;Tapauá;AM;Norte;1303;Lábrea;do Entorno;130008;Lábrea;do Entorno;Centro Local;318010207.0;16225.84
1304203;Tefé;AM;Norte;1302;Tefé;Polo;130005;Tefé;Polo;Centro de Zona B;1619516978.0;21983.7
1304237;Tonantins;AM;Norte;1302;Tefé;do Entorno;130006;Tabatinga;do Entorno;Centro Local;214602356.0;11149.91
1304260;Uarini;AM;Norte;1302;Tefé;do Entorno;130005;Tefé;do Entorno;Centro Local;265245826.0;18380.28
1304302;Urucará;AM;Norte;1304;Parintins;do Entorno;130011;Itacoatiara;do Entorno;Centro Local;244546903.0;13125.81
1304401;Urucurituba;AM;Norte;1304;Parintins;do Entorno;130011;Itacoatiara;do Entorno;Centro Local;297172948.0;12410.65
1400027;Amajari;RR;Norte;1401;Boa Vista;do Entorno;140002;Pacaraima;do Entorno;Centro Local;329099885.0;23630.35
1400050;Alto Alegre;RR;Norte;1401;Boa Vista;do Entorno;140001;Boa Vista;do Entorno;Centro Local;802540265.0;38042.3
1400100;Boa Vista;RR;Norte;1401;Boa Vista;Polo;140001;Boa Vista;Polo;Capital Regional C;18234168562.0;44098.64
1400159;Bonfim;RR;Norte;1401;Boa Vista;do Entorno;140001;Boa Vista;do Entorno;Centro Local;772903212.0;55512.69
1400175;Cantá;RR;Norte;1401;Boa Vista;do Entorno;140001;Boa Vista;do Entorno;Centro Local;498394212.0;26677.78
1400209;Caracaraí;RR;Norte;1402;Rorainópolis - Caracaraí;do Entorno;140004;Caracaraí;Polo;Centro Local;637454154.0;30417.24
1400233;Caroebe;RR;Norte;1402;Rorainópolis - Caracaraí;do Entorno;140003;Rorainópolis;do Entorno;Centro Local;317377066.0;29783.88
1400282;Iracema;RR;Norte;1402;Rorainópolis - Caracaraí;do Entorno;140004;Caracaraí;do Entorno;Centro Local;279559465.0;27891.8
1400308;Mucajaí;RR;Norte;1401;Boa Vista;do Entorno;140001;Boa Vista;do Entorno;Centro Local;552044224.0;30508.11
1400407;Normandia;RR;Norte;1401;Boa Vista;do Entorno;140002;Pacaraima;do Entorno;Centro Local;370956111.0;26523.39
1400456;Pacaraima;RR;Norte;1401;Boa Vista;do Entorno;140002;Pacaraima;Polo;Centro Local;447420649.0;23176.41
1400472;Rorainópolis;RR;Norte;1402;Rorainópolis - Caracaraí;do Entorno;140003;Rorainópolis;Polo;Centro Local;981040451.0;30049.94
1400506;São João da Baliza;RR;Norte;1402;Rorainópolis - Caracaraí;do Entorno;140003;Rorainópolis;do Entorno;Centro Local;425809496.0;48070.61
1400605;São Luiz;RR;Norte;1402;Rorainópolis - Caracaraí;do Entorno;140003;Rorainópolis;do Entorno;Centro Local;221584508.0;30291.8
1400704;Uiramutã;RR;Norte;1401;Boa Vista;do Entorno;140002;Pacaraima;do Entorno;Centro Local;254452849.0;18504.32
1500107;Abaetetuba;PA;Norte;1501;Belém;do Entorno;150003;Abaetetuba;Polo;Centro Sub-Regional B;2441092172.0;15431.59
1500131;Abel Figueiredo;PA;Norte;1503;Marabá;do Entorno;150009;Marabá;do Entorno;Centro Local;131077033.0;21361.97
1500206;Acará;PA;Norte;1501;Belém;do Entorno;150001;Belém;do Entorno;Centro Local;2111467040.0;35773.63
1500305;Afuá;PA;Norte;1507;Breves;do Entorno;150020;Breves;do Entorno;Centro Local;665557288.0;17623.65
1500347;Água Azul do Norte;PA;Norte;1504;Redenção;do Entorno;150014;Xinguara;do Entorno;Centro Local;1047225878.0;57921.79
1500404;Alenquer;PA;Norte;1505;Santarém;do Entorno;150015;Santarém;do Entorno;Centro Local;1578583750.0;22753.7
1500503;Almeirim;PA;Norte;1506;Altamira;do Entorno;150019;Almeirim - Porto de Moz;Polo;Centro de Zona A;593847200.0;17323.43
1500602;Altamira;PA;Norte;1506;Altamira;Polo;150018;Altamira;Polo;Centro Sub-Regional A;3887893813.0;30788.13
1500701;Anajás;PA;Norte;1507;Breves;do Entorno;150020;Breves;do Entorno;Centro Local;370837756.0;13239.0
1500800;Ananindeua;PA;Norte;1501;Belém;do Entorno;150001;Belém;do Entorno;Metrópole;11473897449.0;23964.96
1500859;Anapu;PA;Norte;1506;Altamira;do Entorno;150018;Altamira;do Entorno;Centro Local;715999089.0;22480.35
1500909;Augusto Corrêa;PA;Norte;1502;Castanhal;do Entorno;150005;Bragança;do Entorno;Centro Local;490156571.0;10996.71
1500958;Aurora do Pará;PA;Norte;1502;Castanhal;do Entorno;150007;Paragominas;do Entorno;Centro Local;390415051.0;16421.93
1501006;Aveiro;PA;Norte;1505;Santarém;do Entorno;150016;Itaituba;do Entorno;Centro Local;228317168.0;12483.17
1501105;Bagre;PA;Norte;1507;Breves;do Entorno;150020;Breves;do Entorno;Centro Local;329848074.0;10342.66
1501204;Baião;PA;Norte;1503;Marabá;do Entorno;150011;Tucuruí;do Entorno;Centro Local;799362814.0;15479.23
1501253;Bannach;PA;Norte;1504;Redenção;do Entorno;150012;Redenção;do Entorno;Centro Local;153994721.0;38202.61
1501303;Barcarena;PA;Norte;1501;Belém;do Entorno;150001;Belém;do Entorno;Centro Sub-Regional B;9190032788.0;72562.44
1501402;Belém;PA;Norte;1501;Belém;Polo;150001;Belém;Polo;Metrópole;40536061655.0;31100.18
1501451;Belterra;PA;Norte;1505;Santarém;do Entorno;150015;Santarém;do Entorno;Centro Local;352843834.0;19495.21
1501501;Benevides;PA;Norte;1501;Belém;do Entorno;150001;Belém;do Entorno;Metrópole;3338144875.0;52513.8
1501576;Bom Jesus do Tocantins;PA;Norte;1503;Marabá;do Entorno;150009;Marabá;do Entorno;Centro Local;336973823.0;18715.57
1501600;Bonito;PA;Norte;1502;Castanhal;do Entorno;150006;Capanema;do Entorno;Centro Local;147258247.0;11666.79
1501709;Bragança;PA;Norte;1502;Castanhal;do Entorno;150005;Bragança;Polo;Centro de Zona A;1977329959.0;16065.14
1501725;Brasil Novo;PA;Norte;1506;Altamira;do Entorno;150018;Altamira;do Entorno;Centro Local;517482030.0;20935.43
1501758;Brejo Grande do Araguaia;PA;Norte;1503;Marabá;do Entorno;150009;Marabá;do Entorno;Centro Local;143221297.0;21114.74
1501782;Breu Branco;PA;Norte;1503;Marabá;do Entorno;150011;Tucuruí;do Entorno;Centro Local;802220696.0;17549.46
1501808;Breves;PA;Norte;1507;Breves;Polo;150020;Breves;Polo;Centro de Zona B;1515249515.0;14165.45
1501907;Bujaru;PA;Norte;1501;Belém;do Entorno;150001;Belém;do Entorno;Centro Local;688319814.0;28229.5
1501956;Cachoeira do Piriá;PA;Norte;1502;Castanhal;do Entorno;150005;Bragança;do Entorno;Centro Local;237908343.0;12119.63
1502004;Cachoeira do Arari;PA;Norte;1507;Breves;do Entorno;150021;Soure-Salvaterra;do Entorno;Centro Local;354702357.0;14790.97
1502103;Cametá;PA;Norte;1501;Belém;do Entorno;150002;Cametá;Polo;Centro Local;1901552871.0;14171.23
1502152;Canaã dos Carajás;PA;Norte;1503;Marabá;do Entorno;150010;Parauapebas;do Entorno;Centro Local;16621560000.0;215643.17
1502202;Capanema;PA;Norte;1502;Castanhal;do Entorno;150006;Capanema;Polo;Centro Sub-Regional B;1883282118.0;26753.45
1502301;Capitão Poço;PA;Norte;1502;Castanhal;do Entorno;150008;Capitão Poço;Polo;Centro de Zona B;900134035.0;15929.88
1502400;Castanhal;PA;Norte;1502;Castanhal;Polo;150004;Castanhal;Polo;Capital Regional C;6318090753.0;32862.91
1502509;Chaves;PA;Norte;1507;Breves;do Entorno;150020;Breves;do Entorno;Centro Local;331189508.0;15955.56
1502608;Colares;PA;Norte;1501;Belém;do Entorno;150001;Belém;do Entorno;Centro Local;136193895.0;10583.92
1502707;Conceição do Araguaia;PA;Norte;1504;Redenção;do Entorno;150012;Redenção;do Entorno;Centro de Zona A;985296160.0;22083.42
1502756;Concórdia do Pará;PA;Norte;1501;Belém;do Entorno;150001;Belém;do Entorno;Centro Local;520831786.0;19375.46
1502764;Cumaru do Norte;PA;Norte;1504;Redenção;do Entorno;150012;Redenção;do Entorno;Centro Local;479032200.0;34128.83
1502772;Curionópolis;PA;Norte;1503;Marabá;do Entorno;150010;Parauapebas;do Entorno;Centro Local;737805926.0;36982.75
1502806;Curralinho;PA;Norte;1507;Breves;do Entorno;150020;Breves;do Entorno;Centro Local;396832058.0;11704.92
1502855;Curuá;PA;Norte;1505;Santarém;do Entorno;150017;Oriximiná;do Entorno;Centro Local;192167955.0;13612.52
1502905;Curuçá;PA;Norte;1502;Castanhal;do Entorno;150004;Castanhal;do Entorno;Centro Local;485458161.0;11765.26
1502939;Dom Eliseu;PA;Norte;1502;Castanhal;do Entorno;150007;Paragominas;do Entorno;Centro Local;1332437358.0;22782.94
1502954;Eldorado do Carajás;PA;Norte;1503;Marabá;do Entorno;150010;Parauapebas;do Entorno;Centro Local;736063654.0;26108.95
1503002;Faro;PA;Norte;1505;Santarém;do Entorno;150017;Oriximiná;do Entorno;Centro Local;102051794.0;11692.46
1503044;Floresta do Araguaia;PA;Norte;1504;Redenção;do Entorno;150012;Redenção;do Entorno;Centro Local;657024636.0;36709.39
1503077;Garrafão do Norte;PA;Norte;1502;Castanhal;do Entorno;150008;Capitão Poço;do Entorno;Centro Local;426846806.0;17279.15
1503093;Goianésia do Pará;PA;Norte;1503;Marabá;do Entorno;150011;Tucuruí;do Entorno;Centro Local;595811202.0;22601.14
1503101;Gurupá;PA;Norte;1507;Breves;do Entorno;150020;Breves;do Entorno;Centro Local;489496626.0;15399.76
1503200;Igarapé-Açu;PA;Norte;1502;Castanhal;do Entorno;150004;Castanhal;do Entorno;Centro Local;599285535.0;16741.22
1503309;Igarapé-Miri;PA;Norte;1501;Belém;do Entorno;150003;Abaetetuba;do Entorno;Centro Local;1021946299.0;15763.24
1503408;Inhangapi;PA;Norte;1502;Castanhal;do Entorno;150004;Castanhal;do Entorno;Centro Local;230529658.0;22327.33
1503457;Ipixuna do Pará;PA;Norte;1502;Castanhal;do Entorno;150007;Paragominas;do Entorno;Centro Local;612706967.0;20202.02
1503507;Irituia;PA;Norte;1502;Castanhal;do Entorno;150004;Castanhal;do Entorno;Centro Local;377734549.0;12202.7
1503606;Itaituba;PA;Norte;1505;Santarém;do Entorno;150016;Itaituba;Polo;Centro Sub-Regional B;3806020448.0;30864.46
1503705;Itupiranga;PA;Norte;1503;Marabá;do Entorno;150009;Marabá;do Entorno;Centro Local;979791945.0;19692.73
1503754;Jacareacanga;PA;Norte;1505;Santarém;do Entorno;150016;Itaituba;do Entorno;Centro Local;732418403.0;30464.12
1503804;Jacundá;PA;Norte;1503;Marabá;do Entorno;150009;Marabá;do Entorno;Centro Local;800237449.0;21222.52
1503903;Juruti;PA;Norte;1505;Santarém;do Entorno;150017;Oriximiná;do Entorno;Centro Local;1184841849.0;23286.53
1504000;Limoeiro do Ajuru;PA;Norte;1501;Belém;do Entorno;150002;Cametá;do Entorno;Centro Local;601991050.0;20358.86
1504059;Mãe do Rio;PA;Norte;1502;Castanhal;do Entorno;150007;Paragominas;do Entorno;Centro de Zona B;488399850.0;14217.09
1504109;Magalhães Barata;PA;Norte;1502;Castanhal;do Entorno;150004;Castanhal;do Entorno;Centro Local;121850919.0;15015.52
1504208;Marabá;PA;Norte;1503;Marabá;Polo;150009;Marabá;Polo;Capital Regional C;9748964708.0;36576.95
1504307;Maracanã;PA;Norte;1502;Castanhal;do Entorno;150004;Castanhal;do Entorno;Centro Local;361785781.0;13930.38
1504406;Marapanim;PA;Norte;1502;Castanhal;do Entorno;150004;Castanhal;do Entorno;Centro Local;333940999.0;12566.93
1504422;Marituba;PA;Norte;1501;Belém;do Entorno;150001;Belém;do Entorno;Metrópole;2780522030.0;24873.84
1504455;Medicilândia;PA;Norte;1506;Altamira;do Entorno;150018;Altamira;do Entorno;Centro Local;1140468562.0;42093.03
1504505;Melgaço;PA;Norte;1507;Breves;do Entorno;150020;Breves;do Entorno;Centro Local;347498563.0;12463.63
1504604;Mocajuba;PA;Norte;1501;Belém;do Entorno;150002;Cametá;do Entorno;Centro Local;480359837.0;17661.59
1504703;Moju;PA;Norte;1501;Belém;do Entorno;150003;Abaetetuba;do Entorno;Centro Local;2156272999.0;25641.22
1504752;Mojuí dos Campos;PA;Norte;1505;Santarém;do Entorno;150015;Santarém;do Entorno;Centro Local;457250562.0;19456.64
1504802;Monte Alegre;PA;Norte;1505;Santarém;do Entorno;150015;Santarém;do Entorno;Centro Local;1227318864.0;20451.22
1504901;Muaná;PA;Norte;1507;Breves;do Entorno;150021;Soure-Salvaterra;do Entorno;Centro Local;464374317.0;10235.72
1504950;Nova Esperança do Piriá;PA;Norte;1502;Castanhal;do Entorno;150008;Capitão Poço;do Entorno;Centro Local;334512049.0;16335.19
1504976;Nova Ipixuna;PA;Norte;1503;Marabá;do Entorno;150009;Marabá;do Entorno;Centro Local;231145290.0;16563.62
1505007;Nova Timboteua;PA;Norte;1502;Castanhal;do Entorno;150006;Capanema;do Entorno;Centro Local;185076503.0;14452.33
1505031;Novo Progresso;PA;Norte;1505;Santarém;do Entorno;150016;Itaituba;do Entorno;Centro Local;1541047549.0;45812.7
1505064;Novo Repartimento;PA;Norte;1503;Marabá;do Entorno;150011;Tucuruí;do Entorno;Centro Local;1406400148.0;23157.48
1505106;Óbidos;PA;Norte;1505;Santarém;do Entorno;150017;Oriximiná;do Entorno;Centro Local;921982054.0;17652.68
1505205;Oeiras do Pará;PA;Norte;1501;Belém;do Entorno;150002;Cametá;do Entorno;Centro Local;535992102.0;15837.14
1505304;Oriximiná;PA;Norte;1505;Santarém;do Entorno;150017;Oriximiná;Polo;Centro Local;1739412002.0;25469.47
1505403;Ourém;PA;Norte;1502;Castanhal;do Entorno;150008;Capitão Poço;do Entorno;Centro Local;279080616.0;15630.39
1505437;Ourilândia do Norte;PA;Norte;1504;Redenção;do Entorno;150013;Tucumã - São Félix do Xingu;do Entorno;Centro Local;1053014288.0;32433.37
1505486;Pacajá;PA;Norte;1503;Marabá;do Entorno;150011;Tucuruí;do Entorno;Centro Local;1114327561.0;27114.57
1505494;Palestina do Pará;PA;Norte;1503;Marabá;do Entorno;150009;Marabá;do Entorno;Centro Local;127592480.0;18531.95
1505502;Paragominas;PA;Norte;1502;Castanhal;do Entorno;150007;Paragominas;Polo;Centro Sub-Regional B;5308605056.0;50294.69
1505536;Parauapebas;PA;Norte;1503;Marabá;do Entorno;150010;Parauapebas;Polo;Centro Sub-Regional A;26421066668.0;98646.44
1505551;Pau D'Arco;PA;Norte;1504;Redenção;do Entorno;150012;Redenção;do Entorno;Centro Local;153520962.0;22149.9
1505601;Peixe-Boi;PA;Norte;1502;Castanhal;do Entorno;150006;Capanema;do Entorno;Centro Local;100656898.0;12149.29
1505635;Piçarra;PA;Norte;1503;Marabá;do Entorno;150009;Marabá;do Entorno;Centro Local;361690008.0;28186.57
1505650;Placas;PA;Norte;1505;Santarém;do Entorno;150016;Itaituba;do Entorno;Centro Local;491401617.0;26323.21
1505700;Ponta de Pedras;PA;Norte;1507;Breves;do Entorno;150021;Soure-Salvaterra;do Entorno;Centro Local;313391742.0;12543.7
1505809;Portel;PA;Norte;1507;Breves;do Entorno;150020;Breves;do Entorno;Centro Local;1153539866.0;18455.75
1505908;Porto de Moz;PA;Norte;1506;Altamira;do Entorno;150019;Almeirim - Porto de Moz;Polo;Centro Local;507177479.0;12492.98
1506005;Prainha;PA;Norte;1505;Santarém;do Entorno;150015;Santarém;do Entorno;Centro Local;548886134.0;15428.12
1506104;Primavera;PA;Norte;1502;Castanhal;do Entorno;150006;Capanema;do Entorno;Centro Local;564056454.0;51981.98
1506112;Quatipuru;PA;Norte;1502;Castanhal;do Entorno;150006;Capanema;do Entorno;Centro Local;147129344.0;12767.21
1506138;Redenção;PA;Norte;1504;Redenção;Polo;150012;Redenção;Polo;Centro Sub-Regional A;3681706091.0;43012.09
1506161;Rio Maria;PA;Norte;1504;Redenção;do Entorno;150014;Xinguara;do Entorno;Centro Local;1007362504.0;54795.61
1506187;Rondon do Pará;PA;Norte;1503;Marabá;do Entorno;150009;Marabá;do Entorno;Centro Local;1083238556.0;20383.47
1506195;Rurópolis;PA;Norte;1505;Santarém;do Entorno;150016;Itaituba;do Entorno;Centro Local;605553853.0;16929.57
1506203;Salinópolis;PA;Norte;1502;Castanhal;do Entorno;150006;Capanema;do Entorno;Centro Local;802287288.0;17919.4
1506302;Salvaterra;PA;Norte;1507;Breves;do Entorno;150021;Soure-Salvaterra;Polo;Centro Local;270697647.0;11218.77
1506351;Santa Bárbara do Pará;PA;Norte;1501;Belém;do Entorno;150001;Belém;do Entorno;Centro Local;300183818.0;14235.49
1506401;Santa Cruz do Arari;PA;Norte;1507;Breves;do Entorno;150021;Soure-Salvaterra;do Entorno;Centro Local;115244936.0;15479.51
1506500;Santa Izabel do Pará;PA;Norte;1501;Belém;do Entorno;150001;Belém;do Entorno;Centro Local;1828145396.0;25036.57
1506559;Santa Luzia do Pará;PA;Norte;1502;Castanhal;do Entorno;150005;Bragança;do Entorno;Centro Local;258360428.0;12683.38
1506583;Santa Maria das Barreiras;PA;Norte;1504;Redenção;do Entorno;150012;Redenção;do Entorno;Centro Local;943385780.0;57009.05
1506609;Santa Maria do Pará;PA;Norte;1502;Castanhal;do Entorno;150004;Castanhal;do Entorno;Centro Local;570081228.0;23151.45
1506708;Santana do Araguaia;PA;Norte;1504;Redenção;do Entorno;150012;Redenção;do Entorno;Centro Local;1978254119.0;61032.74
1506807;Santarém;PA;Norte;1505;Santarém;Polo;150015;Santarém;Polo;Capital Regional C;8681869363.0;26154.78
1506906;Santarém Novo;PA;Norte;1502;Castanhal;do Entorno;150006;Capanema;do Entorno;Centro Local;81217033.0;13279.44
1507003;Santo Antônio do Tauá;PA;Norte;1501;Belém;do Entorno;150001;Belém;do Entorno;Centro Local;687291270.0;25027.9
1507102;São Caetano de Odivelas;PA;Norte;1501;Belém;do Entorno;150001;Belém;do Entorno;Centro Local;241828535.0;14510.29
1507151;São Domingos do Araguaia;PA;Norte;1503;Marabá;do Entorno;150009;Marabá;do Entorno;Centro Local;490028822.0;23232.92
1507201;São Domingos do Capim;PA;Norte;1502;Castanhal;do Entorno;150004;Castanhal;do Entorno;Centro Local;654079167.0;21375.83
1507300;São Félix do Xingu;PA;Norte;1504;Redenção;do Entorno;150013;Tucumã - São Félix do Xingu;Polo;Centro Local;2352014458.0;35953.63
1507409;São Francisco do Pará;PA;Norte;1502;Castanhal;do Entorno;150004;Castanhal;do Entorno;Centro Local;359790379.0;24156.73
1507458;São Geraldo do Araguaia;PA;Norte;1503;Marabá;do Entorno;150009;Marabá;do Entorno;Centro de Zona B;1028624529.0;42408.76
1507466;São João da Ponta;PA;Norte;1502;Castanhal;do Entorno;150004;Castanhal;do Entorno;Centro Local;79286720.0;17897.68
1507474;São João de Pirabas;PA;Norte;1502;Castanhal;do Entorno;150006;Capanema;do Entorno;Centro Local;232878224.0;11256.14
1507508;São João do Araguaia;PA;Norte;1503;Marabá;do Entorno;150009;Marabá;do Entorno;Centro Local;235495215.0;17234.72
1507607;São Miguel do Guamá;PA;Norte;1502;Castanhal;do Entorno;150004;Castanhal;do Entorno;Centro Local;1132578033.0;21412.22
1507706;São Sebastião da Boa Vista;PA;Norte;1507;Breves;do Entorno;150020;Breves;do Entorno;Centro Local;309742598.0;12079.03
1507755;Sapucaia;PA;Norte;1504;Redenção;do Entorno;150014;Xinguara;do Entorno;Centro Local;172700146.0;29536.54
1507805;Senador José Porfírio;PA;Norte;1506;Altamira;do Entorno;150018;Altamira;do Entorno;Centro Local;341243519.0;15115.32
1507904;Soure;PA;Norte;1507;Breves;do Entorno;150021;Soure-Salvaterra;Polo;Centro Local;338748476.0;13995.56
1507953;Tailândia;PA;Norte;1501;Belém;do Entorno;150003;Abaetetuba;do Entorno;Centro Local;2023567633.0;27913.97
1507961;Terra Alta;PA;Norte;1502;Castanhal;do Entorno;150004;Castanhal;do Entorno;Centro Local;114730932.0;11031.82
1507979;Terra Santa;PA;Norte;1505;Santarém;do Entorno;150017;Oriximiná;do Entorno;Centro Local;590339138.0;31431.11
1508001;Tomé-Açu;PA;Norte;1501;Belém;do Entorno;150001;Belém;do Entorno;Centro Local;1746482552.0;25841.27
1508035;Tracuateua;PA;Norte;1502;Castanhal;do Entorno;150005;Bragança;do Entorno;Centro Local;391637992.0;13696.03
1508050;Trairão;PA;Norte;1505;Santarém;do Entorno;150016;Itaituba;do Entorno;Centro Local;454558103.0;29822.73
1508084;Tucumã;PA;Norte;1504;Redenção;do Entorno;150013;Tucumã - São Félix do Xingu;Polo;Centro de Zona B;1347918985.0;34081.39
1508100;Tucuruí;PA;Norte;1503;Marabá;do Entorno;150011;Tucuruí;Polo;Centro Sub-Regional B;5457108081.0;59767.25
1508126;Ulianópolis;PA;Norte;1502;Castanhal;do Entorno;150007;Paragominas;do Entorno;Centro Local;2344285426.0;61737.21
1508159;Uruará;PA;Norte;1506;Altamira;do Entorno;150018;Altamira;do Entorno;Centro Local;1057793926.0;24284.72
1508209;Vigia;PA;Norte;1501;Belém;do Entorno;150001;Belém;do Entorno;Centro Local;602141261.0;11845.71
1508308;Viseu;PA;Norte;1502;Castanhal;do Entorno;150005;Bragança;do Entorno;Centro Local;869708727.0;14818.18
1508357;Vitória do Xingu;PA;Norte;1506;Altamira;do Entorno;150018;Altamira;do Entorno;Centro Local;3987037044.0;255464.67
1508407;Xinguara;PA;Norte;1504;Redenção;do Entorno;150014;Xinguara;Polo;Centro Sub-Regional B;2321584652.0;43892.1
1600055;Serra do Navio;AP;Norte;1602;Oiapoque - Porto Grande;do Entorno;160004;Porto Grande;do Entorno;Centro Local;126543789.0;27079.78
1600105;Amapá;AP;Norte;1602;Oiapoque - Porto Grande;do Entorno;160003;Oiapoque;do Entorno;Centro Local;219044853.0;27577.09
1600154;Pedra Branca do Amapari;AP;Norte;1602;Oiapoque - Porto Grande;do Entorno;160004;Porto Grande;do Entorno;Centro Local;375826783.0;29254.05
1600204;Calçoene;AP;Norte;1602;Oiapoque - Porto Grande;do Entorno;160003;Oiapoque;do Entorno;Centro Local;295400671.0;27836.47
1600212;Cutias;AP;Norte;1602;Oiapoque - Porto Grande;do Entorno;160003;Oiapoque;do Entorno;Centro Local;115359475.0;25859.56
1600238;Ferreira Gomes;AP;Norte;1602;Oiapoque - Porto Grande;do Entorno;160004;Porto Grande;do Entorno;Centro Local;557990114.0;83706.89
1600253;Itaubal;AP;Norte;1601;Macapá;do Entorno;160001;Macapá;do Entorno;Centro Local;132722740.0;23704.72
1600279;Laranjal do Jari;AP;Norte;1601;Macapá;do Entorno;160002;Laranjal do Jari;Polo;Centro de Zona A;1335225460.0;38025.44
1600303;Macapá;AP;Norte;1601;Macapá;Polo;160001;Macapá;Polo;Capital Regional C;18470857969.0;41701.25
1600402;Mazagão;AP;Norte;1601;Macapá;do Entorno;160001;Macapá;do Entorno;Centro Local;583553165.0;26617.09
1600501;Oiapoque;AP;Norte;1602;Oiapoque - Porto Grande;do Entorno;160003;Oiapoque;Polo;Centro Local;820364059.0;29850.96
1600535;Porto Grande;AP;Norte;1602;Oiapoque - Porto Grande;do Entorno;160004;Porto Grande;Polo;Centro Local;527654729.0;29563.8
1600550;Pracuúba;AP;Norte;1602;Oiapoque - Porto Grande;do Entorno;160003;Oiapoque;do Entorno;Centro Local;101033151.0;26566.7
1600600;Santana;AP;Norte;1601;Macapá;do Entorno;160001;Macapá;do Entorno;Capital Regional C;3725688060.0;34619.56
1600709;Tartarugalzinho;AP;Norte;1602;Oiapoque - Porto Grande;do Entorno;160003;Oiapoque;do Entorno;Centro Local;329305202.0;25438.8
1600808;Vitória do Jari;AP;Norte;1601;Macapá;do Entorno;160002;Laranjal do Jari;do Entorno;Centro de Zona A;303549332.0;26884.18
1700251;Abreulândia;TO;Norte;1701;Palmas;do Entorno;170003;Paraíso do Tocantins;do Entorno;Centro Local;141930063.0;55097.07
1700301;Aguiarnópolis;TO;Norte;1702;Araguaína;do Entorno;170008;Tocantinópolis;do Entorno;Centro de Zona A;226238275.0;50308.71
1700350;Aliança do Tocantins;TO;Norte;1703;Gurupi;do Entorno;170010;Gurupi;do Entorno;Centro Local;423069710.0;82197.34
1700400;Almas;TO;Norte;1703;Gurupi;do Entorno;170011;Dianópolis;do Entorno;Centro Local;336120393.0;51718.79
1700707;Alvorada;TO;Norte;1703;Gurupi;do Entorno;170010;Gurupi;do Entorno;Centro Local;886077059.0;100667.7
1701002;Ananás;TO;Norte;1702;Araguaína;do Entorno;170005;Araguaína;do Entorno;Centro Local;199525611.0;19324.51
1701051;Angico;TO;Norte;1702;Araguaína;do Entorno;170005;Araguaína;do Entorno;Centro Local;54433374.0;18926.76
1701101;Aparecida do Rio Negro;TO;Norte;1701;Palmas;do Entorno;170001;Palmas;do Entorno;Centro Local;283246785.0;58329.24
1701309;Aragominas;TO;Norte;1702;Araguaína;do Entorno;170005;Araguaína;do Entorno;Centro Local;113907856.0;21532.68
1701903;Araguacema;TO;Norte;1701;Palmas;do Entorno;170003;Paraíso do Tocantins;do Entorno;Centro Local;411910607.0;69497.32
1702000;Araguaçu;TO;Norte;1703;Gurupi;do Entorno;170010;Gurupi;do Entorno;Centro Local;474482993.0;58340.46
1702109;Araguaína;TO;Norte;1702;Araguaína;Polo;170005;Araguaína;Polo;Capital Regional C;7357637906.0;42951.52
1702158;Araguanã;TO;Norte;1702;Araguaína;do Entorno;170005;Araguaína;do Entorno;Centro Local;107609051.0;24967.3
1702208;Araguatins;TO;Norte;1702;Araguaína;do Entorno;170009;Araguatins;Polo;Centro de Zona B;641439817.0;20096.49
1702307;Arapoema;TO;Norte;1702;Araguaína;do Entorno;170005;Araguaína;do Entorno;Centro Local;158572273.0;28571.58
1702406;Arraias;TO;Norte;1703;Gurupi;do Entorno;170011;Dianópolis;do Entorno;Centro Local;239090348.0;23241.99
1702554;Augustinópolis;TO;Norte;1702;Araguaína;do Entorno;170009;Araguatins;do Entorno;Centro de Zona B;396227327.0;22662.28
1702703;Aurora do Tocantins;TO;Norte;1703;Gurupi;do Entorno;170011;Dianópolis;do Entorno;Centro Local;69896054.0;20914.44
1702901;Axixá do Tocantins;TO;Norte;1702;Araguaína;do Entorno;170009;Araguatins;do Entorno;Centro Local;173373364.0;16894.7
1703008;Babaçulândia;TO;Norte;1702;Araguaína;do Entorno;170005;Araguaína;do Entorno;Centro Local;169441279.0;21502.7
1703057;Bandeirantes do Tocantins;TO;Norte;1702;Araguaína;do Entorno;170007;Colinas do Tocantins;do Entorno;Centro Local;249695907.0;73289.08
1703073;Barra do Ouro;TO;Norte;1702;Araguaína;do Entorno;170005;Araguaína;do Entorno;Centro Local;100382078.0;22426.74
1703107;Barrolândia;TO;Norte;1701;Palmas;do Entorno;170003;Paraíso do Tocantins;do Entorno;Centro Local;140103410.0;28911.15
1703206;Bernardo Sayão;TO;Norte;1702;Araguaína;do Entorno;170007;Colinas do Tocantins;do Entorno;Centro Local;128559899.0;30399.6
1703305;Bom Jesus do Tocantins;TO;Norte;1702;Araguaína;do Entorno;170006;Guaraí;do Entorno;Centro de Zona B;143622743.0;35567.79
1703602;Brasilândia do Tocantins;TO;Norte;1702;Araguaína;do Entorno;170007;Colinas do Tocantins;do Entorno;Centro Local;75009505.0;37998.74
1703701;Brejinho de Nazaré;TO;Norte;1701;Palmas;do Entorno;170002;Porto Nacional;do Entorno;Centro Local;267584255.0;56631.59
1703800;Buriti do Tocantins;TO;Norte;1702;Araguaína;do Entorno;170009;Araguatins;do Entorno;Centro Local;149972612.0;14550.56
1703826;Cachoeirinha;TO;Norte;1702;Araguaína;do Entorno;170008;Tocantinópolis;do Entorno;Centro Local;62095442.0;31665.19
1703842;Campos Lindos;TO;Norte;1702;Araguaína;do Entorno;170005;Araguaína;do Entorno;Centro Local;665856679.0;76950.96
1703867;Cariri do Tocantins;TO;Norte;1703;Gurupi;do Entorno;170010;Gurupi;do Entorno;Centro Local;997799584.0;249014.12
1703883;Carmolândia;TO;Norte;1702;Araguaína;do Entorno;170005;Araguaína;do Entorno;Centro Local;73171830.0;33244.81
1703891;Carrasco Bonito;TO;Norte;1702;Araguaína;do Entorno;170009;Araguatins;do Entorno;Centro Local;56192017.0;16935.51
1703909;Caseara;TO;Norte;1701;Palmas;do Entorno;170003;Paraíso do Tocantins;do Entorno;Centro Local;474487896.0;97893.11
1704105;Centenário;TO;Norte;1702;Araguaína;do Entorno;170006;Guaraí;do Entorno;Centro Local;109325329.0;51302.36
1704600;Chapada de Areia;TO;Norte;1701;Palmas;do Entorno;170003;Paraíso do Tocantins;do Entorno;Centro Local;51575653.0;34360.86
1705102;Chapada da Natividade;TO;Norte;1701;Palmas;do Entorno;170002;Porto Nacional;do Entorno;Centro Local;155377231.0;49848.33
1705508;Colinas do Tocantins;TO;Norte;1702;Araguaína;do Entorno;170007;Colinas do Tocantins;Polo;Centro de Zona A;1161301206.0;33923.44
1705557;Combinado;TO;Norte;1703;Gurupi;do Entorno;170011;Dianópolis;do Entorno;Centro Local;95001445.0;19975.07
1705607;Conceição do Tocantins;TO;Norte;1703;Gurupi;do Entorno;170011;Dianópolis;do Entorno;Centro Local;88972637.0;22889.8
1706001;Couto Magalhães;TO;Norte;1702;Araguaína;do Entorno;170006;Guaraí;do Entorno;Centro Local;249461846.0;46794.57
1706100;Cristalândia;TO;Norte;1701;Palmas;do Entorno;170003;Paraíso do Tocantins;do Entorno;Centro Local;214100337.0;33605.45
1706258;Crixás do Tocantins;TO;Norte;1703;Gurupi;do Entorno;170010;Gurupi;do Entorno;Centro Local;77386875.0;52644.13
1706506;Darcinópolis;TO;Norte;1702;Araguaína;do Entorno;170005;Araguaína;do Entorno;Centro Local;252542744.0;43340.1
1707009;Dianópolis;TO;Norte;1703;Gurupi;do Entorno;170011;Dianópolis;Polo;Centro de Zona A;781673078.0;44065.23
1707108;Divinópolis do Tocantins;TO;Norte;1701;Palmas;do Entorno;170003;Paraíso do Tocantins;do Entorno;Centro Local;323158738.0;46007.79
1707207;Dois Irmãos do Tocantins;TO;Norte;1701;Palmas;do Entorno;170004;Miracema do Tocantins;do Entorno;Centro Local;289148640.0;45700.75
1707306;Dueré;TO;Norte;1703;Gurupi;do Entorno;170010;Gurupi;do Entorno;Centro Local;290817554.0;68459.88
1707405;Esperantina;TO;Norte;1702;Araguaína;do Entorno;170009;Araguatins;do Entorno;Centro Local;119197107.0;15829.63
1707553;Fátima;TO;Norte;1701;Palmas;do Entorno;170002;Porto Nacional;do Entorno;Centro Local;127671542.0;36824.79
1707652;Figueirópolis;TO;Norte;1703;Gurupi;do Entorno;170010;Gurupi;do Entorno;Centro Local;350089875.0;67182.86
1707702;Filadélfia;TO;Norte;1702;Araguaína;do Entorno;170005;Araguaína;do Entorno;Centro Local;161706815.0;20968.21
1708205;Formoso do Araguaia;TO;Norte;1703;Gurupi;do Entorno;170010;Gurupi;do Entorno;Centro Local;988169241.0;52336.7
1708254;Tabocão;TO;Norte;1702;Araguaína;do Entorno;170006;Guaraí;do Entorno;Centro Local;173516818.0;50221.94
1708304;Goianorte;TO;Norte;1702;Araguaína;do Entorno;170006;Guaraí;do Entorno;Centro Local;178251939.0;37621.77
1709005;Goiatins;TO;Norte;1702;Araguaína;do Entorno;170005;Araguaína;do Entorno;Centro Local;309167291.0;24866.67
1709302;Guaraí;TO;Norte;1702;Araguaína;do Entorno;170006;Guaraí;Polo;Centro de Zona A;1130106068.0;45614.78
1709500;Gurupi;TO;Norte;1703;Gurupi;Polo;170010;Gurupi;Polo;Centro Sub-Regional A;3695016955.0;43406.95
1709807;Ipueiras;TO;Norte;1701;Palmas;do Entorno;170002;Porto Nacional;do Entorno;Centro Local;71887131.0;45212.03
1710508;Itacajá;TO;Norte;1702;Araguaína;do Entorno;170007;Colinas do Tocantins;do Entorno;Centro Local;199694145.0;29284.96
1710706;Itaguatins;TO;Norte;1702;Araguaína;do Entorno;170009;Araguatins;do Entorno;Centro Local;100219950.0;19377.41
1710904;Itapiratins;TO;Norte;1702;Araguaína;do Entorno;170007;Colinas do Tocantins;do Entorno;Centro Local;153089941.0;42798.42
1711100;Itaporã do Tocantins;TO;Norte;1702;Araguaína;do Entorno;170006;Guaraí;do Entorno;Centro Local;76489293.0;31817.51
1711506;Jaú do Tocantins;TO;Norte;1703;Gurupi;do Entorno;170010;Gurupi;do Entorno;Centro Local;110816306.0;33238.24
1711803;Juarina;TO;Norte;1702;Araguaína;do Entorno;170007;Colinas do Tocantins;do Entorno;Centro Local;55559934.0;24770.37
1711902;Lagoa da Confusão;TO;Norte;1701;Palmas;do Entorno;170003;Paraíso do Tocantins;do Entorno;Centro Local;1089844109.0;71287.55
1711951;Lagoa do Tocantins;TO;Norte;1701;Palmas;do Entorno;170001;Palmas;do Entorno;Centro Local;85969979.0;24451.07
1712009;Lajeado;TO;Norte;1701;Palmas;do Entorno;170001;Palmas;do Entorno;Centro Local;79405004.0;23653.56
1712157;Lavandeira;TO;Norte;1703;Gurupi;do Entorno;170011;Dianópolis;do Entorno;Centro Local;41517156.0;25533.31
1712405;Lizarda;TO;Norte;1701;Palmas;do Entorno;170001;Palmas;do Entorno;Centro Local;78341052.0;26122.39
1712454;Luzinópolis;TO;Norte;1702;Araguaína;do Entorno;170008;Tocantinópolis;do Entorno;Centro Local;58820081.0;21648.91
1712504;Marianópolis do Tocantins;TO;Norte;1701;Palmas;do Entorno;170003;Paraíso do Tocantins;do Entorno;Centro Local;373197357.0;80866.17
1712702;Mateiros;TO;Norte;1701;Palmas;do Entorno;170001;Palmas;do Entorno;Centro Local;467178710.0;170006.81
1712801;Maurilândia do Tocantins;TO;Norte;1702;Araguaína;do Entorno;170008;Tocantinópolis;do Entorno;Centro Local;63313243.0;20456.62
1713205;Miracema do Tocantins;TO;Norte;1701;Palmas;do Entorno;170004;Miracema do Tocantins;Polo;Centro Local;860438225.0;46344.84
1713304;Miranorte;TO;Norte;1701;Palmas;do Entorno;170004;Miracema do Tocantins;do Entorno;Centro Local;483394014.0;38059.52
1713601;Monte do Carmo;TO;Norte;1701;Palmas;do Entorno;170002;Porto Nacional;do Entorno;Centro Local;398704688.0;70021.9
1713700;Monte Santo do Tocantins;TO;Norte;1701;Palmas;do Entorno;170003;Paraíso do Tocantins;do Entorno;Centro Local;86604221.0;36145.33
1713809;Palmeiras do Tocantins;TO;Norte;1702;Araguaína;do Entorno;170008;Tocantinópolis;do Entorno;Centro Local;108234964.0;22215.72
1713957;Muricilândia;TO;Norte;1702;Araguaína;do Entorno;170005;Araguaína;do Entorno;Centro Local;79966335.0;23750.03
1714203;Natividade;TO;Norte;1701;Palmas;do Entorno;170002;Porto Nacional;do Entorno;Centro de Zona B;352747690.0;40295.6
1714302;Nazaré;TO;Norte;1702;Araguaína;do Entorno;170008;Tocantinópolis;do Entorno;Centro Local;78447133.0;17351.72
1714880;Nova Olinda;TO;Norte;1702;Araguaína;do Entorno;170005;Araguaína;do Entorno;Centro Local;442503822.0;42683.88
1715002;Nova Rosalândia;TO;Norte;1701;Palmas;do Entorno;170003;Paraíso do Tocantins;do Entorno;Centro Local;110146816.0;32762.29
1715101;Novo Acordo;TO;Norte;1701;Palmas;do Entorno;170001;Palmas;do Entorno;Centro Local;176373135.0;44437.68
1715150;Novo Alegre;TO;Norte;1703;Gurupi;do Entorno;170011;Dianópolis;do Entorno;Centro Local;38611975.0;20916.56
1715259;Novo Jardim;TO;Norte;1703;Gurupi;do Entorno;170011;Dianópolis;do Entorno;Centro Local;49097366.0;22016.76
1715507;Oliveira de Fátima;TO;Norte;1701;Palmas;do Entorno;170002;Porto Nacional;do Entorno;Centro Local;50178139.0;43108.37
1715705;Palmeirante;TO;Norte;1702;Araguaína;do Entorno;170007;Colinas do Tocantins;do Entorno;Centro Local;247596663.0;51604.14
1715754;Palmeirópolis;TO;Norte;1703;Gurupi;do Entorno;170010;Gurupi;do Entorno;Centro de Zona B;218426105.0;31315.57
1716109;Paraíso do Tocantins;TO;Norte;1701;Palmas;do Entorno;170003;Paraíso do Tocantins;Polo;Centro Sub-Regional B;2288330406.0;43703.79
1716208;Paranã;TO;Norte;1703;Gurupi;do Entorno;170010;Gurupi;do Entorno;Centro Local;353206426.0;33504.69
1716307;Pau D'Arco;TO;Norte;1702;Araguaína;do Entorno;170005;Araguaína;do Entorno;Centro Local;110801858.0;27405.85
1716505;Pedro Afonso;TO;Norte;1702;Araguaína;do Entorno;170006;Guaraí;do Entorno;Centro de Zona B;1090443285.0;77584.01
1716604;Peixe;TO;Norte;1703;Gurupi;do Entorno;170010;Gurupi;do Entorno;Centro Local;897174450.0;96294.35
1716653;Pequizeiro;TO;Norte;1702;Araguaína;do Entorno;170006;Guaraí;do Entorno;Centro Local;129255835.0;26266.17
1716703;Colméia;TO;Norte;1702;Araguaína;do Entorno;170006;Guaraí;do Entorno;Centro Local;228039526.0;25504.92
1717008;Pindorama do Tocantins;TO;Norte;1701;Palmas;do Entorno;170002;Porto Nacional;do Entorno;Centro Local;110782997.0;24739.39
1717206;Piraquê;TO;Norte;1702;Araguaína;do Entorno;170005;Araguaína;do Entorno;Centro Local;98238440.0;43049.27
1717503;Pium;TO;Norte;1701;Palmas;do Entorno;170003;Paraíso do Tocantins;do Entorno;Centro Local;458624898.0;64341.32
1717800;Ponte Alta do Bom Jesus;TO;Norte;1703;Gurupi;do Entorno;170011;Dianópolis;do Entorno;Centro Local;82503151.0;19550.51
1717909;Ponte Alta do Tocantins;TO;Norte;1701;Palmas;do Entorno;170002;Porto Nacional;do Entorno;Centro Local;141531394.0;18656.92
1718006;Porto Alegre do Tocantins;TO;Norte;1703;Gurupi;do Entorno;170011;Dianópolis;do Entorno;Centro Local;59926510.0;20909.46
1718204;Porto Nacional;TO;Norte;1701;Palmas;do Entorno;170002;Porto Nacional;Polo;Centro Sub-Regional B;3195894479.0;49611.82
1718303;Praia Norte;TO;Norte;1702;Araguaína;do Entorno;170009;Araguatins;do Entorno;Centro Local;114473357.0;12657.38
1718402;Presidente Kennedy;TO;Norte;1702;Araguaína;do Entorno;170006;Guaraí;do Entorno;Centro Local;88842962.0;29157.52
1718451;Pugmil;TO;Norte;1701;Palmas;do Entorno;170003;Paraíso do Tocantins;do Entorno;Centro Local;127927329.0;58334.4
1718501;Recursolândia;TO;Norte;1702;Araguaína;do Entorno;170006;Guaraí;do Entorno;Centro Local;101804662.0;29758.74
1718550;Riachinho;TO;Norte;1702;Araguaína;do Entorno;170005;Araguaína;do Entorno;Centro Local;75295342.0;19013.98
1718659;Rio da Conceição;TO;Norte;1703;Gurupi;do Entorno;170011;Dianópolis;do Entorno;Centro Local;45739445.0;25870.73
1718709;Rio dos Bois;TO;Norte;1701;Palmas;do Entorno;170004;Miracema do Tocantins;do Entorno;Centro Local;88774984.0;32423.3
1718758;Rio Sono;TO;Norte;1701;Palmas;do Entorno;170001;Palmas;do Entorno;Centro Local;150795103.0;31149.58
1718808;Sampaio;TO;Norte;1702;Araguaína;do Entorno;170009;Araguatins;do Entorno;Centro Local;70136476.0;16639.73
1718840;Sandolândia;TO;Norte;1703;Gurupi;do Entorno;170010;Gurupi;do Entorno;Centro Local;134401907.0;36100.43
1718865;Santa Fé do Araguaia;TO;Norte;1702;Araguaína;do Entorno;170005;Araguaína;do Entorno;Centro Local;202706984.0;28091.32
1718881;Santa Maria do Tocantins;TO;Norte;1702;Araguaína;do Entorno;170006;Guaraí;do Entorno;Centro Local;118353126.0;44161.61
1718899;Santa Rita do Tocantins;TO;Norte;1701;Palmas;do Entorno;170002;Porto Nacional;do Entorno;Centro Local;275184548.0;124012.87
1718907;Santa Rosa do Tocantins;TO;Norte;1701;Palmas;do Entorno;170002;Porto Nacional;do Entorno;Centro Local;419882078.0;90239.0
1719004;Santa Tereza do Tocantins;TO;Norte;1701;Palmas;do Entorno;170001;Palmas;do Entorno;Centro Local;57245632.0;20584.55
1720002;Santa Terezinha do Tocantins;TO;Norte;1702;Araguaína;do Entorno;170008;Tocantinópolis;do Entorno;Centro Local;46685867.0;19403.93
1720101;São Bento do Tocantins;TO;Norte;1702;Araguaína;do Entorno;170009;Araguatins;do Entorno;Centro Local;90981939.0;16091.61
1720150;São Félix do Tocantins;TO;Norte;1701;Palmas;do Entorno;170001;Palmas;do Entorno;Centro Local;42354936.0;23754.87
1720200;São Miguel do Tocantins;TO;Norte;1702;Araguaína;do Entorno;170009;Araguatins;do Entorno;Centro Local;239633870.0;18097.87
1720259;São Salvador do Tocantins;TO;Norte;1703;Gurupi;do Entorno;170010;Gurupi;do Entorno;Centro Local;59857278.0;25097.39
1720309;São Sebastião do Tocantins;TO;Norte;1702;Araguaína;do Entorno;170009;Araguatins;do Entorno;Centro Local;68702096.0;16756.61
1720499;São Valério;TO;Norte;1703;Gurupi;do Entorno;170010;Gurupi;do Entorno;Centro Local;229617827.0;51926.24
1720655;Silvanópolis;TO;Norte;1701;Palmas;do Entorno;170002;Porto Nacional;do Entorno;Centro Local;284767121.0;55749.24
1720804;Sítio Novo do Tocantins;TO;Norte;1702;Araguaína;do Entorno;170009;Araguatins;do Entorno;Centro Local;179636724.0;16586.96
1720853;Sucupira;TO;Norte;1703;Gurupi;do Entorno;170010;Gurupi;do Entorno;Centro Local;310361254.0;196804.85
1720903;Taguatinga;TO;Norte;1703;Gurupi;do Entorno;170011;Dianópolis;do Entorno;Centro Local;386845570.0;27610.13
1720937;Taipas do Tocantins;TO;Norte;1703;Gurupi;do Entorno;170011;Dianópolis;do Entorno;Centro Local;41627057.0;20597.26
1720978;Talismã;TO;Norte;1703;Gurupi;do Entorno;170010;Gurupi;do Entorno;Centro Local;173124577.0;70490.46
1721000;Palmas;TO;Norte;1701;Palmas;Polo;170001;Palmas;Polo;Capital Regional B;14168468841.0;46808.2
1721109;Tocantínia;TO;Norte;1701;Palmas;do Entorno;170004;Miracema do Tocantins;do Entorno;Centro Local;327559836.0;43914.71
1721208;Tocantinópolis;TO;Norte;1702;Araguaína;do Entorno;170008;Tocantinópolis;Polo;Centro Sub-Regional B;529092868.0;23395.66
1721257;Tupirama;TO;Norte;1702;Araguaína;do Entorno;170006;Guaraí;do Entorno;Centro de Zona B;96851499.0;50734.15
1721307;Tupiratins;TO;Norte;1702;Araguaína;do Entorno;170007;Colinas do Tocantins;do Entorno;Centro Local;48416708.0;25836.02
1722081;Wanderlândia;TO;Norte;1702;Araguaína;do Entorno;170005;Araguaína;do Entorno;Centro Local;245767259.0;23357.47
1722107;Xambioá;TO;Norte;1702;Araguaína;do Entorno;170005;Araguaína;do Entorno;Centro de Zona B;722712656.0;68718.52
2100055;Açailândia;MA;Nordeste;2105;Imperatriz;do Entorno;210021;Açailândia;Polo;Centro Sub-Regional B;4274161961.0;40114.14
2100105;Afonso Cunha;MA;Nordeste;2103;Caxias;do Entorno;210013;Caxias;do Entorno;Centro Local;105581152.0;17184.43
2100154;Água Doce do Maranhão;MA;Nordeste;2101;São Luís;do Entorno;210007;Tutóia - Araioses;do Entorno;Centro Local;130745967.0;10768.08
2100204;Alcântara;MA;Nordeste;2101;São Luís;do Entorno;210001;São Luís;do Entorno;Centro Local;170260679.0;9219.73
2100303;Aldeias Altas;MA;Nordeste;2103;Caxias;do Entorno;210013;Caxias;do Entorno;Centro Local;335245811.0;14396.88
2100402;Altamira do Maranhão;MA;Nordeste;2102;Santa Inês - Bacabal;do Entorno;210010;Bacabal;do Entorno;Centro Local;88342755.0;13702.92
2100436;Alto Alegre do Maranhão;MA;Nordeste;2102;Santa Inês - Bacabal;do Entorno;210010;Bacabal;do Entorno;Centro Local;378314119.0;15731.63
2100477;Alto Alegre do Pindaré;MA;Nordeste;2102;Santa Inês - Bacabal;do Entorno;210009;Santa Inês;do Entorno;Centro Local;310141738.0;12063.08
2100501;Alto Parnaíba;MA;Nordeste;2105;Imperatriz;do Entorno;210022;Balsas;do Entorno;Centro Local;573769442.0;51649.06
2100550;Amapá do Maranhão;MA;Nordeste;2102;Santa Inês - Bacabal;do Entorno;210011;Governador Nunes Freire;do Entorno;Centro Local;95025625.0;13253.23
2100600;Amarante do Maranhão;MA;Nordeste;2105;Imperatriz;do Entorno;210019;Imperatriz;do Entorno;Centro Local;500782201.0;13503.63
2100709;Anajatuba;MA;Nordeste;2101;São Luís;do Entorno;210004;Itapecuru Mirim;do Entorno;Centro Local;255438614.0;10087.62
2100808;Anapurus;MA;Nordeste;2101;São Luís;do Entorno;210003;Chapadinha;do Entorno;Centro Local;192812583.0;13979.02
2100832;Apicum-Açu;MA;Nordeste;2101;São Luís;do Entorno;210008;Cururupu;do Entorno;Centro Local;170117237.0;9710.44
2100873;Araguanã;MA;Nordeste;2102;Santa Inês - Bacabal;do Entorno;210009;Santa Inês;do Entorno;Centro Local;127935136.0;11442.19
2100907;Araioses;MA;Nordeste;2101;São Luís;do Entorno;210007;Tutóia - Araioses;Polo;Centro Local;351323823.0;8996.31
2100956;Arame;MA;Nordeste;2105;Imperatriz;do Entorno;210020;Barra do Corda;do Entorno;Centro Local;320623290.0;12565.09
2101004;Arari;MA;Nordeste;2101;São Luís;do Entorno;210005;Viana;do Entorno;Centro Local;422712588.0;14342.85
2101103;Axixá;MA;Nordeste;2101;São Luís;do Entorno;210001;São Luís;do Entorno;Centro Local;118130837.0;10019.58
2101202;Bacabal;MA;Nordeste;2102;Santa Inês - Bacabal;do Entorno;210010;Bacabal;Polo;Centro Sub-Regional A;1912868327.0;18444.22
2101251;Bacabeira;MA;Nordeste;2101;São Luís;do Entorno;210001;São Luís;do Entorno;Centro Local;466225901.0;27480.01
2101301;Bacuri;MA;Nordeste;2101;São Luís;do Entorno;210008;Cururupu;do Entorno;Centro Local;156363090.0;9598.72
2101350;Bacurituba;MA;Nordeste;2101;São Luís;do Entorno;210002;Pinheiro;do Entorno;Centro Local;52137831.0;9927.23
2101400;Balsas;MA;Nordeste;2105;Imperatriz;do Entorno;210022;Balsas;Polo;Centro Sub-Regional B;7529798468.0;73990.57
2101509;Barão de Grajaú;MA;Nordeste;2104;Presidente Dutra;do Entorno;210017;São João dos Patos;do Entorno;Centro Sub-Regional A;309909634.0;16324.78
2101608;Barra do Corda;MA;Nordeste;2105;Imperatriz;do Entorno;210020;Barra do Corda;Polo;Centro de Zona A;1157930001.0;13698.13
2101707;Barreirinhas;MA;Nordeste;2101;São Luís;do Entorno;210006;Barreirinhas;Polo;Centro de Zona A;816789021.0;12453.14
2101731;Belágua;MA;Nordeste;2101;São Luís;do Entorno;210003;Chapadinha;do Entorno;Centro Local;100862708.0;11922.31
2101772;Bela Vista do Maranhão;MA;Nordeste;2102;Santa Inês - Bacabal;do Entorno;210009;Santa Inês;do Entorno;Centro Local;133413541.0;11354.34
2101806;Benedito Leite;MA;Nordeste;2104;Presidente Dutra;do Entorno;210017;São João dos Patos;do Entorno;Centro de Zona B;94453921.0;17270.78
2101905;Bequimão;MA;Nordeste;2101;São Luís;do Entorno;210002;Pinheiro;do Entorno;Centro Local;166173290.0;8485.16
2101939;Bernardo do Mearim;MA;Nordeste;2102;Santa Inês - Bacabal;do Entorno;210012;Pedreiras;do Entorno;Centro Local;276117942.0;47280.47
2101970;Boa Vista do Gurupi;MA;Nordeste;2102;Santa Inês - Bacabal;do Entorno;210011;Governador Nunes Freire;do Entorno;Centro Local;93312366.0;12320.09
2102002;Bom Jardim;MA;Nordeste;2102;Santa Inês - Bacabal;do Entorno;210009;Santa Inês;do Entorno;Centro Local;571100823.0;17253.8
2102036;Bom Jesus das Selvas;MA;Nordeste;2105;Imperatriz;do Entorno;210021;Açailândia;do Entorno;Centro Local;456765664.0;15971.39
2102077;Bom Lugar;MA;Nordeste;2102;Santa Inês - Bacabal;do Entorno;210010;Bacabal;do Entorno;Centro Local;149055868.0;12205.69
2102101;Brejo;MA;Nordeste;2101;São Luís;do Entorno;210003;Chapadinha;do Entorno;Centro Local;426438571.0;12498.2
2102150;Brejo de Areia;MA;Nordeste;2102;Santa Inês - Bacabal;do Entorno;210010;Bacabal;do Entorno;Centro Local;90088922.0;9773.15
2102200;Buriti;MA;Nordeste;2101;São Luís;do Entorno;210003;Chapadinha;do Entorno;Centro Local;332530155.0;11201.96
2102309;Buriti Bravo;MA;Nordeste;2103;Caxias;do Entorno;210014;Timon;do Entorno;Centro Local;309327357.0;13775.43
2102325;Buriticupu;MA;Nordeste;2105;Imperatriz;do Entorno;210021;Açailândia;do Entorno;Centro Local;1008378406.0;18169.31
2102358;Buritirana;MA;Nordeste;2105;Imperatriz;do Entorno;210019;Imperatriz;do Entorno;Centro Local;156523814.0;12116.72
2102374;Cachoeira Grande;MA;Nordeste;2101;São Luís;do Entorno;210001;São Luís;do Entorno;Centro Local;85042509.0;8738.44
2102408;Cajapió;MA;Nordeste;2101;São Luís;do Entorno;210005;Viana;do Entorno;Centro Local;81775000.0;8079.74
2102507;Cajari;MA;Nordeste;2101;São Luís;do Entorno;210005;Viana;do Entorno;Centro Local;155103283.0;9450.6
2102556;Campestre do Maranhão;MA;Nordeste;2105;Imperatriz;do Entorno;210019;Imperatriz;do Entorno;Centro Local;303257204.0;24653.05
2102606;Cândido Mendes;MA;Nordeste;2102;Santa Inês - Bacabal;do Entorno;210011;Governador Nunes Freire;do Entorno;Centro Local;204525824.0;10261.18
2102705;Cantanhede;MA;Nordeste;2101;São Luís;do Entorno;210004;Itapecuru Mirim;do Entorno;Centro Local;233272809.0;9598.52
2102754;Capinzal do Norte;MA;Nordeste;2102;Santa Inês - Bacabal;do Entorno;210012;Pedreiras;do Entorno;Centro Local;215753536.0;18969.01
2102804;Carolina;MA;Nordeste;2105;Imperatriz;do Entorno;210022;Balsas;do Entorno;Centro Local;595613673.0;24753.29
2102903;Carutapera;MA;Nordeste;2102;Santa Inês - Bacabal;do Entorno;210011;Governador Nunes Freire;do Entorno;Centro de Zona B;246447079.0;10167.8
2103000;Caxias;MA;Nordeste;2103;Caxias;Polo;210013;Caxias;Polo;Centro Sub-Regional A;2696021094.0;17175.06
2103109;Cedral;MA;Nordeste;2101;São Luís;do Entorno;210008;Cururupu;do Entorno;Centro Local;86164881.0;8440.92
2103125;Central do Maranhão;MA;Nordeste;2101;São Luís;do Entorno;210008;Cururupu;do Entorno;Centro Local;69154233.0;9748.27
2103158;Centro do Guilherme;MA;Nordeste;2102;Santa Inês - Bacabal;do Entorno;210011;Governador Nunes Freire;do Entorno;Centro Local;137520372.0;11142.47
2103174;Centro Novo do Maranhão;MA;Nordeste;2102;Santa Inês - Bacabal;do Entorno;210011;Governador Nunes Freire;do Entorno;Centro Local;236610365.0;14545.42
2103208;Chapadinha;MA;Nordeste;2101;São Luís;do Entorno;210003;Chapadinha;Polo;Centro Sub-Regional B;1130461995.0;13890.13
2103257;Cidelândia;MA;Nordeste;2105;Imperatriz;do Entorno;210019;Imperatriz;do Entorno;Centro Local;242329810.0;18817.35
2103307;Codó;MA;Nordeste;2103;Caxias;do Entorno;210015;Codó;Polo;Centro Sub-Regional B;1808033367.0;15821.78
2103406;Coelho Neto;MA;Nordeste;2103;Caxias;do Entorno;210013;Caxias;do Entorno;Centro de Zona B;486211267.0;11671.5
2103505;Colinas;MA;Nordeste;2104;Presidente Dutra;do Entorno;210018;Colinas;Polo;Centro de Zona B;729810029.0;18102.24
2103554;Conceição do Lago-Açu;MA;Nordeste;2102;Santa Inês - Bacabal;do Entorno;210010;Bacabal;do Entorno;Centro Local;159749781.0;10710.68
2103604;Coroatá;MA;Nordeste;2103;Caxias;do Entorno;210015;Codó;do Entorno;Centro de Zona B;637484029.0;10702.15
2103703;Cururupu;MA;Nordeste;2101;São Luís;do Entorno;210008;Cururupu;Polo;Centro de Zona B;343104472.0;10872.19
2103752;Davinópolis;MA;Nordeste;2105;Imperatriz;do Entorno;210019;Imperatriz;do Entorno;Capital Regional C;218071737.0;15139.67
2103802;Dom Pedro;MA;Nordeste;2104;Presidente Dutra;do Entorno;210016;Presidente Dutra;do Entorno;Centro de Zona A;314607700.0;13647.15
2103901;Duque Bacelar;MA;Nordeste;2103;Caxias;do Entorno;210013;Caxias;do Entorno;Centro Local;108747560.0;10637.54
2104008;Esperantinópolis;MA;Nordeste;2102;Santa Inês - Bacabal;do Entorno;210012;Pedreiras;do Entorno;Centro de Zona B;202856260.0;11078.38
2104057;Estreito;MA;Nordeste;2105;Imperatriz;do Entorno;210019;Imperatriz;do Entorno;Centro de Zona A;1195398792.0;35904.33
2104073;Feira Nova do Maranhão;MA;Nordeste;2105;Imperatriz;do Entorno;210022;Balsas;do Entorno;Centro Local;132982829.0;16523.71
2104081;Fernando Falcão;MA;Nordeste;2105;Imperatriz;do Entorno;210020;Barra do Corda;do Entorno;Centro Local;159760766.0;14693.35
2104099;Formosa da Serra Negra;MA;Nordeste;2105;Imperatriz;do Entorno;210020;Barra do Corda;do Entorno;Centro Local;257047956.0;14506.91
2104107;Fortaleza dos Nogueiras;MA;Nordeste;2105;Imperatriz;do Entorno;210022;Balsas;do Entorno;Centro Local;354448271.0;28041.79
2104206;Fortuna;MA;Nordeste;2104;Presidente Dutra;do Entorno;210016;Presidente Dutra;do Entorno;Centro Local;214306894.0;12624.11
2104305;Godofredo Viana;MA;Nordeste;2102;Santa Inês - Bacabal;do Entorno;210011;Governador Nunes Freire;do Entorno;Centro Local;855185573.0;83956.96
2104404;Gonçalves Dias;MA;Nordeste;2104;Presidente Dutra;do Entorno;210016;Presidente Dutra;do Entorno;Centro Local;187079581.0;10872.93
2104503;Governador Archer;MA;Nordeste;2104;Presidente Dutra;do Entorno;210016;Presidente Dutra;do Entorno;Centro Local;123047257.0;12026.9
2104552;Governador Edison Lobão;MA;Nordeste;2105;Imperatriz;do Entorno;210019;Imperatriz;do Entorno;Centro Local;448007297.0;24333.68
2104602;Governador Eugênio Barros;MA;Nordeste;2104;Presidente Dutra;do Entorno;210016;Presidente Dutra;do Entorno;Centro Local;195174375.0;14011.08
2104628;Governador Luiz Rocha;MA;Nordeste;2104;Presidente Dutra;do Entorno;210016;Presidente Dutra;do Entorno;Centro Local;108305113.0;15334.15
2104651;Governador Newton Bello;MA;Nordeste;2102;Santa Inês - Bacabal;do Entorno;210009;Santa Inês;do Entorno;Centro Local;120254032.0;11225.06
2104677;Governador Nunes Freire;MA;Nordeste;2102;Santa Inês - Bacabal;do Entorno;210011;Governador Nunes Freire;Polo;Centro Local;324762474.0;14041.96
2104701;Graça Aranha;MA;Nordeste;2104;Presidente Dutra;do Entorno;210016;Presidente Dutra;do Entorno;Centro Local;66886203.0;11105.13
2104800;Grajaú;MA;Nordeste;2105;Imperatriz;do Entorno;210020;Barra do Corda;do Entorno;Centro Local;1415487969.0;19161.36
2104909;Guimarães;MA;Nordeste;2101;São Luís;do Entorno;210008;Cururupu;do Entorno;Centro Local;104271141.0;10133.25
2105005;Humberto de Campos;MA;Nordeste;2101;São Luís;do Entorno;210006;Barreirinhas;do Entorno;Centro de Zona B;241228091.0;9393.62
2105104;Icatu;MA;Nordeste;2101;São Luís;do Entorno;210001;São Luís;do Entorno;Centro Local;211920611.0;8547.25
2105153;Igarapé do Meio;MA;Nordeste;2102;Santa Inês - Bacabal;do Entorno;210009;Santa Inês;do Entorno;Centro Local;464887219.0;33268.01
2105203;Igarapé Grande;MA;Nordeste;2102;Santa Inês - Bacabal;do Entorno;210012;Pedreiras;do Entorno;Centro Local;138143859.0;13502.48
2105302;Imperatriz;MA;Nordeste;2105;Imperatriz;Polo;210019;Imperatriz;Polo;Capital Regional C;9475802055.0;34695.92
2105351;Itaipava do Grajaú;MA;Nordeste;2105;Imperatriz;do Entorno;210020;Barra do Corda;do Entorno;Centro Local;136088926.0;9841.55
2105401;Itapecuru Mirim;MA;Nordeste;2101;São Luís;do Entorno;210004;Itapecuru Mirim;Polo;Centro Local;889928415.0;14724.16
2105427;Itinga do Maranhão;MA;Nordeste;2105;Imperatriz;do Entorno;210021;Açailândia;do Entorno;Centro Local;687513901.0;30538.53
2105450;Jatobá;MA;Nordeste;2104;Presidente Dutra;do Entorno;210018;Colinas;do Entorno;Centro Local;83460163.0;11171.22
2105476;Jenipapo dos Vieiras;MA;Nordeste;2105;Imperatriz;do Entorno;210020;Barra do Corda;do Entorno;Centro Local;174125275.0;10197.08
2105500;João Lisboa;MA;Nordeste;2105;Imperatriz;do Entorno;210019;Imperatriz;do Entorno;Centro Local;362691779.0;14678.53
2105609;Joselândia;MA;Nordeste;2102;Santa Inês - Bacabal;do Entorno;210012;Pedreiras;do Entorno;Centro Local;139773509.0;9365.69
2105658;Junco do Maranhão;MA;Nordeste;2102;Santa Inês - Bacabal;do Entorno;210011;Governador Nunes Freire;do Entorno;Centro Local;71490623.0;13892.46
2105708;Lago da Pedra;MA;Nordeste;2102;Santa Inês - Bacabal;do Entorno;210010;Bacabal;do Entorno;Centro de Zona A;621148067.0;13988.88
2105807;Lago do Junco;MA;Nordeste;2102;Santa Inês - Bacabal;do Entorno;210012;Pedreiras;do Entorno;Centro Local;108264187.0;11389.04
2105906;Lago Verde;MA;Nordeste;2102;Santa Inês - Bacabal;do Entorno;210010;Bacabal;do Entorno;Centro Local;169405214.0;11470.32
2105922;Lagoa do Mato;MA;Nordeste;2104;Presidente Dutra;do Entorno;210017;São João dos Patos;do Entorno;Centro Local;211546724.0;20010.09
2105948;Lago dos Rodrigues;MA;Nordeste;2102;Santa Inês - Bacabal;do Entorno;210012;Pedreiras;do Entorno;Centro Local;104301153.0;11909.24
2105963;Lagoa Grande do Maranhão;MA;Nordeste;2102;Santa Inês - Bacabal;do Entorno;210010;Bacabal;do Entorno;Centro Local;128790836.0;11286.55
2105989;Lajeado Novo;MA;Nordeste;2105;Imperatriz;do Entorno;210019;Imperatriz;do Entorno;Centro Local;122752409.0;17394.42
2106003;Lima Campos;MA;Nordeste;2102;Santa Inês - Bacabal;do Entorno;210012;Pedreiras;do Entorno;Centro Local;237816923.0;21051.33
2106102;Loreto;MA;Nordeste;2105;Imperatriz;do Entorno;210022;Balsas;do Entorno;Centro Local;390947299.0;33711.07
2106201;Luís Domingues;MA;Nordeste;2102;Santa Inês - Bacabal;do Entorno;210011;Governador Nunes Freire;do Entorno;Centro Local;72747495.0;10158.85
2106300;Magalhães de Almeida;MA;Nordeste;2101;São Luís;do Entorno;210007;Tutóia - Araioses;do Entorno;Centro Local;181566593.0;13150.33
2106326;Maracaçumé;MA;Nordeste;2102;Santa Inês - Bacabal;do Entorno;210011;Governador Nunes Freire;do Entorno;Centro de Zona B;275246484.0;13014.63
2106359;Marajá do Sena;MA;Nordeste;2102;Santa Inês - Bacabal;do Entorno;210010;Bacabal;do Entorno;Centro Local;116023372.0;16511.08
2106375;Maranhãozinho;MA;Nordeste;2102;Santa Inês - Bacabal;do Entorno;210011;Governador Nunes Freire;do Entorno;Centro Local;146664205.0;10657.96
2106409;Mata Roma;MA;Nordeste;2101;São Luís;do Entorno;210003;Chapadinha;do Entorno;Centro Local;226302950.0;13241.83
2106508;Matinha;MA;Nordeste;2101;São Luís;do Entorno;210005;Viana;do Entorno;Centro Local;232533515.0;10553.4
2106607;Matões;MA;Nordeste;2103;Caxias;do Entorno;210014;Timon;do Entorno;Centro Local;334401282.0;10393.53
2106631;Matões do Norte;MA;Nordeste;2101;São Luís;do Entorno;210004;Itapecuru Mirim;do Entorno;Centro Local;134625394.0;7722.89
2106672;Milagres do Maranhão;MA;Nordeste;2101;São Luís;do Entorno;210003;Chapadinha;do Entorno;Centro Local;94016525.0;10661.89
2106706;Mirador;MA;Nordeste;2104;Presidente Dutra;do Entorno;210018;Colinas;do Entorno;Centro de Zona B;389856869.0;18538.13
2106755;Miranda do Norte;MA;Nordeste;2101;São Luís;do Entorno;210004;Itapecuru Mirim;do Entorno;Centro Local;578366236.0;24235.93
2106805;Mirinzal;MA;Nordeste;2101;São Luís;do Entorno;210008;Cururupu;do Entorno;Centro Local;133234731.0;9531.74
2106904;Monção;MA;Nordeste;2102;Santa Inês - Bacabal;do Entorno;210009;Santa Inês;do Entorno;Centro Local;280367441.0;10102.97
2107001;Montes Altos;MA;Nordeste;2105;Imperatriz;do Entorno;210019;Imperatriz;do Entorno;Centro Local;119452986.0;13118.05
2107100;Morros;MA;Nordeste;2101;São Luís;do Entorno;210001;São Luís;do Entorno;Centro Local;190452291.0;10264.76
2107209;Nina Rodrigues;MA;Nordeste;2101;São Luís;do Entorno;210004;Itapecuru Mirim;do Entorno;Centro Local;109173932.0;7701.32
2107258;Nova Colinas;MA;Nordeste;2105;Imperatriz;do Entorno;210022;Balsas;do Entorno;Centro Local;95717645.0;19063.46
2107308;Nova Iorque;MA;Nordeste;2104;Presidente Dutra;do Entorno;210017;São João dos Patos;do Entorno;Centro Local;53435727.0;12369.38
2107357;Nova Olinda do Maranhão;MA;Nordeste;2102;Santa Inês - Bacabal;do Entorno;210009;Santa Inês;do Entorno;Centro Local;171963416.0;12013.65
2107407;Olho d'Água das Cunhãs;MA;Nordeste;2102;Santa Inês - Bacabal;do Entorno;210010;Bacabal;do Entorno;Centro Local;225754685.0;12598.62
2107456;Olinda Nova do Maranhão;MA;Nordeste;2101;São Luís;do Entorno;210005;Viana;do Entorno;Centro Local;132761494.0;9778.41
2107506;Paço do Lumiar;MA;Nordeste;2101;São Luís;do Entorno;210001;São Luís;do Entorno;Capital Regional A;1643536521.0;11284.69
2107605;Palmeirândia;MA;Nordeste;2101;São Luís;do Entorno;210002;Pinheiro;do Entorno;Centro Local;188189650.0;8936.31
2107704;Paraibano;MA;Nordeste;2104;Presidente Dutra;do Entorno;210017;São João dos Patos;do Entorno;Centro Local;210302091.0;11508.27
2107803;Parnarama;MA;Nordeste;2103;Caxias;do Entorno;210014;Timon;do Entorno;Centro Local;381793132.0;12217.38
2107902;Passagem Franca;MA;Nordeste;2104;Presidente Dutra;do Entorno;210017;São João dos Patos;do Entorno;Centro Local;207014125.0;12021.73
2108009;Pastos Bons;MA;Nordeste;2104;Presidente Dutra;do Entorno;210017;São João dos Patos;do Entorno;Centro de Zona B;322652132.0;17160.52
2108058;Paulino Neves;MA;Nordeste;2101;São Luís;do Entorno;210007;Tutóia - Araioses;do Entorno;Centro Local;157984399.0;9262.69
2108108;Paulo Ramos;MA;Nordeste;2102;Santa Inês - Bacabal;do Entorno;210010;Bacabal;do Entorno;Centro de Zona B;261075014.0;12834.92
2108207;Pedreiras;MA;Nordeste;2102;Santa Inês - Bacabal;do Entorno;210012;Pedreiras;Polo;Centro Sub-Regional B;830170627.0;22406.76
2108256;Pedro do Rosário;MA;Nordeste;2101;São Luís;do Entorno;210002;Pinheiro;do Entorno;Centro Local;225794779.0;9284.32
2108306;Penalva;MA;Nordeste;2101;São Luís;do Entorno;210005;Viana;do Entorno;Centro Local;313292208.0;9636.5
2108405;Peri Mirim;MA;Nordeste;2101;São Luís;do Entorno;210002;Pinheiro;do Entorno;Centro Local;110019842.0;9904.56
2108454;Peritoró;MA;Nordeste;2103;Caxias;do Entorno;210015;Codó;do Entorno;Centro Local;277935285.0;13571.72
2108504;Pindaré-Mirim;MA;Nordeste;2102;Santa Inês - Bacabal;do Entorno;210009;Santa Inês;do Entorno;Centro Local;356583735.0;11345.69
2108603;Pinheiro;MA;Nordeste;2101;São Luís;do Entorno;210002;Pinheiro;Polo;Centro Sub-Regional B;1332999976.0;15752.59
2108702;Pio XII;MA;Nordeste;2102;Santa Inês - Bacabal;do Entorno;210009;Santa Inês;do Entorno;Centro Local;269344518.0;12306.7
2108801;Pirapemas;MA;Nordeste;2101;São Luís;do Entorno;210004;Itapecuru Mirim;do Entorno;Centro Local;185469491.0;10470.22
2108900;Poção de Pedras;MA;Nordeste;2102;Santa Inês - Bacabal;do Entorno;210012;Pedreiras;do Entorno;Centro Local;221326724.0;12897.08
2109007;Porto Franco;MA;Nordeste;2105;Imperatriz;do Entorno;210019;Imperatriz;do Entorno;Centro Sub-Regional B;1252850199.0;52413.93
2109056;Porto Rico do Maranhão;MA;Nordeste;2101;São Luís;do Entorno;210008;Cururupu;do Entorno;Centro Local;63769406.0;10710.35
2109106;Presidente Dutra;MA;Nordeste;2104;Presidente Dutra;Polo;210016;Presidente Dutra;Polo;Centro Sub-Regional B;990072543.0;21926.09
2109205;Presidente Juscelino;MA;Nordeste;2101;São Luís;do Entorno;210001;São Luís;do Entorno;Centro Local;102457802.0;9022.35
2109239;Presidente Médici;MA;Nordeste;2102;Santa Inês - Bacabal;do Entorno;210011;Governador Nunes Freire;do Entorno;Centro Local;74488448.0;15862.11
2109270;Presidente Sarney;MA;Nordeste;2101;São Luís;do Entorno;210002;Pinheiro;do Entorno;Centro Local;186042934.0;10624.35
2109304;Presidente Vargas;MA;Nordeste;2101;São Luís;do Entorno;210004;Itapecuru Mirim;do Entorno;Centro Local;108884158.0;10321.75
2109403;Primeira Cruz;MA;Nordeste;2101;São Luís;do Entorno;210006;Barreirinhas;do Entorno;Centro Local;120507877.0;8851.76
2109452;Raposa;MA;Nordeste;2101;São Luís;do Entorno;210001;São Luís;do Entorno;Capital Regional A;381070977.0;12356.79
2109502;Riachão;MA;Nordeste;2105;Imperatriz;do Entorno;210022;Balsas;do Entorno;Centro Local;687701031.0;31054.46
2109551;Ribamar Fiquene;MA;Nordeste;2105;Imperatriz;do Entorno;210019;Imperatriz;do Entorno;Centro Local;149001274.0;20081.03
2109601;Rosário;MA;Nordeste;2101;São Luís;do Entorno;210001;São Luís;do Entorno;Centro Local;522395196.0;13577.52
2109700;Sambaíba;MA;Nordeste;2105;Imperatriz;do Entorno;210022;Balsas;do Entorno;Centro Local;433340249.0;77826.91
2109759;Santa Filomena do Maranhão;MA;Nordeste;2104;Presidente Dutra;do Entorno;210016;Presidente Dutra;do Entorno;Centro Local;71886149.0;10734.08
2109809;Santa Helena;MA;Nordeste;2101;São Luís;do Entorno;210002;Pinheiro;do Entorno;Centro Local;483902824.0;11643.19
2109908;Santa Inês;MA;Nordeste;2102;Santa Inês - Bacabal;do Entorno;210009;Santa Inês;Polo;Centro Sub-Regional A;1837615351.0;21615.44
2110005;Santa Luzia;MA;Nordeste;2102;Santa Inês - Bacabal;do Entorno;210009;Santa Inês;do Entorno;Centro Local;985808785.0;17104.34
2110039;Santa Luzia do Paruá;MA;Nordeste;2102;Santa Inês - Bacabal;do Entorno;210011;Governador Nunes Freire;do Entorno;Centro Local;382763769.0;15747.06
2110104;Santa Quitéria do Maranhão;MA;Nordeste;2101;São Luís;do Entorno;210003;Chapadinha;do Entorno;Centro de Zona B;391678372.0;16349.22
2110203;Santa Rita;MA;Nordeste;2101;São Luís;do Entorno;210001;São Luís;do Entorno;Centro Local;364745718.0;9848.68
2110237;Santana do Maranhão;MA;Nordeste;2101;São Luís;do Entorno;210007;Tutóia - Araioses;do Entorno;Centro Local;115747680.0;10953.69
2110278;Santo Amaro do Maranhão;MA;Nordeste;2101;São Luís;do Entorno;210006;Barreirinhas;do Entorno;Centro Local;131657557.0;9438.49
2110302;Santo Antônio dos Lopes;MA;Nordeste;2102;Santa Inês - Bacabal;do Entorno;210012;Pedreiras;do Entorno;Centro de Zona B;5184563970.0;362455.53
2110401;São Benedito do Rio Preto;MA;Nordeste;2101;São Luís;do Entorno;210003;Chapadinha;do Entorno;Centro Local;186474265.0;10154.34
2110500;São Bento;MA;Nordeste;2101;São Luís;do Entorno;210002;Pinheiro;do Entorno;Centro de Zona B;404149053.0;8711.05
2110609;São Bernardo;MA;Nordeste;2101;São Luís;do Entorno;210007;Tutóia - Araioses;do Entorno;Centro Local;384189277.0;14259.34
2110658;São Domingos do Azeitão;MA;Nordeste;2104;Presidente Dutra;do Entorno;210017;São João dos Patos;do Entorno;Centro Local;339609164.0;42493.64
2110708;São Domingos do Maranhão;MA;Nordeste;2104;Presidente Dutra;do Entorno;210016;Presidente Dutra;do Entorno;Centro de Zona B;479851630.0;14099.18
2110807;São Félix de Balsas;MA;Nordeste;2105;Imperatriz;do Entorno;210022;Balsas;do Entorno;Centro Local;92001248.0;20899.87
2110856;São Francisco do Brejão;MA;Nordeste;2105;Imperatriz;do Entorno;210021;Açailândia;do Entorno;Centro Local;138736696.0;15328.33
2110906;São Francisco do Maranhão;MA;Nordeste;2104;Presidente Dutra;do Entorno;210017;São João dos Patos;do Entorno;Centro Local;127388685.0;10559.41
2111003;São João Batista;MA;Nordeste;2101;São Luís;do Entorno;210005;Viana;do Entorno;Centro Local;152916056.0;8246.12
2111029;São João do Carú;MA;Nordeste;2102;Santa Inês - Bacabal;do Entorno;210009;Santa Inês;do Entorno;Centro Local;143797487.0;11737.61
2111052;São João do Paraíso;MA;Nordeste;2105;Imperatriz;do Entorno;210019;Imperatriz;do Entorno;Centro Local;226524703.0;22872.04
2111078;São João do Soter;MA;Nordeste;2103;Caxias;do Entorno;210013;Caxias;do Entorno;Centro Local;208558872.0;12348.8
2111102;São João dos Patos;MA;Nordeste;2104;Presidente Dutra;do Entorno;210017;São João dos Patos;Polo;Centro de Zona A;444285470.0;17757.21
2111201;São José de Ribamar;MA;Nordeste;2101;São Luís;do Entorno;210001;São Luís;do Entorno;Capital Regional A;3135578678.0;12820.31
2111250;São José dos Basílios;MA;Nordeste;2104;Presidente Dutra;do Entorno;210016;Presidente Dutra;do Entorno;Centro Local;75929620.0;10914.13
2111300;São Luís;MA;Nordeste;2101;São Luís;Polo;210001;São Luís;Polo;Capital Regional A;42389051100.0;40846.09
2111409;São Luís Gonzaga do Maranhão;MA;Nordeste;2102;Santa Inês - Bacabal;do Entorno;210010;Bacabal;do Entorno;Centro Local;198314829.0;11130.03
2111508;São Mateus do Maranhão;MA;Nordeste;2102;Santa Inês - Bacabal;do Entorno;210010;Bacabal;do Entorno;Centro Local;586547764.0;15105.92
2111532;São Pedro da Água Branca;MA;Nordeste;2105;Imperatriz;do Entorno;210019;Imperatriz;do Entorno;Centro Local;149358525.0;10416.97
2111573;São Pedro dos Crentes;MA;Nordeste;2105;Imperatriz;do Entorno;210020;Barra do Corda;do Entorno;Centro Local;103928129.0;17971.32
2111607;São Raimundo das Mangabeiras;MA;Nordeste;2105;Imperatriz;do Entorno;210022;Balsas;do Entorno;Centro Local;1090033402.0;58377.97
2111631;São Raimundo do Doca Bezerra;MA;Nordeste;2102;Santa Inês - Bacabal;do Entorno;210012;Pedreiras;do Entorno;Centro Local;62615799.0;11082.44
2111672;São Roberto;MA;Nordeste;2102;Santa Inês - Bacabal;do Entorno;210012;Pedreiras;do Entorno;Centro Local;58526475.0;12879.95
2111706;São Vicente Ferrer;MA;Nordeste;2101;São Luís;do Entorno;210005;Viana;do Entorno;Centro Local;183735027.0;9423.28
2111722;Satubinha;MA;Nordeste;2102;Santa Inês - Bacabal;do Entorno;210010;Bacabal;do Entorno;Centro Local;107921231.0;12286.11
2111748;Senador Alexandre Costa;MA;Nordeste;2104;Presidente Dutra;do Entorno;210016;Presidente Dutra;do Entorno;Centro Local;145324252.0;14237.7
2111763;Senador La Rocque;MA;Nordeste;2105;Imperatriz;do Entorno;210019;Imperatriz;do Entorno;Centro Local;225141131.0;15315.72
2111789;Serrano do Maranhão;MA;Nordeste;2101;São Luís;do Entorno;210008;Cururupu;do Entorno;Centro Local;118312412.0;11596.98
2111805;Sítio Novo;MA;Nordeste;2105;Imperatriz;do Entorno;210020;Barra do Corda;do Entorno;Centro Local;292191152.0;17113.22
2111904;Sucupira do Norte;MA;Nordeste;2104;Presidente Dutra;do Entorno;210018;Colinas;do Entorno;Centro Local;193909361.0;18940.16
2111953;Sucupira do Riachão;MA;Nordeste;2104;Presidente Dutra;do Entorno;210017;São João dos Patos;do Entorno;Centro Local;63214375.0;12680.92
2112001;Tasso Fragoso;MA;Nordeste;2105;Imperatriz;do Entorno;210022;Balsas;do Entorno;Centro Local;2616708223.0;295272.88
2112100;Timbiras;MA;Nordeste;2103;Caxias;do Entorno;210015;Codó;do Entorno;Centro Local;248535937.0;9384.38
2112209;Timon;MA;Nordeste;2103;Caxias;do Entorno;210014;Timon;Polo;Capital Regional A;2840126286.0;16279.06
2112233;Trizidela do Vale;MA;Nordeste;2102;Santa Inês - Bacabal;do Entorno;210012;Pedreiras;do Entorno;Centro Sub-Regional B;436529351.0;19415.11
2112274;Tufilândia;MA;Nordeste;2102;Santa Inês - Bacabal;do Entorno;210009;Santa Inês;do Entorno;Centro Local;75760470.0;13757.12
2112308;Tuntum;MA;Nordeste;2104;Presidente Dutra;do Entorno;210016;Presidente Dutra;do Entorno;Centro Local;410127182.0;11313.54
2112407;Turiaçu;MA;Nordeste;2101;São Luís;do Entorno;210002;Pinheiro;do Entorno;Centro Local;414975211.0;11068.66
2112456;Turilândia;MA;Nordeste;2101;São Luís;do Entorno;210002;Pinheiro;do Entorno;Centro Local;280000368.0;8850.13
2112506;Tutóia;MA;Nordeste;2101;São Luís;do Entorno;210007;Tutóia - Araioses;Polo;Centro de Zona B;642713080.0;12045.75
2112605;Urbano Santos;MA;Nordeste;2101;São Luís;do Entorno;210003;Chapadinha;do Entorno;Centro de Zona B;315150594.0;9604.74
2112704;Vargem Grande;MA;Nordeste;2101;São Luís;do Entorno;210004;Itapecuru Mirim;do Entorno;Centro Local;467351106.0;10803.06
2112803;Viana;MA;Nordeste;2101;São Luís;do Entorno;210005;Viana;Polo;Centro Local;608731449.0;11833.36
2112852;Vila Nova dos Martírios;MA;Nordeste;2105;Imperatriz;do Entorno;210019;Imperatriz;do Entorno;Centro Local;191495299.0;18480.53
2112902;Vitória do Mearim;MA;Nordeste;2101;São Luís;do Entorno;210005;Viana;do Entorno;Centro Local;410266629.0;13318.18
2113009;Vitorino Freire;MA;Nordeste;2102;Santa Inês - Bacabal;do Entorno;210010;Bacabal;do Entorno;Centro de Zona B;411453447.0;13339.39
2114007;Zé Doca;MA;Nordeste;2102;Santa Inês - Bacabal;do Entorno;210009;Santa Inês;do Entorno;Centro de Zona B;685857504.0;16809.82
2200053;Acauã;PI;Nordeste;2203;Picos;do Entorno;220010;Paulistana;do Entorno;Centro Local;84924313.0;13228.09
2200103;Agricolândia;PI;Nordeste;2201;Teresina;do Entorno;220002;Amarante - Água Branca - Regeneração;do Entorno;Centro Local;57335342.0;11606.34
2200202;Água Branca;PI;Nordeste;2201;Teresina;do Entorno;220002;Amarante - Água Branca - Regeneração;Polo;Centro de Zona A;303532260.0;17272.65
2200251;Alagoinha do Piauí;PI;Nordeste;2203;Picos;do Entorno;220009;Picos;do Entorno;Centro Local;80787107.0;11847.35
2200277;Alegrete do Piauí;PI;Nordeste;2203;Picos;do Entorno;220009;Picos;do Entorno;Centro Local;56359397.0;12162.15
2200301;Alto Longá;PI;Nordeste;2201;Teresina;do Entorno;220001;Teresina;do Entorno;Centro Local;146913269.0;10899.42
2200400;Altos;PI;Nordeste;2201;Teresina;do Entorno;220001;Teresina;do Entorno;Centro Local;764914100.0;16119.4
2200459;Alvorada do Gurguéia;PI;Nordeste;2205;Corrente - Bom Jesus;do Entorno;220016;Bom Jesus;do Entorno;Centro Local;109088428.0;20497.64
2200509;Amarante;PI;Nordeste;2201;Teresina;do Entorno;220002;Amarante - Água Branca - Regeneração;Polo;Centro Local;243953678.0;14155.37
2200608;Angical do Piauí;PI;Nordeste;2201;Teresina;do Entorno;220002;Amarante - Água Branca - Regeneração;do Entorno;Centro Local;84771951.0;12417.16
2200707;Anísio de Abreu;PI;Nordeste;2204;São Raimundo Nonato;do Entorno;220013;São Raimundo Nonato;do Entorno;Centro Local;124990013.0;13286.92
2200806;Antônio Almeida;PI;Nordeste;2206;Floriano;do Entorno;220018;Uruçuí;do Entorno;Centro Local;197618998.0;62696.38
2200905;Aroazes;PI;Nordeste;2201;Teresina;do Entorno;220004;Valença do Piauí;do Entorno;Centro Local;69489390.0;12942.71
2200954;Aroeiras do Itaim;PI;Nordeste;2203;Picos;do Entorno;220009;Picos;do Entorno;Centro Local;31539906.0;11724.87
2201002;Arraial;PI;Nordeste;2206;Floriano;do Entorno;220017;Floriano;do Entorno;Centro Local;60133367.0;13303.84
2201051;Assunção do Piauí;PI;Nordeste;2201;Teresina;do Entorno;220003;Campo Maior;do Entorno;Centro Local;81044939.0;10875.6
2201101;Avelino Lopes;PI;Nordeste;2205;Corrente - Bom Jesus;do Entorno;220015;Corrente;do Entorno;Centro Local;127137202.0;11700.46
2201150;Baixa Grande do Ribeiro;PI;Nordeste;2206;Floriano;do Entorno;220018;Uruçuí;do Entorno;Centro Local;2657264340.0;200215.82
2201176;Barra D'Alcântara;PI;Nordeste;2201;Teresina;do Entorno;220004;Valença do Piauí;do Entorno;Centro Local;47270644.0;11832.45
2201200;Barras;PI;Nordeste;2201;Teresina;do Entorno;220005;Barras;Polo;Centro Local;673462844.0;14048.62
2201309;Barreiras do Piauí;PI;Nordeste;2205;Corrente - Bom Jesus;do Entorno;220015;Corrente;do Entorno;Centro Local;137541510.0;42138.94
2201408;Barro Duro;PI;Nordeste;2201;Teresina;do Entorno;220002;Amarante - Água Branca - Regeneração;do Entorno;Centro Local;104884555.0;15795.87
2201507;Batalha;PI;Nordeste;2202;Parnaíba;do Entorno;220008;Esperantina;do Entorno;Centro Local;306176407.0;11641.69
2201556;Bela Vista do Piauí;PI;Nordeste;2203;Picos;do Entorno;220012;Simplício Mendes;do Entorno;Centro Local;63282643.0;15468.75
2201572;Belém do Piauí;PI;Nordeste;2203;Picos;do Entorno;220009;Picos;do Entorno;Centro Local;47523323.0;13883.53
2201606;Beneditinos;PI;Nordeste;2201;Teresina;do Entorno;220001;Teresina;do Entorno;Centro Local;118265224.0;11911.09
2201705;Bertolínia;PI;Nordeste;2206;Floriano;do Entorno;220018;Uruçuí;do Entorno;Centro Local;90843778.0;16332.93
2201739;Betânia do Piauí;PI;Nordeste;2203;Picos;do Entorno;220010;Paulistana;do Entorno;Centro Local;120127102.0;19313.04
2201770;Boa Hora;PI;Nordeste;2201;Teresina;do Entorno;220005;Barras;do Entorno;Centro Local;77968556.0;11296.52
2201804;Bocaina;PI;Nordeste;2203;Picos;do Entorno;220009;Picos;do Entorno;Centro Local;53637042.0;13152.78
2201903;Bom Jesus;PI;Nordeste;2205;Corrente - Bom Jesus;do Entorno;220016;Bom Jesus;Polo;Centro Sub-Regional B;1661674232.0;57705.04
2201919;Bom Princípio do Piauí;PI;Nordeste;2202;Parnaíba;do Entorno;220006;Parnaíba;do Entorno;Centro Local;82658518.0;14666.17
2201929;Bonfim do Piauí;PI;Nordeste;2204;São Raimundo Nonato;do Entorno;220013;São Raimundo Nonato;do Entorno;Centro Local;68105590.0;11517.94
2201945;Boqueirão do Piauí;PI;Nordeste;2201;Teresina;do Entorno;220003;Campo Maior;do Entorno;Centro Local;67423852.0;10301.58
2201960;Brasileira;PI;Nordeste;2202;Parnaíba;do Entorno;220007;Piripiri;do Entorno;Centro Local;101117213.0;11986.39
2201988;Brejo do Piauí;PI;Nordeste;2206;Floriano;do Entorno;220019;Canto do Buriti;do Entorno;Centro Local;57956044.0;14845.3
2202000;Buriti dos Lopes;PI;Nordeste;2202;Parnaíba;do Entorno;220006;Parnaíba;do Entorno;Centro Local;276426411.0;14064.64
2202026;Buriti dos Montes;PI;Nordeste;2201;Teresina;do Entorno;220003;Campo Maior;do Entorno;Centro Local;98669320.0;13272.71
2202059;Cabeceiras do Piauí;PI;Nordeste;2201;Teresina;do Entorno;220005;Barras;do Entorno;Centro Local;107816673.0;10557.84
2202075;Cajazeiras do Piauí;PI;Nordeste;2203;Picos;do Entorno;220011;Oeiras;do Entorno;Centro Local;45637171.0;14683.77
2202083;Cajueiro da Praia;PI;Nordeste;2202;Parnaíba;do Entorno;220006;Parnaíba;do Entorno;Centro Local;152471290.0;19161.91
2202091;Caldeirão Grande do Piauí;PI;Nordeste;2203;Picos;do Entorno;220009;Picos;do Entorno;Centro Local;243767241.0;44297.15
2202109;Campinas do Piauí;PI;Nordeste;2203;Picos;do Entorno;220012;Simplício Mendes;do Entorno;Centro Local;75221338.0;15233.16
2202117;Campo Alegre do Fidalgo;PI;Nordeste;2204;São Raimundo Nonato;do Entorno;220014;São João do Piauí;do Entorno;Centro Local;62190515.0;13472.82
2202133;Campo Grande do Piauí;PI;Nordeste;2203;Picos;do Entorno;220009;Picos;do Entorno;Centro Local;77243211.0;12831.1
2202174;Campo Largo do Piauí;PI;Nordeste;2201;Teresina;do Entorno;220005;Barras;do Entorno;Centro Local;80881270.0;10901.91
2202208;Campo Maior;PI;Nordeste;2201;Teresina;do Entorno;220003;Campo Maior;Polo;Centro Sub-Regional B;940801888.0;20544.67
2202251;Canavieira;PI;Nordeste;2206;Floriano;do Entorno;220017;Floriano;do Entorno;Centro Local;52032166.0;15240.82
2202307;Canto do Buriti;PI;Nordeste;2206;Floriano;do Entorno;220019;Canto do Buriti;Polo;Centro de Zona B;342971602.0;17710.9
2202406;Capitão de Campos;PI;Nordeste;2202;Parnaíba;do Entorno;220007;Piripiri;do Entorno;Centro Local;133031494.0;11984.82
2202455;Capitão Gervásio Oliveira;PI;Nordeste;2204;São Raimundo Nonato;do Entorno;220014;São João do Piauí;do Entorno;Centro Local;58704333.0;14772.1
2202505;Caracol;PI;Nordeste;2204;São Raimundo Nonato;do Entorno;220013;São Raimundo Nonato;do Entorno;Centro Local;127543158.0;12361.23
2202539;Caraúbas do Piauí;PI;Nordeste;2202;Parnaíba;do Entorno;220006;Parnaíba;do Entorno;Centro Local;67976528.0;12073.98
2202554;Caridade do Piauí;PI;Nordeste;2203;Picos;do Entorno;220010;Paulistana;do Entorno;Centro Local;72563727.0;14417.59
2202604;Castelo do Piauí;PI;Nordeste;2201;Teresina;do Entorno;220003;Campo Maior;do Entorno;Centro de Zona B;234521426.0;12158.93
2202653;Caxingó;PI;Nordeste;2202;Parnaíba;do Entorno;220006;Parnaíba;do Entorno;Centro Local;68615939.0;12484.71
2202703;Cocal;PI;Nordeste;2202;Parnaíba;do Entorno;220006;Parnaíba;do Entorno;Centro de Zona B;351832437.0;12471.02
2202711;Cocal de Telha;PI;Nordeste;2201;Teresina;do Entorno;220003;Campo Maior;do Entorno;Centro Local;60324432.0;12283.53
2202729;Cocal dos Alves;PI;Nordeste;2202;Parnaíba;do Entorno;220006;Parnaíba;do Entorno;Centro Local;73414113.0;11496.1
2202737;Coivaras;PI;Nordeste;2201;Teresina;do Entorno;220001;Teresina;do Entorno;Centro Local;50028670.0;12151.73
2202752;Colônia do Gurguéia;PI;Nordeste;2205;Corrente - Bom Jesus;do Entorno;220016;Bom Jesus;do Entorno;Centro Local;92948879.0;15113.64
2202778;Colônia do Piauí;PI;Nordeste;2203;Picos;do Entorno;220011;Oeiras;do Entorno;Centro Local;82383059.0;11779.1
2202802;Conceição do Canindé;PI;Nordeste;2203;Picos;do Entorno;220012;Simplício Mendes;do Entorno;Centro Local;88408485.0;17925.48
2202851;Coronel José Dias;PI;Nordeste;2204;São Raimundo Nonato;do Entorno;220013;São Raimundo Nonato;do Entorno;Centro Local;55718041.0;13110.13
2202901;Corrente;PI;Nordeste;2205;Corrente - Bom Jesus;do Entorno;220015;Corrente;Polo;Centro de Zona A;764221648.0;28016.04
2203008;Cristalândia do Piauí;PI;Nordeste;2205;Corrente - Bom Jesus;do Entorno;220015;Corrente;do Entorno;Centro Local;89547212.0;12173.36
2203107;Cristino Castro;PI;Nordeste;2205;Corrente - Bom Jesus;do Entorno;220016;Bom Jesus;do Entorno;Centro Local;155695982.0;14823.95
2203206;Curimatá;PI;Nordeste;2205;Corrente - Bom Jesus;do Entorno;220015;Corrente;do Entorno;Centro de Zona B;186259286.0;16527.0
2203230;Currais;PI;Nordeste;2205;Corrente - Bom Jesus;do Entorno;220016;Bom Jesus;do Entorno;Centro Local;569945797.0;117417.76
2203255;Curralinhos;PI;Nordeste;2201;Teresina;do Entorno;220001;Teresina;do Entorno;Centro Local;53723384.0;12173.89
2203271;Curral Novo do Piauí;PI;Nordeste;2203;Picos;do Entorno;220010;Paulistana;do Entorno;Centro Local;98620067.0;19440.19
2203305;Demerval Lobão;PI;Nordeste;2201;Teresina;do Entorno;220001;Teresina;do Entorno;Centro Local;343572642.0;21011.05
2203354;Dirceu Arcoverde;PI;Nordeste;2204;São Raimundo Nonato;do Entorno;220013;São Raimundo Nonato;do Entorno;Centro Local;89610762.0;12703.54
2203404;Dom Expedito Lopes;PI;Nordeste;2203;Picos;do Entorno;220009;Picos;do Entorno;Centro Local;93968986.0;14868.51
2203420;Domingos Mourão;PI;Nordeste;2202;Parnaíba;do Entorno;220007;Piripiri;do Entorno;Centro Local;55942899.0;13728.32
2203453;Dom Inocêncio;PI;Nordeste;2204;São Raimundo Nonato;do Entorno;220013;São Raimundo Nonato;do Entorno;Centro Local;212410057.0;23191.4
2203503;Elesbão Veloso;PI;Nordeste;2201;Teresina;do Entorno;220002;Amarante - Água Branca - Regeneração;do Entorno;Centro Local;208872796.0;15350.39
2203602;Eliseu Martins;PI;Nordeste;2206;Floriano;do Entorno;220019;Canto do Buriti;do Entorno;Centro Local;65844305.0;15043.25
2203701;Esperantina;PI;Nordeste;2202;Parnaíba;do Entorno;220008;Esperantina;Polo;Centro de Zona A;630892878.0;15398.9
2203750;Fartura do Piauí;PI;Nordeste;2204;São Raimundo Nonato;do Entorno;220013;São Raimundo Nonato;do Entorno;Centro Local;63132332.0;11947.83
2203800;Flores do Piauí;PI;Nordeste;2206;Floriano;do Entorno;220019;Canto do Buriti;do Entorno;Centro Local;55148873.0;12494.08
2203859;Floresta do Piauí;PI;Nordeste;2203;Picos;do Entorno;220011;Oeiras;do Entorno;Centro Local;31642489.0;13563.0
2203909;Floriano;PI;Nordeste;2206;Floriano;Polo;220017;Floriano;Polo;Centro Sub-Regional A;1693507840.0;27298.79
2204006;Francinópolis;PI;Nordeste;2201;Teresina;do Entorno;220002;Amarante - Água Branca - Regeneração;do Entorno;Centro Local;57190927.0;12694.99
2204105;Francisco Ayres;PI;Nordeste;2206;Floriano;do Entorno;220017;Floriano;do Entorno;Centro Local;66832997.0;15148.0
2204154;Francisco Macedo;PI;Nordeste;2203;Picos;do Entorno;220009;Picos;do Entorno;Centro Local;37456469.0;12788.14
2204204;Francisco Santos;PI;Nordeste;2203;Picos;do Entorno;220009;Picos;do Entorno;Centro Local;111541415.0;13541.51
2204303;Fronteiras;PI;Nordeste;2203;Picos;do Entorno;220009;Picos;do Entorno;Centro Local;140144701.0;13660.66
2204352;Geminiano;PI;Nordeste;2203;Picos;do Entorno;220009;Picos;do Entorno;Centro Sub-Regional A;70886212.0;13018.59
2204402;Gilbués;PI;Nordeste;2205;Corrente - Bom Jesus;do Entorno;220015;Corrente;do Entorno;Centro Local;490465138.0;45029.85
2204501;Guadalupe;PI;Nordeste;2206;Floriano;do Entorno;220017;Floriano;do Entorno;Centro Local;584966191.0;56958.73
2204550;Guaribas;PI;Nordeste;2204;São Raimundo Nonato;do Entorno;220013;São Raimundo Nonato;do Entorno;Centro Local;60293962.0;14100.55
2204600;Hugo Napoleão;PI;Nordeste;2201;Teresina;do Entorno;220002;Amarante - Água Branca - Regeneração;do Entorno;Centro Local;41161186.0;11700.17
2204659;Ilha Grande;PI;Nordeste;2202;Parnaíba;do Entorno;220006;Parnaíba;do Entorno;Centro Local;132842200.0;14324.15
2204709;Inhuma;PI;Nordeste;2201;Teresina;do Entorno;220004;Valença do Piauí;do Entorno;Centro Local;190109576.0;12709.56
2204808;Ipiranga do Piauí;PI;Nordeste;2201;Teresina;do Entorno;220004;Valença do Piauí;do Entorno;Centro Local;101790387.0;10805.77
2204907;Isaías Coelho;PI;Nordeste;2203;Picos;do Entorno;220009;Picos;do Entorno;Centro Local;93918913.0;12081.16
2205003;Itainópolis;PI;Nordeste;2203;Picos;do Entorno;220009;Picos;do Entorno;Centro Local;126851491.0;11756.39
2205102;Itaueira;PI;Nordeste;2206;Floriano;do Entorno;220017;Floriano;do Entorno;Centro Local;164341801.0;15919.97
2205151;Jacobina do Piauí;PI;Nordeste;2203;Picos;do Entorno;220010;Paulistana;do Entorno;Centro Local;91191757.0;16246.53
2205201;Jaicós;PI;Nordeste;2203;Picos;do Entorno;220009;Picos;do Entorno;Centro de Zona B;214290092.0;12226.28
2205250;Jardim do Mulato;PI;Nordeste;2201;Teresina;do Entorno;220002;Amarante - Água Branca - Regeneração;do Entorno;Centro Local;51475934.0;12314.82
2205276;Jatobá do Piauí;PI;Nordeste;2201;Teresina;do Entorno;220003;Campo Maior;do Entorno;Centro Local;70002934.0;15576.98
2205300;Jerumenha;PI;Nordeste;2206;Floriano;do Entorno;220017;Floriano;do Entorno;Centro Local;68875199.0;15315.81
2205359;João Costa;PI;Nordeste;2204;São Raimundo Nonato;do Entorno;220014;São João do Piauí;do Entorno;Centro Local;82059471.0;27629.45
2205409;Joaquim Pires;PI;Nordeste;2202;Parnaíba;do Entorno;220008;Esperantina;do Entorno;Centro Local;145543184.0;10481.29
2205458;Joca Marques;PI;Nordeste;2202;Parnaíba;do Entorno;220008;Esperantina;do Entorno;Centro Local;58124622.0;10775.79
2205508;José de Freitas;PI;Nordeste;2201;Teresina;do Entorno;220001;Teresina;do Entorno;Centro Local;553848030.0;13013.65
2205516;Juazeiro do Piauí;PI;Nordeste;2201;Teresina;do Entorno;220003;Campo Maior;do Entorno;Centro Local;67355058.0;12918.12
2205524;Júlio Borges;PI;Nordeste;2205;Corrente - Bom Jesus;do Entorno;220015;Corrente;do Entorno;Centro Local;107846855.0;20016.12
2205532;Jurema;PI;Nordeste;2204;São Raimundo Nonato;do Entorno;220013;São Raimundo Nonato;do Entorno;Centro Local;58058491.0;13120.56
2205540;Lagoinha do Piauí;PI;Nordeste;2201;Teresina;do Entorno;220002;Amarante - Água Branca - Regeneração;do Entorno;Centro Local;46589803.0;15852.26
2205557;Lagoa Alegre;PI;Nordeste;2201;Teresina;do Entorno;220001;Teresina;do Entorno;Centro Local;96064622.0;11635.73
2205565;Lagoa do Barro do Piauí;PI;Nordeste;2204;São Raimundo Nonato;do Entorno;220014;São João do Piauí;do Entorno;Centro Local;368692560.0;73812.32
2205573;Lagoa de São Francisco;PI;Nordeste;2202;Parnaíba;do Entorno;220007;Piripiri;do Entorno;Centro Local;68298742.0;10787.99
2205581;Lagoa do Piauí;PI;Nordeste;2201;Teresina;do Entorno;220001;Teresina;do Entorno;Centro Local;100848557.0;20966.44
2205599;Lagoa do Sítio;PI;Nordeste;2201;Teresina;do Entorno;220004;Valença do Piauí;do Entorno;Centro Local;53534403.0;11843.89
2205607;Landri Sales;PI;Nordeste;2206;Floriano;do Entorno;220017;Floriano;do Entorno;Centro Local;129242437.0;24792.33
2205706;Luís Correia;PI;Nordeste;2202;Parnaíba;do Entorno;220006;Parnaíba;do Entorno;Centro Local;461806251.0;15071.51
2205805;Luzilândia;PI;Nordeste;2202;Parnaíba;do Entorno;220008;Esperantina;do Entorno;Centro de Zona B;318552488.0;12553.79
2205854;Madeiro;PI;Nordeste;2202;Parnaíba;do Entorno;220008;Esperantina;do Entorno;Centro Local;87321820.0;10871.74
2205904;Manoel Emídio;PI;Nordeste;2206;Floriano;do Entorno;220018;Uruçuí;do Entorno;Centro Local;69456569.0;13333.95
2205953;Marcolândia;PI;Nordeste;2203;Picos;do Entorno;220009;Picos;do Entorno;Centro Sub-Regional B;194855021.0;22835.46
2206001;Marcos Parente;PI;Nordeste;2206;Floriano;do Entorno;220017;Floriano;do Entorno;Centro Local;68705139.0;14543.85
2206050;Massapê do Piauí;PI;Nordeste;2203;Picos;do Entorno;220009;Picos;do Entorno;Centro Local;60922510.0;11675.45
2206100;Matias Olímpio;PI;Nordeste;2202;Parnaíba;do Entorno;220008;Esperantina;do Entorno;Centro Local;132516282.0;12453.37
2206209;Miguel Alves;PI;Nordeste;2201;Teresina;do Entorno;220001;Teresina;do Entorno;Centro Local;421897051.0;13122.77
2206308;Miguel Leão;PI;Nordeste;2201;Teresina;do Entorno;220002;Amarante - Água Branca - Regeneração;do Entorno;Centro Local;34693387.0;26322.75
2206357;Milton Brandão;PI;Nordeste;2202;Parnaíba;do Entorno;220007;Piripiri;do Entorno;Centro Local;67924822.0;10382.88
2206407;Monsenhor Gil;PI;Nordeste;2201;Teresina;do Entorno;220001;Teresina;do Entorno;Centro Local;161626992.0;15760.8
2206506;Monsenhor Hipólito;PI;Nordeste;2203;Picos;do Entorno;220009;Picos;do Entorno;Centro Local;91423978.0;12065.99
2206605;Monte Alegre do Piauí;PI;Nordeste;2205;Corrente - Bom Jesus;do Entorno;220015;Corrente;do Entorno;Centro Local;391313656.0;36708.6
2206654;Morro Cabeça no Tempo;PI;Nordeste;2205;Corrente - Bom Jesus;do Entorno;220015;Corrente;do Entorno;Centro Local;53314280.0;12180.55
2206670;Morro do Chapéu do Piauí;PI;Nordeste;2202;Parnaíba;do Entorno;220008;Esperantina;do Entorno;Centro Local;75683719.0;11779.57
2206696;Murici dos Portelas;PI;Nordeste;2202;Parnaíba;do Entorno;220006;Parnaíba;do Entorno;Centro Local;103630381.0;10577.77
2206704;Nazaré do Piauí;PI;Nordeste;2206;Floriano;do Entorno;220017;Floriano;do Entorno;Centro Local;78812182.0;11824.78
2206720;Nazária;PI;Nordeste;2201;Teresina;do Entorno;220001;Teresina;do Entorno;Centro Local;134076046.0;13065.29
2206753;Nossa Senhora de Nazaré;PI;Nordeste;2201;Teresina;do Entorno;220003;Campo Maior;do Entorno;Centro Local;69229598.0;13242.08
2206803;Nossa Senhora dos Remédios;PI;Nordeste;2201;Teresina;do Entorno;220005;Barras;do Entorno;Centro Local;117750898.0;13812.42
2206902;Novo Oriente do Piauí;PI;Nordeste;2201;Teresina;do Entorno;220004;Valença do Piauí;do Entorno;Centro Local;66803339.0;10956.76
2206951;Novo Santo Antônio;PI;Nordeste;2201;Teresina;do Entorno;220001;Teresina;do Entorno;Centro Local;38563075.0;13640.99
2207009;Oeiras;PI;Nordeste;2203;Picos;do Entorno;220011;Oeiras;Polo;Centro Sub-Regional B;740096178.0;19394.05
2207108;Olho D'Água do Piauí;PI;Nordeste;2201;Teresina;do Entorno;220002;Amarante - Água Branca - Regeneração;do Entorno;Centro Local;38346323.0;14541.65
2207207;Padre Marcos;PI;Nordeste;2203;Picos;do Entorno;220009;Picos;do Entorno;Centro Local;88444887.0;13858.49
2207306;Paes Landim;PI;Nordeste;2203;Picos;do Entorno;220012;Simplício Mendes;do Entorno;Centro Local;58224214.0;14242.71
2207355;Pajeú do Piauí;PI;Nordeste;2206;Floriano;do Entorno;220019;Canto do Buriti;do Entorno;Centro Local;61083829.0;20361.28
2207405;Palmeira do Piauí;PI;Nordeste;2205;Corrente - Bom Jesus;do Entorno;220016;Bom Jesus;do Entorno;Centro Local;180248606.0;36399.15
2207504;Palmeirais;PI;Nordeste;2201;Teresina;do Entorno;220002;Amarante - Água Branca - Regeneração;do Entorno;Centro Local;167663224.0;12640.47
2207553;Paquetá;PI;Nordeste;2203;Picos;do Entorno;220009;Picos;do Entorno;Centro Local;53216600.0;13956.62
2207603;Parnaguá;PI;Nordeste;2205;Corrente - Bom Jesus;do Entorno;220015;Corrente;do Entorno;Centro Local;133948955.0;13258.33
2207702;Parnaíba;PI;Nordeste;2202;Parnaíba;Polo;220006;Parnaíba;Polo;Centro Sub-Regional A;3682146193.0;22707.01
2207751;Passagem Franca do Piauí;PI;Nordeste;2201;Teresina;do Entorno;220002;Amarante - Água Branca - Regeneração;do Entorno;Centro Local;62728100.0;15170.04
2207777;Patos do Piauí;PI;Nordeste;2203;Picos;do Entorno;220010;Paulistana;do Entorno;Centro Local;65640864.0;12099.7
2207793;Pau D'Arco do Piauí;PI;Nordeste;2201;Teresina;do Entorno;220001;Teresina;do Entorno;Centro Local;43954203.0;11328.4
2207801;Paulistana;PI;Nordeste;2203;Picos;do Entorno;220010;Paulistana;Polo;Centro de Zona B;359215287.0;17060.81
2207850;Pavussu;PI;Nordeste;2206;Floriano;do Entorno;220019;Canto do Buriti;do Entorno;Centro Local;45823359.0;12630.47
2207900;Pedro II;PI;Nordeste;2202;Parnaíba;do Entorno;220007;Piripiri;do Entorno;Centro de Zona B;499936063.0;13193.01
2207934;Pedro Laurentino;PI;Nordeste;2204;São Raimundo Nonato;do Entorno;220014;São João do Piauí;do Entorno;Centro Local;38184775.0;15534.9
2207959;Nova Santa Rita;PI;Nordeste;2204;São Raimundo Nonato;do Entorno;220014;São João do Piauí;do Entorno;Centro Local;51654083.0;12672.74
2208007;Picos;PI;Nordeste;2203;Picos;Polo;220009;Picos;Polo;Centro Sub-Regional A;2456681525.0;29566.51
2208106;Pimenteiras;PI;Nordeste;2201;Teresina;do Entorno;220004;Valença do Piauí;do Entorno;Centro Local;120257038.0;10603.74
2208205;Pio IX;PI;Nordeste;2203;Picos;do Entorno;220009;Picos;do Entorno;Centro Local;234054888.0;13288.76
2208304;Piracuruca;PI;Nordeste;2202;Parnaíba;do Entorno;220007;Piripiri;do Entorno;Centro de Zona B;464675726.0;16108.84
2208403;Piripiri;PI;Nordeste;2202;Parnaíba;do Entorno;220007;Piripiri;Polo;Centro Sub-Regional B;1242361439.0;18956.35
2208502;Porto;PI;Nordeste;2201;Teresina;do Entorno;220005;Barras;do Entorno;Centro Local;143077312.0;11871.67
2208551;Porto Alegre do Piauí;PI;Nordeste;2206;Floriano;do Entorno;220017;Floriano;do Entorno;Centro Local;47843299.0;20238.28
2208601;Prata do Piauí;PI;Nordeste;2201;Teresina;do Entorno;220002;Amarante - Água Branca - Regeneração;do Entorno;Centro Local;43355371.0;14252.26
2208650;Queimada Nova;PI;Nordeste;2203;Picos;do Entorno;220010;Paulistana;do Entorno;Centro Local;188827842.0;21609.96
2208700;Redenção do Gurguéia;PI;Nordeste;2205;Corrente - Bom Jesus;do Entorno;220016;Bom Jesus;do Entorno;Centro Local;125613461.0;14964.67
2208809;Regeneração;PI;Nordeste;2201;Teresina;do Entorno;220002;Amarante - Água Branca - Regeneração;Polo;Centro Local;337226000.0;19682.83
2208858;Riacho Frio;PI;Nordeste;2205;Corrente - Bom Jesus;do Entorno;220015;Corrente;do Entorno;Centro Local;61503450.0;14766.73
2208874;Ribeira do Piauí;PI;Nordeste;2204;São Raimundo Nonato;do Entorno;220014;São João do Piauí;do Entorno;Centro Local;278046153.0;68568.72
2208908;Ribeiro Gonçalves;PI;Nordeste;2206;Floriano;do Entorno;220018;Uruçuí;do Entorno;Centro Local;927444826.0;150461.52
2209005;Rio Grande do Piauí;PI;Nordeste;2206;Floriano;do Entorno;220019;Canto do Buriti;do Entorno;Centro Local;75898440.0;13083.68
2209104;Santa Cruz do Piauí;PI;Nordeste;2203;Picos;do Entorno;220009;Picos;do Entorno;Centro Local;78052527.0;13385.79
2209153;Santa Cruz dos Milagres;PI;Nordeste;2201;Teresina;do Entorno;220004;Valença do Piauí;do Entorno;Centro Local;51689944.0;15048.02
2209203;Santa Filomena;PI;Nordeste;2205;Corrente - Bom Jesus;do Entorno;220015;Corrente;do Entorno;Centro Local;789357878.0;129679.3
2209302;Santa Luz;PI;Nordeste;2205;Corrente - Bom Jesus;do Entorno;220016;Bom Jesus;do Entorno;Centro Local;87684551.0;16432.64
2209351;Santana do Piauí;PI;Nordeste;2203;Picos;do Entorno;220009;Picos;do Entorno;Centro Local;52379685.0;12698.11
2209377;Santa Rosa do Piauí;PI;Nordeste;2203;Picos;do Entorno;220011;Oeiras;do Entorno;Centro Local;63444727.0;13644.03
2209401;Santo Antônio de Lisboa;PI;Nordeste;2203;Picos;do Entorno;220009;Picos;do Entorno;Centro Local;97848542.0;16757.76
2209450;Santo Antônio dos Milagres;PI;Nordeste;2201;Teresina;do Entorno;220002;Amarante - Água Branca - Regeneração;do Entorno;Centro Local;25284397.0;11826.19
2209500;Santo Inácio do Piauí;PI;Nordeste;2203;Picos;do Entorno;220011;Oeiras;do Entorno;Centro Local;49247645.0;13507.31
2209559;São Braz do Piauí;PI;Nordeste;2204;São Raimundo Nonato;do Entorno;220013;São Raimundo Nonato;do Entorno;Centro Local;53740246.0;12331.4
2209609;São Félix do Piauí;PI;Nordeste;2201;Teresina;do Entorno;220002;Amarante - Água Branca - Regeneração;do Entorno;Centro Local;38023456.0;13379.12
2209658;São Francisco de Assis do Piauí;PI;Nordeste;2203;Picos;do Entorno;220012;Simplício Mendes;do Entorno;Centro Local;68222245.0;12243.76
2209708;São Francisco do Piauí;PI;Nordeste;2206;Floriano;do Entorno;220017;Floriano;do Entorno;Centro Local;67263759.0;12474.73
2209757;São Gonçalo do Gurguéia;PI;Nordeste;2205;Corrente - Bom Jesus;do Entorno;220015;Corrente;do Entorno;Centro Local;64212913.0;21789.25
2209807;São Gonçalo do Piauí;PI;Nordeste;2201;Teresina;do Entorno;220002;Amarante - Água Branca - Regeneração;do Entorno;Centro Local;80523117.0;16647.33
2209856;São João da Canabrava;PI;Nordeste;2203;Picos;do Entorno;220009;Picos;do Entorno;Centro Local;54282066.0;12796.34
2209872;São João da Fronteira;PI;Nordeste;2202;Parnaíba;do Entorno;220007;Piripiri;do Entorno;Centro Local;74939977.0;13571.17
2209906;São João da Serra;PI;Nordeste;2201;Teresina;do Entorno;220003;Campo Maior;do Entorno;Centro Local;72738064.0;11896.97
2209955;São João da Varjota;PI;Nordeste;2203;Picos;do Entorno;220011;Oeiras;do Entorno;Centro Local;45939771.0;10481.35
2209971;São João do Arraial;PI;Nordeste;2202;Parnaíba;do Entorno;220008;Esperantina;do Entorno;Centro Local;95903704.0;11715.58
2210003;São João do Piauí;PI;Nordeste;2204;São Raimundo Nonato;do Entorno;220014;São João do Piauí;Polo;Centro de Zona B;418478650.0;19535.91
2210052;São José do Divino;PI;Nordeste;2202;Parnaíba;do Entorno;220007;Piripiri;do Entorno;Centro Local;83009456.0;17147.17
2210102;São José do Peixe;PI;Nordeste;2206;Floriano;do Entorno;220017;Floriano;do Entorno;Centro Local;50038985.0;15177.13
2210201;São José do Piauí;PI;Nordeste;2203;Picos;do Entorno;220009;Picos;do Entorno;Centro Local;81016530.0;12280.81
2210300;São Julião;PI;Nordeste;2203;Picos;do Entorno;220009;Picos;do Entorno;Centro Local;67831628.0;11258.36
2210359;São Lourenço do Piauí;PI;Nordeste;2204;São Raimundo Nonato;do Entorno;220013;São Raimundo Nonato;do Entorno;Centro Local;54907103.0;12450.59
2210375;São Luis do Piauí;PI;Nordeste;2203;Picos;do Entorno;220009;Picos;do Entorno;Centro Local;28432502.0;12313.77
2210383;São Miguel da Baixa Grande;PI;Nordeste;2201;Teresina;do Entorno;220002;Amarante - Água Branca - Regeneração;do Entorno;Centro Local;32909225.0;14503.85
2210391;São Miguel do Fidalgo;PI;Nordeste;2203;Picos;do Entorno;220011;Oeiras;do Entorno;Centro Local;36835683.0;13020.74
2210409;São Miguel do Tapuio;PI;Nordeste;2201;Teresina;do Entorno;220003;Campo Maior;do Entorno;Centro Local;206591964.0;11768.94
2210508;São Pedro do Piauí;PI;Nordeste;2201;Teresina;do Entorno;220002;Amarante - Água Branca - Regeneração;do Entorno;Centro Local;159451786.0;11592.28
2210607;São Raimundo Nonato;PI;Nordeste;2204;São Raimundo Nonato;Polo;220013;São Raimundo Nonato;Polo;Centro Sub-Regional B;761785174.0;19566.06
2210623;Sebastião Barros;PI;Nordeste;2205;Corrente - Bom Jesus;do Entorno;220015;Corrente;do Entorno;Centro Local;57577245.0;17981.65
2210631;Sebastião Leal;PI;Nordeste;2206;Floriano;do Entorno;220018;Uruçuí;do Entorno;Centro Local;724911345.0;163047.99
2210656;Sigefredo Pacheco;PI;Nordeste;2201;Teresina;do Entorno;220003;Campo Maior;do Entorno;Centro Local;97005731.0;10254.31
2210706;Simões;PI;Nordeste;2203;Picos;do Entorno;220010;Paulistana;do Entorno;Centro de Zona B;543067932.0;37844.46
2210805;Simplício Mendes;PI;Nordeste;2203;Picos;do Entorno;220012;Simplício Mendes;Polo;Centro de Zona B;236710730.0;17066.38
2210904;Socorro do Piauí;PI;Nordeste;2203;Picos;do Entorno;220012;Simplício Mendes;do Entorno;Centro Local;52907478.0;12776.5
2210938;Sussuapara;PI;Nordeste;2203;Picos;do Entorno;220009;Picos;do Entorno;Centro Local;85293366.0;13712.76
2210953;Tamboril do Piauí;PI;Nordeste;2206;Floriano;do Entorno;220019;Canto do Buriti;do Entorno;Centro Local;39133590.0;13270.12
2210979;Tanque do Piauí;PI;Nordeste;2203;Picos;do Entorno;220011;Oeiras;do Entorno;Centro Local;44035038.0;19013.4
2211001;Teresina;PI;Nordeste;2201;Teresina;Polo;220001;Teresina;Polo;Capital Regional A;29449062918.0;33994.07
2211100;União;PI;Nordeste;2201;Teresina;do Entorno;220001;Teresina;do Entorno;Centro Local;609122249.0;13207.62
2211209;Uruçuí;PI;Nordeste;2206;Floriano;do Entorno;220018;Uruçuí;Polo;Centro de Zona B;4226265639.0;167688.99
2211308;Valença do Piauí;PI;Nordeste;2201;Teresina;do Entorno;220004;Valença do Piauí;Polo;Centro de Zona A;385863696.0;17319.61
2211357;Várzea Branca;PI;Nordeste;2204;São Raimundo Nonato;do Entorno;220013;São Raimundo Nonato;do Entorno;Centro Local;60846104.0;12036.82
2211407;Várzea Grande;PI;Nordeste;2201;Teresina;do Entorno;220002;Amarante - Água Branca - Regeneração;do Entorno;Centro Local;54664274.0;12375.88
2211506;Vera Mendes;PI;Nordeste;2203;Picos;do Entorno;220009;Picos;do Entorno;Centro Local;38796279.0;12180.94
2211605;Vila Nova do Piauí;PI;Nordeste;2203;Picos;do Entorno;220009;Picos;do Entorno;Centro Local;41920877.0;14283.09
2211704;Wall Ferraz;PI;Nordeste;2203;Picos;do Entorno;220009;Picos;do Entorno;Centro Local;58143662.0;14324.63
2300101;Abaiara;CE;Nordeste;2304;Juazeiro do Norte;do Entorno;230012;Brejo Santo;do Entorno;Centro Local;143729523.0;14318.54
2300150;Acarape;CE;Nordeste;2301;Fortaleza;do Entorno;230003;Redenção-Acarape;Polo;Centro Local;220474376.0;15717.86
2300200;Acaraú;CE;Nordeste;2306;Sobral;do Entorno;230017;Acaraú;Polo;Centro Local;1250250592.0;19156.82
2300309;Acopiara;CE;Nordeste;2303;Iguatu;do Entorno;230009;Iguatu;do Entorno;Centro de Zona B;693534939.0;15424.91
2300408;Aiuaba;CE;Nordeste;2304;Juazeiro do Norte;do Entorno;230011;Juazeiro do Norte;do Entorno;Centro Local;169075878.0;12011.64
2300507;Alcântaras;CE;Nordeste;2306;Sobral;do Entorno;230015;Sobral;do Entorno;Centro Local;115642521.0;10171.74
2300606;Altaneira;CE;Nordeste;2304;Juazeiro do Norte;do Entorno;230011;Juazeiro do Norte;do Entorno;Centro Local;92127661.0;13584.14
2300705;Alto Santo;CE;Nordeste;2302;Quixadá;do Entorno;230007;Russas - Limoeiro do Norte;do Entorno;Centro Local;273863485.0;19347.47
2300754;Amontada;CE;Nordeste;2301;Fortaleza;do Entorno;230002;Itapipoca;do Entorno;Centro Local;808125932.0;19169.89
2300804;Antonina do Norte;CE;Nordeste;2304;Juazeiro do Norte;do Entorno;230011;Juazeiro do Norte;do Entorno;Centro Local;101190958.0;13967.01
2300903;Apuiarés;CE;Nordeste;2301;Fortaleza;do Entorno;230005;Itapagé;do Entorno;Centro Local;166863721.0;12907.16
2301000;Aquiraz;CE;Nordeste;2301;Fortaleza;do Entorno;230001;Fortaleza;do Entorno;Metrópole;4851008175.0;60152.62
2301109;Aracati;CE;Nordeste;2302;Quixadá;do Entorno;230008;Aracati;Polo;Centro Sub-Regional B;1966473133.0;26180.2
2301208;Aracoiaba;CE;Nordeste;2301;Fortaleza;do Entorno;230003;Redenção-Acarape;do Entorno;Centro Local;336284104.0;13160.26
2301257;Ararendá;CE;Nordeste;2305;Crateús;do Entorno;230013;Crateús;do Entorno;Centro Local;143424021.0;12925.74
2301307;Araripe;CE;Nordeste;2304;Juazeiro do Norte;do Entorno;230011;Juazeiro do Norte;do Entorno;Centro Local;259167904.0;13100.54
2301406;Aratuba;CE;Nordeste;2301;Fortaleza;do Entorno;230003;Redenção-Acarape;do Entorno;Centro Local;191054761.0;17021.99
2301505;Arneiroz;CE;Nordeste;2305;Crateús;do Entorno;230014;Tauá;do Entorno;Centro Local;88078487.0;11856.04
2301604;Assaré;CE;Nordeste;2304;Juazeiro do Norte;do Entorno;230011;Juazeiro do Norte;do Entorno;Centro Local;309804211.0;14278.67
2301703;Aurora;CE;Nordeste;2304;Juazeiro do Norte;do Entorno;230011;Juazeiro do Norte;do Entorno;Centro Local;291950421.0;12311.31
2301802;Baixio;CE;Nordeste;2303;Iguatu;do Entorno;230010;Icó;do Entorno;Centro Local;72488073.0;12708.29
2301851;Banabuiú;CE;Nordeste;2302;Quixadá;do Entorno;230006;Quixadá;do Entorno;Centro Local;318578722.0;18527.4
2301901;Barbalha;CE;Nordeste;2304;Juazeiro do Norte;do Entorno;230011;Juazeiro do Norte;do Entorno;Capital Regional B;1646403799.0;21942.4
2301950;Barreira;CE;Nordeste;2301;Fortaleza;do Entorno;230003;Redenção-Acarape;do Entorno;Centro Local;289444512.0;12926.25
2302008;Barro;CE;Nordeste;2304;Juazeiro do Norte;do Entorno;230012;Brejo Santo;do Entorno;Centro Local;286557319.0;14785.48
2302057;Barroquinha;CE;Nordeste;2306;Sobral;do Entorno;230018;Camocim;do Entorno;Centro Local;169757818.0;11653.59
2302107;Baturité;CE;Nordeste;2301;Fortaleza;do Entorno;230003;Redenção-Acarape;do Entorno;Centro Sub-Regional B;578202649.0;16417.82
2302206;Beberibe;CE;Nordeste;2301;Fortaleza;do Entorno;230001;Fortaleza;do Entorno;Centro Local;1445504852.0;27215.14
2302305;Bela Cruz;CE;Nordeste;2306;Sobral;do Entorno;230017;Acaraú;do Entorno;Centro Local;381568119.0;11642.05
2302404;Boa Viagem;CE;Nordeste;2301;Fortaleza;do Entorno;230004;Canindé;do Entorno;Centro Local;717720910.0;14237.39
2302503;Brejo Santo;CE;Nordeste;2304;Juazeiro do Norte;do Entorno;230012;Brejo Santo;Polo;Centro de Zona A;1263862578.0;24737.96
2302602;Camocim;CE;Nordeste;2306;Sobral;do Entorno;230018;Camocim;Polo;Centro Sub-Regional B;982886784.0;15770.09
2302701;Campos Sales;CE;Nordeste;2304;Juazeiro do Norte;do Entorno;230011;Juazeiro do Norte;do Entorno;Centro Local;370106891.0;14724.76
2302800;Canindé;CE;Nordeste;2301;Fortaleza;do Entorno;230004;Canindé;Polo;Centro de Zona B;1194866513.0;16108.97
2302909;Capistrano;CE;Nordeste;2301;Fortaleza;do Entorno;230003;Redenção-Acarape;do Entorno;Centro Local;226540986.0;13129.77
2303006;Caridade;CE;Nordeste;2301;Fortaleza;do Entorno;230004;Canindé;do Entorno;Centro Local;209727982.0;12806.25
2303105;Cariré;CE;Nordeste;2306;Sobral;do Entorno;230015;Sobral;do Entorno;Centro Local;244538025.0;13868.99
2303204;Caririaçu;CE;Nordeste;2304;Juazeiro do Norte;do Entorno;230011;Juazeiro do Norte;do Entorno;Centro Local;295135894.0;11213.37
2303303;Cariús;CE;Nordeste;2303;Iguatu;do Entorno;230009;Iguatu;do Entorno;Centro Local;229771045.0;13504.03
2303402;Carnaubal;CE;Nordeste;2306;Sobral;do Entorno;230016;São Benedito - Ipu - Guaraciaba do Norte - Tianguá;do Entorno;Centro Local;210864889.0;12252.46
2303501;Cascavel;CE;Nordeste;2301;Fortaleza;do Entorno;230001;Fortaleza;do Entorno;Centro Local;1334364346.0;18349.34
2303600;Catarina;CE;Nordeste;2303;Iguatu;do Entorno;230009;Iguatu;do Entorno;Centro Local;151958554.0;14835.36
2303659;Catunda;CE;Nordeste;2306;Sobral;do Entorno;230015;Sobral;do Entorno;Centro Local;137704171.0;13185.0
2303709;Caucaia;CE;Nordeste;2301;Fortaleza;do Entorno;230001;Fortaleza;do Entorno;Metrópole;9873556554.0;27759.74
2303808;Cedro;CE;Nordeste;2303;Iguatu;do Entorno;230009;Iguatu;do Entorno;Centro Local;304070488.0;13608.6
2303907;Chaval;CE;Nordeste;2306;Sobral;do Entorno;230018;Camocim;do Entorno;Centro Local;141210890.0;11331.32
2303931;Choró;CE;Nordeste;2302;Quixadá;do Entorno;230006;Quixadá;do Entorno;Centro Local;211479258.0;17458.87
2303956;Chorozinho;CE;Nordeste;2301;Fortaleza;do Entorno;230001;Fortaleza;do Entorno;Centro Local;268765642.0;13329.65
2304004;Coreaú;CE;Nordeste;2306;Sobral;do Entorno;230015;Sobral;do Entorno;Centro Local;265519454.0;12672.14
2304103;Crateús;CE;Nordeste;2305;Crateús;Polo;230013;Crateús;Polo;Centro Sub-Regional B;1258624723.0;16476.3
2304202;Crato;CE;Nordeste;2304;Juazeiro do Norte;do Entorno;230011;Juazeiro do Norte;do Entorno;Capital Regional B;2445566540.0;18661.32
2304236;Croatá;CE;Nordeste;2306;Sobral;do Entorno;230016;São Benedito - Ipu - Guaraciaba do Norte - Tianguá;do Entorno;Centro Local;282766927.0;16175.67
2304251;Cruz;CE;Nordeste;2306;Sobral;do Entorno;230017;Acaraú;do Entorno;Centro Local;565662960.0;19006.85
2304269;Deputado Irapuan Pinheiro;CE;Nordeste;2302;Quixadá;do Entorno;230006;Quixadá;do Entorno;Centro Local;124422171.0;13929.93
2304277;Ereré;CE;Nordeste;2302;Quixadá;do Entorno;230007;Russas - Limoeiro do Norte;do Entorno;Centro Local;102444679.0;16399.02
2304285;Eusébio;CE;Nordeste;2301;Fortaleza;do Entorno;230001;Fortaleza;do Entorno;Metrópole;4940351646.0;66608.49
2304301;Farias Brito;CE;Nordeste;2304;Juazeiro do Norte;do Entorno;230011;Juazeiro do Norte;do Entorno;Centro Local;242210086.0;13295.83
2304350;Forquilha;CE;Nordeste;2306;Sobral;do Entorno;230015;Sobral;do Entorno;Capital Regional C;346304173.0;14326.07
2304400;Fortaleza;CE;Nordeste;2301;Fortaleza;Polo;230001;Fortaleza;Polo;Metrópole;86939831736.0;35796.74
2304459;Fortim;CE;Nordeste;2302;Quixadá;do Entorno;230008;Aracati;do Entorno;Centro Local;391326312.0;22627.87
2304509;Frecheirinha;CE;Nordeste;2306;Sobral;do Entorno;230015;Sobral;do Entorno;Centro Local;423489925.0;27047.96
2304608;General Sampaio;CE;Nordeste;2301;Fortaleza;do Entorno;230005;Itapagé;do Entorno;Centro Local;97406255.0;14464.84
2304657;Graça;CE;Nordeste;2306;Sobral;do Entorno;230015;Sobral;do Entorno;Centro Local;159505946.0;11557.56
2304707;Granja;CE;Nordeste;2306;Sobral;do Entorno;230018;Camocim;do Entorno;Centro Local;561374497.0;10523.67
2304806;Granjeiro;CE;Nordeste;2304;Juazeiro do Norte;do Entorno;230011;Juazeiro do Norte;do Entorno;Centro Local;67463265.0;13935.81
2304905;Groaíras;CE;Nordeste;2306;Sobral;do Entorno;230015;Sobral;do Entorno;Centro Local;135967164.0;12462.62
2304954;Guaiúba;CE;Nordeste;2301;Fortaleza;do Entorno;230001;Fortaleza;do Entorno;Centro Local;315521952.0;12971.1
2305001;Guaraciaba do Norte;CE;Nordeste;2306;Sobral;do Entorno;230016;São Benedito - Ipu - Guaraciaba do Norte - Tianguá;Polo;Centro de Zona B;878354191.0;20886.84
2305100;Guaramiranga;CE;Nordeste;2301;Fortaleza;do Entorno;230003;Redenção-Acarape;do Entorno;Centro Local;104815710.0;18538.33
2305209;Hidrolândia;CE;Nordeste;2306;Sobral;do Entorno;230015;Sobral;do Entorno;Centro Local;239627074.0;13420.73
2305233;Horizonte;CE;Nordeste;2301;Fortaleza;do Entorno;230001;Fortaleza;do Entorno;Centro de Zona A;2964813703.0;39660.41
2305266;Ibaretama;CE;Nordeste;2302;Quixadá;do Entorno;230006;Quixadá;do Entorno;Centro Local;163764929.0;13697.3
2305308;Ibiapina;CE;Nordeste;2306;Sobral;do Entorno;230016;São Benedito - Ipu - Guaraciaba do Norte - Tianguá;do Entorno;Centro Local;431904938.0;18022.32
2305332;Ibicuitinga;CE;Nordeste;2302;Quixadá;do Entorno;230006;Quixadá;do Entorno;Centro Local;150877496.0;12994.36
2305357;Icapuí;CE;Nordeste;2302;Quixadá;do Entorno;230008;Aracati;do Entorno;Centro Local;453185342.0;21144.28
2305407;Icó;CE;Nordeste;2303;Iguatu;do Entorno;230010;Icó;Polo;Centro de Zona A;923966364.0;14749.95
2305506;Iguatu;CE;Nordeste;2303;Iguatu;Polo;230009;Iguatu;Polo;Centro Sub-Regional A;2342034481.0;23882.71
2305605;Independência;CE;Nordeste;2305;Crateús;do Entorno;230013;Crateús;do Entorno;Centro Local;408128094.0;16988.35
2305654;Ipaporanga;CE;Nordeste;2305;Crateús;do Entorno;230013;Crateús;do Entorno;Centro Local;134149710.0;11589.61
2305704;Ipaumirim;CE;Nordeste;2303;Iguatu;do Entorno;230010;Icó;do Entorno;Centro Local;186861113.0;15464.79
2305803;Ipu;CE;Nordeste;2306;Sobral;do Entorno;230016;São Benedito - Ipu - Guaraciaba do Norte - Tianguá;Polo;Centro de Zona B;676518572.0;16467.92
2305902;Ipueiras;CE;Nordeste;2306;Sobral;do Entorno;230016;São Benedito - Ipu - Guaraciaba do Norte - Tianguá;do Entorno;Centro Local;406831424.0;11055.8
2306009;Iracema;CE;Nordeste;2302;Quixadá;do Entorno;230007;Russas - Limoeiro do Norte;do Entorno;Centro Local;253154163.0;18081.15
2306108;Irauçuba;CE;Nordeste;2301;Fortaleza;do Entorno;230005;Itapagé;do Entorno;Centro Local;271621971.0;11357.81
2306207;Itaiçaba;CE;Nordeste;2302;Quixadá;do Entorno;230008;Aracati;do Entorno;Centro Local;103645939.0;13753.44
2306256;Itaitinga;CE;Nordeste;2301;Fortaleza;do Entorno;230001;Fortaleza;do Entorno;Metrópole;2352737029.0;36391.91
2306306;Itapajé;CE;Nordeste;2301;Fortaleza;do Entorno;230005;Itapagé;Polo;Centro Sub-Regional B;741512906.0;15971.93
2306405;Itapipoca;CE;Nordeste;2301;Fortaleza;do Entorno;230002;Itapipoca;Polo;Centro Sub-Regional B;2550370731.0;19450.22
2306504;Itapiúna;CE;Nordeste;2301;Fortaleza;do Entorno;230003;Redenção-Acarape;do Entorno;Centro Local;213999298.0;11994.8
2306553;Itarema;CE;Nordeste;2306;Sobral;do Entorno;230017;Acaraú;do Entorno;Centro Local;711164955.0;16555.28
2306603;Itatira;CE;Nordeste;2301;Fortaleza;do Entorno;230004;Canindé;do Entorno;Centro Local;236127745.0;11561.29
2306702;Jaguaretama;CE;Nordeste;2302;Quixadá;do Entorno;230007;Russas - Limoeiro do Norte;do Entorno;Centro Local;316966522.0;18394.06
2306801;Jaguaribara;CE;Nordeste;2302;Quixadá;do Entorno;230007;Russas - Limoeiro do Norte;do Entorno;Centro Local;196533274.0;18977.72
2306900;Jaguaribe;CE;Nordeste;2302;Quixadá;do Entorno;230007;Russas - Limoeiro do Norte;do Entorno;Centro Local;740827469.0;21966.06
2307007;Jaguaruana;CE;Nordeste;2302;Quixadá;do Entorno;230008;Aracati;do Entorno;Centro Local;665089793.0;20980.09
2307106;Jardim;CE;Nordeste;2304;Juazeiro do Norte;do Entorno;230011;Juazeiro do Norte;do Entorno;Centro Local;369628250.0;13484.67
2307205;Jati;CE;Nordeste;2304;Juazeiro do Norte;do Entorno;230012;Brejo Santo;do Entorno;Centro Local;129952148.0;16531.25
2307254;Jijoca de Jericoacoara;CE;Nordeste;2306;Sobral;do Entorno;230017;Acaraú;do Entorno;Centro Local;711193201.0;27829.9
2307304;Juazeiro do Norte;CE;Nordeste;2304;Juazeiro do Norte;Polo;230011;Juazeiro do Norte;Polo;Capital Regional B;6457542671.0;22569.35
2307403;Jucás;CE;Nordeste;2303;Iguatu;do Entorno;230009;Iguatu;do Entorno;Centro Local;390389763.0;16319.28
2307502;Lavras da Mangabeira;CE;Nordeste;2304;Juazeiro do Norte;do Entorno;230011;Juazeiro do Norte;do Entorno;Centro Local;444999728.0;14447.1
2307601;Limoeiro do Norte;CE;Nordeste;2302;Quixadá;do Entorno;230007;Russas - Limoeiro do Norte;Polo;Centro Sub-Regional B;1854064858.0;31129.36
2307635;Madalena;CE;Nordeste;2301;Fortaleza;do Entorno;230004;Canindé;do Entorno;Centro Local;215696189.0;12766.11
2307650;Maracanaú;CE;Nordeste;2301;Fortaleza;do Entorno;230001;Fortaleza;do Entorno;Metrópole;13540093939.0;57738.06
2307700;Maranguape;CE;Nordeste;2301;Fortaleza;do Entorno;230001;Fortaleza;do Entorno;Metrópole;2011194353.0;19137.28
2307809;Marco;CE;Nordeste;2306;Sobral;do Entorno;230017;Acaraú;do Entorno;Centro Local;453537358.0;17579.65
2307908;Martinópole;CE;Nordeste;2306;Sobral;do Entorno;230015;Sobral;do Entorno;Centro Local;125471874.0;11568.49
2308005;Massapê;CE;Nordeste;2306;Sobral;do Entorno;230015;Sobral;do Entorno;Centro Local;483230175.0;12818.8
2308104;Mauriti;CE;Nordeste;2304;Juazeiro do Norte;do Entorno;230012;Brejo Santo;do Entorno;Centro de Zona B;707666578.0;15532.29
2308203;Meruoca;CE;Nordeste;2306;Sobral;do Entorno;230015;Sobral;do Entorno;Centro Local;166663575.0;10995.82
2308302;Milagres;CE;Nordeste;2304;Juazeiro do Norte;do Entorno;230012;Brejo Santo;do Entorno;Centro Local;335238601.0;12943.58
2308351;Milhã;CE;Nordeste;2302;Quixadá;do Entorno;230006;Quixadá;do Entorno;Centro Local;250240907.0;17718.68
2308377;Miraíma;CE;Nordeste;2301;Fortaleza;do Entorno;230002;Itapipoca;do Entorno;Centro Local;141462332.0;9964.94
2308401;Missão Velha;CE;Nordeste;2304;Juazeiro do Norte;do Entorno;230011;Juazeiro do Norte;do Entorno;Centro Local;598260814.0;16247.37
2308500;Mombaça;CE;Nordeste;2303;Iguatu;do Entorno;230009;Iguatu;do Entorno;Centro de Zona B;551793724.0;14622.86
2308609;Monsenhor Tabosa;CE;Nordeste;2305;Crateús;do Entorno;230013;Crateús;do Entorno;Centro Local;210937865.0;12300.3
2308708;Morada Nova;CE;Nordeste;2302;Quixadá;do Entorno;230007;Russas - Limoeiro do Norte;do Entorno;Centro Local;1877981945.0;30564.62
2308807;Moraújo;CE;Nordeste;2306;Sobral;do Entorno;230015;Sobral;do Entorno;Centro Local;86070204.0;10427.7
2308906;Morrinhos;CE;Nordeste;2306;Sobral;do Entorno;230015;Sobral;do Entorno;Centro Local;239995253.0;10547.85
2309003;Mucambo;CE;Nordeste;2306;Sobral;do Entorno;230015;Sobral;do Entorno;Centro Local;172103546.0;12593.56
2309102;Mulungu;CE;Nordeste;2301;Fortaleza;do Entorno;230003;Redenção-Acarape;do Entorno;Centro Local;146502587.0;13861.54
2309201;Nova Olinda;CE;Nordeste;2304;Juazeiro do Norte;do Entorno;230011;Juazeiro do Norte;do Entorno;Centro Local;206839413.0;13432.0
2309300;Nova Russas;CE;Nordeste;2305;Crateús;do Entorno;230013;Crateús;do Entorno;Centro Local;432948087.0;14103.0
2309409;Novo Oriente;CE;Nordeste;2305;Crateús;do Entorno;230013;Crateús;do Entorno;Centro Local;343681506.0;12477.09
2309458;Ocara;CE;Nordeste;2301;Fortaleza;do Entorno;230003;Redenção-Acarape;do Entorno;Centro Local;322685871.0;13174.62
2309508;Orós;CE;Nordeste;2303;Iguatu;do Entorno;230010;Icó;do Entorno;Centro Local;267790867.0;13610.72
2309607;Pacajus;CE;Nordeste;2301;Fortaleza;do Entorno;230001;Fortaleza;do Entorno;Centro Sub-Regional B;1808068498.0;25471.85
2309706;Pacatuba;CE;Nordeste;2301;Fortaleza;do Entorno;230001;Fortaleza;do Entorno;Metrópole;1714352398.0;21028.81
2309805;Pacoti;CE;Nordeste;2301;Fortaleza;do Entorno;230003;Redenção-Acarape;do Entorno;Centro Local;175378910.0;15678.43
2309904;Pacujá;CE;Nordeste;2306;Sobral;do Entorno;230015;Sobral;do Entorno;Centro Local;81237281.0;13155.83
2310001;Palhano;CE;Nordeste;2302;Quixadá;do Entorno;230007;Russas - Limoeiro do Norte;do Entorno;Centro Local;125161588.0;13392.0
2310100;Palmácia;CE;Nordeste;2301;Fortaleza;do Entorno;230001;Fortaleza;do Entorno;Centro Local;141264284.0;13792.65
2310209;Paracuru;CE;Nordeste;2301;Fortaleza;do Entorno;230001;Fortaleza;do Entorno;Centro Local;679587030.0;17434.25
2310258;Paraipaba;CE;Nordeste;2301;Fortaleza;do Entorno;230001;Fortaleza;do Entorno;Centro Local;614089604.0;19061.63
2310308;Parambu;CE;Nordeste;2305;Crateús;do Entorno;230014;Tauá;do Entorno;Centro Local;349488139.0;11114.27
2310407;Paramoti;CE;Nordeste;2301;Fortaleza;do Entorno;230004;Canindé;do Entorno;Centro Local;137553131.0;13246.64
2310506;Pedra Branca;CE;Nordeste;2302;Quixadá;do Entorno;230006;Quixadá;do Entorno;Centro Local;481197368.0;11973.96
2310605;Penaforte;CE;Nordeste;2304;Juazeiro do Norte;do Entorno;230012;Brejo Santo;do Entorno;Centro Local;149292777.0;16639.85
2310704;Pentecoste;CE;Nordeste;2301;Fortaleza;do Entorno;230005;Itapagé;do Entorno;Centro Local;522218356.0;13810.55
2310803;Pereiro;CE;Nordeste;2302;Quixadá;do Entorno;230007;Russas - Limoeiro do Norte;do Entorno;Centro Local;663694295.0;42816.22
2310852;Pindoretama;CE;Nordeste;2301;Fortaleza;do Entorno;230001;Fortaleza;do Entorno;Centro Local;363293819.0;15531.35
2310902;Piquet Carneiro;CE;Nordeste;2303;Iguatu;do Entorno;230009;Iguatu;do Entorno;Centro Local;203533098.0;12249.22
2310951;Pires Ferreira;CE;Nordeste;2306;Sobral;do Entorno;230016;São Benedito - Ipu - Guaraciaba do Norte - Tianguá;do Entorno;Centro Local;103591093.0;9767.22
2311009;Poranga;CE;Nordeste;2305;Crateús;do Entorno;230013;Crateús;do Entorno;Centro Local;138932695.0;11515.35
2311108;Porteiras;CE;Nordeste;2304;Juazeiro do Norte;do Entorno;230012;Brejo Santo;do Entorno;Centro Local;232418150.0;13631.56
2311207;Potengi;CE;Nordeste;2304;Juazeiro do Norte;do Entorno;230011;Juazeiro do Norte;do Entorno;Centro Local;120981423.0;13696.53
2311231;Potiretama;CE;Nordeste;2302;Quixadá;do Entorno;230007;Russas - Limoeiro do Norte;do Entorno;Centro Local;104345252.0;17466.56
2311264;Quiterianópolis;CE;Nordeste;2305;Crateús;do Entorno;230013;Crateús;do Entorno;Centro Local;249898465.0;12363.25
2311306;Quixadá;CE;Nordeste;2302;Quixadá;Polo;230006;Quixadá;Polo;Centro Sub-Regional B;1424438375.0;16923.75
2311355;Quixelô;CE;Nordeste;2303;Iguatu;do Entorno;230009;Iguatu;do Entorno;Centro Local;241296593.0;15166.35
2311405;Quixeramobim;CE;Nordeste;2302;Quixadá;do Entorno;230006;Quixadá;do Entorno;Centro de Zona A;1928559402.0;23468.36
2311504;Quixeré;CE;Nordeste;2302;Quixadá;do Entorno;230007;Russas - Limoeiro do Norte;do Entorno;Centro Local;805777821.0;38601.98
2311603;Redenção;CE;Nordeste;2301;Fortaleza;do Entorno;230003;Redenção-Acarape;Polo;Centro Local;520806417.0;19137.44
2311702;Reriutaba;CE;Nordeste;2306;Sobral;do Entorno;230015;Sobral;do Entorno;Centro Local;238537887.0;12820.48
2311801;Russas;CE;Nordeste;2302;Quixadá;do Entorno;230007;Russas - Limoeiro do Norte;Polo;Centro Sub-Regional B;1517579539.0;20809.29
2311900;Saboeiro;CE;Nordeste;2303;Iguatu;do Entorno;230009;Iguatu;do Entorno;Centro Local;190821870.0;13773.77
2311959;Salitre;CE;Nordeste;2304;Juazeiro do Norte;do Entorno;230011;Juazeiro do Norte;do Entorno;Centro Local;222379429.0;13369.77
2312007;Santana do Acaraú;CE;Nordeste;2306;Sobral;do Entorno;230015;Sobral;do Entorno;Centro Local;352192189.0;11499.03
2312106;Santana do Cariri;CE;Nordeste;2304;Juazeiro do Norte;do Entorno;230011;Juazeiro do Norte;do Entorno;Centro Local;191197485.0;11277.43
2312205;Santa Quitéria;CE;Nordeste;2306;Sobral;do Entorno;230015;Sobral;do Entorno;Centro de Zona B;859224903.0;21382.8
2312304;São Benedito;CE;Nordeste;2306;Sobral;do Entorno;230016;São Benedito - Ipu - Guaraciaba do Norte - Tianguá;Polo;Centro de Zona A;883024208.0;18535.35
2312403;São Gonçalo do Amarante;CE;Nordeste;2301;Fortaleza;do Entorno;230001;Fortaleza;do Entorno;Centro de Zona A;6908372654.0;127594.94
2312502;São João do Jaguaribe;CE;Nordeste;2302;Quixadá;do Entorno;230007;Russas - Limoeiro do Norte;do Entorno;Centro Local;137067978.0;23410.41
2312601;São Luís do Curu;CE;Nordeste;2301;Fortaleza;do Entorno;230001;Fortaleza;do Entorno;Centro Local;160996694.0;14876.8
2312700;Senador Pompeu;CE;Nordeste;2302;Quixadá;do Entorno;230006;Quixadá;do Entorno;Centro Local;473899961.0;19529.38
2312809;Senador Sá;CE;Nordeste;2306;Sobral;do Entorno;230015;Sobral;do Entorno;Centro Local;82269622.0;11328.78
2312908;Sobral;CE;Nordeste;2306;Sobral;Polo;230015;Sobral;Polo;Capital Regional C;6588929369.0;32454.1
2313005;Solonópole;CE;Nordeste;2302;Quixadá;do Entorno;230006;Quixadá;do Entorno;Centro Local;370692762.0;20391.26
2313104;Tabuleiro do Norte;CE;Nordeste;2302;Quixadá;do Entorno;230007;Russas - Limoeiro do Norte;do Entorno;Centro Local;584614136.0;19072.63
2313203;Tamboril;CE;Nordeste;2305;Crateús;do Entorno;230013;Crateús;do Entorno;Centro Local;319201566.0;12863.25
2313252;Tarrafas;CE;Nordeste;2304;Juazeiro do Norte;do Entorno;230011;Juazeiro do Norte;do Entorno;Centro Local;116827327.0;15516.98
2313302;Tauá;CE;Nordeste;2305;Crateús;do Entorno;230014;Tauá;Polo;Centro de Zona B;934349184.0;15260.41
2313351;Tejuçuoca;CE;Nordeste;2301;Fortaleza;do Entorno;230005;Itapagé;do Entorno;Centro Local;174349007.0;10163.75
2313401;Tianguá;CE;Nordeste;2306;Sobral;do Entorno;230016;São Benedito - Ipu - Guaraciaba do Norte - Tianguá;Polo;Centro Sub-Regional B;2265253166.0;27792.47
2313500;Trairi;CE;Nordeste;2301;Fortaleza;do Entorno;230002;Itapipoca;do Entorno;Centro Local;1039083163.0;17787.95
2313559;Tururu;CE;Nordeste;2301;Fortaleza;do Entorno;230002;Itapipoca;do Entorno;Centro Local;164401393.0;10667.1
2313609;Ubajara;CE;Nordeste;2306;Sobral;do Entorno;230016;São Benedito - Ipu - Guaraciaba do Norte - Tianguá;do Entorno;Centro Local;839887408.0;25632.11
2313708;Umari;CE;Nordeste;2303;Iguatu;do Entorno;230010;Icó;do Entorno;Centro Local;85632532.0;12462.89
2313757;Umirim;CE;Nordeste;2301;Fortaleza;do Entorno;230002;Itapipoca;do Entorno;Centro Local;210671724.0;12059.06
2313807;Uruburetama;CE;Nordeste;2301;Fortaleza;do Entorno;230002;Itapipoca;do Entorno;Centro Local;445293758.0;22056.26
2313906;Uruoca;CE;Nordeste;2306;Sobral;do Entorno;230015;Sobral;do Entorno;Centro Local;254534325.0;18516.97
2313955;Varjota;CE;Nordeste;2306;Sobral;do Entorno;230015;Sobral;do Entorno;Centro Local;488083917.0;26958.52
2314003;Várzea Alegre;CE;Nordeste;2304;Juazeiro do Norte;do Entorno;230011;Juazeiro do Norte;do Entorno;Centro Local;575214115.0;14755.13
2314102;Viçosa do Ceará;CE;Nordeste;2306;Sobral;do Entorno;230016;São Benedito - Ipu - Guaraciaba do Norte - Tianguá;do Entorno;Centro Local;723250390.0;12112.31
2400109;Acari;RN;Nordeste;2402;Caicó;do Entorno;240008;Currais Novos;do Entorno;Centro Local;195828116.0;18479.58
2400208;Açu;RN;Nordeste;2403;Mossoró;do Entorno;240011;Açu;Polo;Centro Sub-Regional B;2170177264.0;38412.94
2400307;Afonso Bezerra;RN;Nordeste;2403;Mossoró;do Entorno;240011;Açu;do Entorno;Centro Local;160921097.0;14846.49
2400406;Água Nova;RN;Nordeste;2403;Mossoró;do Entorno;240010;Pau dos Ferros;do Entorno;Centro Local;42554072.0;14444.7
2400505;Alexandria;RN;Nordeste;2403;Mossoró;do Entorno;240010;Pau dos Ferros;do Entorno;Centro Local;209116995.0;15331.16
2400604;Almino Afonso;RN;Nordeste;2403;Mossoró;do Entorno;240010;Pau dos Ferros;do Entorno;Centro Local;68328729.0;14578.35
2400703;Alto do Rodrigues;RN;Nordeste;2403;Mossoró;do Entorno;240011;Açu;do Entorno;Centro Local;902783049.0;72315.21
2400802;Angicos;RN;Nordeste;2403;Mossoró;do Entorno;240011;Açu;do Entorno;Centro de Zona B;257919437.0;22173.27
2400901;Antônio Martins;RN;Nordeste;2403;Mossoró;do Entorno;240010;Pau dos Ferros;do Entorno;Centro de Zona B;79463801.0;12082.07
2401008;Apodi;RN;Nordeste;2403;Mossoró;do Entorno;240009;Mossoró;do Entorno;Centro Local;941920331.0;26239.53
2401107;Areia Branca;RN;Nordeste;2403;Mossoró;do Entorno;240009;Mossoró;do Entorno;Centro Local;1089647398.0;45226.72
2401206;Arês;RN;Nordeste;2401;Natal;do Entorno;240003;Canguaretama;do Entorno;Centro Local;471283907.0;35565.91
2401305;Campo Grande;RN;Nordeste;2403;Mossoró;do Entorno;240009;Mossoró;do Entorno;Centro Local;136391199.0;14017.6
2401404;Baía Formosa;RN;Nordeste;2401;Natal;do Entorno;240003;Canguaretama;do Entorno;Centro Local;335923178.0;38064.95
2401453;Baraúna;RN;Nordeste;2403;Mossoró;do Entorno;240009;Mossoró;do Entorno;Centro Local;991164144.0;36828.45
2401503;Barcelona;RN;Nordeste;2401;Natal;do Entorno;240006;São Paulo do Potengi;do Entorno;Centro Local;63583271.0;15951.65
2401602;Bento Fernandes;RN;Nordeste;2401;Natal;do Entorno;240001;Natal;do Entorno;Centro Local;128584398.0;26749.41
2401651;Bodó;RN;Nordeste;2402;Caicó;do Entorno;240008;Currais Novos;do Entorno;Centro Local;240166494.0;104148.52
2401701;Bom Jesus;RN;Nordeste;2401;Natal;do Entorno;240001;Natal;do Entorno;Centro Local;140518808.0;14119.66
2401800;Brejinho;RN;Nordeste;2401;Natal;do Entorno;240001;Natal;do Entorno;Centro Local;168163439.0;13781.63
2401859;Caiçara do Norte;RN;Nordeste;2401;Natal;do Entorno;240005;João Câmara;do Entorno;Centro Local;119610708.0;19006.95
2401909;Caiçara do Rio do Vento;RN;Nordeste;2401;Natal;do Entorno;240006;São Paulo do Potengi;do Entorno;Centro Local;474184270.0;145099.23
2402006;Caicó;RN;Nordeste;2402;Caicó;Polo;240007;Caicó;Polo;Centro Sub-Regional B;1735797344.0;28387.75
2402105;Campo Redondo;RN;Nordeste;2401;Natal;do Entorno;240004;Santa Cruz;do Entorno;Centro Local;131974604.0;12919.69
2402204;Canguaretama;RN;Nordeste;2401;Natal;do Entorno;240003;Canguaretama;Polo;Centro de Zona B;615957002.0;20761.66
2402303;Caraúbas;RN;Nordeste;2403;Mossoró;do Entorno;240009;Mossoró;do Entorno;Centro Local;540233236.0;27543.25
2402402;Carnaúba dos Dantas;RN;Nordeste;2402;Caicó;do Entorno;240008;Currais Novos;do Entorno;Centro Local;150901648.0;18881.59
2402501;Carnaubais;RN;Nordeste;2403;Mossoró;do Entorno;240011;Açu;do Entorno;Centro Local;231816498.0;23864.16
2402600;Ceará-Mirim;RN;Nordeste;2401;Natal;do Entorno;240001;Natal;do Entorno;Centro Local;1260346024.0;15930.56
2402709;Cerro Corá;RN;Nordeste;2402;Caicó;do Entorno;240008;Currais Novos;do Entorno;Centro Local;225342136.0;20485.65
2402808;Coronel Ezequiel;RN;Nordeste;2401;Natal;do Entorno;240004;Santa Cruz;do Entorno;Centro Local;65459563.0;12792.57
2402907;Coronel João Pessoa;RN;Nordeste;2403;Mossoró;do Entorno;240010;Pau dos Ferros;do Entorno;Centro Local;54170236.0;12785.04
2403004;Cruzeta;RN;Nordeste;2402;Caicó;do Entorno;240007;Caicó;do Entorno;Centro Local;154741950.0;19330.66
2403103;Currais Novos;RN;Nordeste;2402;Caicó;do Entorno;240008;Currais Novos;Polo;Centro Sub-Regional B;955846897.0;23136.71
2403202;Doutor Severiano;RN;Nordeste;2403;Mossoró;do Entorno;240010;Pau dos Ferros;do Entorno;Centro Local;106163588.0;15071.49
2403251;Parnamirim;RN;Nordeste;2401;Natal;do Entorno;240001;Natal;do Entorno;Capital Regional A;7608526424.0;30107.02
2403301;Encanto;RN;Nordeste;2403;Mossoró;do Entorno;240010;Pau dos Ferros;do Entorno;Centro Local;75043617.0;12474.01
2403400;Equador;RN;Nordeste;2402;Caicó;do Entorno;240007;Caicó;do Entorno;Centro Local;90161203.0;16821.12
2403509;Espírito Santo;RN;Nordeste;2401;Natal;do Entorno;240003;Canguaretama;do Entorno;Centro Local;126681844.0;11928.61
2403608;Extremoz;RN;Nordeste;2401;Natal;do Entorno;240001;Natal;do Entorno;Capital Regional A;986507921.0;16005.64
2403707;Felipe Guerra;RN;Nordeste;2403;Mossoró;do Entorno;240009;Mossoró;do Entorno;Centro Local;302413019.0;48316.51
2403756;Fernando Pedroza;RN;Nordeste;2403;Mossoró;do Entorno;240011;Açu;do Entorno;Centro Local;61993688.0;21100.64
2403806;Florânia;RN;Nordeste;2402;Caicó;do Entorno;240008;Currais Novos;do Entorno;Centro Local;152502371.0;14957.08
2403905;Francisco Dantas;RN;Nordeste;2403;Mossoró;do Entorno;240010;Pau dos Ferros;do Entorno;Centro Local;42580021.0;15770.38
2404002;Frutuoso Gomes;RN;Nordeste;2403;Mossoró;do Entorno;240010;Pau dos Ferros;do Entorno;Centro Local;58993607.0;14311.89
2404101;Galinhos;RN;Nordeste;2401;Natal;do Entorno;240005;João Câmara;do Entorno;Centro Local;165672360.0;78741.62
2404200;Goianinha;RN;Nordeste;2401;Natal;do Entorno;240003;Canguaretama;do Entorno;Centro Local;646382961.0;24171.98
2404309;Governador Dix-Sept Rosado;RN;Nordeste;2403;Mossoró;do Entorno;240009;Mossoró;do Entorno;Centro Local;595842144.0;49936.49
2404408;Grossos;RN;Nordeste;2403;Mossoró;do Entorno;240009;Mossoró;do Entorno;Centro Local;185921039.0;18734.49
2404507;Guamaré;RN;Nordeste;2403;Mossoró;do Entorno;240011;Açu;do Entorno;Centro Local;2581922040.0;168808.24
2404606;Ielmo Marinho;RN;Nordeste;2401;Natal;do Entorno;240001;Natal;do Entorno;Centro Local;168954297.0;14546.22
2404705;Ipanguaçu;RN;Nordeste;2403;Mossoró;do Entorno;240011;Açu;do Entorno;Centro Local;263824959.0;18669.94
2404804;Ipueira;RN;Nordeste;2402;Caicó;do Entorno;240007;Caicó;do Entorno;Centro Local;42669397.0;20967.76
2404853;Itajá;RN;Nordeste;2403;Mossoró;do Entorno;240011;Açu;do Entorno;Centro Local;179987862.0;24682.92
2404903;Itaú;RN;Nordeste;2403;Mossoró;do Entorno;240009;Mossoró;do Entorno;Centro Local;90976149.0;17100.78
2405009;Jaçanã;RN;Nordeste;2401;Natal;do Entorno;240004;Santa Cruz;do Entorno;Centro Local;100644236.0;12847.11
2405108;Jandaíra;RN;Nordeste;2401;Natal;do Entorno;240005;João Câmara;do Entorno;Centro Local;363648175.0;55417.28
2405207;Janduís;RN;Nordeste;2403;Mossoró;do Entorno;240009;Mossoró;do Entorno;Centro Local;104811848.0;22084.25
2405306;Januário Cicco;RN;Nordeste;2401;Natal;do Entorno;240002;Santo Antônio - Passa e Fica - Nova Cruz;do Entorno;Centro Local;102924442.0;11980.5
2405405;Japi;RN;Nordeste;2401;Natal;do Entorno;240004;Santa Cruz;do Entorno;Centro Local;69177462.0;13519.14
2405504;Jardim de Angicos;RN;Nordeste;2401;Natal;do Entorno;240005;João Câmara;do Entorno;Centro Local;69279968.0;28428.38
2405603;Jardim de Piranhas;RN;Nordeste;2402;Caicó;do Entorno;240007;Caicó;do Entorno;Centro Local;276160760.0;19758.23
2405702;Jardim do Seridó;RN;Nordeste;2402;Caicó;do Entorno;240007;Caicó;do Entorno;Centro Local;244663038.0;20992.11
2405801;João Câmara;RN;Nordeste;2401;Natal;do Entorno;240005;João Câmara;Polo;Centro de Zona A;1527021890.0;45870.29
2405900;João Dias;RN;Nordeste;2403;Mossoró;do Entorno;240010;Pau dos Ferros;do Entorno;Centro Local;33800199.0;16281.41
2406007;José da Penha;RN;Nordeste;2403;Mossoró;do Entorno;240010;Pau dos Ferros;do Entorno;Centro Local;88302194.0;15216.65
2406106;Jucurutu;RN;Nordeste;2402;Caicó;do Entorno;240007;Caicó;do Entorno;Centro Local;442765414.0;24884.25
2406155;Jundiá;RN;Nordeste;2401;Natal;do Entorno;240001;Natal;do Entorno;Centro Local;47290914.0;12648.01
2406205;Lagoa d'Anta;RN;Nordeste;2401;Natal;do Entorno;240002;Santo Antônio - Passa e Fica - Nova Cruz;do Entorno;Centro Local;89996361.0;13817.96
2406304;Lagoa de Pedras;RN;Nordeste;2401;Natal;do Entorno;240002;Santo Antônio - Passa e Fica - Nova Cruz;do Entorno;Centro Local;101030040.0;13768.06
2406403;Lagoa de Velhos;RN;Nordeste;2401;Natal;do Entorno;240006;São Paulo do Potengi;do Entorno;Centro Local;48943874.0;19066.57
2406502;Lagoa Nova;RN;Nordeste;2402;Caicó;do Entorno;240008;Currais Novos;do Entorno;Centro Local;326107093.0;20940.54
2406601;Lagoa Salgada;RN;Nordeste;2401;Natal;do Entorno;240001;Natal;do Entorno;Centro Local;124483324.0;14963.74
2406700;Lajes;RN;Nordeste;2403;Mossoró;do Entorno;240011;Açu;do Entorno;Centro de Zona B;632669645.0;64126.26
2406809;Lajes Pintadas;RN;Nordeste;2401;Natal;do Entorno;240004;Santa Cruz;do Entorno;Centro Local;68289881.0;14265.69
2406908;Lucrécia;RN;Nordeste;2403;Mossoró;do Entorno;240010;Pau dos Ferros;do Entorno;Centro Local;61081889.0;17501.97
2407005;Luís Gomes;RN;Nordeste;2403;Mossoró;do Entorno;240010;Pau dos Ferros;do Entorno;Centro Local;112399318.0;12392.43
2407104;Macaíba;RN;Nordeste;2401;Natal;do Entorno;240001;Natal;do Entorno;Capital Regional A;2455739334.0;29857.38
2407203;Macau;RN;Nordeste;2403;Mossoró;do Entorno;240011;Açu;do Entorno;Centro Local;1315679541.0;48071.89
2407252;Major Sales;RN;Nordeste;2403;Mossoró;do Entorno;240010;Pau dos Ferros;do Entorno;Centro Local;65725153.0;16749.53
2407302;Marcelino Vieira;RN;Nordeste;2403;Mossoró;do Entorno;240010;Pau dos Ferros;do Entorno;Centro Local;101177405.0;12813.75
2407401;Martins;RN;Nordeste;2403;Mossoró;do Entorno;240010;Pau dos Ferros;do Entorno;Centro Local;130556508.0;15962.4
2407500;Maxaranguape;RN;Nordeste;2401;Natal;do Entorno;240001;Natal;do Entorno;Centro Local;165453695.0;16133.95
2407609;Messias Targino;RN;Nordeste;2403;Mossoró;do Entorno;240009;Mossoró;do Entorno;Centro Local;65325131.0;15284.31
2407708;Montanhas;RN;Nordeste;2401;Natal;do Entorno;240003;Canguaretama;do Entorno;Centro Local;158962089.0;13890.43
2407807;Monte Alegre;RN;Nordeste;2401;Natal;do Entorno;240001;Natal;do Entorno;Centro Local;348750675.0;15142.66
2407906;Monte das Gameleiras;RN;Nordeste;2401;Natal;do Entorno;240002;Santo Antônio - Passa e Fica - Nova Cruz;do Entorno;Centro Local;45921843.0;20176.56
2408003;Mossoró;RN;Nordeste;2403;Mossoró;Polo;240009;Mossoró;Polo;Capital Regional C;10323665815.0;39019.51
2408102;Natal;RN;Nordeste;2401;Natal;Polo;240001;Natal;Polo;Capital Regional A;31162042725.0;41477.5
2408201;Nísia Floresta;RN;Nordeste;2401;Natal;do Entorno;240001;Natal;do Entorno;Centro Local;573358225.0;17949.98
2408300;Nova Cruz;RN;Nordeste;2401;Natal;do Entorno;240002;Santo Antônio - Passa e Fica - Nova Cruz;Polo;Centro Local;629220813.0;18396.12
2408409;Olho d'Água do Borges;RN;Nordeste;2403;Mossoró;do Entorno;240010;Pau dos Ferros;do Entorno;Centro Local;58971730.0;15101.6
2408508;Ouro Branco;RN;Nordeste;2402;Caicó;do Entorno;240007;Caicó;do Entorno;Centro Local;80889348.0;16464.35
2408607;Paraná;RN;Nordeste;2403;Mossoró;do Entorno;240010;Pau dos Ferros;do Entorno;Centro Local;56062115.0;14250.66
2408706;Paraú;RN;Nordeste;2403;Mossoró;do Entorno;240011;Açu;do Entorno;Centro Local;62149621.0;17365.08
2408805;Parazinho;RN;Nordeste;2401;Natal;do Entorno;240005;João Câmara;do Entorno;Centro Local;524974343.0;109346.87
2408904;Parelhas;RN;Nordeste;2402;Caicó;do Entorno;240007;Caicó;do Entorno;Centro de Zona B;473775240.0;22037.08
2408953;Rio do Fogo;RN;Nordeste;2401;Natal;do Entorno;240001;Natal;do Entorno;Centro Local;207249129.0;20022.14
2409100;Passa e Fica;RN;Nordeste;2401;Natal;do Entorno;240002;Santo Antônio - Passa e Fica - Nova Cruz;Polo;Centro Local;179581905.0;16175.64
2409209;Passagem;RN;Nordeste;2401;Natal;do Entorno;240002;Santo Antônio - Passa e Fica - Nova Cruz;do Entorno;Centro Local;46582613.0;14954.29
2409308;Patu;RN;Nordeste;2403;Mossoró;do Entorno;240010;Pau dos Ferros;do Entorno;Centro de Zona B;198145746.0;18001.79
2409332;Santa Maria;RN;Nordeste;2401;Natal;do Entorno;240006;São Paulo do Potengi;do Entorno;Centro Local;89728667.0;18512.21
2409407;Pau dos Ferros;RN;Nordeste;2403;Mossoró;do Entorno;240010;Pau dos Ferros;Polo;Centro Sub-Regional B;827724015.0;27157.19
2409506;Pedra Grande;RN;Nordeste;2401;Natal;do Entorno;240005;João Câmara;do Entorno;Centro Local;325404924.0;89940.55
2409605;Pedra Preta;RN;Nordeste;2401;Natal;do Entorno;240005;João Câmara;do Entorno;Centro Local;65239901.0;26726.71
2409704;Pedro Avelino;RN;Nordeste;2401;Natal;do Entorno;240005;João Câmara;do Entorno;Centro Local;282103497.0;45194.41
2409803;Pedro Velho;RN;Nordeste;2401;Natal;do Entorno;240003;Canguaretama;do Entorno;Centro Local;200896313.0;14532.43
2409902;Pendências;RN;Nordeste;2403;Mossoró;do Entorno;240011;Açu;do Entorno;Centro Local;668529569.0;54449.39
2410009;Pilões;RN;Nordeste;2403;Mossoró;do Entorno;240010;Pau dos Ferros;do Entorno;Centro Local;50550428.0;17049.05
2410108;Poço Branco;RN;Nordeste;2401;Natal;do Entorno;240001;Natal;do Entorno;Centro Local;161103111.0;13002.67
2410207;Portalegre;RN;Nordeste;2403;Mossoró;do Entorno;240010;Pau dos Ferros;do Entorno;Centro Local;99832084.0;13134.07
2410256;Porto do Mangue;RN;Nordeste;2403;Mossoró;do Entorno;240011;Açu;do Entorno;Centro Local;170408791.0;32595.41
2410306;Serra Caiada;RN;Nordeste;2401;Natal;do Entorno;240002;Santo Antônio - Passa e Fica - Nova Cruz;do Entorno;Centro Local;150412555.0;14000.98
2410405;Pureza;RN;Nordeste;2401;Natal;do Entorno;240001;Natal;do Entorno;Centro Local;182888696.0;19535.22
2410504;Rafael Fernandes;RN;Nordeste;2403;Mossoró;do Entorno;240010;Pau dos Ferros;do Entorno;Centro Local;61865250.0;11389.04
2410603;Rafael Godeiro;RN;Nordeste;2403;Mossoró;do Entorno;240010;Pau dos Ferros;do Entorno;Centro Local;48290035.0;16458.77
2410702;Riacho da Cruz;RN;Nordeste;2403;Mossoró;do Entorno;240010;Pau dos Ferros;do Entorno;Centro Local;42856817.0;15867.02
2410801;Riacho de Santana;RN;Nordeste;2403;Mossoró;do Entorno;240010;Pau dos Ferros;do Entorno;Centro Local;53836485.0;13044.94
2410900;Riachuelo;RN;Nordeste;2401;Natal;do Entorno;240006;São Paulo do Potengi;do Entorno;Centro Local;319931036.0;43298.29
2411007;Rodolfo Fernandes;RN;Nordeste;2403;Mossoró;do Entorno;240009;Mossoró;do Entorno;Centro Local;67765383.0;15974.87
2411056;Tibau;RN;Nordeste;2403;Mossoró;do Entorno;240009;Mossoró;do Entorno;Centro Local;155094561.0;28817.27
2411106;Ruy Barbosa;RN;Nordeste;2401;Natal;do Entorno;240006;São Paulo do Potengi;do Entorno;Centro Local;218238897.0;68072.02
2411205;Santa Cruz;RN;Nordeste;2401;Natal;do Entorno;240004;Santa Cruz;Polo;Centro de Zona A;716309409.0;19197.31
2411403;Santana do Matos;RN;Nordeste;2403;Mossoró;do Entorno;240011;Açu;do Entorno;Centro Local;207087541.0;16625.53
2411429;Santana do Seridó;RN;Nordeste;2402;Caicó;do Entorno;240007;Caicó;do Entorno;Centro Local;51448978.0;19083.45
2411502;Santo Antônio;RN;Nordeste;2401;Natal;do Entorno;240002;Santo Antônio - Passa e Fica - Nova Cruz;Polo;Centro Local;339515207.0;15309.34
2411601;São Bento do Norte;RN;Nordeste;2401;Natal;do Entorno;240005;João Câmara;do Entorno;Centro Local;394852729.0;119507.48
2411700;São Bento do Trairí;RN;Nordeste;2401;Natal;do Entorno;240004;Santa Cruz;do Entorno;Centro Local;58250895.0;15361.52
2411809;São Fernando;RN;Nordeste;2402;Caicó;do Entorno;240007;Caicó;do Entorno;Centro Local;77560131.0;22210.8
2411908;São Francisco do Oeste;RN;Nordeste;2403;Mossoró;do Entorno;240010;Pau dos Ferros;do Entorno;Centro Local;74356880.0;17869.95
2412005;São Gonçalo do Amarante;RN;Nordeste;2401;Natal;do Entorno;240001;Natal;do Entorno;Capital Regional A;2588563905.0;22346.41
2412104;São João do Sabugi;RN;Nordeste;2402;Caicó;do Entorno;240007;Caicó;do Entorno;Centro Local;100072756.0;16802.01
2412203;São José de Mipibu;RN;Nordeste;2401;Natal;do Entorno;240001;Natal;do Entorno;Centro Local;1457800063.0;30829.42
2412302;São José do Campestre;RN;Nordeste;2401;Natal;do Entorno;240002;Santo Antônio - Passa e Fica - Nova Cruz;do Entorno;Centro Local;165229860.0;14857.46
2412401;São José do Seridó;RN;Nordeste;2402;Caicó;do Entorno;240007;Caicó;do Entorno;Centro Local;106548284.0;23376.1
2412500;São Miguel;RN;Nordeste;2403;Mossoró;do Entorno;240010;Pau dos Ferros;do Entorno;Centro de Zona B;420063646.0;17846.95
2412559;São Miguel do Gostoso;RN;Nordeste;2401;Natal;do Entorno;240001;Natal;do Entorno;Centro Local;712098273.0;69670.12
2412609;São Paulo do Potengi;RN;Nordeste;2401;Natal;do Entorno;240006;São Paulo do Potengi;Polo;Centro de Zona B;290640338.0;17314.45
2412708;São Pedro;RN;Nordeste;2401;Natal;do Entorno;240006;São Paulo do Potengi;do Entorno;Centro Local;72504348.0;12552.69
2412807;São Rafael;RN;Nordeste;2403;Mossoró;do Entorno;240011;Açu;do Entorno;Centro Local;108234806.0;14036.42
2412906;São Tomé;RN;Nordeste;2401;Natal;do Entorno;240006;São Paulo do Potengi;do Entorno;Centro Local;184856372.0;18537.54
2413003;São Vicente;RN;Nordeste;2402;Caicó;do Entorno;240008;Currais Novos;do Entorno;Centro Local;100457936.0;15920.43
2413102;Senador Elói de Souza;RN;Nordeste;2401;Natal;do Entorno;240006;São Paulo do Potengi;do Entorno;Centro Local;79949978.0;13767.86
2413201;Senador Georgino Avelino;RN;Nordeste;2401;Natal;do Entorno;240001;Natal;do Entorno;Centro Local;114535687.0;28176.06
2413300;Serra de São Bento;RN;Nordeste;2401;Natal;do Entorno;240002;Santo Antônio - Passa e Fica - Nova Cruz;do Entorno;Centro Local;84832526.0;14875.07
2413359;Serra do Mel;RN;Nordeste;2403;Mossoró;do Entorno;240009;Mossoró;do Entorno;Centro Local;685341006.0;52352.07
2413409;Serra Negra do Norte;RN;Nordeste;2402;Caicó;do Entorno;240007;Caicó;do Entorno;Centro Local;162338806.0;21368.8
2413508;Serrinha;RN;Nordeste;2401;Natal;do Entorno;240002;Santo Antônio - Passa e Fica - Nova Cruz;do Entorno;Centro Local;92367949.0;14351.76
2413557;Serrinha dos Pintos;RN;Nordeste;2403;Mossoró;do Entorno;240010;Pau dos Ferros;do Entorno;Centro Local;64721869.0;13891.79
2413607;Severiano Melo;RN;Nordeste;2403;Mossoró;do Entorno;240009;Mossoró;do Entorno;Centro Local;96870433.0;17654.53
2413706;Sítio Novo;RN;Nordeste;2401;Natal;do Entorno;240004;Santa Cruz;do Entorno;Centro Local;64195135.0;13793.54
2413805;Taboleiro Grande;RN;Nordeste;2403;Mossoró;do Entorno;240010;Pau dos Ferros;do Entorno;Centro Local;43555704.0;18629.47
2413904;Taipu;RN;Nordeste;2401;Natal;do Entorno;240001;Natal;do Entorno;Centro Local;184090867.0;16117.22
2414001;Tangará;RN;Nordeste;2401;Natal;do Entorno;240004;Santa Cruz;do Entorno;Centro Local;225000067.0;16941.5
2414100;Tenente Ananias;RN;Nordeste;2403;Mossoró;do Entorno;240010;Pau dos Ferros;do Entorno;Centro Local;142794667.0;13914.9
2414159;Tenente Laurentino Cruz;RN;Nordeste;2402;Caicó;do Entorno;240008;Currais Novos;do Entorno;Centro Local;120492659.0;20453.69
2414209;Tibau do Sul;RN;Nordeste;2401;Natal;do Entorno;240003;Canguaretama;do Entorno;Centro Local;576214691.0;34037.14
2414308;Timbaúba dos Batistas;RN;Nordeste;2402;Caicó;do Entorno;240007;Caicó;do Entorno;Centro Local;47341240.0;20162.37
2414407;Touros;RN;Nordeste;2401;Natal;do Entorno;240001;Natal;do Entorno;Centro Local;1015670245.0;30745.28
2414456;Triunfo Potiguar;RN;Nordeste;2403;Mossoró;do Entorno;240011;Açu;do Entorno;Centro Local;55944374.0;16571.2
2414506;Umarizal;RN;Nordeste;2403;Mossoró;do Entorno;240010;Pau dos Ferros;do Entorno;Centro Local;167072025.0;16577.89
2414605;Upanema;RN;Nordeste;2403;Mossoró;do Entorno;240009;Mossoró;do Entorno;Centro Local;370219693.0;27268.15
2414704;Várzea;RN;Nordeste;2401;Natal;do Entorno;240002;Santo Antônio - Passa e Fica - Nova Cruz;do Entorno;Centro Local;72802708.0;13912.23
2414753;Venha-Ver;RN;Nordeste;2403;Mossoró;do Entorno;240010;Pau dos Ferros;do Entorno;Centro Local;47869532.0;15882.39
2414803;Vera Cruz;RN;Nordeste;2401;Natal;do Entorno;240001;Natal;do Entorno;Centro Local;167326015.0;15586.96
2414902;Viçosa;RN;Nordeste;2403;Mossoró;do Entorno;240010;Pau dos Ferros;do Entorno;Centro Local;29716758.0;16309.97
2415008;Vila Flor;RN;Nordeste;2401;Natal;do Entorno;240003;Canguaretama;do Entorno;Centro Local;49863018.0;15709.84
2500106;Água Branca;PB;Nordeste;2503;Patos;do Entorno;250009;Patos;do Entorno;Centro Local;107368213.0;11501.68
2500205;Aguiar;PB;Nordeste;2503;Patos;do Entorno;250010;Itaporanga;do Entorno;Centro Local;68585332.0;13708.84
2500304;Alagoa Grande;PB;Nordeste;2502;Campina Grande;do Entorno;250005;Campina Grande;do Entorno;Centro Local;367231922.0;14090.7
2500403;Alagoa Nova;PB;Nordeste;2502;Campina Grande;do Entorno;250005;Campina Grande;do Entorno;Centro Local;376825036.0;17932.95
2500502;Alagoinha;PB;Nordeste;2501;João Pessoa;do Entorno;250002;Guarabira;do Entorno;Centro Local;166686215.0;12144.72
2500536;Alcantil;PB;Nordeste;2502;Campina Grande;do Entorno;250005;Campina Grande;do Entorno;Centro Local;70347946.0;12611.68
2500577;Algodão de Jandaíra;PB;Nordeste;2502;Campina Grande;do Entorno;250005;Campina Grande;do Entorno;Centro Local;38482518.0;13031.67
2500601;Alhandra;PB;Nordeste;2501;João Pessoa;do Entorno;250001;João Pessoa;do Entorno;Centro Local;3148252077.0;144880.45
2500700;São João do Rio do Peixe;PB;Nordeste;2504;Sousa - Cajazeiras;do Entorno;250015;Cajazeiras;do Entorno;Centro Local;286060022.0;15924.07
2500734;Amparo;PB;Nordeste;2502;Campina Grande;do Entorno;250008;Sumé;do Entorno;Centro Local;37039128.0;16579.74
2500775;Aparecida;PB;Nordeste;2504;Sousa - Cajazeiras;do Entorno;250014;Sousa;do Entorno;Centro Local;147637352.0;18547.41
2500809;Araçagi;PB;Nordeste;2501;João Pessoa;do Entorno;250002;Guarabira;do Entorno;Centro Local;233112691.0;14004.13
2500908;Arara;PB;Nordeste;2501;João Pessoa;do Entorno;250002;Guarabira;do Entorno;Centro Local;133977296.0;10970.95
2501005;Araruna;PB;Nordeste;2501;João Pessoa;do Entorno;250002;Guarabira;do Entorno;Centro Local;244109139.0;14201.47
2501104;Areia;PB;Nordeste;2502;Campina Grande;do Entorno;250005;Campina Grande;do Entorno;Centro Local;355512333.0;15707.7
2501153;Areia de Baraúnas;PB;Nordeste;2503;Patos;do Entorno;250009;Patos;do Entorno;Centro Local;27915935.0;13923.16
2501203;Areial;PB;Nordeste;2502;Campina Grande;do Entorno;250005;Campina Grande;do Entorno;Centro Local;81463230.0;11428.62
2501302;Aroeiras;PB;Nordeste;2502;Campina Grande;do Entorno;250005;Campina Grande;do Entorno;Centro Local;327698839.0;17519.32
2501351;Assunção;PB;Nordeste;2502;Campina Grande;do Entorno;250005;Campina Grande;do Entorno;Centro Local;56279093.0;13554.69
2501401;Baía da Traição;PB;Nordeste;2501;João Pessoa;do Entorno;250003;Mamanguape - Rio Tinto;do Entorno;Centro Local;130461853.0;14143.74
2501500;Bananeiras;PB;Nordeste;2501;João Pessoa;do Entorno;250002;Guarabira;do Entorno;Centro de Zona B;370979522.0;16036.12
2501534;Baraúna;PB;Nordeste;2502;Campina Grande;do Entorno;250006;Cuité - Nova Floresta;do Entorno;Centro Local;62002341.0;13020.23
2501575;Barra de Santana;PB;Nordeste;2502;Campina Grande;do Entorno;250005;Campina Grande;do Entorno;Centro Local;115120585.0;14284.72
2501609;Barra de Santa Rosa;PB;Nordeste;2502;Campina Grande;do Entorno;250006;Cuité - Nova Floresta;do Entorno;Centro Local;187974683.0;14567.16
2501708;Barra de São Miguel;PB;Nordeste;2502;Campina Grande;do Entorno;250005;Campina Grande;do Entorno;Centro Local;101523734.0;17189.93
2501807;Bayeux;PB;Nordeste;2501;João Pessoa;do Entorno;250001;João Pessoa;do Entorno;Capital Regional A;1899000350.0;22950.86
2501906;Belém;PB;Nordeste;2501;João Pessoa;do Entorno;250002;Guarabira;do Entorno;Centro Local;268655340.0;16380.42
2502003;Belém do Brejo do Cruz;PB;Nordeste;2503;Patos;do Entorno;250011;Catolé do Rocha - São Bento;do Entorno;Centro Local;93159633.0;14862.74
2502052;Bernardino Batista;PB;Nordeste;2504;Sousa - Cajazeiras;do Entorno;250014;Sousa;do Entorno;Centro Local;53720819.0;15331.28
2502102;Boa Ventura;PB;Nordeste;2503;Patos;do Entorno;250010;Itaporanga;do Entorno;Centro Local;63600867.0;12214.49
2502151;Boa Vista;PB;Nordeste;2502;Campina Grande;do Entorno;250005;Campina Grande;do Entorno;Centro Local;319446395.0;50093.52
2502201;Bom Jesus;PB;Nordeste;2504;Sousa - Cajazeiras;do Entorno;250015;Cajazeiras;do Entorno;Centro Local;40310002.0;17633.42
2502300;Bom Sucesso;PB;Nordeste;2503;Patos;do Entorno;250011;Catolé do Rocha - São Bento;do Entorno;Centro Local;66561105.0;14280.43
2502409;Bonito de Santa Fé;PB;Nordeste;2504;Sousa - Cajazeiras;do Entorno;250015;Cajazeiras;do Entorno;Centro Local;119585901.0;11664.64
2502508;Boqueirão;PB;Nordeste;2502;Campina Grande;do Entorno;250005;Campina Grande;do Entorno;Centro Local;302850002.0;17209.34
2502607;Igaracy;PB;Nordeste;2503;Patos;do Entorno;250010;Itaporanga;do Entorno;Centro Local;73095362.0;12941.81
2502706;Borborema;PB;Nordeste;2501;João Pessoa;do Entorno;250002;Guarabira;do Entorno;Centro Local;80671479.0;19143.68
2502805;Brejo do Cruz;PB;Nordeste;2503;Patos;do Entorno;250011;Catolé do Rocha - São Bento;do Entorno;Centro de Zona B;207305210.0;15228.47
2502904;Brejo dos Santos;PB;Nordeste;2503;Patos;do Entorno;250011;Catolé do Rocha - São Bento;do Entorno;Centro Local;79111285.0;13777.65
2503001;Caaporã;PB;Nordeste;2501;João Pessoa;do Entorno;250001;João Pessoa;do Entorno;Centro Local;545157242.0;25723.46
2503100;Cabaceiras;PB;Nordeste;2502;Campina Grande;do Entorno;250005;Campina Grande;do Entorno;Centro Local;171068677.0;32065.36
2503209;Cabedelo;PB;Nordeste;2501;João Pessoa;do Entorno;250001;João Pessoa;do Entorno;Capital Regional A;4092777006.0;61527.94
2503308;Cachoeira dos Índios;PB;Nordeste;2504;Sousa - Cajazeiras;do Entorno;250015;Cajazeiras;do Entorno;Centro Local;153125239.0;16733.17
2503407;Cacimba de Areia;PB;Nordeste;2503;Patos;do Entorno;250009;Patos;do Entorno;Centro Local;45668953.0;13876.92
2503506;Cacimba de Dentro;PB;Nordeste;2501;João Pessoa;do Entorno;250002;Guarabira;do Entorno;Centro Local;179298703.0;11161.52
2503555;Cacimbas;PB;Nordeste;2503;Patos;do Entorno;250009;Patos;do Entorno;Centro Local;84005404.0;11630.26
2503605;Caiçara;PB;Nordeste;2501;João Pessoa;do Entorno;250002;Guarabira;do Entorno;Centro Local;83427990.0;12636.78
2503704;Cajazeiras;PB;Nordeste;2504;Sousa - Cajazeiras;do Entorno;250015;Cajazeiras;Polo;Centro Sub-Regional A;1808446516.0;28597.01
2503753;Cajazeirinhas;PB;Nordeste;2503;Patos;do Entorno;250012;Pombal;do Entorno;Centro Local;51075078.0;18640.54
2503803;Caldas Brandão;PB;Nordeste;2501;João Pessoa;do Entorno;250001;João Pessoa;do Entorno;Centro Local;92129365.0;16014.14
2503902;Camalaú;PB;Nordeste;2502;Campina Grande;do Entorno;250007;Monteiro;do Entorno;Centro Local;87713432.0;14414.7
2504009;Campina Grande;PB;Nordeste;2502;Campina Grande;Polo;250005;Campina Grande;Polo;Capital Regional C;12908743351.0;30780.61
2504033;Capim;PB;Nordeste;2501;João Pessoa;do Entorno;250003;Mamanguape - Rio Tinto;do Entorno;Centro Local;101591928.0;14575.6
2504074;Caraúbas;PB;Nordeste;2502;Campina Grande;do Entorno;250005;Campina Grande;do Entorno;Centro Local;55068396.0;13962.58
2504108;Carrapateira;PB;Nordeste;2504;Sousa - Cajazeiras;do Entorno;250015;Cajazeiras;do Entorno;Centro Local;39801594.0;17215.22
2504157;Casserengue;PB;Nordeste;2501;João Pessoa;do Entorno;250002;Guarabira;do Entorno;Centro Local;83914327.0;12180.92
2504207;Catingueira;PB;Nordeste;2503;Patos;do Entorno;250009;Patos;do Entorno;Centro Local;63519478.0;14143.73
2504306;Catolé do Rocha;PB;Nordeste;2503;Patos;do Entorno;250011;Catolé do Rocha - São Bento;Polo;Centro de Zona B;622714090.0;20309.65
2504355;Caturité;PB;Nordeste;2502;Campina Grande;do Entorno;250005;Campina Grande;do Entorno;Centro Local;87217458.0;16600.2
2504405;Conceição;PB;Nordeste;2503;Patos;do Entorno;250010;Itaporanga;do Entorno;Centro de Zona B;257650700.0;14110.11
2504504;Condado;PB;Nordeste;2503;Patos;do Entorno;250012;Pombal;do Entorno;Centro Local;89036655.0;13801.99
2504603;Conde;PB;Nordeste;2501;João Pessoa;do Entorno;250001;João Pessoa;do Entorno;Capital Regional A;1648300158.0;59710.2
2504702;Congo;PB;Nordeste;2502;Campina Grande;do Entorno;250008;Sumé;do Entorno;Centro Local;85464512.0;17325.06
2504801;Coremas;PB;Nordeste;2503;Patos;do Entorno;250009;Patos;do Entorno;Centro Local;255021268.0;17368.47
2504850;Coxixola;PB;Nordeste;2502;Campina Grande;do Entorno;250008;Sumé;do Entorno;Centro Local;30936265.0;16960.67
2504900;Cruz do Espírito Santo;PB;Nordeste;2501;João Pessoa;do Entorno;250001;João Pessoa;do Entorno;Centro Local;253013254.0;14800.42
2505006;Cubati;PB;Nordeste;2502;Campina Grande;do Entorno;250005;Campina Grande;do Entorno;Centro Local;102129440.0;13473.54
2505105;Cuité;PB;Nordeste;2502;Campina Grande;do Entorno;250006;Cuité - Nova Floresta;Polo;Centro de Zona B;273446913.0;13867.18
2505204;Cuitegi;PB;Nordeste;2501;João Pessoa;do Entorno;250002;Guarabira;do Entorno;Centro Local;87664047.0;13025.86
2505238;Cuité de Mamanguape;PB;Nordeste;2501;João Pessoa;do Entorno;250001;João Pessoa;do Entorno;Centro Local;85104872.0;13614.6
2505279;Curral de Cima;PB;Nordeste;2501;João Pessoa;do Entorno;250003;Mamanguape - Rio Tinto;do Entorno;Centro Local;74435802.0;14167.45
2505303;Curral Velho;PB;Nordeste;2503;Patos;do Entorno;250010;Itaporanga;do Entorno;Centro Local;33783253.0;14739.64
2505352;Damião;PB;Nordeste;2502;Campina Grande;do Entorno;250006;Cuité - Nova Floresta;do Entorno;Centro Local;62653583.0;12575.99
2505402;Desterro;PB;Nordeste;2503;Patos;do Entorno;250009;Patos;do Entorno;Centro Local;94773816.0;11748.33
2505501;Vista Serrana;PB;Nordeste;2503;Patos;do Entorno;250009;Patos;do Entorno;Centro Local;50452087.0;13856.66
2505600;Diamante;PB;Nordeste;2503;Patos;do Entorno;250010;Itaporanga;do Entorno;Centro Local;75548342.0;11993.7
2505709;Dona Inês;PB;Nordeste;2501;João Pessoa;do Entorno;250002;Guarabira;do Entorno;Centro Local;117418219.0;11311.97
2505808;Duas Estradas;PB;Nordeste;2501;João Pessoa;do Entorno;250002;Guarabira;do Entorno;Centro Local;51973317.0;15621.68
2505907;Emas;PB;Nordeste;2503;Patos;do Entorno;250009;Patos;do Entorno;Centro Local;46041690.0;15291.16
2506004;Esperança;PB;Nordeste;2502;Campina Grande;do Entorno;250005;Campina Grande;do Entorno;Centro Local;851650249.0;27269.39
2506103;Fagundes;PB;Nordeste;2502;Campina Grande;do Entorno;250005;Campina Grande;do Entorno;Centro Local;135440880.0;12258.2
2506202;Frei Martinho;PB;Nordeste;2502;Campina Grande;do Entorno;250006;Cuité - Nova Floresta;do Entorno;Centro Local;38774331.0;13624.15
2506251;Gado Bravo;PB;Nordeste;2502;Campina Grande;do Entorno;250005;Campina Grande;do Entorno;Centro Local;101800869.0;12446.62
2506301;Guarabira;PB;Nordeste;2501;João Pessoa;do Entorno;250002;Guarabira;Polo;Centro Sub-Regional B;1489288359.0;25907.88
2506400;Gurinhém;PB;Nordeste;2501;João Pessoa;do Entorno;250001;João Pessoa;do Entorno;Centro Local;201226502.0;14617.65
2506509;Gurjão;PB;Nordeste;2502;Campina Grande;do Entorno;250005;Campina Grande;do Entorno;Centro Local;50412612.0;15549.85
2506608;Ibiara;PB;Nordeste;2503;Patos;do Entorno;250010;Itaporanga;do Entorno;Centro Local;63597032.0;11294.09
2506707;Imaculada;PB;Nordeste;2503;Patos;do Entorno;250009;Patos;do Entorno;Centro Local;105988276.0;10199.03
2506806;Ingá;PB;Nordeste;2502;Campina Grande;do Entorno;250005;Campina Grande;do Entorno;Centro Local;270159360.0;15270.14
2506905;Itabaiana;PB;Nordeste;2501;João Pessoa;do Entorno;250004;Itabaiana;Polo;Centro Local;417387020.0;18004.79
2507002;Itaporanga;PB;Nordeste;2503;Patos;do Entorno;250010;Itaporanga;Polo;Centro de Zona A;445867099.0;18624.36
2507101;Itapororoca;PB;Nordeste;2501;João Pessoa;do Entorno;250003;Mamanguape - Rio Tinto;do Entorno;Centro Local;261025283.0;14200.05
2507200;Itatuba;PB;Nordeste;2502;Campina Grande;do Entorno;250005;Campina Grande;do Entorno;Centro Local;211521807.0;20146.85
2507309;Jacaraú;PB;Nordeste;2501;João Pessoa;do Entorno;250003;Mamanguape - Rio Tinto;do Entorno;Centro Local;217258076.0;15007.12
2507408;Jericó;PB;Nordeste;2503;Patos;do Entorno;250011;Catolé do Rocha - São Bento;do Entorno;Centro Local;95978613.0;12769.91
2507507;João Pessoa;PB;Nordeste;2501;João Pessoa;Polo;250001;João Pessoa;Polo;Capital Regional A;28442130794.0;34106.06
2507606;Juarez Távora;PB;Nordeste;2501;João Pessoa;do Entorno;250001;João Pessoa;do Entorno;Centro Local;93223035.0;11957.8
2507705;Juazeirinho;PB;Nordeste;2502;Campina Grande;do Entorno;250005;Campina Grande;do Entorno;Centro Local;259621583.0;15265.57
2507804;Junco do Seridó;PB;Nordeste;2502;Campina Grande;do Entorno;250005;Campina Grande;do Entorno;Centro Local;128191592.0;18871.13
2507903;Juripiranga;PB;Nordeste;2501;João Pessoa;do Entorno;250001;João Pessoa;do Entorno;Centro Local;150460562.0;15028.02
2508000;Juru;PB;Nordeste;2503;Patos;do Entorno;250013;Princesa Isabel;do Entorno;Centro Local;111022128.0;12023.19
2508109;Lagoa;PB;Nordeste;2503;Patos;do Entorno;250012;Pombal;do Entorno;Centro Local;65991205.0;14947.05
2508208;Lagoa de Dentro;PB;Nordeste;2501;João Pessoa;do Entorno;250002;Guarabira;do Entorno;Centro Local;104436685.0;13356.78
2508307;Lagoa Seca;PB;Nordeste;2502;Campina Grande;do Entorno;250005;Campina Grande;do Entorno;Capital Regional C;416794368.0;15030.45
2508406;Lastro;PB;Nordeste;2504;Sousa - Cajazeiras;do Entorno;250014;Sousa;do Entorno;Centro Local;37247791.0;11779.82
2508505;Livramento;PB;Nordeste;2502;Campina Grande;do Entorno;250008;Sumé;do Entorno;Centro Local;83601537.0;12156.69
2508554;Logradouro;PB;Nordeste;2501;João Pessoa;do Entorno;250002;Guarabira;do Entorno;Centro Local;65569294.0;13668.81
2508604;Lucena;PB;Nordeste;2501;João Pessoa;do Entorno;250001;João Pessoa;do Entorno;Capital Regional A;279943950.0;22288.53
2508703;Mãe d'Água;PB;Nordeste;2503;Patos;do Entorno;250009;Patos;do Entorno;Centro Local;45505079.0;12700.27
2508802;Malta;PB;Nordeste;2503;Patos;do Entorno;250009;Patos;do Entorno;Centro Local;77515727.0;12820.99
2508901;Mamanguape;PB;Nordeste;2501;João Pessoa;do Entorno;250003;Mamanguape - Rio Tinto;Polo;Centro de Zona A;1086800044.0;24368.26
2509008;Manaíra;PB;Nordeste;2503;Patos;do Entorno;250013;Princesa Isabel;do Entorno;Centro Local;110034241.0;10545.74
2509057;Marcação;PB;Nordeste;2501;João Pessoa;do Entorno;250003;Mamanguape - Rio Tinto;do Entorno;Centro Local;123335931.0;13705.52
2509107;Mari;PB;Nordeste;2501;João Pessoa;do Entorno;250001;João Pessoa;do Entorno;Centro Local;303051596.0;14087.56
2509156;Marizópolis;PB;Nordeste;2504;Sousa - Cajazeiras;do Entorno;250014;Sousa;do Entorno;Centro Local;97757446.0;14579.78
2509206;Massaranduba;PB;Nordeste;2502;Campina Grande;do Entorno;250005;Campina Grande;do Entorno;Capital Regional C;196172625.0;13874.58
2509305;Mataraca;PB;Nordeste;2501;João Pessoa;do Entorno;250003;Mamanguape - Rio Tinto;do Entorno;Centro Local;231045680.0;28025.92
2509339;Matinhas;PB;Nordeste;2502;Campina Grande;do Entorno;250005;Campina Grande;do Entorno;Centro Local;80820674.0;17681.18
2509370;Mato Grosso;PB;Nordeste;2503;Patos;do Entorno;250011;Catolé do Rocha - São Bento;do Entorno;Centro Local;38899586.0;15296.73
2509396;Maturéia;PB;Nordeste;2503;Patos;do Entorno;250009;Patos;do Entorno;Centro Local;79510308.0;12359.76
2509404;Mogeiro;PB;Nordeste;2501;João Pessoa;do Entorno;250004;Itabaiana;do Entorno;Centro Local;220316809.0;15851.27
2509503;Montadas;PB;Nordeste;2502;Campina Grande;do Entorno;250005;Campina Grande;do Entorno;Centro Local;68334855.0;11757.55
2509602;Monte Horebe;PB;Nordeste;2504;Sousa - Cajazeiras;do Entorno;250015;Cajazeiras;do Entorno;Centro Local;59799721.0;13785.09
2509701;Monteiro;PB;Nordeste;2502;Campina Grande;do Entorno;250007;Monteiro;Polo;Centro de Zona B;842417323.0;26099.62
2509800;Mulungu;PB;Nordeste;2501;João Pessoa;do Entorno;250002;Guarabira;do Entorno;Centro Local;111589121.0;12693.56
2509909;Natuba;PB;Nordeste;2501;João Pessoa;do Entorno;250004;Itabaiana;do Entorno;Centro Local;116149056.0;12984.8
2510006;Nazarezinho;PB;Nordeste;2504;Sousa - Cajazeiras;do Entorno;250014;Sousa;do Entorno;Centro Local;81440989.0;11306.54
2510105;Nova Floresta;PB;Nordeste;2502;Campina Grande;do Entorno;250006;Cuité - Nova Floresta;Polo;Centro de Zona B;114955039.0;11821.79
2510204;Nova Olinda;PB;Nordeste;2503;Patos;do Entorno;250010;Itaporanga;do Entorno;Centro Local;69482458.0;12006.65
2510303;Nova Palmeira;PB;Nordeste;2502;Campina Grande;do Entorno;250006;Cuité - Nova Floresta;do Entorno;Centro Local;54633272.0;12827.72
2510402;Olho d'Água;PB;Nordeste;2503;Patos;do Entorno;250009;Patos;do Entorno;Centro Local;76533574.0;12629.3
2510501;Olivedos;PB;Nordeste;2502;Campina Grande;do Entorno;250005;Campina Grande;do Entorno;Centro Local;53270440.0;14880.01
2510600;Ouro Velho;PB;Nordeste;2502;Campina Grande;do Entorno;250007;Monteiro;do Entorno;Centro Local;47542267.0;16292.76
2510659;Parari;PB;Nordeste;2502;Campina Grande;do Entorno;250008;Sumé;do Entorno;Centro Local;28041853.0;16303.4
2510709;Passagem;PB;Nordeste;2503;Patos;do Entorno;250009;Patos;do Entorno;Centro Local;35351992.0;14353.22
2510808;Patos;PB;Nordeste;2503;Patos;Polo;250009;Patos;Polo;Centro Sub-Regional A;2555214303.0;24768.23
2510907;Paulista;PB;Nordeste;2503;Patos;do Entorno;250012;Pombal;do Entorno;Centro Local;200280851.0;16924.19
2511004;Pedra Branca;PB;Nordeste;2503;Patos;do Entorno;250010;Itaporanga;do Entorno;Centro Local;48602052.0;12998.68
2511103;Pedra Lavrada;PB;Nordeste;2502;Campina Grande;do Entorno;250006;Cuité - Nova Floresta;do Entorno;Centro Local;94715184.0;13808.89
2511202;Pedras de Fogo;PB;Nordeste;2501;João Pessoa;do Entorno;250001;João Pessoa;do Entorno;Centro Local;836968568.0;28216.86
2511301;Piancó;PB;Nordeste;2503;Patos;do Entorno;250010;Itaporanga;do Entorno;Centro de Zona B;246684781.0;15004.24
2511400;Picuí;PB;Nordeste;2502;Campina Grande;do Entorno;250006;Cuité - Nova Floresta;do Entorno;Centro de Zona B;270316204.0;14744.79
2511509;Pilar;PB;Nordeste;2501;João Pessoa;do Entorno;250001;João Pessoa;do Entorno;Centro Local;158900966.0;12907.23
2511608;Pilões;PB;Nordeste;2501;João Pessoa;do Entorno;250002;Guarabira;do Entorno;Centro Local;133896434.0;19647.31
2511707;Pilõezinhos;PB;Nordeste;2501;João Pessoa;do Entorno;250002;Guarabira;do Entorno;Centro Sub-Regional B;64515534.0;12106.5
2511806;Pirpirituba;PB;Nordeste;2501;João Pessoa;do Entorno;250002;Guarabira;do Entorno;Centro Local;120990462.0;12954.01
2511905;Pitimbu;PB;Nordeste;2501;João Pessoa;do Entorno;250001;João Pessoa;do Entorno;Centro Local;479171698.0;28605.56
2512002;Pocinhos;PB;Nordeste;2502;Campina Grande;do Entorno;250005;Campina Grande;do Entorno;Centro Local;334111865.0;19125.99
2512036;Poço Dantas;PB;Nordeste;2504;Sousa - Cajazeiras;do Entorno;250014;Sousa;do Entorno;Centro Local;56713300.0;14807.65
2512077;Poço de José de Moura;PB;Nordeste;2504;Sousa - Cajazeiras;do Entorno;250015;Cajazeiras;do Entorno;Centro Local;61655267.0;15390.73
2512101;Pombal;PB;Nordeste;2503;Patos;do Entorno;250012;Pombal;Polo;Centro de Zona A;594290116.0;18301.05
2512200;Prata;PB;Nordeste;2502;Campina Grande;do Entorno;250007;Monteiro;do Entorno;Centro Local;83660221.0;21369.15
2512309;Princesa Isabel;PB;Nordeste;2503;Patos;do Entorno;250013;Princesa Isabel;Polo;Centro de Zona B;343378966.0;16263.09
2512408;Puxinanã;PB;Nordeste;2502;Campina Grande;do Entorno;250005;Campina Grande;do Entorno;Capital Regional C;189387338.0;13265.21
2512507;Queimadas;PB;Nordeste;2502;Campina Grande;do Entorno;250005;Campina Grande;do Entorno;Capital Regional C;788731565.0;16549.83
2512606;Quixaba;PB;Nordeste;2503;Patos;do Entorno;250009;Patos;do Entorno;Centro Sub-Regional A;30647384.0;17583.12
2512705;Remígio;PB;Nordeste;2502;Campina Grande;do Entorno;250005;Campina Grande;do Entorno;Centro Local;224366232.0;12544.94
2512721;Pedro Régis;PB;Nordeste;2501;João Pessoa;do Entorno;250003;Mamanguape - Rio Tinto;do Entorno;Centro Local;70515597.0;12229.55
2512747;Riachão;PB;Nordeste;2501;João Pessoa;do Entorno;250002;Guarabira;do Entorno;Centro Local;42006934.0;14351.53
2512754;Riachão do Bacamarte;PB;Nordeste;2502;Campina Grande;do Entorno;250005;Campina Grande;do Entorno;Centro Local;68122085.0;14524.96
2512762;Riachão do Poço;PB;Nordeste;2501;João Pessoa;do Entorno;250001;João Pessoa;do Entorno;Centro Local;73545674.0;15522.51
2512788;Riacho de Santo Antônio;PB;Nordeste;2502;Campina Grande;do Entorno;250005;Campina Grande;do Entorno;Centro Local;35322056.0;18067.55
2512804;Riacho dos Cavalos;PB;Nordeste;2503;Patos;do Entorno;250011;Catolé do Rocha - São Bento;do Entorno;Centro Local;111761073.0;13159.2
2512903;Rio Tinto;PB;Nordeste;2501;João Pessoa;do Entorno;250003;Mamanguape - Rio Tinto;Polo;Centro de Zona A;393103959.0;15992.19
2513000;Salgadinho;PB;Nordeste;2503;Patos;do Entorno;250009;Patos;do Entorno;Centro Local;40278149.0;12005.41
2513109;Salgado de São Félix;PB;Nordeste;2501;João Pessoa;do Entorno;250004;Itabaiana;do Entorno;Centro Local;177321450.0;15412.56
2513158;Santa Cecília;PB;Nordeste;2502;Campina Grande;do Entorno;250005;Campina Grande;do Entorno;Centro Local;90463261.0;11794.43
2513208;Santa Cruz;PB;Nordeste;2504;Sousa - Cajazeiras;do Entorno;250014;Sousa;do Entorno;Centro Local;74311872.0;12495.69
2513307;Santa Helena;PB;Nordeste;2504;Sousa - Cajazeiras;do Entorno;250015;Cajazeiras;do Entorno;Centro Local;84255792.0;14365.86
2513356;Santa Inês;PB;Nordeste;2503;Patos;do Entorno;250010;Itaporanga;do Entorno;Centro Local;40015277.0;12400.15
2513406;Santa Luzia;PB;Nordeste;2503;Patos;do Entorno;250009;Patos;do Entorno;Centro de Zona B;573425022.0;38333.11
2513505;Santana de Mangueira;PB;Nordeste;2503;Patos;do Entorno;250010;Itaporanga;do Entorno;Centro Local;60940205.0;12163.71
2513604;Santana dos Garrotes;PB;Nordeste;2503;Patos;do Entorno;250010;Itaporanga;do Entorno;Centro Local;81501799.0;12407.03
2513653;Joca Claudino;PB;Nordeste;2504;Sousa - Cajazeiras;do Entorno;250014;Sousa;do Entorno;Centro Local;43129227.0;16986.7
2513703;Santa Rita;PB;Nordeste;2501;João Pessoa;do Entorno;250001;João Pessoa;do Entorno;Capital Regional A;3163543763.0;21102.95
2513802;Santa Teresinha;PB;Nordeste;2503;Patos;do Entorno;250009;Patos;do Entorno;Centro Local;66909087.0;15199.7
2513851;Santo André;PB;Nordeste;2502;Campina Grande;do Entorno;250005;Campina Grande;do Entorno;Centro Local;40211065.0;15336.03
2513901;São Bento;PB;Nordeste;2503;Patos;do Entorno;250011;Catolé do Rocha - São Bento;Polo;Centro de Zona A;724346431.0;22470.81
2513927;São Bentinho;PB;Nordeste;2503;Patos;do Entorno;250012;Pombal;do Entorno;Centro Local;64263648.0;14851.78
2513943;São Domingos do Cariri;PB;Nordeste;2502;Campina Grande;do Entorno;250005;Campina Grande;do Entorno;Centro Local;39709470.0;15361.5
2513968;São Domingos;PB;Nordeste;2503;Patos;do Entorno;250012;Pombal;do Entorno;Centro Local;44068497.0;16982.08
2513984;São Francisco;PB;Nordeste;2504;Sousa - Cajazeiras;do Entorno;250014;Sousa;do Entorno;Centro Local;48446698.0;15443.64
2514008;São João do Cariri;PB;Nordeste;2502;Campina Grande;do Entorno;250005;Campina Grande;do Entorno;Centro Local;71554611.0;16932.0
2514107;São João do Tigre;PB;Nordeste;2502;Campina Grande;do Entorno;250007;Monteiro;do Entorno;Centro Local;51496027.0;12079.76
2514206;São José da Lagoa Tapada;PB;Nordeste;2504;Sousa - Cajazeiras;do Entorno;250014;Sousa;do Entorno;Centro Local;87268516.0;12246.49
2514305;São José de Caiana;PB;Nordeste;2503;Patos;do Entorno;250010;Itaporanga;do Entorno;Centro Local;63973028.0;12708.19
2514404;São José de Espinharas;PB;Nordeste;2503;Patos;do Entorno;250009;Patos;do Entorno;Centro Local;66469263.0;16279.52
2514453;São José dos Ramos;PB;Nordeste;2501;João Pessoa;do Entorno;250004;Itabaiana;do Entorno;Centro Local;78200070.0;13274.5
2514503;São José de Piranhas;PB;Nordeste;2504;Sousa - Cajazeiras;do Entorno;250015;Cajazeiras;do Entorno;Centro de Zona B;289436757.0;15179.98
2514552;São José de Princesa;PB;Nordeste;2503;Patos;do Entorno;250013;Princesa Isabel;do Entorno;Centro Local;43362375.0;12693.9
2514602;São José do Bonfim;PB;Nordeste;2503;Patos;do Entorno;250009;Patos;do Entorno;Centro Local;41022329.0;12653.4
2514651;São José do Brejo do Cruz;PB;Nordeste;2503;Patos;do Entorno;250011;Catolé do Rocha - São Bento;do Entorno;Centro Local;36303497.0;21367.57
2514701;São José do Sabugi;PB;Nordeste;2503;Patos;do Entorno;250009;Patos;do Entorno;Centro Local;129590582.0;31317.2
2514800;São José dos Cordeiros;PB;Nordeste;2502;Campina Grande;do Entorno;250008;Sumé;do Entorno;Centro Local;44794600.0;13132.4
2514909;São Mamede;PB;Nordeste;2503;Patos;do Entorno;250009;Patos;do Entorno;Centro Local;101240525.0;13552.95
2515005;São Miguel de Taipu;PB;Nordeste;2501;João Pessoa;do Entorno;250001;João Pessoa;do Entorno;Centro Local;122551230.0;17343.79
2515104;São Sebastião de Lagoa de Roça;PB;Nordeste;2502;Campina Grande;do Entorno;250005;Campina Grande;do Entorno;Centro Local;133992679.0;12137.02
2515203;São Sebastião do Umbuzeiro;PB;Nordeste;2502;Campina Grande;do Entorno;250007;Monteiro;do Entorno;Centro Local;46471719.0;14172.53
2515302;Sapé;PB;Nordeste;2501;João Pessoa;do Entorno;250001;João Pessoa;do Entorno;Centro Local;852470983.0;16615.42
2515401;São Vicente do Seridó;PB;Nordeste;2502;Campina Grande;do Entorno;250005;Campina Grande;do Entorno;Centro Local;112002676.0;10883.56
2515500;Serra Branca;PB;Nordeste;2502;Campina Grande;do Entorno;250008;Sumé;do Entorno;Centro de Zona B;187052161.0;13739.69
2515609;Serra da Raiz;PB;Nordeste;2501;João Pessoa;do Entorno;250002;Guarabira;do Entorno;Centro Local;47507443.0;15354.7
2515708;Serra Grande;PB;Nordeste;2504;Sousa - Cajazeiras;do Entorno;250015;Cajazeiras;do Entorno;Centro Local;40405738.0;13734.11
2515807;Serra Redonda;PB;Nordeste;2502;Campina Grande;do Entorno;250005;Campina Grande;do Entorno;Centro Local;74714691.0;10942.4
2515906;Serraria;PB;Nordeste;2501;João Pessoa;do Entorno;250002;Guarabira;do Entorno;Centro Local;79578973.0;16290.48
2515930;Sertãozinho;PB;Nordeste;2501;João Pessoa;do Entorno;250002;Guarabira;do Entorno;Centro Local;71174834.0;14082.87
2515971;Sobrado;PB;Nordeste;2501;João Pessoa;do Entorno;250001;João Pessoa;do Entorno;Centro Local;135261631.0;16423.22
2516003;Solânea;PB;Nordeste;2501;João Pessoa;do Entorno;250002;Guarabira;do Entorno;Centro de Zona B;428474553.0;16003.38
2516102;Soledade;PB;Nordeste;2502;Campina Grande;do Entorno;250005;Campina Grande;do Entorno;Centro Local;319642968.0;22883.95
2516151;Sossêgo;PB;Nordeste;2502;Campina Grande;do Entorno;250006;Cuité - Nova Floresta;do Entorno;Centro Local;47774606.0;14282.39
2516201;Sousa;PB;Nordeste;2504;Sousa - Cajazeiras;do Entorno;250014;Sousa;Polo;Centro Sub-Regional B;1714769851.0;25495.02
2516300;Sumé;PB;Nordeste;2502;Campina Grande;do Entorno;250008;Sumé;Polo;Centro de Zona B;255600848.0;14889.95
2516409;Tacima;PB;Nordeste;2501;João Pessoa;do Entorno;250002;Guarabira;do Entorno;Centro Local;106669944.0;13317.1
2516508;Taperoá;PB;Nordeste;2502;Campina Grande;do Entorno;250005;Campina Grande;do Entorno;Centro Local;169781047.0;12068.6
2516607;Tavares;PB;Nordeste;2503;Patos;do Entorno;250013;Princesa Isabel;do Entorno;Centro Local;167332902.0;11866.74
2516706;Teixeira;PB;Nordeste;2503;Patos;do Entorno;250009;Patos;do Entorno;Centro Local;222478776.0;15205.99
2516755;Tenório;PB;Nordeste;2502;Campina Grande;do Entorno;250005;Campina Grande;do Entorno;Centro Local;40231265.0;13564.15
2516805;Triunfo;PB;Nordeste;2504;Sousa - Cajazeiras;do Entorno;250015;Cajazeiras;do Entorno;Centro Local;121796408.0;12312.62
2516904;Uiraúna;PB;Nordeste;2504;Sousa - Cajazeiras;do Entorno;250014;Sousa;do Entorno;Centro de Zona B;245509735.0;16444.05
2517001;Umbuzeiro;PB;Nordeste;2502;Campina Grande;do Entorno;250005;Campina Grande;do Entorno;Centro Local;118557079.0;12993.98
2517100;Várzea;PB;Nordeste;2503;Patos;do Entorno;250009;Patos;do Entorno;Centro Local;46408077.0;17394.33
2517209;Vieirópolis;PB;Nordeste;2504;Sousa - Cajazeiras;do Entorno;250014;Sousa;do Entorno;Centro Local;59242478.0;12179.79
2517407;Zabelê;PB;Nordeste;2502;Campina Grande;do Entorno;250007;Monteiro;do Entorno;Centro Local;35337319.0;15860.56
2600054;Abreu e Lima;PE;Nordeste;2601;Recife;do Entorno;260001;Recife;do Entorno;Metrópole;2129775378.0;21630.43
2600104;Afogados da Ingazeira;PE;Nordeste;2603;Serra Talhada;do Entorno;260014;Afogados da Ingazeira;Polo;Centro Sub-Regional B;651000735.0;16273.39
2600203;Afrânio;PE;Nordeste;2604;Petrolina;do Entorno;260015;Petrolina;do Entorno;Centro Local;271667780.0;14547.92
2600302;Agrestina;PE;Nordeste;2602;Caruaru;do Entorno;260009;Caruaru;do Entorno;Centro Local;368076202.0;15479.04
2600401;Água Preta;PE;Nordeste;2601;Recife;do Entorno;260003;Palmares;do Entorno;Centro Local;263641502.0;9963.4
2600500;Águas Belas;PE;Nordeste;2602;Caruaru;do Entorno;260010;Garanhuns;do Entorno;Centro Local;489637130.0;11784.85
2600609;Alagoinha;PE;Nordeste;2602;Caruaru;do Entorno;260012;Belo Jardim – Pesqueira;do Entorno;Centro Local;199751482.0;14234.41
2600708;Aliança;PE;Nordeste;2601;Recife;do Entorno;260002;Goiana – Timbaúba;do Entorno;Centro Local;472448892.0;13218.68
2600807;Altinho;PE;Nordeste;2602;Caruaru;do Entorno;260009;Caruaru;do Entorno;Centro Local;302021724.0;14608.77
2600906;Amaraji;PE;Nordeste;2601;Recife;do Entorno;260018;Escada - Ribeirão;do Entorno;Centro Local;307791652.0;16906.98
2601003;Angelim;PE;Nordeste;2602;Caruaru;do Entorno;260010;Garanhuns;do Entorno;Centro Local;186927480.0;18258.2
2601052;Araçoiaba;PE;Nordeste;2601;Recife;do Entorno;260001;Recife;do Entorno;Metrópole;203113302.0;10555.18
2601102;Araripina;PE;Nordeste;2604;Petrolina;do Entorno;260016;Araripina;Polo;Centro Sub-Regional B;1777713458.0;20892.65
2601201;Arcoverde;PE;Nordeste;2602;Caruaru;do Entorno;260011;Arcoverde;Polo;Centro Sub-Regional A;1503621461.0;19341.17
2601300;Barra de Guabiraba;PE;Nordeste;2602;Caruaru;do Entorno;260009;Caruaru;do Entorno;Centro Local;197016750.0;16065.95
2601409;Barreiros;PE;Nordeste;2601;Recife;do Entorno;260007;Barreiros - Sirinhaém;Polo;Centro de Zona A;645436725.0;16087.25
2601508;Belém de Maria;PE;Nordeste;2601;Recife;do Entorno;260003;Palmares;do Entorno;Centro Local;110733486.0;10485.13
2601607;Belém do São Francisco;PE;Nordeste;2604;Petrolina;do Entorno;260017;Salgueiro;do Entorno;Centro Local;715390261.0;39090.23
2601706;Belo Jardim;PE;Nordeste;2602;Caruaru;do Entorno;260012;Belo Jardim – Pesqueira;Polo;Centro Sub-Regional B;3429627918.0;43136.18
2601805;Betânia;PE;Nordeste;2603;Serra Talhada;do Entorno;260013;Serra Talhada;do Entorno;Centro Local;125497931.0;10773.28
2601904;Bezerros;PE;Nordeste;2602;Caruaru;do Entorno;260009;Caruaru;do Entorno;Centro Local;1089684939.0;17634.15
2602001;Bodocó;PE;Nordeste;2604;Petrolina;do Entorno;260016;Araripina;do Entorno;Centro Local;388247393.0;11260.73
2602100;Bom Conselho;PE;Nordeste;2602;Caruaru;do Entorno;260010;Garanhuns;do Entorno;Centro Local;801671252.0;18177.25
2602209;Bom Jardim;PE;Nordeste;2601;Recife;do Entorno;260004;Limoeiro;do Entorno;Centro Local;419042210.0;11175.35
2602308;Bonito;PE;Nordeste;2602;Caruaru;do Entorno;260009;Caruaru;do Entorno;Centro Local;736190805.0;19728.56
2602407;Brejão;PE;Nordeste;2602;Caruaru;do Entorno;260010;Garanhuns;do Entorno;Centro Local;226947872.0;24997.01
2602506;Brejinho;PE;Nordeste;2603;Serra Talhada;do Entorno;260014;Afogados da Ingazeira;do Entorno;Centro Local;95682714.0;12394.13
2602605;Brejo da Madre de Deus;PE;Nordeste;2602;Caruaru;do Entorno;260009;Caruaru;do Entorno;Centro Local;530034971.0;10895.98
2602704;Buenos Aires;PE;Nordeste;2601;Recife;do Entorno;260006;Carpina;do Entorno;Centro Local;163216659.0;12743.34
2602803;Buíque;PE;Nordeste;2602;Caruaru;do Entorno;260011;Arcoverde;do Entorno;Centro Local;647063336.0;12420.36
2602902;Cabo de Santo Agostinho;PE;Nordeste;2601;Recife;do Entorno;260001;Recife;do Entorno;Metrópole;15897620496.0;78144.03
2603009;Cabrobó;PE;Nordeste;2604;Petrolina;do Entorno;260017;Salgueiro;do Entorno;Centro Local;536174835.0;17699.04
2603108;Cachoeirinha;PE;Nordeste;2602;Caruaru;do Entorno;260009;Caruaru;do Entorno;Centro Local;290338482.0;14590.61
2603207;Caetés;PE;Nordeste;2602;Caruaru;do Entorno;260010;Garanhuns;do Entorno;Centro Local;503211951.0;17456.27
2603306;Calçado;PE;Nordeste;2602;Caruaru;do Entorno;260010;Garanhuns;do Entorno;Centro Local;134330846.0;12123.72
2603405;Calumbi;PE;Nordeste;2603;Serra Talhada;do Entorno;260013;Serra Talhada;do Entorno;Centro Local;62248882.0;11906.83
2603454;Camaragibe;PE;Nordeste;2601;Recife;do Entorno;260001;Recife;do Entorno;Metrópole;2436551849.0;16488.7
2603504;Camocim de São Félix;PE;Nordeste;2602;Caruaru;do Entorno;260009;Caruaru;do Entorno;Centro Local;209246358.0;12012.54
2603603;Camutanga;PE;Nordeste;2601;Recife;do Entorno;260002;Goiana – Timbaúba;do Entorno;Centro Local;427495169.0;55160.67
2603702;Canhotinho;PE;Nordeste;2602;Caruaru;do Entorno;260010;Garanhuns;do Entorno;Centro Local;364995920.0;14993.26
2603801;Capoeiras;PE;Nordeste;2602;Caruaru;do Entorno;260010;Garanhuns;do Entorno;Centro Local;266090116.0;14449.64
2603900;Carnaíba;PE;Nordeste;2603;Serra Talhada;do Entorno;260014;Afogados da Ingazeira;do Entorno;Centro Local;212891122.0;11259.91
2603926;Carnaubeira da Penha;PE;Nordeste;2603;Serra Talhada;do Entorno;260013;Serra Talhada;do Entorno;Centro Local;107059281.0;8747.39
2604007;Carpina;PE;Nordeste;2601;Recife;do Entorno;260006;Carpina;Polo;Centro Sub-Regional B;1937470426.0;24434.32
2604106;Caruaru;PE;Nordeste;2602;Caruaru;Polo;260009;Caruaru;Polo;Capital Regional B;11238433526.0;29738.31
2604155;Casinhas;PE;Nordeste;2601;Recife;do Entorno;260008;Surubim;do Entorno;Centro Local;125630548.0;9576.23
2604205;Catende;PE;Nordeste;2601;Recife;do Entorno;260003;Palmares;do Entorno;Centro Local;390074712.0;12130.7
2604304;Cedro;PE;Nordeste;2604;Petrolina;do Entorno;260017;Salgueiro;do Entorno;Centro Local;133554484.0;12697.71
2604403;Chã de Alegria;PE;Nordeste;2601;Recife;do Entorno;260005;Vitória de Santo Antão;do Entorno;Centro Local;190272542.0;14654.39
2604502;Chã Grande;PE;Nordeste;2602;Caruaru;do Entorno;260009;Caruaru;do Entorno;Centro Local;325128686.0;15824.43
2604601;Condado;PE;Nordeste;2601;Recife;do Entorno;260002;Goiana – Timbaúba;do Entorno;Centro Local;294986647.0;11997.67
2604700;Correntes;PE;Nordeste;2602;Caruaru;do Entorno;260010;Garanhuns;do Entorno;Centro Local;211879991.0;12368.22
2604809;Cortês;PE;Nordeste;2601;Recife;do Entorno;260018;Escada - Ribeirão;do Entorno;Centro Local;147761122.0;14268.17
2604908;Cumaru;PE;Nordeste;2602;Caruaru;do Entorno;260009;Caruaru;do Entorno;Centro Local;163890032.0;10334.2
2605004;Cupira;PE;Nordeste;2602;Caruaru;do Entorno;260009;Caruaru;do Entorno;Centro Local;355808776.0;15129.21
2605103;Custódia;PE;Nordeste;2602;Caruaru;do Entorno;260011;Arcoverde;do Entorno;Centro Local;759609293.0;20394.93
2605152;Dormentes;PE;Nordeste;2604;Petrolina;do Entorno;260015;Petrolina;do Entorno;Centro Local;311853941.0;18143.7
2605202;Escada;PE;Nordeste;2601;Recife;do Entorno;260018;Escada - Ribeirão;Polo;Centro Sub-Regional B;1582303161.0;26428.1
2605301;Exu;PE;Nordeste;2604;Petrolina;do Entorno;260016;Araripina;do Entorno;Centro Local;440315223.0;13827.69
2605400;Feira Nova;PE;Nordeste;2601;Recife;do Entorno;260004;Limoeiro;do Entorno;Centro Local;274542362.0;12812.92
2605459;Fernando de Noronha;PE;Nordeste;2601;Recife;do Entorno;260001;Recife;do Entorno;Centro Local;304923356.0;96281.45
2605509;Ferreiros;PE;Nordeste;2601;Recife;do Entorno;260002;Goiana – Timbaúba;do Entorno;Centro Local;171422622.0;11408.4
2605608;Flores;PE;Nordeste;2603;Serra Talhada;do Entorno;260013;Serra Talhada;do Entorno;Centro Local;245679199.0;12074.47
2605707;Floresta;PE;Nordeste;2603;Serra Talhada;do Entorno;260013;Serra Talhada;do Entorno;Centro de Zona B;583258526.0;19397.34
2605806;Frei Miguelinho;PE;Nordeste;2601;Recife;do Entorno;260008;Surubim;do Entorno;Centro Local;152032112.0;11119.96
2605905;Gameleira;PE;Nordeste;2601;Recife;do Entorno;260003;Palmares;do Entorno;Centro Local;248184298.0;13626.02
2606002;Garanhuns;PE;Nordeste;2602;Caruaru;do Entorno;260010;Garanhuns;Polo;Capital Regional C;3834635254.0;26904.81
2606101;Glória do Goitá;PE;Nordeste;2601;Recife;do Entorno;260005;Vitória de Santo Antão;do Entorno;Centro Local;626114211.0;21652.86
2606200;Goiana;PE;Nordeste;2601;Recife;do Entorno;260002;Goiana – Timbaúba;Polo;Centro Sub-Regional B;13893622950.0;171409.82
2606309;Granito;PE;Nordeste;2604;Petrolina;do Entorno;260016;Araripina;do Entorno;Centro Local;91070663.0;13071.72
2606408;Gravatá;PE;Nordeste;2602;Caruaru;do Entorno;260009;Caruaru;do Entorno;Centro de Zona A;1637743490.0;18929.95
2606507;Iati;PE;Nordeste;2602;Caruaru;do Entorno;260010;Garanhuns;do Entorno;Centro Local;236012709.0;13749.65
2606606;Ibimirim;PE;Nordeste;2602;Caruaru;do Entorno;260011;Arcoverde;do Entorno;Centro Local;425354782.0;15554.55
2606705;Ibirajuba;PE;Nordeste;2602;Caruaru;do Entorno;260009;Caruaru;do Entorno;Centro Local;99152810.0;13886.95
2606804;Igarassu;PE;Nordeste;2601;Recife;do Entorno;260001;Recife;do Entorno;Metrópole;3770816207.0;32733.92
2606903;Iguaracy;PE;Nordeste;2603;Serra Talhada;do Entorno;260014;Afogados da Ingazeira;do Entorno;Centro Local;122067904.0;11038.88
2607000;Inajá;PE;Nordeste;2602;Caruaru;do Entorno;260011;Arcoverde;do Entorno;Centro Local;276204457.0;10730.55
2607109;Ingazeira;PE;Nordeste;2603;Serra Talhada;do Entorno;260014;Afogados da Ingazeira;do Entorno;Centro Local;65456660.0;13696.73
2607208;Ipojuca;PE;Nordeste;2601;Recife;do Entorno;260001;Recife;do Entorno;Metrópole;17972323334.0;181663.4
2607307;Ipubi;PE;Nordeste;2604;Petrolina;do Entorno;260016;Araripina;do Entorno;Centro Local;412535385.0;14220.94
2607406;Itacuruba;PE;Nordeste;2604;Petrolina;do Entorno;260017;Salgueiro;do Entorno;Centro Local;82429917.0;18940.7
2607505;Itaíba;PE;Nordeste;2602;Caruaru;do Entorno;260011;Arcoverde;do Entorno;Centro Local;390249465.0;12345.37
2607604;Ilha de Itamaracá;PE;Nordeste;2601;Recife;do Entorno;260001;Recife;do Entorno;Metrópole;298294942.0;12155.46
2607653;Itambé;PE;Nordeste;2601;Recife;do Entorno;260002;Goiana – Timbaúba;do Entorno;Centro Local;586822738.0;16797.56
2607703;Itapetim;PE;Nordeste;2603;Serra Talhada;do Entorno;260014;Afogados da Ingazeira;do Entorno;Centro Local;170269168.0;12346.4
2607752;Itapissuma;PE;Nordeste;2601;Recife;do Entorno;260001;Recife;do Entorno;Metrópole;3258624133.0;117432.13
2607802;Itaquitinga;PE;Nordeste;2601;Recife;do Entorno;260002;Goiana – Timbaúba;do Entorno;Centro Local;223249412.0;13486.13
2607901;Jaboatão dos Guararapes;PE;Nordeste;2601;Recife;do Entorno;260001;Recife;do Entorno;Metrópole;20281297853.0;31490.89
2607950;Jaqueira;PE;Nordeste;2601;Recife;do Entorno;260003;Palmares;do Entorno;Centro Local;129333729.0;12621.62
2608008;Jataúba;PE;Nordeste;2602;Caruaru;do Entorno;260009;Caruaru;do Entorno;Centro Local;192384192.0;12143.17
2608057;Jatobá;PE;Nordeste;2603;Serra Talhada;do Entorno;260013;Serra Talhada;do Entorno;Centro Local;183613565.0;13096.55
2608107;João Alfredo;PE;Nordeste;2601;Recife;do Entorno;260004;Limoeiro;do Entorno;Centro Local;354878784.0;12799.96
2608206;Joaquim Nabuco;PE;Nordeste;2601;Recife;do Entorno;260003;Palmares;do Entorno;Centro Local;164490898.0;12396.63
2608255;Jucati;PE;Nordeste;2602;Caruaru;do Entorno;260010;Garanhuns;do Entorno;Centro Local;142789573.0;12396.0
2608305;Jupi;PE;Nordeste;2602;Caruaru;do Entorno;260010;Garanhuns;do Entorno;Centro Local;247149782.0;16123.02
2608404;Jurema;PE;Nordeste;2602;Caruaru;do Entorno;260010;Garanhuns;do Entorno;Centro Local;146165657.0;10709.68
2608453;Lagoa do Carro;PE;Nordeste;2601;Recife;do Entorno;260006;Carpina;do Entorno;Centro Local;327921218.0;18237.1
2608503;Lagoa de Itaenga;PE;Nordeste;2601;Recife;do Entorno;260006;Carpina;do Entorno;Centro Local;551073701.0;28356.16
2608602;Lagoa do Ouro;PE;Nordeste;2602;Caruaru;do Entorno;260010;Garanhuns;do Entorno;Centro Local;150180496.0;12531.75
2608701;Lagoa dos Gatos;PE;Nordeste;2602;Caruaru;do Entorno;260009;Caruaru;do Entorno;Centro Local;168830764.0;11994.23
2608750;Lagoa Grande;PE;Nordeste;2604;Petrolina;do Entorno;260015;Petrolina;do Entorno;Centro Local;713608793.0;29625.07
2608800;Lajedo;PE;Nordeste;2602;Caruaru;do Entorno;260010;Garanhuns;do Entorno;Centro de Zona B;706467145.0;17848.19
2608909;Limoeiro;PE;Nordeste;2601;Recife;do Entorno;260004;Limoeiro;Polo;Centro Sub-Regional B;991140218.0;17539.2
2609006;Macaparana;PE;Nordeste;2601;Recife;do Entorno;260002;Goiana – Timbaúba;do Entorno;Centro Local;359207789.0;15042.83
2609105;Machados;PE;Nordeste;2601;Recife;do Entorno;260004;Limoeiro;do Entorno;Centro Local;271714468.0;24079.62
2609154;Manari;PE;Nordeste;2602;Caruaru;do Entorno;260011;Arcoverde;do Entorno;Centro Local;183153582.0;7201.7
2609204;Maraial;PE;Nordeste;2601;Recife;do Entorno;260003;Palmares;do Entorno;Centro Local;110045031.0;11758.2
2609303;Mirandiba;PE;Nordeste;2603;Serra Talhada;do Entorno;260013;Serra Talhada;do Entorno;Centro Local;221207024.0;15615.35
2609402;Moreno;PE;Nordeste;2601;Recife;do Entorno;260001;Recife;do Entorno;Metrópole;1118308800.0;20225.51
2609501;Nazaré da Mata;PE;Nordeste;2601;Recife;do Entorno;260006;Carpina;do Entorno;Centro Local;777087489.0;25355.24
2609600;Olinda;PE;Nordeste;2601;Recife;do Entorno;260001;Recife;do Entorno;Metrópole;7024917244.0;20072.57
2609709;Orobó;PE;Nordeste;2601;Recife;do Entorno;260004;Limoeiro;do Entorno;Centro Local;582869897.0;26686.96
2609808;Orocó;PE;Nordeste;2604;Petrolina;do Entorno;260015;Petrolina;do Entorno;Centro Local;192309248.0;14126.88
2609907;Ouricuri;PE;Nordeste;2604;Petrolina;do Entorno;260016;Araripina;do Entorno;Centro Sub-Regional A;1016703912.0;15582.86
2610004;Palmares;PE;Nordeste;2601;Recife;do Entorno;260003;Palmares;Polo;Centro Sub-Regional B;1156051915.0;21179.32
2610103;Palmeirina;PE;Nordeste;2602;Caruaru;do Entorno;260010;Garanhuns;do Entorno;Centro Local;91362197.0;12992.35
2610202;Panelas;PE;Nordeste;2602;Caruaru;do Entorno;260009;Caruaru;do Entorno;Centro Local;239945488.0;10436.5
2610301;Paranatama;PE;Nordeste;2602;Caruaru;do Entorno;260010;Garanhuns;do Entorno;Centro Local;306363566.0;25113.83
2610400;Parnamirim;PE;Nordeste;2604;Petrolina;do Entorno;260017;Salgueiro;do Entorno;Centro Local;268155955.0;14407.69
2610509;Passira;PE;Nordeste;2601;Recife;do Entorno;260004;Limoeiro;do Entorno;Centro Local;293500419.0;10356.4
2610608;Paudalho;PE;Nordeste;2601;Recife;do Entorno;260001;Recife;do Entorno;Metrópole;1151980668.0;20329.67
2610707;Paulista;PE;Nordeste;2601;Recife;do Entorno;260001;Recife;do Entorno;Metrópole;6999012805.0;20454.96
2610806;Pedra;PE;Nordeste;2602;Caruaru;do Entorno;260011;Arcoverde;do Entorno;Centro Local;426035560.0;18689.87
2610905;Pesqueira;PE;Nordeste;2602;Caruaru;do Entorno;260012;Belo Jardim – Pesqueira;Polo;Centro de Zona A;1082144194.0;17283.89
2611002;Petrolândia;PE;Nordeste;2603;Serra Talhada;do Entorno;260013;Serra Talhada;do Entorno;Centro de Zona B;1568602968.0;45917.95
2611101;Petrolina;PE;Nordeste;2604;Petrolina;Polo;260015;Petrolina;Polo;Capital Regional C;10577530457.0;27346.89
2611200;Poção;PE;Nordeste;2602;Caruaru;do Entorno;260012;Belo Jardim – Pesqueira;do Entorno;Centro Local;132807470.0;12648.33
2611309;Pombos;PE;Nordeste;2601;Recife;do Entorno;260005;Vitória de Santo Antão;do Entorno;Centro Local;635845355.0;24970.36
2611408;Primavera;PE;Nordeste;2601;Recife;do Entorno;260018;Escada - Ribeirão;do Entorno;Centro Local;320399161.0;23121.83
2611507;Quipapá;PE;Nordeste;2602;Caruaru;do Entorno;260010;Garanhuns;do Entorno;Centro Local;211463129.0;11795.13
2611533;Quixaba;PE;Nordeste;2603;Serra Talhada;do Entorno;260014;Afogados da Ingazeira;do Entorno;Centro Local;75901864.0;11581.0
2611606;Recife;PE;Nordeste;2601;Recife;Polo;260001;Recife;Polo;Metrópole;66351304596.0;44563.38
2611705;Riacho das Almas;PE;Nordeste;2602;Caruaru;do Entorno;260009;Caruaru;do Entorno;Centro Local;289327023.0;14017.1
2611804;Ribeirão;PE;Nordeste;2601;Recife;do Entorno;260018;Escada - Ribeirão;Polo;Centro Local;601649095.0;17955.92
2611903;Rio Formoso;PE;Nordeste;2601;Recife;do Entorno;260007;Barreiros - Sirinhaém;do Entorno;Centro Local;374545251.0;18718.84
2612000;Sairé;PE;Nordeste;2602;Caruaru;do Entorno;260009;Caruaru;do Entorno;Centro Local;204199246.0;18756.25
2612109;Salgadinho;PE;Nordeste;2601;Recife;do Entorno;260004;Limoeiro;do Entorno;Centro Local;76618902.0;13378.54
2612208;Salgueiro;PE;Nordeste;2604;Petrolina;do Entorno;260017;Salgueiro;Polo;Centro Sub-Regional B;1389969359.0;22285.15
2612307;Saloá;PE;Nordeste;2602;Caruaru;do Entorno;260010;Garanhuns;do Entorno;Centro Local;251854451.0;18202.84
2612406;Sanharó;PE;Nordeste;2602;Caruaru;do Entorno;260012;Belo Jardim – Pesqueira;do Entorno;Centro Local;269693618.0;14480.97
2612455;Santa Cruz;PE;Nordeste;2604;Petrolina;do Entorno;260016;Araripina;do Entorno;Centro Local;156125213.0;11279.91
2612471;Santa Cruz da Baixa Verde;PE;Nordeste;2603;Serra Talhada;do Entorno;260013;Serra Talhada;do Entorno;Centro Local;143723450.0;12425.3
2612505;Santa Cruz do Capibaribe;PE;Nordeste;2602;Caruaru;do Entorno;260009;Caruaru;do Entorno;Centro Sub-Regional B;2125694679.0;21634.69
2612554;Santa Filomena;PE;Nordeste;2604;Petrolina;do Entorno;260016;Araripina;do Entorno;Centro Local;133150009.0;10998.68
2612604;Santa Maria da Boa Vista;PE;Nordeste;2604;Petrolina;do Entorno;260015;Petrolina;do Entorno;Centro Local;781893105.0;19268.89
2612703;Santa Maria do Cambucá;PE;Nordeste;2601;Recife;do Entorno;260008;Surubim;do Entorno;Centro Local;151435198.0;10806.76
2612802;Santa Terezinha;PE;Nordeste;2603;Serra Talhada;do Entorno;260014;Afogados da Ingazeira;do Entorno;Centro Local;122738896.0;11981.54
2612901;São Benedito do Sul;PE;Nordeste;2601;Recife;do Entorno;260003;Palmares;do Entorno;Centro Local;129076270.0;9843.38
2613008;São Bento do Una;PE;Nordeste;2602;Caruaru;do Entorno;260012;Belo Jardim – Pesqueira;do Entorno;Centro Local;1909078014.0;38668.79
2613107;São Caitano;PE;Nordeste;2602;Caruaru;do Entorno;260009;Caruaru;do Entorno;Centro Local;575981503.0;15514.24
2613206;São João;PE;Nordeste;2602;Caruaru;do Entorno;260010;Garanhuns;do Entorno;Centro Local;374386583.0;15719.3
2613305;São Joaquim do Monte;PE;Nordeste;2602;Caruaru;do Entorno;260009;Caruaru;do Entorno;Centro Local;258411314.0;13015.58
2613404;São José da Coroa Grande;PE;Nordeste;2601;Recife;do Entorno;260007;Barreiros - Sirinhaém;do Entorno;Centro Local;389471128.0;20689.04
2613503;São José do Belmonte;PE;Nordeste;2603;Serra Talhada;do Entorno;260013;Serra Talhada;do Entorno;Centro Local;529902800.0;15208.3
2613602;São José do Egito;PE;Nordeste;2603;Serra Talhada;do Entorno;260014;Afogados da Ingazeira;do Entorno;Centro de Zona B;471425907.0;15205.33
2613701;São Lourenço da Mata;PE;Nordeste;2601;Recife;do Entorno;260001;Recife;do Entorno;Metrópole;1791059055.0;16099.55
2613800;São Vicente Férrer;PE;Nordeste;2601;Recife;do Entorno;260002;Goiana – Timbaúba;do Entorno;Centro Local;384211971.0;23038.43
2613909;Serra Talhada;PE;Nordeste;2603;Serra Talhada;Polo;260013;Serra Talhada;Polo;Centro Sub-Regional A;2003113243.0;21719.14
2614006;Serrita;PE;Nordeste;2604;Petrolina;do Entorno;260017;Salgueiro;do Entorno;Centro Local;195989250.0;10764.5
2614105;Sertânia;PE;Nordeste;2602;Caruaru;do Entorno;260011;Arcoverde;do Entorno;Centro Local;404067380.0;12345.85
2614204;Sirinhaém;PE;Nordeste;2601;Recife;do Entorno;260007;Barreiros - Sirinhaém;Polo;Centro Local;861416787.0;22912.46
2614303;Moreilândia;PE;Nordeste;2604;Petrolina;do Entorno;260016;Araripina;do Entorno;Centro Local;106461539.0;10100.72
2614402;Solidão;PE;Nordeste;2603;Serra Talhada;do Entorno;260014;Afogados da Ingazeira;do Entorno;Centro Local;63051244.0;11961.91
2614501;Surubim;PE;Nordeste;2601;Recife;do Entorno;260008;Surubim;Polo;Centro Sub-Regional B;1131953610.0;17636.35
2614600;Tabira;PE;Nordeste;2603;Serra Talhada;do Entorno;260014;Afogados da Ingazeira;do Entorno;Centro de Zona B;358222771.0;12968.28
2614709;Tacaimbó;PE;Nordeste;2602;Caruaru;do Entorno;260012;Belo Jardim – Pesqueira;do Entorno;Centro Local;221749403.0;16141.32
2614808;Tacaratu;PE;Nordeste;2603;Serra Talhada;do Entorno;260013;Serra Talhada;do Entorno;Centro Local;262197622.0;10969.69
2614857;Tamandaré;PE;Nordeste;2601;Recife;do Entorno;260007;Barreiros - Sirinhaém;do Entorno;Centro Local;432296997.0;18347.99
2615003;Taquaritinga do Norte;PE;Nordeste;2602;Caruaru;do Entorno;260009;Caruaru;do Entorno;Centro Local;402087662.0;16255.16
2615102;Terezinha;PE;Nordeste;2602;Caruaru;do Entorno;260010;Garanhuns;do Entorno;Centro Local;91620629.0;13771.33
2615201;Terra Nova;PE;Nordeste;2604;Petrolina;do Entorno;260017;Salgueiro;do Entorno;Centro Local;125359398.0;14053.74
2615300;Timbaúba;PE;Nordeste;2601;Recife;do Entorno;260002;Goiana – Timbaúba;Polo;Centro Sub-Regional B;905264787.0;19616.98
2615409;Toritama;PE;Nordeste;2602;Caruaru;do Entorno;260009;Caruaru;do Entorno;Centro Local;812755257.0;19757.28
2615508;Tracunhaém;PE;Nordeste;2601;Recife;do Entorno;260006;Carpina;do Entorno;Centro Local;198569520.0;14319.57
2615607;Trindade;PE;Nordeste;2604;Petrolina;do Entorno;260016;Araripina;do Entorno;Centro Local;654210618.0;21576.16
2615706;Triunfo;PE;Nordeste;2603;Serra Talhada;do Entorno;260013;Serra Talhada;do Entorno;Centro Local;202205413.0;13750.79
2615805;Tupanatinga;PE;Nordeste;2602;Caruaru;do Entorno;260011;Arcoverde;do Entorno;Centro Local;275931182.0;10805.58
2615904;Tuparetama;PE;Nordeste;2603;Serra Talhada;do Entorno;260014;Afogados da Ingazeira;do Entorno;Centro Local;95042201.0;11902.59
2616001;Venturosa;PE;Nordeste;2602;Caruaru;do Entorno;260011;Arcoverde;do Entorno;Centro Local;291064556.0;17251.34
2616100;Verdejante;PE;Nordeste;2604;Petrolina;do Entorno;260017;Salgueiro;do Entorno;Centro Local;103220729.0;11257.58
2616183;Vertente do Lério;PE;Nordeste;2601;Recife;do Entorno;260008;Surubim;do Entorno;Centro Local;93451810.0;12364.62
2616209;Vertentes;PE;Nordeste;2601;Recife;do Entorno;260008;Surubim;do Entorno;Centro Local;228836328.0;10421.07
2616308;Vicência;PE;Nordeste;2601;Recife;do Entorno;260002;Goiana – Timbaúba;do Entorno;Centro Local;615581301.0;23357.29
2616407;Vitória de Santo Antão;PE;Nordeste;2601;Recife;do Entorno;260005;Vitória de Santo Antão;Polo;Centro Sub-Regional B;6095992225.0;44766.86
2616506;Xexéu;PE;Nordeste;2601;Recife;do Entorno;260003;Palmares;do Entorno;Centro Local;201330448.0;17339.63
2700102;Água Branca;AL;Nordeste;2702;Arapiraca;do Entorno;270009;Delmiro Gouveia;do Entorno;Centro Local;246052188.0;12832.6
2700201;Anadia;AL;Nordeste;2701;Maceió;do Entorno;270004;São Miguel dos Campos;do Entorno;Centro Local;276951671.0;19830.42
2700300;Arapiraca;AL;Nordeste;2702;Arapiraca;Polo;270007;Arapiraca;Polo;Capital Regional C;6880940082.0;29318.52
2700409;Atalaia;AL;Nordeste;2701;Maceió;do Entorno;270006;Atalaia;Polo;Centro Local;1637106831.0;43642.22
2700508;Barra de Santo Antônio;AL;Nordeste;2701;Maceió;do Entorno;270001;Maceió;do Entorno;Capital Regional A;358500789.0;21906.56
2700607;Barra de São Miguel;AL;Nordeste;2701;Maceió;do Entorno;270001;Maceió;do Entorno;Centro Local;304435563.0;38322.7
2700706;Batalha;AL;Nordeste;2702;Arapiraca;do Entorno;270011;Pão de Açúcar - Olho d'Água das Flores – Batalha;Polo;Centro Local;308733305.0;18405.47
2700805;Belém;AL;Nordeste;2702;Arapiraca;do Entorno;270008;Palmeira dos Índios;do Entorno;Centro Local;187160230.0;39635.8
2700904;Belo Monte;AL;Nordeste;2702;Arapiraca;do Entorno;270011;Pão de Açúcar - Olho d'Água das Flores – Batalha;do Entorno;Centro Local;196376816.0;33934.13
2701001;Boca da Mata;AL;Nordeste;2701;Maceió;do Entorno;270004;São Miguel dos Campos;do Entorno;Centro Local;565490707.0;26690.46
2701100;Branquinha;AL;Nordeste;2701;Maceió;do Entorno;270005;União dos Palmares;do Entorno;Centro Local;849267199.0;88437.7
2701209;Cacimbinhas;AL;Nordeste;2702;Arapiraca;do Entorno;270008;Palmeira dos Índios;do Entorno;Centro Local;195082744.0;18620.1
2701308;Cajueiro;AL;Nordeste;2701;Maceió;do Entorno;270006;Atalaia;do Entorno;Centro Local;223747585.0;13677.34
2701357;Campestre;AL;Nordeste;2701;Maceió;do Entorno;270002;Porto Calvo - São Luís do Quitunde;do Entorno;Centro Local;109805490.0;16474.94
2701407;Campo Alegre;AL;Nordeste;2701;Maceió;do Entorno;270004;São Miguel dos Campos;do Entorno;Centro Local;884684562.0;27555.12
2701506;Campo Grande;AL;Nordeste;2702;Arapiraca;do Entorno;270007;Arapiraca;do Entorno;Centro Local;113469687.0;13934.63
2701605;Canapi;AL;Nordeste;2702;Arapiraca;do Entorno;270010;Santana do Ipanema;do Entorno;Centro Local;235141067.0;15292.73
2701704;Capela;AL;Nordeste;2701;Maceió;do Entorno;270006;Atalaia;do Entorno;Centro Local;250652573.0;16916.55
2701803;Carneiros;AL;Nordeste;2702;Arapiraca;do Entorno;270010;Santana do Ipanema;do Entorno;Centro Local;97600504.0;10845.71
2701902;Chã Preta;AL;Nordeste;2701;Maceió;do Entorno;270006;Atalaia;do Entorno;Centro Local;289693121.0;49017.45
2702009;Coité do Nóia;AL;Nordeste;2702;Arapiraca;do Entorno;270007;Arapiraca;do Entorno;Centro Local;234385387.0;21682.27
2702108;Colônia Leopoldina;AL;Nordeste;2701;Maceió;do Entorno;270002;Porto Calvo - São Luís do Quitunde;do Entorno;Centro Local;367108963.0;23357.45
2702207;Coqueiro Seco;AL;Nordeste;2701;Maceió;do Entorno;270001;Maceió;do Entorno;Capital Regional A;115661504.0;20724.15
2702306;Coruripe;AL;Nordeste;2701;Maceió;do Entorno;270003;Penedo;do Entorno;Centro de Zona B;2400819380.0;47622.08
2702355;Craíbas;AL;Nordeste;2702;Arapiraca;do Entorno;270007;Arapiraca;do Entorno;Centro Local;450186836.0;18236.52
2702405;Delmiro Gouveia;AL;Nordeste;2702;Arapiraca;do Entorno;270009;Delmiro Gouveia;Polo;Centro Sub-Regional B;911191361.0;17755.78
2702504;Dois Riachos;AL;Nordeste;2702;Arapiraca;do Entorno;270010;Santana do Ipanema;do Entorno;Centro Local;140027493.0;14404.64
2702553;Estrela de Alagoas;AL;Nordeste;2702;Arapiraca;do Entorno;270008;Palmeira dos Índios;do Entorno;Centro Local;177063016.0;11475.99
2702603;Feira Grande;AL;Nordeste;2702;Arapiraca;do Entorno;270007;Arapiraca;do Entorno;Centro Local;500385300.0;22031.76
2702702;Feliz Deserto;AL;Nordeste;2701;Maceió;do Entorno;270003;Penedo;do Entorno;Centro Local;218958196.0;55250.62
2702801;Flexeiras;AL;Nordeste;2701;Maceió;do Entorno;270001;Maceió;do Entorno;Centro Local;251579689.0;26157.17
2702900;Girau do Ponciano;AL;Nordeste;2702;Arapiraca;do Entorno;270007;Arapiraca;do Entorno;Centro Local;602811940.0;16634.8
2703007;Ibateguara;AL;Nordeste;2701;Maceió;do Entorno;270005;União dos Palmares;do Entorno;Centro Local;223882760.0;16304.91
2703106;Igaci;AL;Nordeste;2702;Arapiraca;do Entorno;270008;Palmeira dos Índios;do Entorno;Centro Local;328695401.0;13364.86
2703205;Igreja Nova;AL;Nordeste;2701;Maceió;do Entorno;270003;Penedo;do Entorno;Centro Local;697571556.0;32115.08
2703304;Inhapi;AL;Nordeste;2702;Arapiraca;do Entorno;270009;Delmiro Gouveia;do Entorno;Centro Local;210038558.0;13848.39
2703403;Jacaré dos Homens;AL;Nordeste;2702;Arapiraca;do Entorno;270011;Pão de Açúcar - Olho d'Água das Flores – Batalha;do Entorno;Centro Local;78412401.0;15426.4
2703502;Jacuípe;AL;Nordeste;2701;Maceió;do Entorno;270002;Porto Calvo - São Luís do Quitunde;do Entorno;Centro Local;144753474.0;27046.61
2703601;Japaratinga;AL;Nordeste;2701;Maceió;do Entorno;270002;Porto Calvo - São Luís do Quitunde;do Entorno;Centro Local;329293160.0;35718.97
2703700;Jaramataia;AL;Nordeste;2702;Arapiraca;do Entorno;270007;Arapiraca;do Entorno;Centro Local;81576596.0;16364.41
2703759;Jequiá da Praia;AL;Nordeste;2701;Maceió;do Entorno;270004;São Miguel dos Campos;do Entorno;Centro Local;456621174.0;48217.65
2703809;Joaquim Gomes;AL;Nordeste;2701;Maceió;do Entorno;270001;Maceió;do Entorno;Centro Local;541697057.0;31585.83
2703908;Jundiá;AL;Nordeste;2701;Maceió;do Entorno;270002;Porto Calvo - São Luís do Quitunde;do Entorno;Centro Local;92728487.0;22660.92
2704005;Junqueiro;AL;Nordeste;2702;Arapiraca;do Entorno;270007;Arapiraca;do Entorno;Centro Local;705481763.0;29509.42
2704104;Lagoa da Canoa;AL;Nordeste;2702;Arapiraca;do Entorno;270007;Arapiraca;do Entorno;Centro Local;333779640.0;18084.18
2704203;Limoeiro de Anadia;AL;Nordeste;2702;Arapiraca;do Entorno;270007;Arapiraca;do Entorno;Centro Local;806003029.0;32578.94
2704302;Maceió;AL;Nordeste;2701;Maceió;Polo;270001;Maceió;Polo;Capital Regional A;33749575639.0;35232.29
2704401;Major Isidoro;AL;Nordeste;2702;Arapiraca;do Entorno;270008;Palmeira dos Índios;do Entorno;Centro Local;296432798.0;16936.11
2704500;Maragogi;AL;Nordeste;2701;Maceió;do Entorno;270002;Porto Calvo - São Luís do Quitunde;do Entorno;Centro Local;1219925956.0;37916.52
2704609;Maravilha;AL;Nordeste;2702;Arapiraca;do Entorno;270010;Santana do Ipanema;do Entorno;Centro Local;134023717.0;14057.45
2704708;Marechal Deodoro;AL;Nordeste;2701;Maceió;do Entorno;270001;Maceió;do Entorno;Capital Regional A;3185683264.0;52769.31
2704807;Maribondo;AL;Nordeste;2702;Arapiraca;do Entorno;270007;Arapiraca;do Entorno;Centro Local;222263702.0;16248.53
2704906;Mar Vermelho;AL;Nordeste;2701;Maceió;do Entorno;270006;Atalaia;do Entorno;Centro Local;51607016.0;16357.22
2705002;Mata Grande;AL;Nordeste;2702;Arapiraca;do Entorno;270009;Delmiro Gouveia;do Entorno;Centro Local;400973856.0;18341.97
2705101;Matriz de Camaragibe;AL;Nordeste;2701;Maceió;do Entorno;270002;Porto Calvo - São Luís do Quitunde;do Entorno;Centro Local;514991135.0;21586.58
2705200;Messias;AL;Nordeste;2701;Maceió;do Entorno;270001;Maceió;do Entorno;Capital Regional A;351253369.0;22801.26
2705309;Minador do Negrão;AL;Nordeste;2702;Arapiraca;do Entorno;270008;Palmeira dos Índios;do Entorno;Centro Local;90124639.0;18601.58
2705408;Monteirópolis;AL;Nordeste;2702;Arapiraca;do Entorno;270011;Pão de Açúcar - Olho d'Água das Flores – Batalha;do Entorno;Centro Local;109207659.0;15201.51
2705507;Murici;AL;Nordeste;2701;Maceió;do Entorno;270005;União dos Palmares;do Entorno;Centro Local;1080388857.0;42894.7
2705606;Novo Lino;AL;Nordeste;2701;Maceió;do Entorno;270002;Porto Calvo - São Luís do Quitunde;do Entorno;Centro Local;240603336.0;23777.38
2705705;Olho d'Água das Flores;AL;Nordeste;2702;Arapiraca;do Entorno;270011;Pão de Açúcar - Olho d'Água das Flores – Batalha;Polo;Centro de Zona B;343110540.0;16563.39
2705804;Olho d'Água do Casado;AL;Nordeste;2702;Arapiraca;do Entorno;270009;Delmiro Gouveia;do Entorno;Centro Local;100591910.0;12048.38
2705903;Olho d'Água Grande;AL;Nordeste;2702;Arapiraca;do Entorno;270007;Arapiraca;do Entorno;Centro Local;72757805.0;16896.84
2706000;Olivença;AL;Nordeste;2702;Arapiraca;do Entorno;270010;Santana do Ipanema;do Entorno;Centro Local;135133823.0;12484.65
2706109;Ouro Branco;AL;Nordeste;2702;Arapiraca;do Entorno;270010;Santana do Ipanema;do Entorno;Centro Local;150495004.0;13148.26
2706208;Palestina;AL;Nordeste;2702;Arapiraca;do Entorno;270011;Pão de Açúcar - Olho d'Água das Flores – Batalha;do Entorno;Centro Local;48822089.0;11288.34
2706307;Palmeira dos Índios;AL;Nordeste;2702;Arapiraca;do Entorno;270008;Palmeira dos Índios;Polo;Centro Sub-Regional B;1367252109.0;19102.64
2706406;Pão de Açúcar;AL;Nordeste;2702;Arapiraca;do Entorno;270011;Pão de Açúcar - Olho d'Água das Flores – Batalha;Polo;Centro de Zona B;282237106.0;11847.25
2706422;Pariconha;AL;Nordeste;2702;Arapiraca;do Entorno;270009;Delmiro Gouveia;do Entorno;Centro Local;119510287.0;11303.35
2706448;Paripueira;AL;Nordeste;2701;Maceió;do Entorno;270001;Maceió;do Entorno;Capital Regional A;302558875.0;21869.09
2706505;Passo de Camaragibe;AL;Nordeste;2701;Maceió;do Entorno;270002;Porto Calvo - São Luís do Quitunde;do Entorno;Centro Local;378390990.0;27411.69
2706604;Paulo Jacinto;AL;Nordeste;2702;Arapiraca;do Entorno;270008;Palmeira dos Índios;do Entorno;Centro Local;108186746.0;16451.76
2706703;Penedo;AL;Nordeste;2701;Maceió;do Entorno;270003;Penedo;Polo;Centro Sub-Regional B;1159276482.0;19785.24
2706802;Piaçabuçu;AL;Nordeste;2701;Maceió;do Entorno;270003;Penedo;do Entorno;Centro Local;480483992.0;30203.92
2706901;Pilar;AL;Nordeste;2701;Maceió;do Entorno;270001;Maceió;do Entorno;Centro Local;957604520.0;27073.92
2707008;Pindoba;AL;Nordeste;2701;Maceió;do Entorno;270006;Atalaia;do Entorno;Centro Local;53807721.0;19702.57
2707107;Piranhas;AL;Nordeste;2702;Arapiraca;do Entorno;270009;Delmiro Gouveia;do Entorno;Centro Local;358241009.0;15845.06
2707206;Poço das Trincheiras;AL;Nordeste;2702;Arapiraca;do Entorno;270010;Santana do Ipanema;do Entorno;Centro Local;146801249.0;11533.72
2707305;Porto Calvo;AL;Nordeste;2701;Maceió;do Entorno;270002;Porto Calvo - São Luís do Quitunde;Polo;Centro de Zona B;544519841.0;22621.41
2707404;Porto de Pedras;AL;Nordeste;2701;Maceió;do Entorno;270002;Porto Calvo - São Luís do Quitunde;do Entorno;Centro Local;451597609.0;48585.0
2707503;Porto Real do Colégio;AL;Nordeste;2701;Maceió;do Entorno;270003;Penedo;do Entorno;Centro Local;294350743.0;14831.74
2707602;Quebrangulo;AL;Nordeste;2702;Arapiraca;do Entorno;270008;Palmeira dos Índios;do Entorno;Centro Local;195017776.0;17600.88
2707701;Rio Largo;AL;Nordeste;2701;Maceió;do Entorno;270001;Maceió;do Entorno;Capital Regional A;2032760572.0;21641.92
2707800;Roteiro;AL;Nordeste;2701;Maceió;do Entorno;270004;São Miguel dos Campos;do Entorno;Centro Local;247075761.0;38164.31
2707909;Santa Luzia do Norte;AL;Nordeste;2701;Maceió;do Entorno;270001;Maceió;do Entorno;Capital Regional A;199947778.0;28898.36
2708006;Santana do Ipanema;AL;Nordeste;2702;Arapiraca;do Entorno;270010;Santana do Ipanema;Polo;Centro Sub-Regional B;863266737.0;18731.24
2708105;Santana do Mundaú;AL;Nordeste;2701;Maceió;do Entorno;270005;União dos Palmares;do Entorno;Centro Local;1127361226.0;99563.83
2708204;São Brás;AL;Nordeste;2701;Maceió;do Entorno;270003;Penedo;do Entorno;Centro Local;123934472.0;19289.41
2708303;São José da Laje;AL;Nordeste;2701;Maceió;do Entorno;270005;União dos Palmares;do Entorno;Centro Local;816992894.0;39253.97
2708402;São José da Tapera;AL;Nordeste;2702;Arapiraca;do Entorno;270011;Pão de Açúcar - Olho d'Água das Flores – Batalha;do Entorno;Centro Local;421127575.0;13760.54
2708501;São Luís do Quitunde;AL;Nordeste;2701;Maceió;do Entorno;270002;Porto Calvo - São Luís do Quitunde;Polo;Centro Local;1052903025.0;34104.33
2708600;São Miguel dos Campos;AL;Nordeste;2701;Maceió;do Entorno;270004;São Miguel dos Campos;Polo;Centro Sub-Regional B;1594206456.0;30663.71
2708709;São Miguel dos Milagres;AL;Nordeste;2701;Maceió;do Entorno;270002;Porto Calvo - São Luís do Quitunde;do Entorno;Centro Local;308509627.0;36372.27
2708808;São Sebastião;AL;Nordeste;2702;Arapiraca;do Entorno;270007;Arapiraca;do Entorno;Centro Local;736908072.0;23224.33
2708907;Satuba;AL;Nordeste;2701;Maceió;do Entorno;270001;Maceió;do Entorno;Capital Regional A;369183970.0;15206.52
2708956;Senador Rui Palmeira;AL;Nordeste;2702;Arapiraca;do Entorno;270010;Santana do Ipanema;do Entorno;Centro Local;137331970.0;11162.48
2709004;Tanque d'Arca;AL;Nordeste;2702;Arapiraca;do Entorno;270007;Arapiraca;do Entorno;Centro Local;92869301.0;16023.0
2709103;Taquarana;AL;Nordeste;2702;Arapiraca;do Entorno;270007;Arapiraca;do Entorno;Centro Local;664758758.0;34928.48
2709152;Teotônio Vilela;AL;Nordeste;2702;Arapiraca;do Entorno;270007;Arapiraca;do Entorno;Centro Local;941856206.0;24751.17
2709202;Traipu;AL;Nordeste;2702;Arapiraca;do Entorno;270007;Arapiraca;do Entorno;Centro Local;357715435.0;15096.66
2709301;União dos Palmares;AL;Nordeste;2701;Maceió;do Entorno;270005;União dos Palmares;Polo;Centro Sub-Regional B;1693997867.0;28576.21
2709400;Viçosa;AL;Nordeste;2701;Maceió;do Entorno;270006;Atalaia;do Entorno;Centro de Zona B;596814189.0;24896.3
2800100;Amparo do São Francisco;SE;Nordeste;2801;Aracaju;do Entorno;280003;Propriá;do Entorno;Centro Local;49411591.0;22770.32
2800209;Aquidabã;SE;Nordeste;2801;Aracaju;do Entorno;280003;Propriá;do Entorno;Centro Local;362299329.0;17997.09
2800308;Aracaju;SE;Nordeste;2801;Aracaju;Polo;280001;Aracaju;Polo;Capital Regional A;22291877481.0;36983.19
2800407;Arauá;SE;Nordeste;2801;Aracaju;do Entorno;280002;Estância;do Entorno;Centro Local;203786827.0;19750.61
2800506;Areia Branca;SE;Nordeste;2802;Itabaiana;do Entorno;280004;Itabaiana;do Entorno;Centro Local;353833617.0;19569.36
2800605;Barra dos Coqueiros;SE;Nordeste;2801;Aracaju;do Entorno;280001;Aracaju;do Entorno;Capital Regional A;2478981558.0;59718.67
2800670;Boquim;SE;Nordeste;2801;Aracaju;do Entorno;280002;Estância;do Entorno;Centro Local;436636496.0;17723.51
2800704;Brejo Grande;SE;Nordeste;2801;Aracaju;do Entorno;280003;Propriá;do Entorno;Centro Local;122925634.0;15677.29
2801009;Campo do Brito;SE;Nordeste;2802;Itabaiana;do Entorno;280004;Itabaiana;do Entorno;Centro Local;354386358.0;19526.5
2801108;Canhoba;SE;Nordeste;2801;Aracaju;do Entorno;280003;Propriá;do Entorno;Centro Local;95134774.0;25094.9
2801207;Canindé de São Francisco;SE;Nordeste;2802;Itabaiana;do Entorno;280006;Nossa Senhora da Glória;do Entorno;Centro Local;2967956618.0;110604.33
2801306;Capela;SE;Nordeste;2801;Aracaju;do Entorno;280001;Aracaju;do Entorno;Centro Local;595060958.0;18804.26
2801405;Carira;SE;Nordeste;2802;Itabaiana;do Entorno;280004;Itabaiana;do Entorno;Centro Local;723768733.0;36299.15
2801504;Carmópolis;SE;Nordeste;2801;Aracaju;do Entorno;280001;Aracaju;do Entorno;Capital Regional A;464416713.0;33524.63
2801603;Cedro de São João;SE;Nordeste;2801;Aracaju;do Entorno;280003;Propriá;do Entorno;Centro Local;84948639.0;15757.49
2801702;Cristinápolis;SE;Nordeste;2801;Aracaju;do Entorno;280002;Estância;do Entorno;Centro Local;589914464.0;34497.92
2801900;Cumbe;SE;Nordeste;2801;Aracaju;do Entorno;280001;Aracaju;do Entorno;Centro Local;82670980.0;21618.98
2802007;Divina Pastora;SE;Nordeste;2801;Aracaju;do Entorno;280001;Aracaju;do Entorno;Capital Regional A;240796937.0;55483.17
2802106;Estância;SE;Nordeste;2801;Aracaju;do Entorno;280002;Estância;Polo;Centro Sub-Regional B;1473224591.0;22637.83
2802205;Feira Nova;SE;Nordeste;2802;Itabaiana;do Entorno;280006;Nossa Senhora da Glória;do Entorno;Centro Local;169357162.0;28146.45
2802304;Frei Paulo;SE;Nordeste;2802;Itabaiana;do Entorno;280004;Itabaiana;do Entorno;Centro Local;551018667.0;37922.83
2802403;Gararu;SE;Nordeste;2802;Itabaiana;do Entorno;280006;Nossa Senhora da Glória;do Entorno;Centro Local;217566187.0;19609.39
2802502;General Maynard;SE;Nordeste;2801;Aracaju;do Entorno;280001;Aracaju;do Entorno;Capital Regional A;50397007.0;16594.34
2802601;Graccho Cardoso;SE;Nordeste;2802;Itabaiana;do Entorno;280006;Nossa Senhora da Glória;do Entorno;Centro Local;139799259.0;23946.43
2802700;Ilha das Flores;SE;Nordeste;2801;Aracaju;do Entorno;280003;Propriá;do Entorno;Centro Local;118392187.0;14228.12
2802809;Indiaroba;SE;Nordeste;2801;Aracaju;do Entorno;280002;Estância;do Entorno;Centro Local;322888157.0;19511.04
2802908;Itabaiana;SE;Nordeste;2802;Itabaiana;Polo;280004;Itabaiana;Polo;Centro Sub-Regional A;2942685897.0;28448.24
2803005;Itabaianinha;SE;Nordeste;2801;Aracaju;do Entorno;280002;Estância;do Entorno;Centro Local;865771933.0;21283.54
2803104;Itabi;SE;Nordeste;2802;Itabaiana;do Entorno;280006;Nossa Senhora da Glória;do Entorno;Centro Local;101138057.0;21314.66
2803203;Itaporanga d'Ajuda;SE;Nordeste;2801;Aracaju;do Entorno;280001;Aracaju;do Entorno;Centro Local;562365723.0;16342.61
2803302;Japaratuba;SE;Nordeste;2801;Aracaju;do Entorno;280001;Aracaju;do Entorno;Centro Local;549070010.0;33874.39
2803401;Japoatã;SE;Nordeste;2801;Aracaju;do Entorno;280003;Propriá;do Entorno;Centro Local;298619811.0;22273.43
2803500;Lagarto;SE;Nordeste;2802;Itabaiana;do Entorno;280005;Lagarto;Polo;Centro Sub-Regional B;2177825208.0;21439.72
2803609;Laranjeiras;SE;Nordeste;2801;Aracaju;do Entorno;280001;Aracaju;do Entorno;Capital Regional A;638032867.0;26612.42
2803708;Macambira;SE;Nordeste;2802;Itabaiana;do Entorno;280004;Itabaiana;do Entorno;Centro Local;136318076.0;19935.37
2803807;Malhada dos Bois;SE;Nordeste;2801;Aracaju;do Entorno;280003;Propriá;do Entorno;Centro Local;67243893.0;18788.46
2803906;Malhador;SE;Nordeste;2802;Itabaiana;do Entorno;280004;Itabaiana;do Entorno;Centro Local;224467342.0;19463.05
2804003;Maruim;SE;Nordeste;2801;Aracaju;do Entorno;280001;Aracaju;do Entorno;Capital Regional A;320962662.0;20418.77
2804102;Moita Bonita;SE;Nordeste;2802;Itabaiana;do Entorno;280004;Itabaiana;do Entorno;Centro Local;280139710.0;25352.01
2804201;Monte Alegre de Sergipe;SE;Nordeste;2802;Itabaiana;do Entorno;280006;Nossa Senhora da Glória;do Entorno;Centro Local;337201188.0;23488.52
2804300;Muribeca;SE;Nordeste;2801;Aracaju;do Entorno;280003;Propriá;do Entorno;Centro Local;112543753.0;14388.1
2804409;Neópolis;SE;Nordeste;2801;Aracaju;do Entorno;280003;Propriá;do Entorno;Centro Sub-Regional B;382704881.0;23298.73
2804458;Nossa Senhora Aparecida;SE;Nordeste;2802;Itabaiana;do Entorno;280004;Itabaiana;do Entorno;Centro Local;209604537.0;22704.13
2804508;Nossa Senhora da Glória;SE;Nordeste;2802;Itabaiana;do Entorno;280006;Nossa Senhora da Glória;Polo;Centro Sub-Regional B;1048319704.0;25477.43
2804607;Nossa Senhora das Dores;SE;Nordeste;2801;Aracaju;do Entorno;280001;Aracaju;do Entorno;Centro Local;540609743.0;21627.85
2804706;Nossa Senhora de Lourdes;SE;Nordeste;2801;Aracaju;do Entorno;280003;Propriá;do Entorno;Centro Local;115909832.0;18492.32
2804805;Nossa Senhora do Socorro;SE;Nordeste;2801;Aracaju;do Entorno;280001;Aracaju;do Entorno;Capital Regional A;2852077183.0;14829.08
2804904;Pacatuba;SE;Nordeste;2801;Aracaju;do Entorno;280003;Propriá;do Entorno;Centro Local;219431735.0;17551.73
2805000;Pedra Mole;SE;Nordeste;2802;Itabaiana;do Entorno;280004;Itabaiana;do Entorno;Centro Local;74512297.0;26822.28
2805109;Pedrinhas;SE;Nordeste;2801;Aracaju;do Entorno;280002;Estância;do Entorno;Centro Local;128570496.0;17383.79
2805208;Pinhão;SE;Nordeste;2802;Itabaiana;do Entorno;280004;Itabaiana;do Entorno;Centro Local;141417060.0;24910.53
2805307;Pirambu;SE;Nordeste;2801;Aracaju;do Entorno;280001;Aracaju;do Entorno;Centro Local;155336484.0;19630.54
2805406;Poço Redondo;SE;Nordeste;2802;Itabaiana;do Entorno;280006;Nossa Senhora da Glória;do Entorno;Centro Local;763538928.0;22833.78
2805505;Poço Verde;SE;Nordeste;2802;Itabaiana;do Entorno;280005;Lagarto;do Entorno;Centro Local;388823218.0;17840.84
2805604;Porto da Folha;SE;Nordeste;2802;Itabaiana;do Entorno;280006;Nossa Senhora da Glória;do Entorno;Centro Local;637807556.0;23999.38
2805703;Propriá;SE;Nordeste;2801;Aracaju;do Entorno;280003;Propriá;Polo;Centro Sub-Regional B;614880096.0;23100.16
2805802;Riachão do Dantas;SE;Nordeste;2802;Itabaiana;do Entorno;280005;Lagarto;do Entorno;Centro Local;419338643.0;22898.41
2805901;Riachuelo;SE;Nordeste;2801;Aracaju;do Entorno;280001;Aracaju;do Entorno;Capital Regional A;240563022.0;27499.2
2806008;Ribeirópolis;SE;Nordeste;2802;Itabaiana;do Entorno;280004;Itabaiana;do Entorno;Centro Local;372070867.0;21844.12
2806107;Rosário do Catete;SE;Nordeste;2801;Aracaju;do Entorno;280001;Aracaju;do Entorno;Capital Regional A;391878489.0;42160.14
2806206;Salgado;SE;Nordeste;2802;Itabaiana;do Entorno;280005;Lagarto;do Entorno;Centro Local;320943343.0;15826.39
2806305;Santa Luzia do Itanhy;SE;Nordeste;2801;Aracaju;do Entorno;280002;Estância;do Entorno;Centro Local;238278236.0;17499.87
2806404;Santana do São Francisco;SE;Nordeste;2801;Aracaju;do Entorno;280003;Propriá;do Entorno;Centro Local;160614555.0;21864.22
2806503;Santa Rosa de Lima;SE;Nordeste;2801;Aracaju;do Entorno;280001;Aracaju;do Entorno;Centro Local;59185703.0;15033.2
2806602;Santo Amaro das Brotas;SE;Nordeste;2801;Aracaju;do Entorno;280001;Aracaju;do Entorno;Centro Local;227941577.0;20550.09
2806701;São Cristóvão;SE;Nordeste;2801;Aracaju;do Entorno;280001;Aracaju;do Entorno;Capital Regional A;1392937530.0;14568.65
2806800;São Domingos;SE;Nordeste;2802;Itabaiana;do Entorno;280004;Itabaiana;do Entorno;Centro Local;161344544.0;15623.56
2806909;São Francisco;SE;Nordeste;2801;Aracaju;do Entorno;280003;Propriá;do Entorno;Centro Local;61511330.0;18967.42
2807006;São Miguel do Aleixo;SE;Nordeste;2802;Itabaiana;do Entorno;280004;Itabaiana;do Entorno;Centro Local;79123152.0;23041.1
2807105;Simão Dias;SE;Nordeste;2802;Itabaiana;do Entorno;280005;Lagarto;do Entorno;Centro Local;925386501.0;21733.91
2807204;Siriri;SE;Nordeste;2801;Aracaju;do Entorno;280001;Aracaju;do Entorno;Capital Regional A;201981259.0;25782.65
2807303;Telha;SE;Nordeste;2801;Aracaju;do Entorno;280003;Propriá;do Entorno;Centro Sub-Regional B;53466564.0;16330.65
2807402;Tobias Barreto;SE;Nordeste;2802;Itabaiana;do Entorno;280005;Lagarto;do Entorno;Centro de Zona A;1150010304.0;22591.3
2807501;Tomar do Geru;SE;Nordeste;2801;Aracaju;do Entorno;280002;Estância;do Entorno;Centro Local;208833285.0;17385.39
2807600;Umbaúba;SE;Nordeste;2801;Aracaju;do Entorno;280002;Estância;do Entorno;Centro Local;721872317.0;30182.39
2900108;Abaíra;BA;Nordeste;2904;Vitória da Conquista;do Entorno;290013;Brumado;do Entorno;Centro Local;84853976.0;11622.24
2900207;Abaré;BA;Nordeste;2909;Paulo Afonso;do Entorno;290024;Paulo Afonso;do Entorno;Centro Local;224238542.0;12712.66
2900306;Acajutiba;BA;Nordeste;2901;Salvador;do Entorno;290002;Alagoinhas;do Entorno;Centro Local;186446172.0;13515.49
2900355;Adustina;BA;Nordeste;2909;Paulo Afonso;do Entorno;290027;Cícero Dantas;do Entorno;Centro Local;275493875.0;19399.61
2900405;Água Fria;BA;Nordeste;2910;Feira de Santana;do Entorno;290029;Feira de Santana;do Entorno;Centro Local;174798461.0;12057.56
2900504;Érico Cardoso;BA;Nordeste;2904;Vitória da Conquista;do Entorno;290013;Brumado;do Entorno;Centro Local;102934025.0;9707.09
2900603;Aiquara;BA;Nordeste;2904;Vitória da Conquista;do Entorno;290012;Jequié;do Entorno;Centro Local;75418036.0;16959.31
2900702;Alagoinhas;BA;Nordeste;2901;Salvador;do Entorno;290002;Alagoinhas;Polo;Centro Sub-Regional A;5705227490.0;37769.21
2900801;Alcobaça;BA;Nordeste;2903;Ilhéus – Itabuna;do Entorno;290008;Teixeira de Freitas;do Entorno;Centro Local;439081541.0;17899.78
2900900;Almadina;BA;Nordeste;2903;Ilhéus – Itabuna;do Entorno;290007;Ilhéus – Itabuna;do Entorno;Centro Local;79710606.0;15276.08
2901007;Amargosa;BA;Nordeste;2902;Santo Antônio de Jesus;do Entorno;290003;Santo Antônio de Jesus;do Entorno;Centro de Zona B;608765198.0;16668.91
2901106;Amélia Rodrigues;BA;Nordeste;2910;Feira de Santana;do Entorno;290029;Feira de Santana;do Entorno;Centro Local;521349037.0;21598.68
2901155;América Dourada;BA;Nordeste;2907;Irecê;do Entorno;290020;Irecê;do Entorno;Centro Local;198616016.0;13121.23
2901205;Anagé;BA;Nordeste;2904;Vitória da Conquista;do Entorno;290011;Vitória da Conquista;do Entorno;Centro Local;299894814.0;11789.24
2901304;Andaraí;BA;Nordeste;2910;Feira de Santana;do Entorno;290031;Itaberaba;do Entorno;Centro de Zona B;178408467.0;13639.79
2901353;Andorinha;BA;Nordeste;2908;Juazeiro;do Entorno;290023;Senhor do Bonfim;do Entorno;Centro Local;252205760.0;16800.28
2901403;Angical;BA;Nordeste;2906;Barreiras;do Entorno;290018;Barreiras;do Entorno;Centro Local;229298219.0;16698.09
2901502;Anguera;BA;Nordeste;2910;Feira de Santana;do Entorno;290029;Feira de Santana;do Entorno;Centro Local;118551884.0;10747.16
2901601;Antas;BA;Nordeste;2909;Paulo Afonso;do Entorno;290027;Cícero Dantas;do Entorno;Centro Local;197869627.0;13413.07
2901700;Antônio Cardoso;BA;Nordeste;2910;Feira de Santana;do Entorno;290029;Feira de Santana;do Entorno;Centro Local;138792627.0;12452.24
2901809;Antônio Gonçalves;BA;Nordeste;2908;Juazeiro;do Entorno;290023;Senhor do Bonfim;do Entorno;Centro Local;108499704.0;9988.93
2901908;Aporá;BA;Nordeste;2901;Salvador;do Entorno;290002;Alagoinhas;do Entorno;Centro Local;191757869.0;12043.58
2901957;Apuarema;BA;Nordeste;2904;Vitória da Conquista;do Entorno;290012;Jequié;do Entorno;Centro Local;90728526.0;13124.33
2902005;Aracatu;BA;Nordeste;2904;Vitória da Conquista;do Entorno;290013;Brumado;do Entorno;Centro Local;174004348.0;12485.96
2902054;Araçás;BA;Nordeste;2901;Salvador;do Entorno;290002;Alagoinhas;do Entorno;Centro Local;325621667.0;28175.28
2902104;Araci;BA;Nordeste;2910;Feira de Santana;do Entorno;290033;Serrinha;do Entorno;Centro Local;642812114.0;13310.39
2902203;Aramari;BA;Nordeste;2901;Salvador;do Entorno;290002;Alagoinhas;do Entorno;Centro Local;138749091.0;14110.56
2902252;Arataca;BA;Nordeste;2903;Ilhéus – Itabuna;do Entorno;290010;Camacan;do Entorno;Centro Local;135073021.0;13254.15
2902302;Aratuípe;BA;Nordeste;2902;Santo Antônio de Jesus;do Entorno;290006;Nazaré – Maragogipe;do Entorno;Centro Local;107370357.0;12374.13
2902401;Aurelino Leal;BA;Nordeste;2903;Ilhéus – Itabuna;do Entorno;290007;Ilhéus – Itabuna;do Entorno;Centro Local;180021295.0;16103.52
2902500;Baianópolis;BA;Nordeste;2906;Barreiras;do Entorno;290018;Barreiras;do Entorno;Centro Local;362686108.0;26640.67
2902609;Baixa Grande;BA;Nordeste;2910;Feira de Santana;do Entorno;290029;Feira de Santana;do Entorno;Centro Local;226703817.0;12442.58
2902658;Banzaê;BA;Nordeste;2909;Paulo Afonso;do Entorno;290025;Ribeira do Pombal;do Entorno;Centro Local;152080651.0;12717.9
2902708;Barra;BA;Nordeste;2907;Irecê;do Entorno;290021;Xique-Xique – Barra;Polo;Centro Local;558492724.0;10931.12
2902807;Barra da Estiva;BA;Nordeste;2904;Vitória da Conquista;do Entorno;290011;Vitória da Conquista;do Entorno;Centro de Zona B;589438511.0;22648.06
2902906;Barra do Choça;BA;Nordeste;2904;Vitória da Conquista;do Entorno;290011;Vitória da Conquista;do Entorno;Centro Local;540749955.0;14799.25
2903003;Barra do Mendes;BA;Nordeste;2907;Irecê;do Entorno;290020;Irecê;do Entorno;Centro Local;143355927.0;10361.08
2903102;Barra do Rocha;BA;Nordeste;2904;Vitória da Conquista;do Entorno;290014;Ipiaú;do Entorno;Centro Local;107926635.0;18688.59
2903201;Barreiras;BA;Nordeste;2906;Barreiras;Polo;290018;Barreiras;Polo;Capital Regional C;9499498974.0;59470.74
2903235;Barro Alto;BA;Nordeste;2907;Irecê;do Entorno;290020;Irecê;do Entorno;Centro Local;137538062.0;10223.6
2903276;Barrocas;BA;Nordeste;2910;Feira de Santana;do Entorno;290033;Serrinha;do Entorno;Centro Local;289667896.0;19053.34
2903300;Barro Preto;BA;Nordeste;2903;Ilhéus – Itabuna;do Entorno;290007;Ilhéus – Itabuna;do Entorno;Centro Local;112869346.0;19350.14
2903409;Belmonte;BA;Nordeste;2903;Ilhéus – Itabuna;do Entorno;290009;Eunápolis - Porto Seguro;do Entorno;Centro Local;432367576.0;21488.37
2903508;Belo Campo;BA;Nordeste;2904;Vitória da Conquista;do Entorno;290011;Vitória da Conquista;do Entorno;Centro Local;217595873.0;11818.16
2903607;Biritinga;BA;Nordeste;2910;Feira de Santana;do Entorno;290033;Serrinha;do Entorno;Centro Local;234654242.0;15492.82
2903706;Boa Nova;BA;Nordeste;2904;Vitória da Conquista;do Entorno;290011;Vitória da Conquista;do Entorno;Centro Local;144910467.0;10585.13
2903805;Boa Vista do Tupim;BA;Nordeste;2910;Feira de Santana;do Entorno;290031;Itaberaba;do Entorno;Centro Local;187248715.0;11097.54
2903904;Bom Jesus da Lapa;BA;Nordeste;2905;Guanambi;do Entorno;290017;Bom Jesus da Lapa;Polo;Centro Sub-Regional B;1554154439.0;23709.45
2903953;Bom Jesus da Serra;BA;Nordeste;2904;Vitória da Conquista;do Entorno;290011;Vitória da Conquista;do Entorno;Centro Local;92366046.0;9492.91
2904001;Boninal;BA;Nordeste;2910;Feira de Santana;do Entorno;290034;Seabra;do Entorno;Centro Local;146375553.0;10745.53
2904050;Bonito;BA;Nordeste;2907;Irecê;do Entorno;290020;Irecê;do Entorno;Centro Local;265008820.0;16726.13
2904100;Boquira;BA;Nordeste;2905;Guanambi;do Entorno;290017;Bom Jesus da Lapa;do Entorno;Centro Local;221071153.0;11441.42
2904209;Botuporã;BA;Nordeste;2905;Guanambi;do Entorno;290016;Guanambi;do Entorno;Centro Local;132224667.0;11994.26
2904308;Brejões;BA;Nordeste;2902;Santo Antônio de Jesus;do Entorno;290003;Santo Antônio de Jesus;do Entorno;Centro Local;168676087.0;13032.22
2904407;Brejolândia;BA;Nordeste;2906;Barreiras;do Entorno;290018;Barreiras;do Entorno;Centro Local;146903266.0;16129.04
2904506;Brotas de Macaúbas;BA;Nordeste;2907;Irecê;do Entorno;290021;Xique-Xique – Barra;do Entorno;Centro Local;141253088.0;12006.21
2904605;Brumado;BA;Nordeste;2904;Vitória da Conquista;do Entorno;290013;Brumado;Polo;Centro Sub-Regional B;1931839323.0;27398.09
2904704;Buerarema;BA;Nordeste;2903;Ilhéus – Itabuna;do Entorno;290007;Ilhéus – Itabuna;do Entorno;Centro Local;237932104.0;16072.15
2904753;Buritirama;BA;Nordeste;2907;Irecê;do Entorno;290021;Xique-Xique – Barra;do Entorno;Centro Local;191820251.0;9792.24
2904803;Caatiba;BA;Nordeste;2904;Vitória da Conquista;do Entorno;290011;Vitória da Conquista;do Entorno;Centro Local;97532131.0;15718.31
2904852;Cabaceiras do Paraguaçu;BA;Nordeste;2902;Santo Antônio de Jesus;do Entorno;290004;Cruz das Almas;do Entorno;Centro Local;186027975.0;11234.25
2904902;Cachoeira;BA;Nordeste;2902;Santo Antônio de Jesus;do Entorno;290004;Cruz das Almas;do Entorno;Centro Local;521415950.0;17826.19
2905008;Caculé;BA;Nordeste;2905;Guanambi;do Entorno;290016;Guanambi;do Entorno;Centro de Zona B;429993372.0;19143.15
2905107;Caém;BA;Nordeste;2910;Feira de Santana;do Entorno;290030;Jacobina;do Entorno;Centro Local;127401113.0;12268.98
2905156;Caetanos;BA;Nordeste;2904;Vitória da Conquista;do Entorno;290011;Vitória da Conquista;do Entorno;Centro Local;114112660.0;10128.94
2905206;Caetité;BA;Nordeste;2905;Guanambi;do Entorno;290016;Guanambi;do Entorno;Centro de Zona A;1216743242.0;23393.51
2905305;Cafarnaum;BA;Nordeste;2907;Irecê;do Entorno;290020;Irecê;do Entorno;Centro Local;277213977.0;15871.63
2905404;Cairu;BA;Nordeste;2902;Santo Antônio de Jesus;do Entorno;290005;Valença;do Entorno;Centro Local;1442324551.0;81207.4
2905503;Caldeirão Grande;BA;Nordeste;2910;Feira de Santana;do Entorno;290030;Jacobina;do Entorno;Centro Local;138754744.0;10608.16
2905602;Camacan;BA;Nordeste;2903;Ilhéus – Itabuna;do Entorno;290010;Camacan;Polo;Centro de Zona B;470759707.0;20849.45
2905701;Camaçari;BA;Nordeste;2901;Salvador;do Entorno;290001;Salvador;do Entorno;Metrópole;27418877532.0;91283.07
2905800;Camamu;BA;Nordeste;2902;Santo Antônio de Jesus;do Entorno;290005;Valença;do Entorno;Centro Local;557661535.0;18302.59
2905909;Campo Alegre de Lourdes;BA;Nordeste;2908;Juazeiro;do Entorno;290022;Juazeiro;do Entorno;Centro Local;383421237.0;12501.1
2906006;Campo Formoso;BA;Nordeste;2908;Juazeiro;do Entorno;290023;Senhor do Bonfim;do Entorno;Centro de Zona A;1617786003.0;22665.37
2906105;Canápolis;BA;Nordeste;2906;Barreiras;do Entorno;290019;Santa Maria da Vitoria;do Entorno;Centro Local;110069158.0;10764.71
2906204;Canarana;BA;Nordeste;2907;Irecê;do Entorno;290020;Irecê;do Entorno;Centro Local;305655738.0;12627.27
2906303;Canavieiras;BA;Nordeste;2903;Ilhéus – Itabuna;do Entorno;290010;Camacan;do Entorno;Centro Local;510979086.0;15634.4
2906402;Candeal;BA;Nordeste;2910;Feira de Santana;do Entorno;290029;Feira de Santana;do Entorno;Centro Local;84961221.0;10931.71
2906501;Candeias;BA;Nordeste;2901;Salvador;do Entorno;290001;Salvador;do Entorno;Metrópole;5750025525.0;79439.99
2906600;Candiba;BA;Nordeste;2905;Guanambi;do Entorno;290016;Guanambi;do Entorno;Centro Local;170087646.0;13067.58
2906709;Cândido Sales;BA;Nordeste;2904;Vitória da Conquista;do Entorno;290011;Vitória da Conquista;do Entorno;Centro Local;289056859.0;11449.16
2906808;Cansanção;BA;Nordeste;2909;Paulo Afonso;do Entorno;290026;Euclides da Cunha;do Entorno;Centro Local;510493321.0;13635.34
2906824;Canudos;BA;Nordeste;2909;Paulo Afonso;do Entorno;290026;Euclides da Cunha;do Entorno;Centro Local;203666771.0;12646.18
2906857;Capela do Alto Alegre;BA;Nordeste;2910;Feira de Santana;do Entorno;290029;Feira de Santana;do Entorno;Centro Local;164342354.0;15296.2
2906873;Capim Grosso;BA;Nordeste;2910;Feira de Santana;do Entorno;290030;Jacobina;do Entorno;Centro de Zona A;801015808.0;24101.57
2906899;Caraíbas;BA;Nordeste;2904;Vitória da Conquista;do Entorno;290011;Vitória da Conquista;do Entorno;Centro Local;123402399.0;12414.73
2906907;Caravelas;BA;Nordeste;2903;Ilhéus – Itabuna;do Entorno;290008;Teixeira de Freitas;do Entorno;Centro Local;413319456.0;20083.55
2907004;Cardeal da Silva;BA;Nordeste;2901;Salvador;do Entorno;290002;Alagoinhas;do Entorno;Centro Local;140042098.0;16741.43
2907103;Carinhanha;BA;Nordeste;2905;Guanambi;do Entorno;290016;Guanambi;do Entorno;Centro Local;377035401.0;13060.22
2907202;Casa Nova;BA;Nordeste;2908;Juazeiro;do Entorno;290022;Juazeiro;do Entorno;Centro Local;1135275591.0;15748.91
2907301;Castro Alves;BA;Nordeste;2902;Santo Antônio de Jesus;do Entorno;290004;Cruz das Almas;do Entorno;Centro de Zona B;431937994.0;17478.88
2907400;Catolândia;BA;Nordeste;2906;Barreiras;do Entorno;290018;Barreiras;do Entorno;Centro Local;93082334.0;27106.1
2907509;Catu;BA;Nordeste;2901;Salvador;do Entorno;290001;Salvador;do Entorno;Centro Local;928641003.0;19287.22
2907558;Caturama;BA;Nordeste;2904;Vitória da Conquista;do Entorno;290013;Brumado;do Entorno;Centro Local;105133773.0;11891.62
2907608;Central;BA;Nordeste;2907;Irecê;do Entorno;290020;Irecê;do Entorno;Centro Local;180701476.0;11053.43
2907707;Chorrochó;BA;Nordeste;2909;Paulo Afonso;do Entorno;290024;Paulo Afonso;do Entorno;Centro Local;137581262.0;13005.13
2907806;Cícero Dantas;BA;Nordeste;2909;Paulo Afonso;do Entorno;290027;Cícero Dantas;Polo;Centro de Zona A;503222235.0;16365.48
2907905;Cipó;BA;Nordeste;2909;Paulo Afonso;do Entorno;290025;Ribeira do Pombal;do Entorno;Centro Local;214615596.0;12455.93
2908002;Coaraci;BA;Nordeste;2903;Ilhéus – Itabuna;do Entorno;290007;Ilhéus – Itabuna;do Entorno;Centro Local;256642839.0;14806.6
2908101;Cocos;BA;Nordeste;2906;Barreiras;do Entorno;290019;Santa Maria da Vitoria;do Entorno;Centro Local;733216570.0;38286.07
2908200;Conceição da Feira;BA;Nordeste;2910;Feira de Santana;do Entorno;290029;Feira de Santana;do Entorno;Centro Local;430602157.0;20702.03
2908309;Conceição do Almeida;BA;Nordeste;2902;Santo Antônio de Jesus;do Entorno;290004;Cruz das Almas;do Entorno;Centro Local;236506602.0;14974.46
2908408;Conceição do Coité;BA;Nordeste;2910;Feira de Santana;do Entorno;290032;Conceição do Coité;Polo;Centro Sub-Regional B;1122063228.0;16543.51
2908507;Conceição do Jacuípe;BA;Nordeste;2910;Feira de Santana;do Entorno;290029;Feira de Santana;do Entorno;Centro Local;2634469119.0;74613.94
2908606;Conde;BA;Nordeste;2901;Salvador;do Entorno;290002;Alagoinhas;do Entorno;Centro Local;365281648.0;15442.7
2908705;Condeúba;BA;Nordeste;2904;Vitória da Conquista;do Entorno;290011;Vitória da Conquista;do Entorno;Centro Local;203310521.0;11922.27
2908804;Contendas do Sincorá;BA;Nordeste;2904;Vitória da Conquista;do Entorno;290011;Vitória da Conquista;do Entorno;Centro Local;63627246.0;14684.34
2908903;Coração de Maria;BA;Nordeste;2910;Feira de Santana;do Entorno;290029;Feira de Santana;do Entorno;Centro Local;325844013.0;12207.55
2909000;Cordeiros;BA;Nordeste;2904;Vitória da Conquista;do Entorno;290011;Vitória da Conquista;do Entorno;Centro Local;79050184.0;10475.77
2909109;Coribe;BA;Nordeste;2906;Barreiras;do Entorno;290019;Santa Maria da Vitoria;do Entorno;Centro Local;207786048.0;14852.47
2909208;Coronel João Sá;BA;Nordeste;2909;Paulo Afonso;do Entorno;290028;Jeremoabo;do Entorno;Centro Local;258087826.0;15131.79
2909307;Correntina;BA;Nordeste;2906;Barreiras;do Entorno;290019;Santa Maria da Vitoria;do Entorno;Centro Local;3806363285.0;117274.03
2909406;Cotegipe;BA;Nordeste;2906;Barreiras;do Entorno;290018;Barreiras;do Entorno;Centro Local;214456773.0;16417.11
2909505;Cravolândia;BA;Nordeste;2904;Vitória da Conquista;do Entorno;290012;Jequié;do Entorno;Centro Local;57702745.0;13069.7
2909604;Crisópolis;BA;Nordeste;2901;Salvador;do Entorno;290002;Alagoinhas;do Entorno;Centro Local;262119649.0;13286.01
2909703;Cristópolis;BA;Nordeste;2906;Barreiras;do Entorno;290018;Barreiras;do Entorno;Centro Local;218524996.0;15616.74
2909802;Cruz das Almas;BA;Nordeste;2902;Santo Antônio de Jesus;do Entorno;290004;Cruz das Almas;Polo;Centro Sub-Regional B;1279175071.0;21196.64
2909901;Curaçá;BA;Nordeste;2908;Juazeiro;do Entorno;290022;Juazeiro;do Entorno;Centro Local;499931719.0;14626.44
2910008;Dário Meira;BA;Nordeste;2904;Vitória da Conquista;do Entorno;290014;Ipiaú;do Entorno;Centro Local;155286969.0;14351.85
2910057;Dias d'Ávila;BA;Nordeste;2901;Salvador;do Entorno;290001;Salvador;do Entorno;Metrópole;2377818192.0;33263.18
2910107;Dom Basílio;BA;Nordeste;2904;Vitória da Conquista;do Entorno;290013;Brumado;do Entorno;Centro Local;177242569.0;14914.39
2910206;Dom Macedo Costa;BA;Nordeste;2902;Santo Antônio de Jesus;do Entorno;290003;Santo Antônio de Jesus;do Entorno;Centro Local;60840322.0;13805.38
2910305;Elísio Medrado;BA;Nordeste;2902;Santo Antônio de Jesus;do Entorno;290003;Santo Antônio de Jesus;do Entorno;Centro Local;104130141.0;13336.34
2910404;Encruzilhada;BA;Nordeste;2904;Vitória da Conquista;do Entorno;290011;Vitória da Conquista;do Entorno;Centro Local;254827772.0;13336.88
2910503;Entre Rios;BA;Nordeste;2901;Salvador;do Entorno;290002;Alagoinhas;do Entorno;Centro Local;790786138.0;20756.63
2910602;Esplanada;BA;Nordeste;2901;Salvador;do Entorno;290002;Alagoinhas;do Entorno;Centro Local;810979757.0;24911.83
2910701;Euclides da Cunha;BA;Nordeste;2909;Paulo Afonso;do Entorno;290026;Euclides da Cunha;Polo;Centro Sub-Regional B;959547942.0;15613.58
2910727;Eunápolis;BA;Nordeste;2903;Ilhéus – Itabuna;do Entorno;290009;Eunápolis - Porto Seguro;Polo;Capital Regional C;4264492925.0;37503.24
2910750;Fátima;BA;Nordeste;2909;Paulo Afonso;do Entorno;290027;Cícero Dantas;do Entorno;Centro Local;298891354.0;16701.57
2910776;Feira da Mata;BA;Nordeste;2905;Guanambi;do Entorno;290016;Guanambi;do Entorno;Centro Local;83140366.0;14764.76
2910800;Feira de Santana;BA;Nordeste;2910;Feira de Santana;Polo;290029;Feira de Santana;Polo;Capital Regional B;21846454667.0;35449.37
2910859;Filadélfia;BA;Nordeste;2908;Juazeiro;do Entorno;290023;Senhor do Bonfim;do Entorno;Centro Local;201628080.0;11266.03
2910909;Firmino Alves;BA;Nordeste;2903;Ilhéus – Itabuna;do Entorno;290007;Ilhéus – Itabuna;do Entorno;Centro Local;88592155.0;18180.21
2911006;Floresta Azul;BA;Nordeste;2903;Ilhéus – Itabuna;do Entorno;290007;Ilhéus – Itabuna;do Entorno;Centro Local;134078706.0;12123.94
2911105;Formosa do Rio Preto;BA;Nordeste;2906;Barreiras;do Entorno;290018;Barreiras;do Entorno;Centro Local;5334932831.0;205989.92
2911204;Gandu;BA;Nordeste;2904;Vitória da Conquista;do Entorno;290014;Ipiaú;do Entorno;Centro de Zona B;598642986.0;18604.11
2911253;Gavião;BA;Nordeste;2910;Feira de Santana;do Entorno;290029;Feira de Santana;do Entorno;Centro Local;64348661.0;14758.87
2911303;Gentio do Ouro;BA;Nordeste;2907;Irecê;do Entorno;290021;Xique-Xique – Barra;do Entorno;Centro Local;563487092.0;51772.06
2911402;Glória;BA;Nordeste;2909;Paulo Afonso;do Entorno;290024;Paulo Afonso;do Entorno;Centro Local;297614829.0;19171.27
2911501;Gongogi;BA;Nordeste;2904;Vitória da Conquista;do Entorno;290014;Ipiaú;do Entorno;Centro Local;91564455.0;16483.25
2911600;Governador Mangabeira;BA;Nordeste;2902;Santo Antônio de Jesus;do Entorno;290004;Cruz das Almas;do Entorno;Centro Local;284847183.0;13824.18
2911659;Guajeru;BA;Nordeste;2905;Guanambi;do Entorno;290016;Guanambi;do Entorno;Centro Local;86286262.0;10718.79
2911709;Guanambi;BA;Nordeste;2905;Guanambi;Polo;290016;Guanambi;Polo;Centro Sub-Regional A;2028013245.0;23093.63
2911808;Guaratinga;BA;Nordeste;2903;Ilhéus – Itabuna;do Entorno;290009;Eunápolis - Porto Seguro;do Entorno;Centro Local;318836843.0;16737.72
2911857;Heliópolis;BA;Nordeste;2909;Paulo Afonso;do Entorno;290027;Cícero Dantas;do Entorno;Centro Local;170531034.0;13441.4
2911907;Iaçu;BA;Nordeste;2910;Feira de Santana;do Entorno;290031;Itaberaba;do Entorno;Centro Local;309737081.0;12587.36
2912004;Ibiassucê;BA;Nordeste;2905;Guanambi;do Entorno;290016;Guanambi;do Entorno;Centro Local;121229529.0;11624.27
2912103;Ibicaraí;BA;Nordeste;2903;Ilhéus – Itabuna;do Entorno;290007;Ilhéus – Itabuna;do Entorno;Centro Local;265631847.0;12260.87
2912202;Ibicoara;BA;Nordeste;2904;Vitória da Conquista;do Entorno;290011;Vitória da Conquista;do Entorno;Centro Local;517754214.0;24909.99
2912301;Ibicuí;BA;Nordeste;2903;Ilhéus – Itabuna;do Entorno;290007;Ilhéus – Itabuna;do Entorno;Centro Local;224503022.0;16111.89
2912400;Ibipeba;BA;Nordeste;2907;Irecê;do Entorno;290020;Irecê;do Entorno;Centro Local;201180984.0;12117.15
2912509;Ibipitanga;BA;Nordeste;2905;Guanambi;do Entorno;290017;Bom Jesus da Lapa;do Entorno;Centro Local;155050168.0;11184.46
2912608;Ibiquera;BA;Nordeste;2910;Feira de Santana;do Entorno;290031;Itaberaba;do Entorno;Centro Local;48873515.0;13120.41
2912707;Ibirapitanga;BA;Nordeste;2903;Ilhéus – Itabuna;do Entorno;290007;Ilhéus – Itabuna;do Entorno;Centro Local;385351271.0;15204.83
2912806;Ibirapuã;BA;Nordeste;2903;Ilhéus – Itabuna;do Entorno;290008;Teixeira de Freitas;do Entorno;Centro Local;486181660.0;54651.72
2912905;Ibirataia;BA;Nordeste;2904;Vitória da Conquista;do Entorno;290014;Ipiaú;do Entorno;Centro Local;274185068.0;14590.52
2913002;Ibitiara;BA;Nordeste;2910;Feira de Santana;do Entorno;290034;Seabra;do Entorno;Centro Local;145139883.0;9915.96
2913101;Ibititá;BA;Nordeste;2907;Irecê;do Entorno;290020;Irecê;do Entorno;Centro Local;181670057.0;10706.0
2913200;Ibotirama;BA;Nordeste;2907;Irecê;do Entorno;290021;Xique-Xique – Barra;do Entorno;Centro de Zona B;544229386.0;20686.05
2913309;Ichu;BA;Nordeste;2910;Feira de Santana;do Entorno;290029;Feira de Santana;do Entorno;Centro Local;72148171.0;11655.6
2913408;Igaporã;BA;Nordeste;2905;Guanambi;do Entorno;290016;Guanambi;do Entorno;Centro Local;237185761.0;15275.7
2913457;Igrapiúna;BA;Nordeste;2902;Santo Antônio de Jesus;do Entorno;290005;Valença;do Entorno;Centro Local;248014796.0;18859.01
2913507;Iguaí;BA;Nordeste;2904;Vitória da Conquista;do Entorno;290011;Vitória da Conquista;do Entorno;Centro Local;282578114.0;13148.67
2913606;Ilhéus;BA;Nordeste;2903;Ilhéus – Itabuna;do Entorno;290007;Ilhéus – Itabuna;Polo;Capital Regional C;7234380827.0;40494.94
2913705;Inhambupe;BA;Nordeste;2901;Salvador;do Entorno;290002;Alagoinhas;do Entorno;Centro Local;728056798.0;21546.52
2913804;Ipecaetá;BA;Nordeste;2910;Feira de Santana;do Entorno;290029;Feira de Santana;do Entorno;Centro Local;141403755.0;10314.67
2913903;Ipiaú;BA;Nordeste;2904;Vitória da Conquista;do Entorno;290014;Ipiaú;Polo;Centro Sub-Regional B;714937605.0;17563.45
2914000;Ipirá;BA;Nordeste;2910;Feira de Santana;do Entorno;290029;Feira de Santana;do Entorno;Centro de Zona A;799164101.0;14050.99
2914109;Ipupiara;BA;Nordeste;2907;Irecê;do Entorno;290021;Xique-Xique – Barra;do Entorno;Centro de Zona B;138063549.0;13896.68
2914208;Irajuba;BA;Nordeste;2904;Vitória da Conquista;do Entorno;290012;Jequié;do Entorno;Centro Local;81309529.0;13327.25
2914307;Iramaia;BA;Nordeste;2904;Vitória da Conquista;do Entorno;290011;Vitória da Conquista;do Entorno;Centro Local;128687776.0;11968.73
2914406;Iraquara;BA;Nordeste;2910;Feira de Santana;do Entorno;290034;Seabra;do Entorno;Centro Local;695112510.0;29109.78
2914505;Irará;BA;Nordeste;2910;Feira de Santana;do Entorno;290029;Feira de Santana;do Entorno;Centro Local;385665422.0;13752.64
2914604;Irecê;BA;Nordeste;2907;Irecê;Polo;290020;Irecê;Polo;Centro Sub-Regional A;1963173351.0;26348.84
2914653;Itabela;BA;Nordeste;2903;Ilhéus – Itabuna;do Entorno;290009;Eunápolis - Porto Seguro;do Entorno;Centro Local;669662547.0;23776.41
2914703;Itaberaba;BA;Nordeste;2910;Feira de Santana;do Entorno;290031;Itaberaba;Polo;Centro Sub-Regional B;1267186907.0;19473.31
2914802;Itabuna;BA;Nordeste;2903;Ilhéus – Itabuna;do Entorno;290007;Ilhéus – Itabuna;Polo;Capital Regional B;5152367087.0;27595.86
2914901;Itacaré;BA;Nordeste;2903;Ilhéus – Itabuna;do Entorno;290007;Ilhéus – Itabuna;do Entorno;Centro Local;563115494.0;20326.14
2915007;Itaeté;BA;Nordeste;2910;Feira de Santana;do Entorno;290031;Itaberaba;do Entorno;Centro Local;151141500.0;11218.94
2915106;Itagi;BA;Nordeste;2904;Vitória da Conquista;do Entorno;290012;Jequié;do Entorno;Centro Local;162850098.0;11798.17
2915205;Itagibá;BA;Nordeste;2904;Vitória da Conquista;do Entorno;290014;Ipiaú;do Entorno;Centro Local;746823176.0;48780.09
2915304;Itagimirim;BA;Nordeste;2903;Ilhéus – Itabuna;do Entorno;290009;Eunápolis - Porto Seguro;do Entorno;Centro Local;153619497.0;24203.48
2915353;Itaguaçu da Bahia;BA;Nordeste;2907;Irecê;do Entorno;290020;Irecê;do Entorno;Centro Local;173900568.0;14125.62
2915403;Itaju do Colônia;BA;Nordeste;2903;Ilhéus – Itabuna;do Entorno;290007;Ilhéus – Itabuna;do Entorno;Centro Local;110196786.0;18253.57
2915502;Itajuípe;BA;Nordeste;2903;Ilhéus – Itabuna;do Entorno;290007;Ilhéus – Itabuna;do Entorno;Centro Local;382794967.0;20382.03
2915601;Itamaraju;BA;Nordeste;2903;Ilhéus – Itabuna;do Entorno;290008;Teixeira de Freitas;do Entorno;Centro Sub-Regional B;1395505741.0;23412.56
2915700;Itamari;BA;Nordeste;2904;Vitória da Conquista;do Entorno;290014;Ipiaú;do Entorno;Centro Local;118905574.0;16863.65
2915809;Itambé;BA;Nordeste;2904;Vitória da Conquista;do Entorno;290011;Vitória da Conquista;do Entorno;Centro Local;403897700.0;16557.26
2915908;Itanagra;BA;Nordeste;2901;Salvador;do Entorno;290001;Salvador;do Entorno;Centro Local;110577394.0;18697.56
2916005;Itanhém;BA;Nordeste;2903;Ilhéus – Itabuna;do Entorno;290008;Teixeira de Freitas;do Entorno;Centro Local;341095515.0;19148.68
2916104;Itaparica;BA;Nordeste;2902;Santo Antônio de Jesus;do Entorno;290006;Nazaré – Maragogipe;do Entorno;Centro Local;298513763.0;15084.83
2916203;Itapé;BA;Nordeste;2903;Ilhéus – Itabuna;do Entorno;290007;Ilhéus – Itabuna;do Entorno;Centro Local;135711734.0;13123.66
2916302;Itapebi;BA;Nordeste;2903;Ilhéus – Itabuna;do Entorno;290009;Eunápolis - Porto Seguro;do Entorno;Centro Local;329115871.0;35874.85
2916401;Itapetinga;BA;Nordeste;2904;Vitória da Conquista;do Entorno;290015;Itapetinga;Polo;Centro Sub-Regional B;1938472475.0;29416.7
2916500;Itapicuru;BA;Nordeste;2901;Salvador;do Entorno;290002;Alagoinhas;do Entorno;Centro Local;534862537.0;16883.82
2916609;Itapitanga;BA;Nordeste;2903;Ilhéus – Itabuna;do Entorno;290007;Ilhéus – Itabuna;do Entorno;Centro Local;124198931.0;12082.78
2916708;Itaquara;BA;Nordeste;2904;Vitória da Conquista;do Entorno;290012;Jequié;do Entorno;Centro Local;105757568.0;12971.61
2916807;Itarantim;BA;Nordeste;2904;Vitória da Conquista;do Entorno;290015;Itapetinga;do Entorno;Centro Local;375539977.0;22023.22
2916856;Itatim;BA;Nordeste;2902;Santo Antônio de Jesus;do Entorno;290004;Cruz das Almas;do Entorno;Centro Local;513400981.0;32623.82
2916906;Itiruçu;BA;Nordeste;2904;Vitória da Conquista;do Entorno;290012;Jequié;do Entorno;Centro Local;152011102.0;13820.45
2917003;Itiúba;BA;Nordeste;2908;Juazeiro;do Entorno;290023;Senhor do Bonfim;do Entorno;Centro Local;429677861.0;12685.34
2917102;Itororó;BA;Nordeste;2904;Vitória da Conquista;do Entorno;290015;Itapetinga;do Entorno;Centro de Zona B;281111572.0;16917.11
2917201;Ituaçu;BA;Nordeste;2904;Vitória da Conquista;do Entorno;290011;Vitória da Conquista;do Entorno;Centro Local;341991049.0;19090.71
2917300;Ituberá;BA;Nordeste;2902;Santo Antônio de Jesus;do Entorno;290005;Valença;do Entorno;Centro Local;420872854.0;19216.18
2917334;Iuiu;BA;Nordeste;2905;Guanambi;do Entorno;290016;Guanambi;do Entorno;Centro Local;179352803.0;16131.75
2917359;Jaborandi;BA;Nordeste;2906;Barreiras;do Entorno;290019;Santa Maria da Vitoria;do Entorno;Centro Local;1527844705.0;164727.19
2917409;Jacaraci;BA;Nordeste;2905;Guanambi;do Entorno;290016;Guanambi;do Entorno;Centro Local;150695590.0;10438.87
2917508;Jacobina;BA;Nordeste;2910;Feira de Santana;do Entorno;290030;Jacobina;Polo;Centro Sub-Regional B;2030142295.0;24580.97
2917607;Jaguaquara;BA;Nordeste;2904;Vitória da Conquista;do Entorno;290012;Jequié;do Entorno;Centro de Zona B;807068769.0;17558.71
2917706;Jaguarari;BA;Nordeste;2908;Juazeiro;do Entorno;290023;Senhor do Bonfim;do Entorno;Centro Local;805703944.0;24637.0
2917805;Jaguaripe;BA;Nordeste;2902;Santo Antônio de Jesus;do Entorno;290006;Nazaré – Maragogipe;do Entorno;Centro Local;261120545.0;14786.83
2917904;Jandaíra;BA;Nordeste;2901;Salvador;do Entorno;290002;Alagoinhas;do Entorno;Centro Local;217807116.0;23457.96
2918001;Jequié;BA;Nordeste;2904;Vitória da Conquista;do Entorno;290012;Jequié;Polo;Centro Sub-Regional A;3882706960.0;24448.29
2918100;Jeremoabo;BA;Nordeste;2909;Paulo Afonso;do Entorno;290028;Jeremoabo;Polo;Centro de Zona B;623856272.0;16580.46
2918209;Jiquiriçá;BA;Nordeste;2902;Santo Antônio de Jesus;do Entorno;290003;Santo Antônio de Jesus;do Entorno;Centro Local;195942717.0;14376.9
2918308;Jitaúna;BA;Nordeste;2904;Vitória da Conquista;do Entorno;290012;Jequié;do Entorno;Centro Local;253022524.0;17626.09
2918357;João Dourado;BA;Nordeste;2907;Irecê;do Entorno;290020;Irecê;do Entorno;Centro Local;347834875.0;13995.13
2918407;Juazeiro;BA;Nordeste;2908;Juazeiro;Polo;290022;Juazeiro;Polo;Capital Regional C;6159603827.0;25900.17
2918456;Jucuruçu;BA;Nordeste;2903;Ilhéus – Itabuna;do Entorno;290008;Teixeira de Freitas;do Entorno;Centro Local;152424112.0;15787.06
2918506;Jussara;BA;Nordeste;2907;Irecê;do Entorno;290020;Irecê;do Entorno;Centro Local;151838486.0;9284.49
2918555;Jussari;BA;Nordeste;2903;Ilhéus – Itabuna;do Entorno;290010;Camacan;do Entorno;Centro Local;90404100.0;15353.96
2918605;Jussiape;BA;Nordeste;2904;Vitória da Conquista;do Entorno;290013;Brumado;do Entorno;Centro Local;87227640.0;11821.07
2918704;Lafaiete Coutinho;BA;Nordeste;2904;Vitória da Conquista;do Entorno;290012;Jequié;do Entorno;Centro Local;70953286.0;17411.85
2918753;Lagoa Real;BA;Nordeste;2905;Guanambi;do Entorno;290016;Guanambi;do Entorno;Centro Local;147332400.0;10445.4
2918803;Laje;BA;Nordeste;2902;Santo Antônio de Jesus;do Entorno;290003;Santo Antônio de Jesus;do Entorno;Centro Local;344541365.0;16366.21
2918902;Lajedão;BA;Nordeste;2903;Ilhéus – Itabuna;do Entorno;290008;Teixeira de Freitas;do Entorno;Centro Local;132125986.0;34363.07
2919009;Lajedinho;BA;Nordeste;2910;Feira de Santana;do Entorno;290031;Itaberaba;do Entorno;Centro Local;66279945.0;18792.16
2919058;Lajedo do Tabocal;BA;Nordeste;2904;Vitória da Conquista;do Entorno;290012;Jequié;do Entorno;Centro Local;102349698.0;13657.55
2919108;Lamarão;BA;Nordeste;2910;Feira de Santana;do Entorno;290029;Feira de Santana;do Entorno;Centro Local;83252481.0;9234.88
2919157;Lapão;BA;Nordeste;2907;Irecê;do Entorno;290020;Irecê;do Entorno;Centro Local;381812078.0;14835.72
2919207;Lauro de Freitas;BA;Nordeste;2901;Salvador;do Entorno;290001;Salvador;do Entorno;Metrópole;8918479610.0;43861.88
2919306;Lençóis;BA;Nordeste;2910;Feira de Santana;do Entorno;290034;Seabra;do Entorno;Centro Local;210369840.0;19525.7
2919405;Licínio de Almeida;BA;Nordeste;2905;Guanambi;do Entorno;290016;Guanambi;do Entorno;Centro Local;165211987.0;13960.79
2919504;Livramento de Nossa Senhora;BA;Nordeste;2904;Vitória da Conquista;do Entorno;290013;Brumado;do Entorno;Centro de Zona B;705491381.0;16069.32
2919553;Luís Eduardo Magalhães;BA;Nordeste;2906;Barreiras;do Entorno;290018;Barreiras;do Entorno;Centro Sub-Regional B;11559024195.0;107118.26
2919603;Macajuba;BA;Nordeste;2910;Feira de Santana;do Entorno;290029;Feira de Santana;do Entorno;Centro Local;108591993.0;10387.6
2919702;Macarani;BA;Nordeste;2904;Vitória da Conquista;do Entorno;290015;Itapetinga;do Entorno;Centro Local;269681394.0;12485.83
2919801;Macaúbas;BA;Nordeste;2905;Guanambi;do Entorno;290017;Bom Jesus da Lapa;do Entorno;Centro de Zona B;549585766.0;13129.45
2919900;Macururé;BA;Nordeste;2909;Paulo Afonso;do Entorno;290024;Paulo Afonso;do Entorno;Centro Local;80971997.0;11159.32
2919926;Madre de Deus;BA;Nordeste;2901;Salvador;do Entorno;290001;Salvador;do Entorno;Metrópole;710438473.0;38393.78
2919959;Maetinga;BA;Nordeste;2904;Vitória da Conquista;do Entorno;290011;Vitória da Conquista;do Entorno;Centro Local;81860129.0;11739.59
2920007;Maiquinique;BA;Nordeste;2904;Vitória da Conquista;do Entorno;290015;Itapetinga;do Entorno;Centro Local;210895572.0;24154.8
2920106;Mairi;BA;Nordeste;2910;Feira de Santana;do Entorno;290029;Feira de Santana;do Entorno;Centro Local;211982299.0;11994.02
2920205;Malhada;BA;Nordeste;2905;Guanambi;do Entorno;290016;Guanambi;do Entorno;Centro Local;238292949.0;15475.58
2920304;Malhada de Pedras;BA;Nordeste;2904;Vitória da Conquista;do Entorno;290013;Brumado;do Entorno;Centro Local;111364731.0;12844.84
2920403;Manoel Vitorino;BA;Nordeste;2904;Vitória da Conquista;do Entorno;290012;Jequié;do Entorno;Centro Local;165431588.0;11935.9
2920452;Mansidão;BA;Nordeste;2906;Barreiras;do Entorno;290018;Barreiras;do Entorno;Centro Local;117786924.0;8462.31
2920502;Maracás;BA;Nordeste;2904;Vitória da Conquista;do Entorno;290012;Jequié;do Entorno;Centro de Zona B;692348658.0;25066.93
2920601;Maragogipe;BA;Nordeste;2902;Santo Antônio de Jesus;do Entorno;290006;Nazaré – Maragogipe;Polo;Centro Local;479211800.0;13363.78
2920700;Maraú;BA;Nordeste;2903;Ilhéus – Itabuna;do Entorno;290007;Ilhéus – Itabuna;do Entorno;Centro Local;434712147.0;17723.82
2920809;Marcionílio Souza;BA;Nordeste;2910;Feira de Santana;do Entorno;290031;Itaberaba;do Entorno;Centro Local;119537686.0;12899.29
2920908;Mascote;BA;Nordeste;2903;Ilhéus – Itabuna;do Entorno;290010;Camacan;do Entorno;Centro Local;193316501.0;14273.22
2921005;Mata de São João;BA;Nordeste;2901;Salvador;do Entorno;290001;Salvador;do Entorno;Metrópole;1734856860.0;40756.87
2921054;Matina;BA;Nordeste;2905;Guanambi;do Entorno;290016;Guanambi;do Entorno;Centro Local;123261011.0;11932.33
2921104;Medeiros Neto;BA;Nordeste;2903;Ilhéus – Itabuna;do Entorno;290008;Teixeira de Freitas;do Entorno;Centro Local;505591940.0;22780.57
2921203;Miguel Calmon;BA;Nordeste;2910;Feira de Santana;do Entorno;290030;Jacobina;do Entorno;Centro Local;340199632.0;13795.05
2921302;Milagres;BA;Nordeste;2902;Santo Antônio de Jesus;do Entorno;290003;Santo Antônio de Jesus;do Entorno;Centro Local;181064199.0;16354.82
2921401;Mirangaba;BA;Nordeste;2910;Feira de Santana;do Entorno;290030;Jacobina;do Entorno;Centro Local;167190994.0;10626.1
2921450;Mirante;BA;Nordeste;2904;Vitória da Conquista;do Entorno;290011;Vitória da Conquista;do Entorno;Centro Local;102821862.0;10093.44
2921500;Monte Santo;BA;Nordeste;2909;Paulo Afonso;do Entorno;290026;Euclides da Cunha;do Entorno;Centro Local;590805465.0;12365.12
2921609;Morpará;BA;Nordeste;2907;Irecê;do Entorno;290021;Xique-Xique – Barra;do Entorno;Centro Local;102667043.0;12839.8
2921708;Morro do Chapéu;BA;Nordeste;2907;Irecê;do Entorno;290020;Irecê;do Entorno;Centro de Zona B;1565321407.0;46595.27
2921807;Mortugaba;BA;Nordeste;2905;Guanambi;do Entorno;290016;Guanambi;do Entorno;Centro Local;132840361.0;11921.42
2921906;Mucugê;BA;Nordeste;2910;Feira de Santana;do Entorno;290034;Seabra;do Entorno;Centro Local;599591173.0;49401.93
2922003;Mucuri;BA;Nordeste;2903;Ilhéus – Itabuna;do Entorno;290008;Teixeira de Freitas;do Entorno;Centro de Zona A;3127407236.0;82350.03
2922052;Mulungu do Morro;BA;Nordeste;2907;Irecê;do Entorno;290020;Irecê;do Entorno;Centro Local;283456447.0;21552.35
2922102;Mundo Novo;BA;Nordeste;2910;Feira de Santana;do Entorno;290029;Feira de Santana;do Entorno;Centro Local;219477472.0;12682.89
2922201;Muniz Ferreira;BA;Nordeste;2902;Santo Antônio de Jesus;do Entorno;290003;Santo Antônio de Jesus;do Entorno;Centro Local;86329424.0;12006.87
2922250;Muquém do São Francisco;BA;Nordeste;2907;Irecê;do Entorno;290021;Xique-Xique – Barra;do Entorno;Centro Local;266937053.0;25561.34
2922300;Muritiba;BA;Nordeste;2902;Santo Antônio de Jesus;do Entorno;290004;Cruz das Almas;do Entorno;Centro Local;375976500.0;13097.03
2922409;Mutuípe;BA;Nordeste;2902;Santo Antônio de Jesus;do Entorno;290003;Santo Antônio de Jesus;do Entorno;Centro Local;511682019.0;25536.86
2922508;Nazaré;BA;Nordeste;2902;Santo Antônio de Jesus;do Entorno;290006;Nazaré – Maragogipe;Polo;Centro Local;463720766.0;17136.76
2922607;Nilo Peçanha;BA;Nordeste;2902;Santo Antônio de Jesus;do Entorno;290005;Valença;do Entorno;Centro Local;201028331.0;16664.87
2922656;Nordestina;BA;Nordeste;2910;Feira de Santana;do Entorno;290032;Conceição do Coité;do Entorno;Centro Local;184561855.0;9963.93
2922706;Nova Canaã;BA;Nordeste;2904;Vitória da Conquista;do Entorno;290011;Vitória da Conquista;do Entorno;Centro Local;227966485.0;16621.69
2922730;Nova Fátima;BA;Nordeste;2910;Feira de Santana;do Entorno;290029;Feira de Santana;do Entorno;Centro Local;121798973.0;15287.93
2922755;Nova Ibiá;BA;Nordeste;2904;Vitória da Conquista;do Entorno;290014;Ipiaú;do Entorno;Centro Local;127888329.0;19672.1
2922805;Nova Itarana;BA;Nordeste;2902;Santo Antônio de Jesus;do Entorno;290003;Santo Antônio de Jesus;do Entorno;Centro Local;89839984.0;11547.56
2922854;Nova Redenção;BA;Nordeste;2910;Feira de Santana;do Entorno;290031;Itaberaba;do Entorno;Centro Local;93115338.0;12352.79
2922904;Nova Soure;BA;Nordeste;2909;Paulo Afonso;do Entorno;290025;Ribeira do Pombal;do Entorno;Centro Local;341841659.0;14104.71
2923001;Nova Viçosa;BA;Nordeste;2903;Ilhéus – Itabuna;do Entorno;290008;Teixeira de Freitas;do Entorno;Centro Local;699743948.0;17711.0
2923035;Novo Horizonte;BA;Nordeste;2910;Feira de Santana;do Entorno;290034;Seabra;do Entorno;Centro Local;137372055.0;12307.12
2923050;Novo Triunfo;BA;Nordeste;2909;Paulo Afonso;do Entorno;290028;Jeremoabo;do Entorno;Centro Local;130774308.0;11780.41
2923100;Olindina;BA;Nordeste;2909;Paulo Afonso;do Entorno;290025;Ribeira do Pombal;do Entorno;Centro Local;296049094.0;13080.42
2923209;Oliveira dos Brejinhos;BA;Nordeste;2907;Irecê;do Entorno;290021;Xique-Xique – Barra;do Entorno;Centro Local;420123901.0;20281.14
2923308;Ouriçangas;BA;Nordeste;2910;Feira de Santana;do Entorno;290029;Feira de Santana;do Entorno;Centro Local;110003255.0;14256.51
2923357;Ourolândia;BA;Nordeste;2910;Feira de Santana;do Entorno;290030;Jacobina;do Entorno;Centro Local;318032238.0;16527.17
2923407;Palmas de Monte Alto;BA;Nordeste;2905;Guanambi;do Entorno;290016;Guanambi;do Entorno;Centro Local;291638714.0;14525.29
2923506;Palmeiras;BA;Nordeste;2910;Feira de Santana;do Entorno;290034;Seabra;do Entorno;Centro Local;153919434.0;14887.27
2923605;Paramirim;BA;Nordeste;2904;Vitória da Conquista;do Entorno;290013;Brumado;do Entorno;Centro de Zona B;310453443.0;15254.95
2923704;Paratinga;BA;Nordeste;2905;Guanambi;do Entorno;290017;Bom Jesus da Lapa;do Entorno;Centro Local;327812862.0;11206.51
2923803;Paripiranga;BA;Nordeste;2909;Paulo Afonso;do Entorno;290027;Cícero Dantas;do Entorno;Centro Local;559998860.0;21049.42
2923902;Pau Brasil;BA;Nordeste;2903;Ilhéus – Itabuna;do Entorno;290010;Camacan;do Entorno;Centro Local;135358895.0;14445.99
2924009;Paulo Afonso;BA;Nordeste;2909;Paulo Afonso;Polo;290024;Paulo Afonso;Polo;Centro Sub-Regional A;4258890934.0;37732.71
2924058;Pé de Serra;BA;Nordeste;2910;Feira de Santana;do Entorno;290029;Feira de Santana;do Entorno;Centro Local;166031463.0;12537.3
2924108;Pedrão;BA;Nordeste;2901;Salvador;do Entorno;290002;Alagoinhas;do Entorno;Centro Local;68923760.0;11054.33
2924207;Pedro Alexandre;BA;Nordeste;2909;Paulo Afonso;do Entorno;290028;Jeremoabo;do Entorno;Centro Local;178830493.0;12815.72
2924306;Piatã;BA;Nordeste;2910;Feira de Santana;do Entorno;290034;Seabra;do Entorno;Centro Local;220691887.0;10987.35
2924405;Pilão Arcado;BA;Nordeste;2908;Juazeiro;do Entorno;290022;Juazeiro;do Entorno;Centro Local;367179251.0;10384.91
2924504;Pindaí;BA;Nordeste;2905;Guanambi;do Entorno;290016;Guanambi;do Entorno;Centro Local;285212565.0;19361.39
2924603;Pindobaçu;BA;Nordeste;2908;Juazeiro;do Entorno;290023;Senhor do Bonfim;do Entorno;Centro Local;215103251.0;11271.98
2924652;Pintadas;BA;Nordeste;2910;Feira de Santana;do Entorno;290029;Feira de Santana;do Entorno;Centro Local;132344778.0;12817.9
2924678;Piraí do Norte;BA;Nordeste;2904;Vitória da Conquista;do Entorno;290014;Ipiaú;do Entorno;Centro Local;157000634.0;14306.6
2924702;Piripá;BA;Nordeste;2904;Vitória da Conquista;do Entorno;290011;Vitória da Conquista;do Entorno;Centro Local;92317178.0;10066.21
2924801;Piritiba;BA;Nordeste;2910;Feira de Santana;do Entorno;290030;Jacobina;do Entorno;Centro Local;218911430.0;12462.22
2924900;Planaltino;BA;Nordeste;2904;Vitória da Conquista;do Entorno;290012;Jequié;do Entorno;Centro Local;88316286.0;11009.26
2925006;Planalto;BA;Nordeste;2904;Vitória da Conquista;do Entorno;290011;Vitória da Conquista;do Entorno;Centro Local;324874126.0;13922.78
2925105;Poções;BA;Nordeste;2904;Vitória da Conquista;do Entorno;290011;Vitória da Conquista;do Entorno;Centro Local;681871458.0;14119.47
2925204;Pojuca;BA;Nordeste;2901;Salvador;do Entorno;290001;Salvador;do Entorno;Centro Local;3036558676.0;94490.87
2925253;Ponto Novo;BA;Nordeste;2908;Juazeiro;do Entorno;290023;Senhor do Bonfim;do Entorno;Centro Local;246409882.0;13736.75
2925303;Porto Seguro;BA;Nordeste;2903;Ilhéus – Itabuna;do Entorno;290009;Eunápolis - Porto Seguro;Polo;Centro Sub-Regional A;5009893696.0;29763.04
2925402;Potiraguá;BA;Nordeste;2904;Vitória da Conquista;do Entorno;290015;Itapetinga;do Entorno;Centro Local;151243460.0;14720.99
2925501;Prado;BA;Nordeste;2903;Ilhéus – Itabuna;do Entorno;290008;Teixeira de Freitas;do Entorno;Centro Local;776982130.0;22197.59
2925600;Presidente Dutra;BA;Nordeste;2907;Irecê;do Entorno;290020;Irecê;do Entorno;Centro Local;167732785.0;11086.11
2925709;Presidente Jânio Quadros;BA;Nordeste;2904;Vitória da Conquista;do Entorno;290011;Vitória da Conquista;do Entorno;Centro Local;122013542.0;9667.5
2925758;Presidente Tancredo Neves;BA;Nordeste;2902;Santo Antônio de Jesus;do Entorno;290005;Valença;do Entorno;Centro Local;417933455.0;15069.35
2925808;Queimadas;BA;Nordeste;2910;Feira de Santana;do Entorno;290032;Conceição do Coité;do Entorno;Centro de Zona B;321603264.0;12375.07
2925907;Quijingue;BA;Nordeste;2909;Paulo Afonso;do Entorno;290026;Euclides da Cunha;do Entorno;Centro Local;277904407.0;10996.53
2925931;Quixabeira;BA;Nordeste;2910;Feira de Santana;do Entorno;290030;Jacobina;do Entorno;Centro Local;117642285.0;12434.45
2925956;Rafael Jambeiro;BA;Nordeste;2910;Feira de Santana;do Entorno;290029;Feira de Santana;do Entorno;Centro Local;422266249.0;21476.26
2926004;Remanso;BA;Nordeste;2908;Juazeiro;do Entorno;290022;Juazeiro;do Entorno;Centro de Zona B;573383292.0;14127.61
2926103;Retirolândia;BA;Nordeste;2910;Feira de Santana;do Entorno;290032;Conceição do Coité;do Entorno;Centro Local;175547914.0;12859.71
2926202;Riachão das Neves;BA;Nordeste;2906;Barreiras;do Entorno;290018;Barreiras;do Entorno;Centro Local;1896806255.0;87644.68
2926301;Riachão do Jacuípe;BA;Nordeste;2910;Feira de Santana;do Entorno;290029;Feira de Santana;do Entorno;Centro de Zona B;565913377.0;16950.62
2926400;Riacho de Santana;BA;Nordeste;2905;Guanambi;do Entorno;290016;Guanambi;do Entorno;Centro Local;406699912.0;13242.81
2926509;Ribeira do Amparo;BA;Nordeste;2909;Paulo Afonso;do Entorno;290025;Ribeira do Pombal;do Entorno;Centro Local;199747093.0;14202.72
2926608;Ribeira do Pombal;BA;Nordeste;2909;Paulo Afonso;do Entorno;290025;Ribeira do Pombal;Polo;Centro Sub-Regional B;918879756.0;17154.16
2926657;Ribeirão do Largo;BA;Nordeste;2904;Vitória da Conquista;do Entorno;290011;Vitória da Conquista;do Entorno;Centro Local;134073859.0;13765.28
2926707;Rio de Contas;BA;Nordeste;2904;Vitória da Conquista;do Entorno;290013;Brumado;do Entorno;Centro Local;198436418.0;15051.31
2926806;Rio do Antônio;BA;Nordeste;2905;Guanambi;do Entorno;290016;Guanambi;do Entorno;Centro Local;143762314.0;10935.82
2926905;Rio do Pires;BA;Nordeste;2904;Vitória da Conquista;do Entorno;290013;Brumado;do Entorno;Centro Local;119203331.0;11355.94
2927002;Rio Real;BA;Nordeste;2901;Salvador;do Entorno;290002;Alagoinhas;do Entorno;Centro de Zona B;1275891660.0;36080.87
2927101;Rodelas;BA;Nordeste;2909;Paulo Afonso;do Entorno;290024;Paulo Afonso;do Entorno;Centro Local;162518115.0;15766.21
2927200;Ruy Barbosa;BA;Nordeste;2910;Feira de Santana;do Entorno;290031;Itaberaba;do Entorno;Centro de Zona B;537945952.0;19020.79
2927309;Salinas da Margarida;BA;Nordeste;2902;Santo Antônio de Jesus;do Entorno;290006;Nazaré – Maragogipe;do Entorno;Centro Local;250080573.0;16686.5
2927408;Salvador;BA;Nordeste;2901;Salvador;Polo;290001;Salvador;Polo;Metrópole;76698777218.0;31724.15
2927507;Santa Bárbara;BA;Nordeste;2910;Feira de Santana;do Entorno;290029;Feira de Santana;do Entorno;Centro Local;229692146.0;10962.78
2927606;Santa Brígida;BA;Nordeste;2909;Paulo Afonso;do Entorno;290024;Paulo Afonso;do Entorno;Centro Local;161580395.0;10797.22
2927705;Santa Cruz Cabrália;BA;Nordeste;2903;Ilhéus – Itabuna;do Entorno;290009;Eunápolis - Porto Seguro;do Entorno;Centro Local;649501528.0;22254.64
2927804;Santa Cruz da Vitória;BA;Nordeste;2903;Ilhéus – Itabuna;do Entorno;290007;Ilhéus – Itabuna;do Entorno;Centro Local;77736690.0;16606.86
2927903;Santa Inês;BA;Nordeste;2904;Vitória da Conquista;do Entorno;290012;Jequié;do Entorno;Centro de Zona B;113747756.0;11043.47
2928000;Santaluz;BA;Nordeste;2910;Feira de Santana;do Entorno;290032;Conceição do Coité;do Entorno;Centro Local;678132686.0;17923.9
2928059;Santa Luzia;BA;Nordeste;2903;Ilhéus – Itabuna;do Entorno;290010;Camacan;do Entorno;Centro Local;165145314.0;11884.38
2928109;Santa Maria da Vitória;BA;Nordeste;2906;Barreiras;do Entorno;290019;Santa Maria da Vitoria;Polo;Centro de Zona A;696761133.0;18048.94
2928208;Santana;BA;Nordeste;2906;Barreiras;do Entorno;290018;Barreiras;do Entorno;Centro de Zona B;426642509.0;17234.6
2928307;Santanópolis;BA;Nordeste;2910;Feira de Santana;do Entorno;290029;Feira de Santana;do Entorno;Centro Local;84482199.0;9692.77
2928406;Santa Rita de Cássia;BA;Nordeste;2906;Barreiras;do Entorno;290018;Barreiras;do Entorno;Centro Local;389399755.0;14216.86
2928505;Santa Terezinha;BA;Nordeste;2902;Santo Antônio de Jesus;do Entorno;290004;Cruz das Almas;do Entorno;Centro Local;165368920.0;15838.42
2928604;Santo Amaro;BA;Nordeste;2901;Salvador;do Entorno;290001;Salvador;do Entorno;Centro de Zona A;1375771156.0;24562.08
2928703;Santo Antônio de Jesus;BA;Nordeste;2902;Santo Antônio de Jesus;Polo;290003;Santo Antônio de Jesus;Polo;Centro Sub-Regional A;3028413726.0;29386.38
2928802;Santo Estêvão;BA;Nordeste;2910;Feira de Santana;do Entorno;290029;Feira de Santana;do Entorno;Centro Local;1295366193.0;24779.37
2928901;São Desidério;BA;Nordeste;2906;Barreiras;do Entorno;290018;Barreiras;do Entorno;Centro Local;8525861621.0;259713.1
2928950;São Domingos;BA;Nordeste;2910;Feira de Santana;do Entorno;290032;Conceição do Coité;do Entorno;Centro Local;109019733.0;12938.49
2929008;São Félix;BA;Nordeste;2902;Santo Antônio de Jesus;do Entorno;290004;Cruz das Almas;do Entorno;Centro Local;198066092.0;17963.55
2929057;São Félix do Coribe;BA;Nordeste;2906;Barreiras;do Entorno;290019;Santa Maria da Vitoria;do Entorno;Centro de Zona A;276484259.0;18196.94
2929107;São Felipe;BA;Nordeste;2902;Santo Antônio de Jesus;do Entorno;290004;Cruz das Almas;do Entorno;Centro Local;282890888.0;13947.19
2929206;São Francisco do Conde;BA;Nordeste;2901;Salvador;do Entorno;290001;Salvador;do Entorno;Metrópole;26505736857.0;684319.23
2929255;São Gabriel;BA;Nordeste;2907;Irecê;do Entorno;290020;Irecê;do Entorno;Centro Local;193552547.0;10406.05
2929305;São Gonçalo dos Campos;BA;Nordeste;2910;Feira de Santana;do Entorno;290029;Feira de Santana;do Entorno;Centro Local;1673385933.0;42350.26
2929354;São José da Vitória;BA;Nordeste;2903;Ilhéus – Itabuna;do Entorno;290007;Ilhéus – Itabuna;do Entorno;Centro Local;71407246.0;13435.04
2929370;São José do Jacuípe;BA;Nordeste;2910;Feira de Santana;do Entorno;290030;Jacobina;do Entorno;Centro Local;154211160.0;15138.03
2929404;São Miguel das Matas;BA;Nordeste;2902;Santo Antônio de Jesus;do Entorno;290003;Santo Antônio de Jesus;do Entorno;Centro Local;207568001.0;20085.93
2929503;São Sebastião do Passé;BA;Nordeste;2901;Salvador;do Entorno;290001;Salvador;do Entorno;Metrópole;957089480.0;23367.58
2929602;Sapeaçu;BA;Nordeste;2902;Santo Antônio de Jesus;do Entorno;290004;Cruz das Almas;do Entorno;Centro Local;343804522.0;19139.59
2929701;Sátiro Dias;BA;Nordeste;2901;Salvador;do Entorno;290002;Alagoinhas;do Entorno;Centro Local;352993391.0;22051.06
2929750;Saubara;BA;Nordeste;2901;Salvador;do Entorno;290001;Salvador;do Entorno;Centro Local;179571811.0;15699.58
2929800;Saúde;BA;Nordeste;2910;Feira de Santana;do Entorno;290030;Jacobina;do Entorno;Centro Local;120917660.0;11540.15
2929909;Seabra;BA;Nordeste;2910;Feira de Santana;do Entorno;290034;Seabra;Polo;Centro de Zona A;861824933.0;18670.38
2930006;Sebastião Laranjeiras;BA;Nordeste;2905;Guanambi;do Entorno;290016;Guanambi;do Entorno;Centro Local;123933498.0;13240.76
2930105;Senhor do Bonfim;BA;Nordeste;2908;Juazeiro;do Entorno;290023;Senhor do Bonfim;Polo;Centro Sub-Regional A;1260521545.0;16914.53
2930154;Serra do Ramalho;BA;Nordeste;2905;Guanambi;do Entorno;290017;Bom Jesus da Lapa;do Entorno;Centro Local;521085967.0;15226.64
2930204;Sento Sé;BA;Nordeste;2908;Juazeiro;do Entorno;290022;Juazeiro;do Entorno;Centro Local;1566194071.0;41049.28
2930303;Serra Dourada;BA;Nordeste;2906;Barreiras;do Entorno;290018;Barreiras;do Entorno;Centro Local;261412036.0;15317.71
2930402;Serra Preta;BA;Nordeste;2910;Feira de Santana;do Entorno;290029;Feira de Santana;do Entorno;Centro Local;175258440.0;9738.74
2930501;Serrinha;BA;Nordeste;2910;Feira de Santana;do Entorno;290033;Serrinha;Polo;Centro Sub-Regional B;1420688878.0;17662.57
2930600;Serrolândia;BA;Nordeste;2910;Feira de Santana;do Entorno;290030;Jacobina;do Entorno;Centro Local;153750111.0;11529.82
2930709;Simões Filho;BA;Nordeste;2901;Salvador;do Entorno;290001;Salvador;do Entorno;Metrópole;8508321271.0;74270.21
2930758;Sítio do Mato;BA;Nordeste;2905;Guanambi;do Entorno;290017;Bom Jesus da Lapa;do Entorno;Centro Local;154007500.0;11486.24
2930766;Sítio do Quinto;BA;Nordeste;2909;Paulo Afonso;do Entorno;290028;Jeremoabo;do Entorno;Centro Local;168209084.0;12201.44
2930774;Sobradinho;BA;Nordeste;2908;Juazeiro;do Entorno;290022;Juazeiro;do Entorno;Centro Local;908544285.0;35664.15
2930808;Souto Soares;BA;Nordeste;2910;Feira de Santana;do Entorno;290034;Seabra;do Entorno;Centro Local;177202729.0;10390.68
2930907;Tabocas do Brejo Velho;BA;Nordeste;2906;Barreiras;do Entorno;290018;Barreiras;do Entorno;Centro Local;341963364.0;28546.9
2931004;Tanhaçu;BA;Nordeste;2904;Vitória da Conquista;do Entorno;290011;Vitória da Conquista;do Entorno;Centro Local;315576937.0;15023.18
2931053;Tanque Novo;BA;Nordeste;2905;Guanambi;do Entorno;290016;Guanambi;do Entorno;Centro de Zona B;297435262.0;17335.08
2931103;Tanquinho;BA;Nordeste;2910;Feira de Santana;do Entorno;290029;Feira de Santana;do Entorno;Centro Local;83841325.0;10864.5
2931202;Taperoá;BA;Nordeste;2902;Santo Antônio de Jesus;do Entorno;290005;Valença;do Entorno;Centro Local;254682252.0;14114.51
2931301;Tapiramutá;BA;Nordeste;2910;Feira de Santana;do Entorno;290030;Jacobina;do Entorno;Centro Local;174264684.0;11016.86
2931350;Teixeira de Freitas;BA;Nordeste;2903;Ilhéus – Itabuna;do Entorno;290008;Teixeira de Freitas;Polo;Centro Sub-Regional A;3670771175.0;25278.01
2931400;Teodoro Sampaio;BA;Nordeste;2901;Salvador;do Entorno;290002;Alagoinhas;do Entorno;Centro Local;123381217.0;17353.2
2931509;Teofilândia;BA;Nordeste;2910;Feira de Santana;do Entorno;290033;Serrinha;do Entorno;Centro Local;238097542.0;11243.74
2931608;Teolândia;BA;Nordeste;2904;Vitória da Conquista;do Entorno;290014;Ipiaú;do Entorno;Centro Local;279612060.0;18237.15
2931707;Terra Nova;BA;Nordeste;2901;Salvador;do Entorno;290001;Salvador;do Entorno;Centro Local;164870724.0;15268.64
2931806;Tremedal;BA;Nordeste;2904;Vitória da Conquista;do Entorno;290011;Vitória da Conquista;do Entorno;Centro Local;172959458.0;10626.0
2931905;Tucano;BA;Nordeste;2909;Paulo Afonso;do Entorno;290025;Ribeira do Pombal;do Entorno;Centro Local;823511194.0;16897.39
2932002;Uauá;BA;Nordeste;2908;Juazeiro;do Entorno;290022;Juazeiro;do Entorno;Centro Local;318312473.0;12905.43
2932101;Ubaíra;BA;Nordeste;2902;Santo Antônio de Jesus;do Entorno;290003;Santo Antônio de Jesus;do Entorno;Centro Local;305086784.0;16379.62
2932200;Ubaitaba;BA;Nordeste;2903;Ilhéus – Itabuna;do Entorno;290007;Ilhéus – Itabuna;do Entorno;Centro Local;316059303.0;17962.0
2932309;Ubatã;BA;Nordeste;2904;Vitória da Conquista;do Entorno;290014;Ipiaú;do Entorno;Centro Local;264213165.0;16416.87
2932408;Uibaí;BA;Nordeste;2907;Irecê;do Entorno;290020;Irecê;do Entorno;Centro Local;177264992.0;13197.22
2932457;Umburanas;BA;Nordeste;2910;Feira de Santana;do Entorno;290030;Jacobina;do Entorno;Centro Local;238955363.0;17516.15
2932507;Unas;BA;Nordeste;2903;Ilhéus – Itabuna;do Entorno;290010;Camacan;do Entorno;Centro Local;453710985.0;25024.05
2932606;Urandi;BA;Nordeste;2905;Guanambi;do Entorno;290016;Guanambi;do Entorno;Centro Local;232370405.0;15133.21
2932705;Uruçuca;BA;Nordeste;2903;Ilhéus – Itabuna;do Entorno;290007;Ilhéus – Itabuna;do Entorno;Centro Local;384146077.0;17933.99
2932804;Utinga;BA;Nordeste;2910;Feira de Santana;do Entorno;290031;Itaberaba;do Entorno;Centro de Zona B;297919476.0;18303.09
2932903;Valença;BA;Nordeste;2902;Santo Antônio de Jesus;do Entorno;290005;Valença;Polo;Centro Sub-Regional B;2194454273.0;25619.69
2933000;Valente;BA;Nordeste;2910;Feira de Santana;do Entorno;290032;Conceição do Coité;do Entorno;Centro de Zona B;350571309.0;14390.09
2933059;Várzea da Roça;BA;Nordeste;2910;Feira de Santana;do Entorno;290029;Feira de Santana;do Entorno;Centro Local;152109586.0;11022.43
2933109;Várzea do Poço;BA;Nordeste;2910;Feira de Santana;do Entorno;290030;Jacobina;do Entorno;Centro Local;154661072.0;19091.6
2933158;Várzea Nova;BA;Nordeste;2910;Feira de Santana;do Entorno;290030;Jacobina;do Entorno;Centro Local;573060128.0;42839.21
2933174;Varzedo;BA;Nordeste;2902;Santo Antônio de Jesus;do Entorno;290003;Santo Antônio de Jesus;do Entorno;Centro Local;172935392.0;17445.31
2933208;Vera Cruz;BA;Nordeste;2902;Santo Antônio de Jesus;do Entorno;290006;Nazaré – Maragogipe;do Entorno;Centro Local;709330481.0;16678.75
2933257;Vereda;BA;Nordeste;2903;Ilhéus – Itabuna;do Entorno;290008;Teixeira de Freitas;do Entorno;Centro Local;116334100.0;19379.33
2933307;Vitória da Conquista;BA;Nordeste;2904;Vitória da Conquista;Polo;290011;Vitória da Conquista;Polo;Capital Regional B;12666570589.0;34152.84
2933406;Wagner;BA;Nordeste;2910;Feira de Santana;do Entorno;290031;Itaberaba;do Entorno;Centro Local;115311179.0;12134.19
2933455;Wanderley;BA;Nordeste;2906;Barreiras;do Entorno;290018;Barreiras;do Entorno;Centro Local;230491553.0;17773.87
2933505;Wenceslau Guimarães;BA;Nordeste;2904;Vitória da Conquista;do Entorno;290014;Ipiaú;do Entorno;Centro Local;424519835.0;17345.75
2933604;Xique-Xique;BA;Nordeste;2907;Irecê;do Entorno;290021;Xique-Xique – Barra;Polo;Centro de Zona B;780079645.0;17429.22
3100104;Abadia dos Dourados;MG;Sudeste;3111;Uberlândia;do Entorno;310061;Monte Carmelo;do Entorno;Centro Local;190396516.0;30356.59
3100203;Abaeté;MG;Sudeste;3113;Divinópolis;do Entorno;310070;Abaeté;Polo;Centro de Zona A;641970992.0;28311.84
3100302;Abre Campo;MG;Sudeste;3106;Juíz de Fora;do Entorno;310028;Manhuaçu;do Entorno;Centro Local;331512387.0;23803.57
3100401;Acaiaca;MG;Sudeste;3106;Juíz de Fora;do Entorno;310030;Ponte Nova;do Entorno;Centro Local;85065900.0;21761.55
3100500;Açucena;MG;Sudeste;3105;Ipatinga;do Entorno;310024;Ipatinga;do Entorno;Centro Local;172093758.0;19243.4
3100609;Água Boa;MG;Sudeste;3103;Teófilo Otoni;do Entorno;310014;Capelinha;do Entorno;Centro Local;235422116.0;18700.62
3100708;Água Comprida;MG;Sudeste;3110;Uberaba;do Entorno;310055;Uberaba;do Entorno;Centro Local;330940253.0;156992.53
3100807;Aguanil;MG;Sudeste;3108;Varginha;do Entorno;310048;Campo Belo;do Entorno;Centro Local;111493611.0;25589.54
3100906;Águas Formosas;MG;Sudeste;3103;Teófilo Otoni;do Entorno;310019;Águas Formosas;Polo;Centro de Zona B;362825731.0;19667.48
3101003;Águas Vermelhas;MG;Sudeste;3103;Teófilo Otoni;do Entorno;310018;Pedra Azul;do Entorno;Centro Local;278389902.0;19832.58
3101102;Aimorés;MG;Sudeste;3104;Governador Valadares;do Entorno;310023;Aimorés - Resplendor;Polo;Centro Local;793375795.0;31397.2
3101201;Aiuruoca;MG;Sudeste;3109;Pouso Alegre;do Entorno;310054;Caxambu - Baependi;do Entorno;Centro de Zona B;154421875.0;24774.89
3101300;Alagoa;MG;Sudeste;3109;Pouso Alegre;do Entorno;310053;São Lourenço;do Entorno;Centro Local;63839679.0;23222.87
3101409;Albertina;MG;Sudeste;3109;Pouso Alegre;do Entorno;310050;Pouso Alegre;do Entorno;Centro Local;90906241.0;30794.8
3101508;Além Paraíba;MG;Sudeste;3106;Juíz de Fora;do Entorno;310036;Além Paraíba;Polo;Centro Sub-Regional A;1045758927.0;34044.96
3101607;Alfenas;MG;Sudeste;3108;Varginha;do Entorno;310042;Alfenas;Polo;Centro Sub-Regional A;3669898617.0;46472.06
3101631;Alfredo Vasconcelos;MG;Sudeste;3107;Barbacena;do Entorno;310037;Barbacena;do Entorno;Centro Sub-Regional A;176964207.0;25532.28
3101706;Almenara;MG;Sudeste;3103;Teófilo Otoni;do Entorno;310015;Almenara;Polo;Centro Sub-Regional B;813916600.0;20164.42
3101805;Alpercata;MG;Sudeste;3104;Governador Valadares;do Entorno;310020;Governador Valadares;do Entorno;Centro Local;112973052.0;16365.79
3101904;Alpinópolis;MG;Sudeste;3108;Varginha;do Entorno;310041;Passos;do Entorno;Centro Local;618617893.0;33804.26
3102001;Alterosa;MG;Sudeste;3108;Varginha;do Entorno;310042;Alfenas;do Entorno;Centro Local;332255680.0;23877.52
3102050;Alto Caparaó;MG;Sudeste;3106;Juíz de Fora;do Entorno;310028;Manhuaçu;do Entorno;Centro Local;131678025.0;22722.7
3102100;Alto Rio Doce;MG;Sudeste;3107;Barbacena;do Entorno;310037;Barbacena;do Entorno;Centro Local;222896994.0;20466.16
3102209;Alvarenga;MG;Sudeste;3105;Ipatinga;do Entorno;310025;Caratinga;do Entorno;Centro Local;64939112.0;16336.88
3102308;Alvinópolis;MG;Sudeste;3106;Juíz de Fora;do Entorno;310030;Ponte Nova;do Entorno;Centro Local;402513186.0;26729.08
3102407;Alvorada de Minas;MG;Sudeste;3103;Teófilo Otoni;do Entorno;310016;Diamantina;do Entorno;Centro Local;95008888.0;22844.17
3102506;Amparo do Serra;MG;Sudeste;3106;Juíz de Fora;do Entorno;310030;Ponte Nova;do Entorno;Centro Local;71597296.0;15766.86
3102605;Andradas;MG;Sudeste;3109;Pouso Alegre;do Entorno;310051;Poços de Caldas;do Entorno;Centro de Zona A;1483245480.0;36575.48
3102704;Cachoeira de Pajeú;MG;Sudeste;3103;Teófilo Otoni;do Entorno;310018;Pedra Azul;do Entorno;Centro Local;146445066.0;16075.2
3102803;Andrelândia;MG;Sudeste;3106;Juíz de Fora;do Entorno;310027;Juiz de Fora;do Entorno;Centro Local;340782313.0;28572.34
3102852;Angelândia;MG;Sudeste;3103;Teófilo Otoni;do Entorno;310014;Capelinha;do Entorno;Centro Local;193853189.0;25117.02
3102902;Antônio Carlos;MG;Sudeste;3107;Barbacena;do Entorno;310037;Barbacena;do Entorno;Centro Sub-Regional A;412676149.0;37194.79
3103009;Antônio Dias;MG;Sudeste;3105;Ipatinga;do Entorno;310024;Ipatinga;do Entorno;Centro Local;535451082.0;58081.25
3103108;Antônio Prado de Minas;MG;Sudeste;3106;Juíz de Fora;do Entorno;310031;Muriaé;do Entorno;Centro Local;35792157.0;23271.88
3103207;Araçaí;MG;Sudeste;3101;Belo Horizonte;do Entorno;310002;Sete Lagoas;do Entorno;Centro Local;75709061.0;34713.0
3103306;Aracitaba;MG;Sudeste;3106;Juíz de Fora;do Entorno;310027;Juiz de Fora;do Entorno;Centro Local;40166056.0;19602.76
3103405;Araçuaí;MG;Sudeste;3103;Teófilo Otoni;do Entorno;310017;Araçuaí;Polo;Centro Sub-Regional B;1081893247.0;31544.84
3103504;Araguari;MG;Sudeste;3111;Uberlândia;do Entorno;310059;Uberlândia;do Entorno;Centro Sub-Regional B;6858533812.0;58217.9
3103603;Arantina;MG;Sudeste;3106;Juíz de Fora;do Entorno;310027;Juiz de Fora;do Entorno;Centro Local;77722691.0;26663.02
3103702;Araponga;MG;Sudeste;3106;Juíz de Fora;do Entorno;310033;Viçosa;do Entorno;Centro Local;143377299.0;17815.27
3103751;Araporã;MG;Sudeste;3111;Uberlândia;do Entorno;310059;Uberlândia;do Entorno;Centro Sub-Regional A;1209045340.0;142592.92
3103801;Arapuá;MG;Sudeste;3112;Patos de Minas;do Entorno;310062;Patos de Minas;do Entorno;Centro Local;249487352.0;94826.06
3103900;Araújos;MG;Sudeste;3113;Divinópolis;do Entorno;310065;Divinópolis;do Entorno;Centro Local;464947328.0;50543.25
3104007;Araxá;MG;Sudeste;3110;Uberaba;do Entorno;310056;Araxá;Polo;Centro Sub-Regional B;8847239614.0;79211.75
3104106;Arceburgo;MG;Sudeste;3108;Varginha;do Entorno;310044;Guaxupé;do Entorno;Centro Local;460319032.0;50160.08
3104205;Arcos;MG;Sudeste;3113;Divinópolis;do Entorno;310066;Formiga;do Entorno;Centro de Zona A;3058033013.0;73837.0
3104304;Areado;MG;Sudeste;3108;Varginha;do Entorno;310042;Alfenas;do Entorno;Centro Local;380055761.0;27379.57
3104403;Argirita;MG;Sudeste;3106;Juíz de Fora;do Entorno;310032;Cataguases;do Entorno;Centro Local;51371890.0;19111.57
3104452;Aricanduva;MG;Sudeste;3103;Teófilo Otoni;do Entorno;310014;Capelinha;do Entorno;Centro Local;86409861.0;18311.05
3104502;Arinos;MG;Sudeste;3112;Patos de Minas;do Entorno;310063;Unaí;do Entorno;Centro Local;544568075.0;31528.95
3104601;Astolfo Dutra;MG;Sudeste;3106;Juíz de Fora;do Entorno;310032;Cataguases;do Entorno;Centro Local;453515717.0;32077.78
3104700;Ataléia;MG;Sudeste;3103;Teófilo Otoni;do Entorno;310013;Teófilo Otoni;do Entorno;Centro Local;259695786.0;18906.22
3104809;Augusto de Lima;MG;Sudeste;3101;Belo Horizonte;do Entorno;310004;Curvelo;do Entorno;Centro Local;113861695.0;25090.72
3104908;Baependi;MG;Sudeste;3109;Pouso Alegre;do Entorno;310054;Caxambu - Baependi;Polo;Centro Sub-Regional B;451939764.0;24607.41
3105004;Baldim;MG;Sudeste;3101;Belo Horizonte;do Entorno;310002;Sete Lagoas;do Entorno;Centro Local;132125412.0;17635.53
3105103;Bambuí;MG;Sudeste;3113;Divinópolis;do Entorno;310066;Formiga;do Entorno;Centro de Zona B;861015624.0;36567.38
3105202;Bandeira;MG;Sudeste;3103;Teófilo Otoni;do Entorno;310015;Almenara;do Entorno;Centro Local;66317142.0;13988.01
3105301;Bandeira do Sul;MG;Sudeste;3109;Pouso Alegre;do Entorno;310051;Poços de Caldas;do Entorno;Centro Local;113862262.0;19159.05
3105400;Barão de Cocais;MG;Sudeste;3101;Belo Horizonte;do Entorno;310003;Santa Bárbara - Ouro Preto;do Entorno;Centro Local;1547169755.0;50268.69
3105509;Barão do Monte Alto;MG;Sudeste;3106;Juíz de Fora;do Entorno;310031;Muriaé;do Entorno;Centro Local;73841490.0;14875.4
3105608;Barbacena;MG;Sudeste;3107;Barbacena;Polo;310037;Barbacena;Polo;Centro Sub-Regional A;4108617172.0;32785.79
3105707;Barra Longa;MG;Sudeste;3106;Juíz de Fora;do Entorno;310030;Ponte Nova;do Entorno;Centro Local;101736250.0;17955.57
3105905;Barroso;MG;Sudeste;3107;Barbacena;do Entorno;310037;Barbacena;do Entorno;Centro Local;801809897.0;39930.77
3106002;Bela Vista de Minas;MG;Sudeste;3105;Ipatinga;do Entorno;310026;João Monlevade;do Entorno;Centro Sub-Regional B;407734406.0;40103.71
3106101;Belmiro Braga;MG;Sudeste;3106;Juíz de Fora;do Entorno;310027;Juiz de Fora;do Entorno;Centro Local;79257657.0;24432.08
3106200;Belo Horizonte;MG;Sudeste;3101;Belo Horizonte;Polo;310001;Belo Horizonte;Polo;Metrópole;130197670721.0;56227.29
3106309;Belo Oriente;MG;Sudeste;3105;Ipatinga;do Entorno;310024;Ipatinga;do Entorno;Capital Regional C;2329753724.0;97365.17
3106408;Belo Vale;MG;Sudeste;3107;Barbacena;do Entorno;310038;Conselheiro Lafaiete;do Entorno;Centro Local;268616399.0;31136.71
3106507;Berilo;MG;Sudeste;3103;Teófilo Otoni;do Entorno;310017;Araçuaí;do Entorno;Centro Local;139373005.0;14184.1
3106606;Bertópolis;MG;Sudeste;3103;Teófilo Otoni;do Entorno;310019;Águas Formosas;do Entorno;Centro Local;62779568.0;14104.6
3106655;Berizal;MG;Sudeste;3102;Montes Claros;do Entorno;310008;Salinas;do Entorno;Centro Local;70040781.0;16672.41
3106705;Betim;MG;Sudeste;3101;Belo Horizonte;do Entorno;310001;Belo Horizonte;do Entorno;Metrópole;52614325377.0;127752.43
3106804;Bias Fortes;MG;Sudeste;3106;Juíz de Fora;do Entorno;310027;Juiz de Fora;do Entorno;Centro Local;51304979.0;15264.8
3106903;Bicas;MG;Sudeste;3106;Juíz de Fora;do Entorno;310035;São João Nepomuceno - Bicas;Polo;Centro Local;357490741.0;25575.24
3107000;Biquinhas;MG;Sudeste;3113;Divinópolis;do Entorno;310070;Abaeté;do Entorno;Centro Local;75633740.0;31738.88
3107109;Boa Esperança;MG;Sudeste;3108;Varginha;do Entorno;310046;Três Pontas - Boa Esperança;Polo;Centro de Zona A;1413663549.0;35476.4
3107208;Bocaina de Minas;MG;Sudeste;3106;Juíz de Fora;do Entorno;310027;Juiz de Fora;do Entorno;Centro Local;105938037.0;19808.91
3107307;Bocaiúva;MG;Sudeste;3102;Montes Claros;do Entorno;310006;Montes Claros;do Entorno;Centro de Zona A;1435951111.0;29895.72
3107406;Bom Despacho;MG;Sudeste;3113;Divinópolis;do Entorno;310067;Dores do Indaiá;do Entorno;Centro Sub-Regional B;2193212185.0;42391.56
3107505;Bom Jardim de Minas;MG;Sudeste;3106;Juíz de Fora;do Entorno;310027;Juiz de Fora;do Entorno;Centro Local;152444959.0;22474.56
3107604;Bom Jesus da Penha;MG;Sudeste;3108;Varginha;do Entorno;310041;Passos;do Entorno;Centro Local;203053430.0;45385.21
3107703;Bom Jesus do Amparo;MG;Sudeste;3101;Belo Horizonte;do Entorno;310005;Itabira;do Entorno;Centro Local;178433210.0;31687.66
3107802;Bom Jesus do Galho;MG;Sudeste;3105;Ipatinga;do Entorno;310025;Caratinga;do Entorno;Centro Local;221367799.0;15228.93
3107901;Bom Repouso;MG;Sudeste;3109;Pouso Alegre;do Entorno;310050;Pouso Alegre;do Entorno;Centro Local;209756748.0;16582.87
3108008;Bom Sucesso;MG;Sudeste;3108;Varginha;do Entorno;310043;Lavras;do Entorno;Centro de Zona B;468362537.0;27308.18
3108107;Bonfim;MG;Sudeste;3113;Divinópolis;do Entorno;310069;Oliveira;do Entorno;Centro Local;142868422.0;19218.24
3108206;Bonfinópolis de Minas;MG;Sudeste;3112;Patos de Minas;do Entorno;310063;Unaí;do Entorno;Centro Local;473315719.0;85621.51
3108255;Bonito de Minas;MG;Sudeste;3102;Montes Claros;do Entorno;310009;Januária;do Entorno;Centro Local;127474180.0;12492.57
3108305;Borda da Mata;MG;Sudeste;3109;Pouso Alegre;do Entorno;310050;Pouso Alegre;do Entorno;Centro de Zona B;465206300.0;26729.85
3108404;Botelhos;MG;Sudeste;3109;Pouso Alegre;do Entorno;310051;Poços de Caldas;do Entorno;Centro Local;346226599.0;23349.51
3108503;Botumirim;MG;Sudeste;3102;Montes Claros;do Entorno;310006;Montes Claros;do Entorno;Centro Local;85707159.0;14802.62
3108552;Brasilândia de Minas;MG;Sudeste;3112;Patos de Minas;do Entorno;310062;Patos de Minas;do Entorno;Centro Local;466968877.0;31089.81
3108602;Brasília de Minas;MG;Sudeste;3102;Montes Claros;do Entorno;310006;Montes Claros;do Entorno;Centro de Zona B;510727719.0;15947.78
3108701;Brás Pires;MG;Sudeste;3106;Juíz de Fora;do Entorno;310029;Ubá;do Entorno;Centro Local;60375527.0;14172.66
3108800;Braúnas;MG;Sudeste;3105;Ipatinga;do Entorno;310024;Ipatinga;do Entorno;Centro Local;224250483.0;50495.49
3108909;Brazópolis;MG;Sudeste;3109;Pouso Alegre;do Entorno;310052;Itajubá;do Entorno;Centro Local;277925932.0;19509.05
3109006;Brumadinho;MG;Sudeste;3101;Belo Horizonte;do Entorno;310001;Belo Horizonte;do Entorno;Metrópole;2845329902.0;73116.53
3109105;Bueno Brandão;MG;Sudeste;3109;Pouso Alegre;do Entorno;310050;Pouso Alegre;do Entorno;Centro Local;256721226.0;23528.66
3109204;Buenópolis;MG;Sudeste;3101;Belo Horizonte;do Entorno;310004;Curvelo;do Entorno;Centro Local;191748182.0;20956.09
3109253;Bugre;MG;Sudeste;3105;Ipatinga;do Entorno;310024;Ipatinga;do Entorno;Capital Regional C;56472007.0;13974.76
3109303;Buritis;MG;Sudeste;3112;Patos de Minas;do Entorno;310063;Unaí;do Entorno;Centro Local;1446138643.0;60180.55
3109402;Buritizeiro;MG;Sudeste;3102;Montes Claros;do Entorno;310010;Pirapora;do Entorno;Centro Sub-Regional B;852046429.0;35635.57
3109451;Cabeceira Grande;MG;Sudeste;3112;Patos de Minas;do Entorno;310063;Unaí;do Entorno;Centro Local;529789018.0;79944.02
3109501;Cabo Verde;MG;Sudeste;3108;Varginha;do Entorno;310044;Guaxupé;do Entorno;Centro Local;320279696.0;28070.09
3109600;Cachoeira da Prata;MG;Sudeste;3101;Belo Horizonte;do Entorno;310002;Sete Lagoas;do Entorno;Centro Local;68104771.0;18441.58
3109709;Cachoeira de Minas;MG;Sudeste;3109;Pouso Alegre;do Entorno;310050;Pouso Alegre;do Entorno;Centro Local;609744952.0;51312.38
3109808;Cachoeira Dourada;MG;Sudeste;3111;Uberlândia;do Entorno;310060;Ituiutaba;do Entorno;Centro Local;156899526.0;67775.17
3109907;Caetanópolis;MG;Sudeste;3101;Belo Horizonte;do Entorno;310002;Sete Lagoas;do Entorno;Centro Local;361893796.0;31647.91
3110004;Caeté;MG;Sudeste;3101;Belo Horizonte;do Entorno;310001;Belo Horizonte;do Entorno;Metrópole;1004130960.0;25895.68
3110103;Caiana;MG;Sudeste;3106;Juíz de Fora;do Entorno;310034;Carangola;do Entorno;Centro Local;103763571.0;19563.27
3110202;Cajuri;MG;Sudeste;3106;Juíz de Fora;do Entorno;310033;Viçosa;do Entorno;Centro Sub-Regional B;128295673.0;31383.48
3110301;Caldas;MG;Sudeste;3109;Pouso Alegre;do Entorno;310051;Poços de Caldas;do Entorno;Centro Local;372573576.0;26206.2
3110400;Camacho;MG;Sudeste;3113;Divinópolis;do Entorno;310065;Divinópolis;do Entorno;Centro Local;89250729.0;31448.46
3110509;Camanducaia;MG;Sudeste;3109;Pouso Alegre;do Entorno;310050;Pouso Alegre;do Entorno;Centro Local;1318309628.0;50515.75
3110608;Cambuí;MG;Sudeste;3109;Pouso Alegre;do Entorno;310050;Pouso Alegre;do Entorno;Centro de Zona A;2451442898.0;82998.47
3110707;Cambuquira;MG;Sudeste;3108;Varginha;do Entorno;310045;Três Corações;do Entorno;Centro Local;455158505.0;36965.69
3110806;Campanário;MG;Sudeste;3103;Teófilo Otoni;do Entorno;310013;Teófilo Otoni;do Entorno;Centro Local;61166633.0;20925.98
3110905;Campanha;MG;Sudeste;3108;Varginha;do Entorno;310045;Três Corações;do Entorno;Centro Local;561946528.0;35264.92
3111002;Campestre;MG;Sudeste;3109;Pouso Alegre;do Entorno;310051;Poços de Caldas;do Entorno;Centro Local;564549397.0;27278.19
3111101;Campina Verde;MG;Sudeste;3111;Uberlândia;do Entorno;310059;Uberlândia;do Entorno;Centro Local;677668025.0;37625.23
3111150;Campo Azul;MG;Sudeste;3102;Montes Claros;do Entorno;310006;Montes Claros;do Entorno;Centro Local;52497209.0;14134.95
3111200;Campo Belo;MG;Sudeste;3108;Varginha;do Entorno;310048;Campo Belo;Polo;Centro Sub-Regional B;1458095820.0;27891.73
3111309;Campo do Meio;MG;Sudeste;3108;Varginha;do Entorno;310042;Alfenas;do Entorno;Centro Local;244375088.0;21479.75
3111408;Campo Florido;MG;Sudeste;3110;Uberaba;do Entorno;310055;Uberaba;do Entorno;Centro Local;1054872158.0;124601.01
3111507;Campos Altos;MG;Sudeste;3110;Uberaba;do Entorno;310056;Araxá;do Entorno;Centro Local;524859210.0;40439.11
3111606;Campos Gerais;MG;Sudeste;3108;Varginha;do Entorno;310042;Alfenas;do Entorno;Centro Local;841149655.0;32221.78
3111705;Canaã;MG;Sudeste;3106;Juíz de Fora;do Entorno;310033;Viçosa;do Entorno;Centro Local;102038527.0;21641.26
3111804;Canápolis;MG;Sudeste;3111;Uberlândia;do Entorno;310059;Uberlândia;do Entorno;Centro Local;937761455.0;88401.34
3111903;Cana Verde;MG;Sudeste;3108;Varginha;do Entorno;310043;Lavras;do Entorno;Centro Local;95423162.0;18099.99
3112000;Candeias;MG;Sudeste;3108;Varginha;do Entorno;310048;Campo Belo;do Entorno;Centro Local;442692446.0;31618.63
3112059;Cantagalo;MG;Sudeste;3104;Governador Valadares;do Entorno;310021;Guanhães;do Entorno;Centro Local;63289423.0;15925.87
3112109;Caparaó;MG;Sudeste;3106;Juíz de Fora;do Entorno;310028;Manhuaçu;do Entorno;Centro Local;129595914.0;25672.72
3112208;Capela Nova;MG;Sudeste;3107;Barbacena;do Entorno;310038;Conselheiro Lafaiete;do Entorno;Centro Local;70184031.0;16089.87
3112307;Capelinha;MG;Sudeste;3103;Teófilo Otoni;do Entorno;310014;Capelinha;Polo;Centro de Zona A;1111827021.0;28058.02
3112406;Capetinga;MG;Sudeste;3108;Varginha;do Entorno;310041;Passos;do Entorno;Centro Local;233337821.0;35558.95
3112505;Capim Branco;MG;Sudeste;3101;Belo Horizonte;do Entorno;310002;Sete Lagoas;do Entorno;Centro Local;179521310.0;16835.91
3112604;Capinópolis;MG;Sudeste;3111;Uberlândia;do Entorno;310060;Ituiutaba;do Entorno;Centro de Zona B;861973729.0;58817.72
3112653;Capitão Andrade;MG;Sudeste;3104;Governador Valadares;do Entorno;310020;Governador Valadares;do Entorno;Centro Local;71144447.0;15516.78
3112703;Capitão Enéas;MG;Sudeste;3102;Montes Claros;do Entorno;310006;Montes Claros;do Entorno;Centro Local;580397935.0;41139.63
3112802;Capitólio;MG;Sudeste;3108;Varginha;do Entorno;310049;Piumhi;do Entorno;Centro Local;443828847.0;42758.08
3112901;Caputira;MG;Sudeste;3106;Juíz de Fora;do Entorno;310028;Manhuaçu;do Entorno;Centro Local;196871684.0;22031.3
3113008;Caraí;MG;Sudeste;3103;Teófilo Otoni;do Entorno;310013;Teófilo Otoni;do Entorno;Centro Local;273822674.0;14007.71
3113107;Caranaíba;MG;Sudeste;3107;Barbacena;do Entorno;310038;Conselheiro Lafaiete;do Entorno;Centro Local;49306416.0;16810.92
3113206;Carandaí;MG;Sudeste;3107;Barbacena;do Entorno;310038;Conselheiro Lafaiete;do Entorno;Centro Local;883368720.0;37097.63
3113305;Carangola;MG;Sudeste;3106;Juíz de Fora;do Entorno;310034;Carangola;Polo;Centro de Zona A;780302918.0;24977.69
3113404;Caratinga;MG;Sudeste;3105;Ipatinga;do Entorno;310025;Caratinga;Polo;Centro Sub-Regional B;2871549040.0;32870.3
3113503;Carbonita;MG;Sudeste;3103;Teófilo Otoni;do Entorno;310016;Diamantina;do Entorno;Centro Local;199921931.0;23487.07
3113602;Careaçu;MG;Sudeste;3109;Pouso Alegre;do Entorno;310050;Pouso Alegre;do Entorno;Centro Local;199576245.0;29280.55
3113701;Carlos Chagas;MG;Sudeste;3103;Teófilo Otoni;do Entorno;310013;Teófilo Otoni;do Entorno;Centro Local;629831916.0;33834.64
3113800;Carmésia;MG;Sudeste;3101;Belo Horizonte;do Entorno;310005;Itabira;do Entorno;Centro Local;45529016.0;17477.55
3113909;Carmo da Cachoeira;MG;Sudeste;3108;Varginha;do Entorno;310045;Três Corações;do Entorno;Centro Local;367737882.0;31847.05
3114006;Carmo da Mata;MG;Sudeste;3113;Divinópolis;do Entorno;310065;Divinópolis;do Entorno;Centro Local;315081702.0;28594.4
3114105;Carmo de Minas;MG;Sudeste;3109;Pouso Alegre;do Entorno;310053;São Lourenço;do Entorno;Centro Local;330268118.0;23937.68
3114204;Carmo do Cajuru;MG;Sudeste;3113;Divinópolis;do Entorno;310065;Divinópolis;do Entorno;Centro Local;779792824.0;33212.35
3114303;Carmo do Paranaíba;MG;Sudeste;3112;Patos de Minas;do Entorno;310062;Patos de Minas;do Entorno;Centro Local;1195268635.0;41200.53
3114402;Carmo do Rio Claro;MG;Sudeste;3108;Varginha;do Entorno;310041;Passos;do Entorno;Centro Local;843686622.0;40263.75
3114501;Carmópolis de Minas;MG;Sudeste;3113;Divinópolis;do Entorno;310069;Oliveira;do Entorno;Centro Local;541381493.0;30071.74
3114550;Carneirinho;MG;Sudeste;3110;Uberaba;do Entorno;310058;Iturama;do Entorno;Centro Local;684511571.0;72650.35
3114600;Carrancas;MG;Sudeste;3108;Varginha;do Entorno;310043;Lavras;do Entorno;Centro Local;174306657.0;43049.31
3114709;Carvalhópolis;MG;Sudeste;3108;Varginha;do Entorno;310042;Alfenas;do Entorno;Centro Local;86223977.0;25807.84
3114808;Carvalhos;MG;Sudeste;3109;Pouso Alegre;do Entorno;310054;Caxambu - Baependi;do Entorno;Centro Local;103815761.0;23477.11
3114907;Casa Grande;MG;Sudeste;3107;Barbacena;do Entorno;310038;Conselheiro Lafaiete;do Entorno;Centro Local;81954280.0;37016.39
3115003;Cascalho Rico;MG;Sudeste;3111;Uberlândia;do Entorno;310059;Uberlândia;do Entorno;Centro Local;101297044.0;37351.42
3115102;Cássia;MG;Sudeste;3108;Varginha;do Entorno;310041;Passos;do Entorno;Centro Local;519892094.0;30305.57
3115201;Conceição da Barra de Minas;MG;Sudeste;3107;Barbacena;do Entorno;310039;São João del Rei;do Entorno;Centro Local;87501098.0;24578.96
3115300;Cataguases;MG;Sudeste;3106;Juíz de Fora;do Entorno;310032;Cataguases;Polo;Centro Sub-Regional B;2139615681.0;32290.72
3115359;Catas Altas;MG;Sudeste;3101;Belo Horizonte;do Entorno;310003;Santa Bárbara - Ouro Preto;do Entorno;Centro Local;1779684141.0;325175.25
3115409;Catas Altas da Noruega;MG;Sudeste;3107;Barbacena;do Entorno;310038;Conselheiro Lafaiete;do Entorno;Centro Local;51640222.0;16604.57
3115458;Catuji;MG;Sudeste;3103;Teófilo Otoni;do Entorno;310013;Teófilo Otoni;do Entorno;Centro Local;109879753.0;15630.12
3115474;Catuti;MG;Sudeste;3102;Montes Claros;do Entorno;310012;Espinosa;do Entorno;Centro Local;70828424.0;14945.86
3115508;Caxambu;MG;Sudeste;3109;Pouso Alegre;do Entorno;310054;Caxambu - Baependi;Polo;Centro Sub-Regional B;464910514.0;22079.72
3115607;Cedro do Abaeté;MG;Sudeste;3113;Divinópolis;do Entorno;310070;Abaeté;do Entorno;Centro Local;27974963.0;25878.78
3115706;Central de Minas;MG;Sudeste;3104;Governador Valadares;do Entorno;310022;Mantena;do Entorno;Centro Local;100033962.0;16210.33
3115805;Centralina;MG;Sudeste;3111;Uberlândia;do Entorno;310059;Uberlândia;do Entorno;Centro Local;448883432.0;43978.0
3115904;Chácara;MG;Sudeste;3106;Juíz de Fora;do Entorno;310027;Juiz de Fora;do Entorno;Capital Regional B;62303794.0;20261.4
3116001;Chalé;MG;Sudeste;3106;Juíz de Fora;do Entorno;310028;Manhuaçu;do Entorno;Centro Local;139735953.0;23001.8
3116100;Chapada do Norte;MG;Sudeste;3103;Teófilo Otoni;do Entorno;310014;Capelinha;do Entorno;Centro Local;121416360.0;11745.8
3116159;Chapada Gaúcha;MG;Sudeste;3102;Montes Claros;do Entorno;310011;São Francisco;do Entorno;Centro Local;581136991.0;47036.58
3116209;Chiador;MG;Sudeste;3106;Juíz de Fora;do Entorno;310027;Juiz de Fora;do Entorno;Centro Sub-Regional B;47110405.0;16825.14
3116308;Cipotânea;MG;Sudeste;3107;Barbacena;do Entorno;310037;Barbacena;do Entorno;Centro Local;80891274.0;14494.05
3116407;Claraval;MG;Sudeste;3108;Varginha;do Entorno;310041;Passos;do Entorno;Capital Regional C;261983450.0;56243.76
3116506;Claro dos Poções;MG;Sudeste;3102;Montes Claros;do Entorno;310006;Montes Claros;do Entorno;Centro Local;113053412.0;15776.36
3116605;Cláudio;MG;Sudeste;3113;Divinópolis;do Entorno;310065;Divinópolis;do Entorno;Centro Local;1426309747.0;47293.01
3116704;Coimbra;MG;Sudeste;3106;Juíz de Fora;do Entorno;310033;Viçosa;do Entorno;Centro Local;149609320.0;21021.4
3116803;Coluna;MG;Sudeste;3104;Governador Valadares;do Entorno;310021;Guanhães;do Entorno;Centro de Zona B;134747624.0;16507.12
3116902;Comendador Gomes;MG;Sudeste;3110;Uberaba;do Entorno;310057;Frutal;do Entorno;Centro Local;225389957.0;81280.19
3117009;Comercinho;MG;Sudeste;3103;Teófilo Otoni;do Entorno;310018;Pedra Azul;do Entorno;Centro Local;84176078.0;12639.05
3117108;Conceição da Aparecida;MG;Sudeste;3108;Varginha;do Entorno;310042;Alfenas;do Entorno;Centro Local;325806067.0;31415.11
3117207;Conceição das Pedras;MG;Sudeste;3109;Pouso Alegre;do Entorno;310052;Itajubá;do Entorno;Centro Local;78789510.0;28423.34
3117306;Conceição das Alagoas;MG;Sudeste;3110;Uberaba;do Entorno;310055;Uberaba;do Entorno;Centro Local;1782238407.0;62796.89
3117405;Conceição de Ipanema;MG;Sudeste;3106;Juíz de Fora;do Entorno;310028;Manhuaçu;do Entorno;Centro Local;91447329.0;20741.06
3117504;Conceição do Mato Dentro;MG;Sudeste;3101;Belo Horizonte;do Entorno;310002;Sete Lagoas;do Entorno;Centro Local;3194400721.0;137909.63
3117603;Conceição do Pará;MG;Sudeste;3113;Divinópolis;do Entorno;310065;Divinópolis;do Entorno;Centro Local;313543484.0;57902.77
3117702;Conceição do Rio Verde;MG;Sudeste;3109;Pouso Alegre;do Entorno;310053;São Lourenço;do Entorno;Centro Local;352054354.0;28072.27
3117801;Conceição dos Ouros;MG;Sudeste;3109;Pouso Alegre;do Entorno;310050;Pouso Alegre;do Entorno;Centro Local;308533225.0;28357.83
3117836;Cônego Marinho;MG;Sudeste;3102;Montes Claros;do Entorno;310009;Januária;do Entorno;Centro Local;78704701.0;10875.32
3117876;Confins;MG;Sudeste;3101;Belo Horizonte;do Entorno;310001;Belo Horizonte;do Entorno;Metrópole;1617016921.0;220002.3
3117900;Congonhal;MG;Sudeste;3109;Pouso Alegre;do Entorno;310050;Pouso Alegre;do Entorno;Centro Local;274057130.0;24727.7
3118007;Congonhas;MG;Sudeste;3107;Barbacena;do Entorno;310038;Conselheiro Lafaiete;do Entorno;Centro Sub-Regional B;7693793903.0;145467.84
3118106;Congonhas do Norte;MG;Sudeste;3101;Belo Horizonte;do Entorno;310002;Sete Lagoas;do Entorno;Centro Local;63888712.0;13224.74
3118205;Conquista;MG;Sudeste;3110;Uberaba;do Entorno;310055;Uberaba;do Entorno;Centro Local;671619125.0;100331.51
3118304;Conselheiro Lafaiete;MG;Sudeste;3107;Barbacena;do Entorno;310038;Conselheiro Lafaiete;Polo;Centro Sub-Regional B;3482647959.0;26459.67
3118403;Conselheiro Pena;MG;Sudeste;3104;Governador Valadares;do Entorno;310020;Governador Valadares;do Entorno;Centro Local;500870997.0;24052.58
3118502;Consolação;MG;Sudeste;3109;Pouso Alegre;do Entorno;310050;Pouso Alegre;do Entorno;Centro Local;36259032.0;23198.36
3118601;Contagem;MG;Sudeste;3101;Belo Horizonte;do Entorno;310001;Belo Horizonte;do Entorno;Metrópole;45092392887.0;72511.78
3118700;Coqueiral;MG;Sudeste;3108;Varginha;do Entorno;310046;Três Pontas - Boa Esperança;do Entorno;Centro Local;279819690.0;31011.82
3118809;Coração de Jesus;MG;Sudeste;3102;Montes Claros;do Entorno;310006;Montes Claros;do Entorno;Centro Local;357956467.0;14105.55
3118908;Cordisburgo;MG;Sudeste;3101;Belo Horizonte;do Entorno;310002;Sete Lagoas;do Entorno;Centro Local;164132156.0;21748.0
3119005;Cordislândia;MG;Sudeste;3108;Varginha;do Entorno;310040;Varginha;do Entorno;Centro Local;131187282.0;40996.03
3119104;Corinto;MG;Sudeste;3101;Belo Horizonte;do Entorno;310004;Curvelo;do Entorno;Centro de Zona B;546843801.0;23238.31
3119203;Coroaci;MG;Sudeste;3104;Governador Valadares;do Entorno;310020;Governador Valadares;do Entorno;Centro Local;160041242.0;14704.27
3119302;Coromandel;MG;Sudeste;3112;Patos de Minas;do Entorno;310064;Patrocínio;do Entorno;Centro Local;2051785006.0;71010.76
3119401;Coronel Fabriciano;MG;Sudeste;3105;Ipatinga;do Entorno;310024;Ipatinga;do Entorno;Capital Regional C;2387845824.0;22798.71
3119500;Coronel Murta;MG;Sudeste;3103;Teófilo Otoni;do Entorno;310017;Araçuaí;do Entorno;Centro Local;116044225.0;14151.73
3119609;Coronel Pacheco;MG;Sudeste;3106;Juíz de Fora;do Entorno;310027;Juiz de Fora;do Entorno;Centro Local;72440323.0;26227.49
3119708;Coronel Xavier Chaves;MG;Sudeste;3107;Barbacena;do Entorno;310039;São João del Rei;do Entorno;Centro Sub-Regional A;89841008.0;25771.95
3119807;Córrego Danta;MG;Sudeste;3113;Divinópolis;do Entorno;310066;Formiga;do Entorno;Centro Local;181309701.0;61253.28
3119906;Córrego do Bom Jesus;MG;Sudeste;3109;Pouso Alegre;do Entorno;310050;Pouso Alegre;do Entorno;Centro de Zona A;65482796.0;15328.37
3119955;Córrego Fundo;MG;Sudeste;3113;Divinópolis;do Entorno;310066;Formiga;do Entorno;Centro Local;508107647.0;82848.14
3120003;Córrego Novo;MG;Sudeste;3105;Ipatinga;do Entorno;310025;Caratinga;do Entorno;Centro Local;63742211.0;22171.2
3120102;Couto de Magalhães de Minas;MG;Sudeste;3103;Teófilo Otoni;do Entorno;310016;Diamantina;do Entorno;Centro Local;76758203.0;18082.03
3120151;Crisólita;MG;Sudeste;3103;Teófilo Otoni;do Entorno;310019;Águas Formosas;do Entorno;Centro Local;92301657.0;17531.18
3120201;Cristais;MG;Sudeste;3108;Varginha;do Entorno;310048;Campo Belo;do Entorno;Centro Local;343069406.0;28127.36
3120300;Cristália;MG;Sudeste;3102;Montes Claros;do Entorno;310006;Montes Claros;do Entorno;Centro Local;74446623.0;14537.52
3120409;Cristiano Otoni;MG;Sudeste;3107;Barbacena;do Entorno;310038;Conselheiro Lafaiete;do Entorno;Centro Local;168667765.0;36140.51
3120508;Cristina;MG;Sudeste;3109;Pouso Alegre;do Entorno;310053;São Lourenço;do Entorno;Centro Local;316772643.0;30535.25
3120607;Crucilândia;MG;Sudeste;3113;Divinópolis;do Entorno;310069;Oliveira;do Entorno;Centro Local;100691886.0;18529.98
3120706;Cruzeiro da Fortaleza;MG;Sudeste;3112;Patos de Minas;do Entorno;310064;Patrocínio;do Entorno;Centro Local;183246046.0;52043.75
3120805;Cruzília;MG;Sudeste;3109;Pouso Alegre;do Entorno;310054;Caxambu - Baependi;do Entorno;Centro de Zona B;421201298.0;27418.39
3120839;Cuparaque;MG;Sudeste;3104;Governador Valadares;do Entorno;310023;Aimorés - Resplendor;do Entorno;Centro Local;83623306.0;20995.06
3120870;Curral de Dentro;MG;Sudeste;3102;Montes Claros;do Entorno;310008;Salinas;do Entorno;Centro Local;94746856.0;12793.26
3120904;Curvelo;MG;Sudeste;3101;Belo Horizonte;do Entorno;310004;Curvelo;Polo;Centro Sub-Regional B;2706326327.0;33550.19
3121001;Datas;MG;Sudeste;3103;Teófilo Otoni;do Entorno;310016;Diamantina;do Entorno;Centro Local;88055274.0;16112.58
3121100;Delfim Moreira;MG;Sudeste;3109;Pouso Alegre;do Entorno;310052;Itajubá;do Entorno;Centro Local;141823929.0;17835.0
3121209;Delfinópolis;MG;Sudeste;3108;Varginha;do Entorno;310041;Passos;do Entorno;Centro Local;355640310.0;42373.44
3121258;Delta;MG;Sudeste;3110;Uberaba;do Entorno;310055;Uberaba;do Entorno;Centro Local;708459476.0;67510.91
3121308;Descoberto;MG;Sudeste;3106;Juíz de Fora;do Entorno;310035;São João Nepomuceno - Bicas;do Entorno;Centro Local;116297582.0;23599.35
3121407;Desterro de Entre Rios;MG;Sudeste;3107;Barbacena;do Entorno;310038;Conselheiro Lafaiete;do Entorno;Centro Local;249744801.0;32633.58
3121506;Desterro do Melo;MG;Sudeste;3107;Barbacena;do Entorno;310037;Barbacena;do Entorno;Centro Local;62040964.0;20721.76
3121605;Diamantina;MG;Sudeste;3103;Teófilo Otoni;do Entorno;310016;Diamantina;Polo;Centro Sub-Regional B;1201220973.0;25181.77
3121704;Diogo de Vasconcelos;MG;Sudeste;3106;Juíz de Fora;do Entorno;310030;Ponte Nova;do Entorno;Centro Local;55354946.0;15597.34
3121803;Dionísio;MG;Sudeste;3105;Ipatinga;do Entorno;310024;Ipatinga;do Entorno;Centro Local;104802973.0;15306.41
3121902;Divinésia;MG;Sudeste;3106;Juíz de Fora;do Entorno;310029;Ubá;do Entorno;Centro Local;87003442.0;20587.66
3122009;Divino;MG;Sudeste;3106;Juíz de Fora;do Entorno;310034;Carangola;do Entorno;Centro de Zona B;442809827.0;21385.58
3122108;Divino das Laranjeiras;MG;Sudeste;3104;Governador Valadares;do Entorno;310020;Governador Valadares;do Entorno;Centro Local;70321234.0;16831.32
3122207;Divinolândia de Minas;MG;Sudeste;3104;Governador Valadares;do Entorno;310021;Guanhães;do Entorno;Centro Local;91614435.0;14059.92
3122306;Divinópolis;MG;Sudeste;3113;Divinópolis;Polo;310065;Divinópolis;Polo;Capital Regional C;9339332264.0;40414.09
3122355;Divisa Alegre;MG;Sudeste;3103;Teófilo Otoni;do Entorno;310018;Pedra Azul;do Entorno;Centro Local;216685656.0;34280.28
3122405;Divisa Nova;MG;Sudeste;3108;Varginha;do Entorno;310042;Alfenas;do Entorno;Centro Local;157089428.0;26848.3
3122454;Divisópolis;MG;Sudeste;3103;Teófilo Otoni;do Entorno;310018;Pedra Azul;do Entorno;Centro Local;118503144.0;11603.17
3122470;Dom Bosco;MG;Sudeste;3112;Patos de Minas;do Entorno;310063;Unaí;do Entorno;Centro Local;85437158.0;23109.86
3122504;Dom Cavati;MG;Sudeste;3105;Ipatinga;do Entorno;310024;Ipatinga;do Entorno;Centro Local;85390944.0;17412.51
3122603;Dom Joaquim;MG;Sudeste;3104;Governador Valadares;do Entorno;310021;Guanhães;do Entorno;Centro Local;81864373.0;16710.43
3122702;Dom Silvério;MG;Sudeste;3106;Juíz de Fora;do Entorno;310030;Ponte Nova;do Entorno;Centro de Zona B;128825538.0;24641.46
3122801;Dom Viçoso;MG;Sudeste;3109;Pouso Alegre;do Entorno;310053;São Lourenço;do Entorno;Centro Local;50704475.0;16382.71
3122900;Dona Euzébia;MG;Sudeste;3106;Juíz de Fora;do Entorno;310032;Cataguases;do Entorno;Centro Local;126626913.0;20782.36
3123007;Dores de Campos;MG;Sudeste;3107;Barbacena;do Entorno;310037;Barbacena;do Entorno;Centro Local;485976956.0;48563.7
3123106;Dores de Guanhães;MG;Sudeste;3104;Governador Valadares;do Entorno;310021;Guanhães;do Entorno;Centro Local;190470271.0;37874.38
3123205;Dores do Indaiá;MG;Sudeste;3113;Divinópolis;do Entorno;310067;Dores do Indaiá;Polo;Centro de Zona B;398845159.0;31579.19
3123304;Dores do Turvo;MG;Sudeste;3106;Juíz de Fora;do Entorno;310029;Ubá;do Entorno;Centro Local;76798359.0;15399.71
3123403;Doresópolis;MG;Sudeste;3108;Varginha;do Entorno;310049;Piumhi;do Entorno;Centro Local;134727115.0;92215.68
3123502;Douradoquara;MG;Sudeste;3111;Uberlândia;do Entorno;310061;Monte Carmelo;do Entorno;Centro Local;88740750.0;48518.73
3123528;Durandé;MG;Sudeste;3106;Juíz de Fora;do Entorno;310028;Manhuaçu;do Entorno;Centro Local;154213270.0;19727.94
3123601;Elói Mendes;MG;Sudeste;3108;Varginha;do Entorno;310040;Varginha;do Entorno;Centro Local;948341686.0;36009.33
3123700;Engenheiro Caldas;MG;Sudeste;3104;Governador Valadares;do Entorno;310020;Governador Valadares;do Entorno;Centro Local;188885396.0;13866.2
3123809;Engenheiro Navarro;MG;Sudeste;3102;Montes Claros;do Entorno;310006;Montes Claros;do Entorno;Centro Local;116459380.0;18328.51
3123858;Entre Folhas;MG;Sudeste;3105;Ipatinga;do Entorno;310025;Caratinga;do Entorno;Centro Local;82275065.0;15886.28
3123908;Entre Rios de Minas;MG;Sudeste;3107;Barbacena;do Entorno;310038;Conselheiro Lafaiete;do Entorno;Centro Local;417306732.0;28299.66
3124005;Ervália;MG;Sudeste;3106;Juíz de Fora;do Entorno;310033;Viçosa;do Entorno;Centro Local;576909131.0;28482.31
3124104;Esmeraldas;MG;Sudeste;3101;Belo Horizonte;do Entorno;310001;Belo Horizonte;do Entorno;Metrópole;1314690511.0;15358.89
3124203;Espera Feliz;MG;Sudeste;3106;Juíz de Fora;do Entorno;310034;Carangola;do Entorno;Centro de Zona B;570798994.0;23682.64
3124302;Espinosa;MG;Sudeste;3102;Montes Claros;do Entorno;310012;Espinosa;Polo;Centro Local;472196909.0;15510.85
3124401;Espírito Santo do Dourado;MG;Sudeste;3109;Pouso Alegre;do Entorno;310050;Pouso Alegre;do Entorno;Centro Local;151055758.0;22849.15
3124500;Estiva;MG;Sudeste;3109;Pouso Alegre;do Entorno;310050;Pouso Alegre;do Entorno;Centro Local;572583861.0;49781.24
3124609;Estrela Dalva;MG;Sudeste;3106;Juíz de Fora;do Entorno;310036;Além Paraíba;do Entorno;Centro Local;51735890.0;23666.92
3124708;Estrela do Indaiá;MG;Sudeste;3113;Divinópolis;do Entorno;310067;Dores do Indaiá;do Entorno;Centro Local;163895665.0;59125.42
3124807;Estrela do Sul;MG;Sudeste;3111;Uberlândia;do Entorno;310061;Monte Carmelo;do Entorno;Centro Local;458303039.0;67003.37
3124906;Eugenópolis;MG;Sudeste;3106;Juíz de Fora;do Entorno;310031;Muriaé;do Entorno;Centro Local;243154700.0;22512.24
3125002;Ewbank da Câmara;MG;Sudeste;3106;Juíz de Fora;do Entorno;310027;Juiz de Fora;do Entorno;Capital Regional B;71575592.0;18471.12
3125101;Extrema;MG;Sudeste;3109;Pouso Alegre;do Entorno;310050;Pouso Alegre;do Entorno;Centro Sub-Regional B;20204998576.0;377790.63
3125200;Fama;MG;Sudeste;3108;Varginha;do Entorno;310042;Alfenas;do Entorno;Centro Local;68125526.0;26425.73
3125309;Faria Lemos;MG;Sudeste;3106;Juíz de Fora;do Entorno;310034;Carangola;do Entorno;Centro Local;79465644.0;24926.49
3125408;Felício dos Santos;MG;Sudeste;3103;Teófilo Otoni;do Entorno;310016;Diamantina;do Entorno;Centro Local;90314498.0;17594.88
3125507;São Gonçalo do Rio Preto;MG;Sudeste;3103;Teófilo Otoni;do Entorno;310016;Diamantina;do Entorno;Centro Local;59521522.0;19631.11
3125606;Felisburgo;MG;Sudeste;3103;Teófilo Otoni;do Entorno;310015;Almenara;do Entorno;Centro Local;91368427.0;14080.51
3125705;Felixlândia;MG;Sudeste;3101;Belo Horizonte;do Entorno;310004;Curvelo;do Entorno;Centro Local;315867475.0;22597.47
3125804;Fernandes Tourinho;MG;Sudeste;3104;Governador Valadares;do Entorno;310020;Governador Valadares;do Entorno;Centro Local;55720249.0;19978.58
3125903;Ferros;MG;Sudeste;3101;Belo Horizonte;do Entorno;310005;Itabira;do Entorno;Centro Local;163549232.0;17054.14
3125952;Fervedouro;MG;Sudeste;3106;Juíz de Fora;do Entorno;310031;Muriaé;do Entorno;Centro Local;184762184.0;17689.06
3126000;Florestal;MG;Sudeste;3101;Belo Horizonte;do Entorno;310001;Belo Horizonte;do Entorno;Centro Local;182908897.0;22735.72
3126109;Formiga;MG;Sudeste;3113;Divinópolis;do Entorno;310066;Formiga;Polo;Centro Sub-Regional B;2969264149.0;43506.98
3126208;Formoso;MG;Sudeste;3112;Patos de Minas;do Entorno;310063;Unaí;do Entorno;Centro Local;536208050.0;67456.04
3126307;Fortaleza de Minas;MG;Sudeste;3108;Varginha;do Entorno;310041;Passos;do Entorno;Centro Sub-Regional A;98574541.0;28350.46
3126406;Fortuna de Minas;MG;Sudeste;3101;Belo Horizonte;do Entorno;310002;Sete Lagoas;do Entorno;Centro Local;70961247.0;22942.53
3126505;Francisco Badaró;MG;Sudeste;3103;Teófilo Otoni;do Entorno;310017;Araçuaí;do Entorno;Centro Local;91211621.0;12382.79
3126604;Francisco Dumont;MG;Sudeste;3102;Montes Claros;do Entorno;310006;Montes Claros;do Entorno;Centro Local;106412427.0;23631.45
3126703;Francisco Sá;MG;Sudeste;3102;Montes Claros;do Entorno;310006;Montes Claros;do Entorno;Centro Local;532917976.0;22700.54
3126752;Franciscópolis;MG;Sudeste;3103;Teófilo Otoni;do Entorno;310013;Teófilo Otoni;do Entorno;Centro Local;95098130.0;18891.17
3126802;Frei Gaspar;MG;Sudeste;3103;Teófilo Otoni;do Entorno;310013;Teófilo Otoni;do Entorno;Centro Local;91083395.0;16149.54
3126901;Frei Inocêncio;MG;Sudeste;3104;Governador Valadares;do Entorno;310020;Governador Valadares;do Entorno;Centro Local;173509214.0;21092.78
3126950;Frei Lagonegro;MG;Sudeste;3104;Governador Valadares;do Entorno;310021;Guanhães;do Entorno;Centro Local;50932766.0;15019.98
3127008;Fronteira;MG;Sudeste;3110;Uberaba;do Entorno;310057;Frutal;do Entorno;Centro Local;1090434189.0;74995.47
3127057;Fronteira dos Vales;MG;Sudeste;3103;Teófilo Otoni;do Entorno;310019;Águas Formosas;do Entorno;Centro Local;57796324.0;13301.8
3127073;Fruta de Leite;MG;Sudeste;3102;Montes Claros;do Entorno;310008;Salinas;do Entorno;Centro Local;57436617.0;12359.93
3127107;Frutal;MG;Sudeste;3110;Uberaba;do Entorno;310057;Frutal;Polo;Centro Sub-Regional B;4026768689.0;68730.26
3127206;Funilândia;MG;Sudeste;3101;Belo Horizonte;do Entorno;310002;Sete Lagoas;do Entorno;Centro Local;111147827.0;23719.13
3127305;Galiléia;MG;Sudeste;3104;Governador Valadares;do Entorno;310020;Governador Valadares;do Entorno;Centro Local;126802223.0;20379.66
3127339;Gameleiras;MG;Sudeste;3102;Montes Claros;do Entorno;310012;Espinosa;do Entorno;Centro Local;74869089.0;15620.51
3127354;Glaucilândia;MG;Sudeste;3102;Montes Claros;do Entorno;310006;Montes Claros;do Entorno;Centro Local;55389691.0;18917.24
3127370;Goiabeira;MG;Sudeste;3104;Governador Valadares;do Entorno;310020;Governador Valadares;do Entorno;Centro Local;57041944.0;20156.16
3127388;Goianá;MG;Sudeste;3106;Juíz de Fora;do Entorno;310027;Juiz de Fora;do Entorno;Centro Local;104453506.0;25771.9
3127404;Gonçalves;MG;Sudeste;3109;Pouso Alegre;do Entorno;310052;Itajubá;do Entorno;Centro Local;124200379.0;26274.67
3127503;Gonzaga;MG;Sudeste;3104;Governador Valadares;do Entorno;310020;Governador Valadares;do Entorno;Centro Local;92850186.0;17753.38
3127602;Gouveia;MG;Sudeste;3103;Teófilo Otoni;do Entorno;310016;Diamantina;do Entorno;Centro Local;205956861.0;18176.41
3127701;Governador Valadares;MG;Sudeste;3104;Governador Valadares;Polo;310020;Governador Valadares;Polo;Capital Regional C;8612265515.0;33488.48
3127800;Grão Mogol;MG;Sudeste;3102;Montes Claros;do Entorno;310006;Montes Claros;do Entorno;Centro Local;817459322.0;58805.79
3127909;Grupiara;MG;Sudeste;3111;Uberlândia;do Entorno;310061;Monte Carmelo;do Entorno;Centro Local;51558240.0;37038.97
3128006;Guanhães;MG;Sudeste;3104;Governador Valadares;do Entorno;310021;Guanhães;Polo;Centro Sub-Regional B;1284431621.0;39834.75
3128105;Guapé;MG;Sudeste;3108;Varginha;do Entorno;310041;Passos;do Entorno;Centro Local;499821825.0;36292.61
3128204;Guaraciaba;MG;Sudeste;3106;Juíz de Fora;do Entorno;310030;Ponte Nova;do Entorno;Centro Local;132453764.0;13580.82
3128253;Guaraciama;MG;Sudeste;3102;Montes Claros;do Entorno;310006;Montes Claros;do Entorno;Centro Local;83745323.0;16579.95
3128303;Guaranésia;MG;Sudeste;3108;Varginha;do Entorno;310044;Guaxupé;do Entorno;Centro Local;811249322.0;42362.89
3128402;Guarani;MG;Sudeste;3106;Juíz de Fora;do Entorno;310029;Ubá;do Entorno;Centro Local;226179735.0;29320.68
3128501;Guarará;MG;Sudeste;3106;Juíz de Fora;do Entorno;310035;São João Nepomuceno - Bicas;do Entorno;Centro Local;72282659.0;22954.16
3128600;Guarda-Mor;MG;Sudeste;3112;Patos de Minas;do Entorno;310062;Patos de Minas;do Entorno;Centro Local;889875319.0;136087.37
3128709;Guaxupé;MG;Sudeste;3108;Varginha;do Entorno;310044;Guaxupé;Polo;Centro Sub-Regional B;2431559589.0;47760.99
3128808;Guidoval;MG;Sudeste;3106;Juíz de Fora;do Entorno;310029;Ubá;do Entorno;Centro Local;134343372.0;18839.35
3128907;Guimarânia;MG;Sudeste;3112;Patos de Minas;do Entorno;310064;Patrocínio;do Entorno;Centro Local;359323698.0;42383.07
3129004;Guiricema;MG;Sudeste;3106;Juíz de Fora;do Entorno;310029;Ubá;do Entorno;Centro Local;135879587.0;17469.73
3129103;Gurinhatã;MG;Sudeste;3111;Uberlândia;do Entorno;310060;Ituiutaba;do Entorno;Centro Local;238367948.0;45910.62
3129202;Heliodora;MG;Sudeste;3109;Pouso Alegre;do Entorno;310050;Pouso Alegre;do Entorno;Centro Local;156943337.0;25585.81
3129301;Iapu;MG;Sudeste;3105;Ipatinga;do Entorno;310024;Ipatinga;do Entorno;Centro Local;206568559.0;17171.12
3129400;Ibertioga;MG;Sudeste;3107;Barbacena;do Entorno;310037;Barbacena;do Entorno;Centro Local;120874777.0;23254.09
3129509;Ibiá;MG;Sudeste;3110;Uberaba;do Entorno;310056;Araxá;do Entorno;Centro Local;1701475145.0;76543.04
3129608;Ibiaí;MG;Sudeste;3102;Montes Claros;do Entorno;310010;Pirapora;do Entorno;Centro Local;123723762.0;19682.43
3129657;Ibiracatu;MG;Sudeste;3102;Montes Claros;do Entorno;310006;Montes Claros;do Entorno;Centro Local;62187813.0;12239.29
3129707;Ibiraci;MG;Sudeste;3108;Varginha;do Entorno;310041;Passos;do Entorno;Centro Local;895829172.0;81825.83
3129806;Ibirité;MG;Sudeste;3101;Belo Horizonte;do Entorno;310001;Belo Horizonte;do Entorno;Metrópole;3235632471.0;18973.2
3129905;Ibitiúra de Minas;MG;Sudeste;3109;Pouso Alegre;do Entorno;310051;Poços de Caldas;do Entorno;Centro Local;75923924.0;22562.83
3130002;Ibituruna;MG;Sudeste;3108;Varginha;do Entorno;310043;Lavras;do Entorno;Centro Local;72846420.0;27000.16
3130051;Icaraí de Minas;MG;Sudeste;3102;Montes Claros;do Entorno;310011;São Francisco;do Entorno;Centro Local;126584470.0;11855.81
3130101;Igarapé;MG;Sudeste;3101;Belo Horizonte;do Entorno;310001;Belo Horizonte;do Entorno;Metrópole;1401823850.0;30576.13
3130200;Igaratinga;MG;Sudeste;3113;Divinópolis;do Entorno;310068;Pará de Minas;do Entorno;Centro Local;831526667.0;76779.93
3130309;Iguatama;MG;Sudeste;3113;Divinópolis;do Entorno;310066;Formiga;do Entorno;Centro Local;569668718.0;83455.72
3130408;Ijaci;MG;Sudeste;3108;Varginha;do Entorno;310043;Lavras;do Entorno;Centro Sub-Regional A;601865287.0;85943.92
3130507;Ilicínea;MG;Sudeste;3108;Varginha;do Entorno;310046;Três Pontas - Boa Esperança;do Entorno;Centro Local;314564988.0;24689.19
3130556;Imbé de Minas;MG;Sudeste;3105;Ipatinga;do Entorno;310025;Caratinga;do Entorno;Centro Local;129944598.0;18600.72
3130606;Inconfidentes;MG;Sudeste;3109;Pouso Alegre;do Entorno;310050;Pouso Alegre;do Entorno;Centro Local;175312803.0;24012.16
3130655;Indaiabira;MG;Sudeste;3102;Montes Claros;do Entorno;310008;Salinas;do Entorno;Centro Local;96825456.0;15257.71
3130705;Indianópolis;MG;Sudeste;3111;Uberlândia;do Entorno;310059;Uberlândia;do Entorno;Centro Local;2150116581.0;348422.72
3130804;Ingaí;MG;Sudeste;3108;Varginha;do Entorno;310043;Lavras;do Entorno;Centro Local;163203396.0;63257.13
3130903;Inhapim;MG;Sudeste;3105;Ipatinga;do Entorno;310025;Caratinga;do Entorno;Centro de Zona B;543259654.0;23940.58
3131000;Inhaúma;MG;Sudeste;3101;Belo Horizonte;do Entorno;310002;Sete Lagoas;do Entorno;Capital Regional C;157760257.0;25286.14
3131109;Inimutaba;MG;Sudeste;3101;Belo Horizonte;do Entorno;310004;Curvelo;do Entorno;Centro Sub-Regional B;109322158.0;14831.39
3131158;Ipaba;MG;Sudeste;3105;Ipatinga;do Entorno;310024;Ipatinga;do Entorno;Capital Regional C;225484820.0;13158.54
3131208;Ipanema;MG;Sudeste;3106;Juíz de Fora;do Entorno;310028;Manhuaçu;do Entorno;Centro de Zona B;423411376.0;21688.93
3131307;Ipatinga;MG;Sudeste;3105;Ipatinga;Polo;310024;Ipatinga;Polo;Capital Regional C;16870238851.0;74079.68
3131406;Ipiaçu;MG;Sudeste;3111;Uberlândia;do Entorno;310060;Ituiutaba;do Entorno;Centro Local;230520968.0;61065.16
3131505;Ipuiúna;MG;Sudeste;3109;Pouso Alegre;do Entorno;310050;Pouso Alegre;do Entorno;Centro Local;223413372.0;24456.86
3131604;Iraí de Minas;MG;Sudeste;3111;Uberlândia;do Entorno;310061;Monte Carmelo;do Entorno;Centro Local;455213734.0;63400.24
3131703;Itabira;MG;Sudeste;3101;Belo Horizonte;do Entorno;310005;Itabira;Polo;Centro Sub-Regional B;7434200081.0;65590.29
3131802;Itabirinha;MG;Sudeste;3104;Governador Valadares;do Entorno;310022;Mantena;do Entorno;Centro de Zona B;182486722.0;17611.15
3131901;Itabirito;MG;Sudeste;3101;Belo Horizonte;do Entorno;310003;Santa Bárbara - Ouro Preto;do Entorno;Centro Local;7160444102.0;134178.66
3132008;Itacambira;MG;Sudeste;3102;Montes Claros;do Entorno;310006;Montes Claros;do Entorno;Centro Local;72423371.0;17032.78
3132107;Itacarambi;MG;Sudeste;3102;Montes Claros;do Entorno;310009;Januária;do Entorno;Centro Local;292850107.0;17018.25
3132206;Itaguara;MG;Sudeste;3113;Divinópolis;do Entorno;310069;Oliveira;do Entorno;Centro Local;466010107.0;33656.66
3132305;Itaipé;MG;Sudeste;3103;Teófilo Otoni;do Entorno;310013;Teófilo Otoni;do Entorno;Centro Local;143638883.0;13728.27
3132404;Itajubá;MG;Sudeste;3109;Pouso Alegre;do Entorno;310052;Itajubá;Polo;Centro Sub-Regional B;4497959389.0;48327.22
3132503;Itamarandiba;MG;Sudeste;3103;Teófilo Otoni;do Entorno;310014;Capelinha;do Entorno;Centro de Zona B;669899563.0;20332.03
3132602;Itamarati de Minas;MG;Sudeste;3106;Juíz de Fora;do Entorno;310032;Cataguases;do Entorno;Centro Local;73660005.0;19962.06
3132701;Itambacuri;MG;Sudeste;3103;Teófilo Otoni;do Entorno;310013;Teófilo Otoni;do Entorno;Centro Local;415054966.0;19725.07
3132800;Itambé do Mato Dentro;MG;Sudeste;3101;Belo Horizonte;do Entorno;310005;Itabira;do Entorno;Centro Local;43137654.0;20138.96
3132909;Itamogi;MG;Sudeste;3108;Varginha;do Entorno;310047;São Sebastião do Paraíso;do Entorno;Centro Local;348466857.0;32355.33
3133006;Itamonte;MG;Sudeste;3109;Pouso Alegre;do Entorno;310053;São Lourenço;do Entorno;Centro Local;1087902966.0;73576.56
3133105;Itanhandu;MG;Sudeste;3109;Pouso Alegre;do Entorno;310053;São Lourenço;do Entorno;Centro Local;649276352.0;42614.62
3133204;Itanhomi;MG;Sudeste;3104;Governador Valadares;do Entorno;310020;Governador Valadares;do Entorno;Centro Local;178778400.0;16065.64
3133303;Itaobim;MG;Sudeste;3103;Teófilo Otoni;do Entorno;310013;Teófilo Otoni;do Entorno;Centro de Zona B;375951855.0;19630.93
3133402;Itapagipe;MG;Sudeste;3110;Uberaba;do Entorno;310057;Frutal;do Entorno;Centro Local;714871685.0;52218.53
3133501;Itapecerica;MG;Sudeste;3113;Divinópolis;do Entorno;310065;Divinópolis;do Entorno;Centro de Zona B;665952349.0;31642.7
3133600;Itapeva;MG;Sudeste;3109;Pouso Alegre;do Entorno;310050;Pouso Alegre;do Entorno;Centro Local;1698907149.0;134876.72
3133709;Itatiaiuçu;MG;Sudeste;3113;Divinópolis;do Entorno;310065;Divinópolis;do Entorno;Centro Sub-Regional B;2434575301.0;187766.1
3133758;Itaú de Minas;MG;Sudeste;3108;Varginha;do Entorno;310041;Passos;do Entorno;Centro Local;899162734.0;62415.85
3133808;Itaúna;MG;Sudeste;3113;Divinópolis;do Entorno;310065;Divinópolis;do Entorno;Centro Sub-Regional B;4975969030.0;50947.27
3133907;Itaverava;MG;Sudeste;3107;Barbacena;do Entorno;310038;Conselheiro Lafaiete;do Entorno;Centro Local;83986058.0;14885.87
3134004;Itinga;MG;Sudeste;3103;Teófilo Otoni;do Entorno;310017;Araçuaí;do Entorno;Centro Local;283613085.0;20633.91
3134103;Itueta;MG;Sudeste;3104;Governador Valadares;do Entorno;310023;Aimorés - Resplendor;do Entorno;Centro Local;163923406.0;27072.4
3134202;Ituiutaba;MG;Sudeste;3111;Uberlândia;do Entorno;310060;Ituiutaba;Polo;Centro Sub-Regional B;4975265394.0;48673.56
3134301;Itumirim;MG;Sudeste;3108;Varginha;do Entorno;310043;Lavras;do Entorno;Centro Sub-Regional A;110967147.0;16716.96
3134400;Iturama;MG;Sudeste;3110;Uberaba;do Entorno;310058;Iturama;Polo;Centro Sub-Regional B;2864935043.0;74812.25
3134509;Itutinga;MG;Sudeste;3108;Varginha;do Entorno;310043;Lavras;do Entorno;Centro Local;221742319.0;52582.95
3134608;Jaboticatubas;MG;Sudeste;3101;Belo Horizonte;do Entorno;310001;Belo Horizonte;do Entorno;Centro Local;373789243.0;18317.61
3134707;Jacinto;MG;Sudeste;3103;Teófilo Otoni;do Entorno;310015;Almenara;do Entorno;Centro Local;159690215.0;14462.07
3134806;Jacuí;MG;Sudeste;3108;Varginha;do Entorno;310047;São Sebastião do Paraíso;do Entorno;Centro Local;186298724.0;24856.4
3134905;Jacutinga;MG;Sudeste;3109;Pouso Alegre;do Entorno;310050;Pouso Alegre;do Entorno;Centro Local;1708889642.0;66949.64
3135001;Jaguaraçu;MG;Sudeste;3105;Ipatinga;do Entorno;310024;Ipatinga;do Entorno;Capital Regional C;157329176.0;50882.66
3135050;Jaíba;MG;Sudeste;3102;Montes Claros;do Entorno;310007;Janaúba;do Entorno;Centro Local;969913796.0;25754.48
3135076;Jampruca;MG;Sudeste;3104;Governador Valadares;do Entorno;310020;Governador Valadares;do Entorno;Centro Local;84853381.0;19751.72
3135100;Janaúba;MG;Sudeste;3102;Montes Claros;do Entorno;310007;Janaúba;Polo;Centro Sub-Regional B;1965161025.0;27796.16
3135209;Januária;MG;Sudeste;3102;Montes Claros;do Entorno;310009;Januária;Polo;Centro Sub-Regional B;1040488653.0;15970.66
3135308;Japaraíba;MG;Sudeste;3113;Divinópolis;do Entorno;310065;Divinópolis;do Entorno;Centro de Zona A;126374759.0;28045.89
3135357;Japonvar;MG;Sudeste;3102;Montes Claros;do Entorno;310006;Montes Claros;do Entorno;Centro Local;100135576.0;12321.35
3135407;Jeceaba;MG;Sudeste;3107;Barbacena;do Entorno;310038;Conselheiro Lafaiete;do Entorno;Centro Sub-Regional B;1689755212.0;272673.1
3135456;Jenipapo de Minas;MG;Sudeste;3103;Teófilo Otoni;do Entorno;310017;Araçuaí;do Entorno;Centro Local;87873846.0;14405.55
3135506;Jequeri;MG;Sudeste;3106;Juíz de Fora;do Entorno;310030;Ponte Nova;do Entorno;Centro Local;245642081.0;19779.54
3135605;Jequitaí;MG;Sudeste;3102;Montes Claros;do Entorno;310006;Montes Claros;do Entorno;Centro Local;157283874.0;24257.23
3135704;Jequitibá;MG;Sudeste;3101;Belo Horizonte;do Entorno;310002;Sete Lagoas;do Entorno;Centro Local;161753013.0;27494.99
3135803;Jequitinhonha;MG;Sudeste;3103;Teófilo Otoni;do Entorno;310015;Almenara;do Entorno;Centro de Zona B;383947895.0;15993.16
3135902;Jesuânia;MG;Sudeste;3109;Pouso Alegre;do Entorno;310053;São Lourenço;do Entorno;Centro Local;113092975.0;22011.09
3136009;Joaíma;MG;Sudeste;3103;Teófilo Otoni;do Entorno;310015;Almenara;do Entorno;Centro Local;211126178.0;15202.06
3136108;Joanésia;MG;Sudeste;3105;Ipatinga;do Entorno;310024;Ipatinga;do Entorno;Centro Local;120063635.0;27734.73
3136207;João Monlevade;MG;Sudeste;3105;Ipatinga;do Entorno;310026;João Monlevade;Polo;Centro Sub-Regional B;4286349250.0;53454.42
3136306;João Pinheiro;MG;Sudeste;3112;Patos de Minas;do Entorno;310062;Patos de Minas;do Entorno;Centro de Zona A;2562731629.0;54758.05
3136405;Joaquim Felício;MG;Sudeste;3102;Montes Claros;do Entorno;310006;Montes Claros;do Entorno;Centro Local;83619696.0;21696.86
3136504;Jordânia;MG;Sudeste;3103;Teófilo Otoni;do Entorno;310015;Almenara;do Entorno;Centro Local;129428687.0;12561.01
3136520;José Gonçalves de Minas;MG;Sudeste;3103;Teófilo Otoni;do Entorno;310017;Araçuaí;do Entorno;Centro Local;62251278.0;15684.37
3136553;José Raydan;MG;Sudeste;3104;Governador Valadares;do Entorno;310021;Guanhães;do Entorno;Centro Local;113810435.0;26665.99
3136579;Josenópolis;MG;Sudeste;3102;Montes Claros;do Entorno;310006;Montes Claros;do Entorno;Centro Local;59635327.0;16428.46
3136603;Nova União;MG;Sudeste;3101;Belo Horizonte;do Entorno;310001;Belo Horizonte;do Entorno;Centro Local;147089479.0;24892.45
3136652;Juatuba;MG;Sudeste;3101;Belo Horizonte;do Entorno;310001;Belo Horizonte;do Entorno;Metrópole;2124349302.0;69161.0
3136702;Juiz de Fora;MG;Sudeste;3106;Juíz de Fora;do Entorno;310027;Juiz de Fora;Polo;Capital Regional B;23271627261.0;43035.36
3136801;Juramento;MG;Sudeste;3102;Montes Claros;do Entorno;310006;Montes Claros;do Entorno;Centro Local;63718855.0;16910.52
3136900;Juruaia;MG;Sudeste;3108;Varginha;do Entorno;310044;Guaxupé;do Entorno;Centro Local;303328157.0;27366.31
3136959;Juvenília;MG;Sudeste;3102;Montes Claros;do Entorno;310009;Januária;do Entorno;Centro Local;89870794.0;15524.41
3137007;Ladainha;MG;Sudeste;3103;Teófilo Otoni;do Entorno;310013;Teófilo Otoni;do Entorno;Centro Local;168094058.0;11687.0
3137106;Lagamar;MG;Sudeste;3112;Patos de Minas;do Entorno;310062;Patos de Minas;do Entorno;Centro Local;265408931.0;40025.48
3137205;Lagoa da Prata;MG;Sudeste;3113;Divinópolis;do Entorno;310065;Divinópolis;do Entorno;Centro de Zona A;2471545415.0;48073.32
3137304;Lagoa dos Patos;MG;Sudeste;3102;Montes Claros;do Entorno;310006;Montes Claros;do Entorno;Centro Local;65868175.0;19881.73
3137403;Lagoa Dourada;MG;Sudeste;3107;Barbacena;do Entorno;310039;São João del Rei;do Entorno;Centro Local;376999258.0;29524.57
3137502;Lagoa Formosa;MG;Sudeste;3112;Patos de Minas;do Entorno;310062;Patos de Minas;do Entorno;Centro Local;713683216.0;37753.03
3137536;Lagoa Grande;MG;Sudeste;3112;Patos de Minas;do Entorno;310062;Patos de Minas;do Entorno;Centro Local;312254152.0;34814.82
3137601;Lagoa Santa;MG;Sudeste;3101;Belo Horizonte;do Entorno;310001;Belo Horizonte;do Entorno;Metrópole;2825380370.0;37599.05
3137700;Lajinha;MG;Sudeste;3106;Juíz de Fora;do Entorno;310028;Manhuaçu;do Entorno;Centro Local;508139191.0;24388.73
3137809;Lambari;MG;Sudeste;3109;Pouso Alegre;do Entorno;310053;São Lourenço;do Entorno;Centro de Zona B;538927795.0;26399.91
3137908;Lamim;MG;Sudeste;3107;Barbacena;do Entorno;310038;Conselheiro Lafaiete;do Entorno;Centro Local;66917653.0;21016.85
3138005;Laranjal;MG;Sudeste;3106;Juíz de Fora;do Entorno;310032;Cataguases;do Entorno;Centro Local;116195241.0;19486.04
3138104;Lassance;MG;Sudeste;3102;Montes Claros;do Entorno;310010;Pirapora;do Entorno;Centro Local;231341775.0;32473.58
3138203;Lavras;MG;Sudeste;3108;Varginha;do Entorno;310043;Lavras;Polo;Centro Sub-Regional A;3916681627.0;37386.83
3138302;Leandro Ferreira;MG;Sudeste;3113;Divinópolis;do Entorno;310065;Divinópolis;do Entorno;Centro Sub-Regional B;67066463.0;20964.82
3138351;Leme do Prado;MG;Sudeste;3103;Teófilo Otoni;do Entorno;310014;Capelinha;do Entorno;Centro Local;73646075.0;16965.23
3138401;Leopoldina;MG;Sudeste;3106;Juíz de Fora;do Entorno;310032;Cataguases;do Entorno;Centro de Zona A;1344583254.0;26289.63
3138500;Liberdade;MG;Sudeste;3106;Juíz de Fora;do Entorno;310027;Juiz de Fora;do Entorno;Centro Local;117802921.0;24868.68
3138609;Lima Duarte;MG;Sudeste;3106;Juíz de Fora;do Entorno;310027;Juiz de Fora;do Entorno;Centro Local;432496512.0;25114.48
3138625;Limeira do Oeste;MG;Sudeste;3110;Uberaba;do Entorno;310058;Iturama;do Entorno;Centro Local;775260818.0;89243.79
3138658;Lontra;MG;Sudeste;3102;Montes Claros;do Entorno;310006;Montes Claros;do Entorno;Centro Local;110763133.0;12601.04
3138674;Luisburgo;MG;Sudeste;3106;Juíz de Fora;do Entorno;310028;Manhuaçu;do Entorno;Centro Local;155369855.0;22336.09
3138682;Luislândia;MG;Sudeste;3102;Montes Claros;do Entorno;310006;Montes Claros;do Entorno;Centro Local;82467838.0;13279.85
3138708;Luminárias;MG;Sudeste;3108;Varginha;do Entorno;310043;Lavras;do Entorno;Centro Local;166134310.0;29741.19
3138807;Luz;MG;Sudeste;3113;Divinópolis;do Entorno;310067;Dores do Indaiá;do Entorno;Centro de Zona B;863686116.0;48318.1
3138906;Machacalis;MG;Sudeste;3103;Teófilo Otoni;do Entorno;310019;Águas Formosas;do Entorno;Centro Local;136850056.0;21096.05
3139003;Machado;MG;Sudeste;3108;Varginha;do Entorno;310042;Alfenas;do Entorno;Centro de Zona A;1406358331.0;37319.77
3139102;Madre de Deus de Minas;MG;Sudeste;3107;Barbacena;do Entorno;310039;São João del Rei;do Entorno;Centro Local;408511106.0;78696.03
3139201;Malacacheta;MG;Sudeste;3103;Teófilo Otoni;do Entorno;310013;Teófilo Otoni;do Entorno;Centro de Zona B;272762390.0;15572.18
3139250;Mamonas;MG;Sudeste;3102;Montes Claros;do Entorno;310012;Espinosa;do Entorno;Centro Local;79982589.0;13337.1
3139300;Manga;MG;Sudeste;3102;Montes Claros;do Entorno;310007;Janaúba;do Entorno;Centro Local;315779368.0;16720.29
3139409;Manhuaçu;MG;Sudeste;3106;Juíz de Fora;do Entorno;310028;Manhuaçu;Polo;Centro Sub-Regional A;3710638120.0;40383.06
3139508;Manhumirim;MG;Sudeste;3106;Juíz de Fora;do Entorno;310028;Manhuaçu;do Entorno;Centro Local;587887014.0;28520.21
3139607;Mantena;MG;Sudeste;3104;Governador Valadares;do Entorno;310022;Mantena;Polo;Centro Local;610896883.0;23022.31
3139706;Maravilhas;MG;Sudeste;3113;Divinópolis;do Entorno;310068;Pará de Minas;do Entorno;Centro Local;243501960.0;33206.32
3139805;Mar de Espanha;MG;Sudeste;3106;Juíz de Fora;do Entorno;310035;São João Nepomuceno - Bicas;do Entorno;Centro Local;288911310.0;22711.37
3139904;Maria da Fé;MG;Sudeste;3109;Pouso Alegre;do Entorno;310052;Itajubá;do Entorno;Centro Local;273429689.0;19192.09
3140001;Mariana;MG;Sudeste;3101;Belo Horizonte;do Entorno;310003;Santa Bárbara - Ouro Preto;do Entorno;Centro Local;4656946097.0;75862.09
3140100;Marilac;MG;Sudeste;3104;Governador Valadares;do Entorno;310020;Governador Valadares;do Entorno;Centro Local;75214247.0;17806.4
3140159;Mário Campos;MG;Sudeste;3101;Belo Horizonte;do Entorno;310001;Belo Horizonte;do Entorno;Metrópole;240476761.0;15124.32
3140209;Maripá de Minas;MG;Sudeste;3106;Juíz de Fora;do Entorno;310035;São João Nepomuceno - Bicas;do Entorno;Centro Local;111014879.0;32776.76
3140308;Marliéria;MG;Sudeste;3105;Ipatinga;do Entorno;310024;Ipatinga;do Entorno;Capital Regional C;67778906.0;14760.21
3140407;Marmelópolis;MG;Sudeste;3109;Pouso Alegre;do Entorno;310052;Itajubá;do Entorno;Centro Local;61730152.0;19290.67
3140506;Martinho Campos;MG;Sudeste;3113;Divinópolis;do Entorno;310067;Dores do Indaiá;do Entorno;Centro Local;584257694.0;41723.75
3140530;Martins Soares;MG;Sudeste;3106;Juíz de Fora;do Entorno;310028;Manhuaçu;do Entorno;Centro Local;298804815.0;35588.95
3140555;Mata Verde;MG;Sudeste;3103;Teófilo Otoni;do Entorno;310015;Almenara;do Entorno;Centro Local;112643542.0;12362.11
3140605;Materlândia;MG;Sudeste;3104;Governador Valadares;do Entorno;310021;Guanhães;do Entorno;Centro Local;76739742.0;19364.05
3140704;Mateus Leme;MG;Sudeste;3101;Belo Horizonte;do Entorno;310001;Belo Horizonte;do Entorno;Centro Local;1095993715.0;28963.13
3140803;Matias Barbosa;MG;Sudeste;3106;Juíz de Fora;do Entorno;310027;Juiz de Fora;do Entorno;Capital Regional B;879158745.0;62258.96
3140852;Matias Cardoso;MG;Sudeste;3102;Montes Claros;do Entorno;310007;Janaúba;do Entorno;Centro Local;200578992.0;22549.63
3140902;Matipó;MG;Sudeste;3106;Juíz de Fora;do Entorno;310028;Manhuaçu;do Entorno;Centro Local;482096182.0;25986.21
3141009;Mato Verde;MG;Sudeste;3102;Montes Claros;do Entorno;310012;Espinosa;do Entorno;Centro de Zona B;229089451.0;19030.52
3141108;Matozinhos;MG;Sudeste;3101;Belo Horizonte;do Entorno;310002;Sete Lagoas;do Entorno;Centro Local;1895425771.0;50386.14
3141207;Matutina;MG;Sudeste;3112;Patos de Minas;do Entorno;310062;Patos de Minas;do Entorno;Centro Local;128622612.0;33723.81
3141306;Medeiros;MG;Sudeste;3113;Divinópolis;do Entorno;310066;Formiga;do Entorno;Centro Local;273184894.0;70047.41
3141405;Medina;MG;Sudeste;3103;Teófilo Otoni;do Entorno;310018;Pedra Azul;do Entorno;Centro de Zona B;330715354.0;16407.79
3141504;Mendes Pimentel;MG;Sudeste;3104;Governador Valadares;do Entorno;310022;Mantena;do Entorno;Centro Local;98140772.0;17506.38
3141603;Mercês;MG;Sudeste;3106;Juíz de Fora;do Entorno;310029;Ubá;do Entorno;Centro Local;189388298.0;18257.81
3141702;Mesquita;MG;Sudeste;3105;Ipatinga;do Entorno;310024;Ipatinga;do Entorno;Centro Local;73562303.0;14595.69
3141801;Minas Novas;MG;Sudeste;3103;Teófilo Otoni;do Entorno;310014;Capelinha;do Entorno;Centro de Zona B;412127792.0;16887.02
3141900;Minduri;MG;Sudeste;3109;Pouso Alegre;do Entorno;310054;Caxambu - Baependi;do Entorno;Centro Local;199019102.0;53199.44
3142007;Mirabela;MG;Sudeste;3102;Montes Claros;do Entorno;310006;Montes Claros;do Entorno;Centro Local;193762204.0;14193.99
3142106;Miradouro;MG;Sudeste;3106;Juíz de Fora;do Entorno;310031;Muriaé;do Entorno;Centro Local;206069010.0;22978.26
3142205;Miraí;MG;Sudeste;3106;Juíz de Fora;do Entorno;310031;Muriaé;do Entorno;Centro Local;368816523.0;27053.22
3142254;Miravânia;MG;Sudeste;3102;Montes Claros;do Entorno;310007;Janaúba;do Entorno;Centro Local;57919312.0;14534.33
3142304;Moeda;MG;Sudeste;3101;Belo Horizonte;do Entorno;310001;Belo Horizonte;do Entorno;Centro Local;104132227.0;20318.48
3142403;Moema;MG;Sudeste;3113;Divinópolis;do Entorno;310067;Dores do Indaiá;do Entorno;Centro Local;160124318.0;21214.14
3142502;Monjolos;MG;Sudeste;3101;Belo Horizonte;do Entorno;310004;Curvelo;do Entorno;Centro Local;41814661.0;19278.31
3142601;Monsenhor Paulo;MG;Sudeste;3108;Varginha;do Entorno;310040;Varginha;do Entorno;Centro Local;280174615.0;33594.08
3142700;Montalvânia;MG;Sudeste;3102;Montes Claros;do Entorno;310009;Januária;do Entorno;Centro de Zona B;206964135.0;14720.07
3142809;Monte Alegre de Minas;MG;Sudeste;3111;Uberlândia;do Entorno;310059;Uberlândia;do Entorno;Centro Local;903721125.0;44805.21
3142908;Monte Azul;MG;Sudeste;3102;Montes Claros;do Entorno;310012;Espinosa;do Entorno;Centro de Zona B;325957625.0;16034.91
3143005;Monte Belo;MG;Sudeste;3108;Varginha;do Entorno;310044;Guaxupé;do Entorno;Centro Local;486080874.0;37259.0
3143104;Monte Carmelo;MG;Sudeste;3111;Uberlândia;do Entorno;310061;Monte Carmelo;Polo;Centro Sub-Regional B;1957160563.0;41037.5
3143153;Monte Formoso;MG;Sudeste;3103;Teófilo Otoni;do Entorno;310013;Teófilo Otoni;do Entorno;Centro Local;52678142.0;12024.23
3143203;Monte Santo de Minas;MG;Sudeste;3108;Varginha;do Entorno;310047;São Sebastião do Paraíso;do Entorno;Centro Local;632534984.0;30279.32
3143302;Montes Claros;MG;Sudeste;3102;Montes Claros;Polo;310006;Montes Claros;Polo;Capital Regional B;13326238602.0;32170.33
3143401;Monte Sião;MG;Sudeste;3109;Pouso Alegre;do Entorno;310050;Pouso Alegre;do Entorno;Centro Local;723677875.0;30041.84
3143450;Montezuma;MG;Sudeste;3102;Montes Claros;do Entorno;310012;Espinosa;do Entorno;Centro Local;104692052.0;15199.19
3143500;Morada Nova de Minas;MG;Sudeste;3113;Divinópolis;do Entorno;310070;Abaeté;do Entorno;Centro Local;570682925.0;62940.66
3143609;Morro da Garça;MG;Sudeste;3101;Belo Horizonte;do Entorno;310004;Curvelo;do Entorno;Centro Local;62850192.0;26068.1
3143708;Morro do Pilar;MG;Sudeste;3101;Belo Horizonte;do Entorno;310002;Sete Lagoas;do Entorno;Centro Local;56082571.0;17900.6
3143807;Munhoz;MG;Sudeste;3109;Pouso Alegre;do Entorno;310050;Pouso Alegre;do Entorno;Centro Local;159929258.0;21191.1
3143906;Muriaé;MG;Sudeste;3106;Juíz de Fora;do Entorno;310031;Muriaé;Polo;Centro Sub-Regional A;3211391402.0;30846.73
3144003;Mutum;MG;Sudeste;3106;Juíz de Fora;do Entorno;310028;Manhuaçu;do Entorno;Centro Local;662868668.0;23986.56
3144102;Muzambinho;MG;Sudeste;3108;Varginha;do Entorno;310044;Guaxupé;do Entorno;Centro Local;742833043.0;33933.26
3144201;Nacip Raydan;MG;Sudeste;3104;Governador Valadares;do Entorno;310020;Governador Valadares;do Entorno;Centro Local;40636373.0;16525.57
3144300;Nanuque;MG;Sudeste;3103;Teófilo Otoni;do Entorno;310013;Teófilo Otoni;do Entorno;Centro de Zona A;1074888835.0;30677.8
3144359;Naque;MG;Sudeste;3105;Ipatinga;do Entorno;310024;Ipatinga;do Entorno;Capital Regional C;108081133.0;17147.57
3144375;Natalândia;MG;Sudeste;3112;Patos de Minas;do Entorno;310063;Unaí;do Entorno;Centro Local;92799301.0;26363.44
3144409;Natércia;MG;Sudeste;3109;Pouso Alegre;do Entorno;310050;Pouso Alegre;do Entorno;Centro Local;133965140.0;28557.91
3144508;Nazareno;MG;Sudeste;3107;Barbacena;do Entorno;310039;São João del Rei;do Entorno;Centro Local;826959213.0;101107.62
3144607;Nepomuceno;MG;Sudeste;3108;Varginha;do Entorno;310043;Lavras;do Entorno;Centro Local;757417466.0;30274.9
3144656;Ninheira;MG;Sudeste;3102;Montes Claros;do Entorno;310008;Salinas;do Entorno;Centro Local;166816364.0;15755.23
3144672;Nova Belém;MG;Sudeste;3104;Governador Valadares;do Entorno;310022;Mantena;do Entorno;Centro Local;133537753.0;42379.48
3144706;Nova Era;MG;Sudeste;3105;Ipatinga;do Entorno;310026;João Monlevade;do Entorno;Centro Local;480775333.0;27570.55
3144805;Nova Lima;MG;Sudeste;3101;Belo Horizonte;do Entorno;310001;Belo Horizonte;do Entorno;Metrópole;12447551060.0;111440.33
3144904;Nova Módica;MG;Sudeste;3103;Teófilo Otoni;do Entorno;310013;Teófilo Otoni;do Entorno;Centro Local;71915763.0;19633.02
3145000;Nova Ponte;MG;Sudeste;3110;Uberaba;do Entorno;310055;Uberaba;do Entorno;Centro Local;1581647938.0;108346.89
3145059;Nova Porteirinha;MG;Sudeste;3102;Montes Claros;do Entorno;310007;Janaúba;do Entorno;Centro Sub-Regional B;158901010.0;23695.35
3145109;Nova Resende;MG;Sudeste;3108;Varginha;do Entorno;310044;Guaxupé;do Entorno;Centro Local;492956115.0;30082.15
3145208;Nova Serrana;MG;Sudeste;3113;Divinópolis;do Entorno;310065;Divinópolis;do Entorno;Centro Sub-Regional B;3936357770.0;37293.07
3145307;Novo Cruzeiro;MG;Sudeste;3103;Teófilo Otoni;do Entorno;310013;Teófilo Otoni;do Entorno;Centro Local;416700311.0;15447.65
3145356;Novo Oriente de Minas;MG;Sudeste;3103;Teófilo Otoni;do Entorno;310013;Teófilo Otoni;do Entorno;Centro Local;150988959.0;14694.79
3145372;Novorizonte;MG;Sudeste;3102;Montes Claros;do Entorno;310008;Salinas;do Entorno;Centro Local;92593548.0;20256.74
3145406;Olaria;MG;Sudeste;3106;Juíz de Fora;do Entorno;310027;Juiz de Fora;do Entorno;Centro Local;44676357.0;22969.85
3145455;Olhos-d'Água;MG;Sudeste;3102;Montes Claros;do Entorno;310006;Montes Claros;do Entorno;Centro Local;204856974.0;38042.15
3145505;Olímpio Noronha;MG;Sudeste;3109;Pouso Alegre;do Entorno;310053;São Lourenço;do Entorno;Centro Local;55155846.0;21587.42
3145604;Oliveira;MG;Sudeste;3113;Divinópolis;do Entorno;310069;Oliveira;Polo;Centro Sub-Regional B;1463236820.0;37268.52
3145703;Oliveira Fortes;MG;Sudeste;3106;Juíz de Fora;do Entorno;310027;Juiz de Fora;do Entorno;Centro Local;44411957.0;21910.19
3145802;Onça de Pitangui;MG;Sudeste;3113;Divinópolis;do Entorno;310068;Pará de Minas;do Entorno;Centro Local;82367437.0;27742.48
3145851;Oratórios;MG;Sudeste;3106;Juíz de Fora;do Entorno;310030;Ponte Nova;do Entorno;Centro Sub-Regional B;84109064.0;17105.77
3145877;Orizânia;MG;Sudeste;3106;Juíz de Fora;do Entorno;310034;Carangola;do Entorno;Centro Local;146987657.0;17421.79
3145901;Ouro Branco;MG;Sudeste;3107;Barbacena;do Entorno;310038;Conselheiro Lafaiete;do Entorno;Centro Sub-Regional B;4310767094.0;111320.29
3146008;Ouro Fino;MG;Sudeste;3109;Pouso Alegre;do Entorno;310050;Pouso Alegre;do Entorno;Centro de Zona A;1223791087.0;38131.46
3146107;Ouro Preto;MG;Sudeste;3101;Belo Horizonte;do Entorno;310003;Santa Bárbara - Ouro Preto;Polo;Centro Sub-Regional B;6765810317.0;90426.62
3146206;Ouro Verde de Minas;MG;Sudeste;3103;Teófilo Otoni;do Entorno;310013;Teófilo Otoni;do Entorno;Centro Local;87363263.0;15175.14
3146255;Padre Carvalho;MG;Sudeste;3102;Montes Claros;do Entorno;310008;Salinas;do Entorno;Centro Local;68448346.0;13532.69
3146305;Padre Paraíso;MG;Sudeste;3103;Teófilo Otoni;do Entorno;310013;Teófilo Otoni;do Entorno;Centro de Zona B;254680841.0;14692.56
3146404;Paineiras;MG;Sudeste;3113;Divinópolis;do Entorno;310070;Abaeté;do Entorno;Centro Local;98947338.0;23425.03
3146503;Pains;MG;Sudeste;3113;Divinópolis;do Entorno;310066;Formiga;do Entorno;Centro Local;676495679.0;83087.16
3146552;Pai Pedro;MG;Sudeste;3102;Montes Claros;do Entorno;310007;Janaúba;do Entorno;Centro Local;73623066.0;13263.03
3146602;Paiva;MG;Sudeste;3106;Juíz de Fora;do Entorno;310027;Juiz de Fora;do Entorno;Centro Local;33858892.0;22970.75
3146701;Palma;MG;Sudeste;3106;Juíz de Fora;do Entorno;310032;Cataguases;do Entorno;Centro Local;114459219.0;20055.93
3146750;Palmópolis;MG;Sudeste;3103;Teófilo Otoni;do Entorno;310015;Almenara;do Entorno;Centro Local;82987718.0;13170.56
3146909;Papagaios;MG;Sudeste;3113;Divinópolis;do Entorno;310068;Pará de Minas;do Entorno;Centro Local;378420878.0;27185.41
3147006;Paracatu;MG;Sudeste;3112;Patos de Minas;do Entorno;310062;Patos de Minas;do Entorno;Centro Sub-Regional B;6798922469.0;72311.27
3147105;Pará de Minas;MG;Sudeste;3113;Divinópolis;do Entorno;310068;Pará de Minas;Polo;Centro Sub-Regional B;5161430074.0;53134.48
3147204;Paraguaçu;MG;Sudeste;3108;Varginha;do Entorno;310042;Alfenas;do Entorno;Centro Local;801200209.0;36882.58
3147303;Paraisópolis;MG;Sudeste;3109;Pouso Alegre;do Entorno;310052;Itajubá;do Entorno;Centro de Zona B;769515649.0;37638.33
3147402;Paraopeba;MG;Sudeste;3101;Belo Horizonte;do Entorno;310002;Sete Lagoas;do Entorno;Centro Local;1108133444.0;45967.29
3147501;Passabém;MG;Sudeste;3101;Belo Horizonte;do Entorno;310005;Itabira;do Entorno;Centro Local;30001890.0;18751.18
3147600;Passa Quatro;MG;Sudeste;3109;Pouso Alegre;do Entorno;310053;São Lourenço;do Entorno;Centro Local;739446951.0;47660.13
3147709;Passa Tempo;MG;Sudeste;3113;Divinópolis;do Entorno;310069;Oliveira;do Entorno;Centro Local;310555252.0;36652.34
3147808;Passa Vinte;MG;Sudeste;3106;Juíz de Fora;do Entorno;310027;Juiz de Fora;do Entorno;Centro Local;47564508.0;21300.72
3147907;Passos;MG;Sudeste;3108;Varginha;do Entorno;310041;Passos;Polo;Centro Sub-Regional A;4080105786.0;36449.37
3147956;Patis;MG;Sudeste;3102;Montes Claros;do Entorno;310006;Montes Claros;do Entorno;Centro Local;61642258.0;12743.9
3148004;Patos de Minas;MG;Sudeste;3112;Patos de Minas;Polo;310062;Patos de Minas;Polo;Centro Sub-Regional A;8151368621.0;51190.81
3148103;Patrocínio;MG;Sudeste;3112;Patos de Minas;do Entorno;310064;Patrocínio;Polo;Centro Sub-Regional B;4895785022.0;54502.98
3148202;Patrocínio do Muriaé;MG;Sudeste;3106;Juíz de Fora;do Entorno;310031;Muriaé;do Entorno;Centro Local;152117819.0;27280.81
3148301;Paula Cândido;MG;Sudeste;3106;Juíz de Fora;do Entorno;310033;Viçosa;do Entorno;Centro Local;143373108.0;16557.7
3148400;Paulistas;MG;Sudeste;3104;Governador Valadares;do Entorno;310021;Guanhães;do Entorno;Centro Local;80480686.0;18336.91
3148509;Pavão;MG;Sudeste;3103;Teófilo Otoni;do Entorno;310013;Teófilo Otoni;do Entorno;Centro Local;111033234.0;13798.09
3148608;Peçanha;MG;Sudeste;3104;Governador Valadares;do Entorno;310021;Guanhães;do Entorno;Centro de Zona B;293484921.0;16822.48
3148707;Pedra Azul;MG;Sudeste;3103;Teófilo Otoni;do Entorno;310018;Pedra Azul;Polo;Centro de Zona B;428870193.0;17569.45
3148756;Pedra Bonita;MG;Sudeste;3106;Juíz de Fora;do Entorno;310034;Carangola;do Entorno;Centro Local;124988239.0;17074.9
3148806;Pedra do Anta;MG;Sudeste;3106;Juíz de Fora;do Entorno;310033;Viçosa;do Entorno;Centro Local;65218353.0;19697.48
3148905;Pedra do Indaiá;MG;Sudeste;3113;Divinópolis;do Entorno;310065;Divinópolis;do Entorno;Centro Local;133810483.0;32541.46
3149002;Pedra Dourada;MG;Sudeste;3106;Juíz de Fora;do Entorno;310034;Carangola;do Entorno;Centro Local;65491720.0;23754.7
3149101;Pedralva;MG;Sudeste;3109;Pouso Alegre;do Entorno;310052;Itajubá;do Entorno;Centro Local;221496736.0;20585.2
3149150;Pedras de Maria da Cruz;MG;Sudeste;3102;Montes Claros;do Entorno;310009;Januária;do Entorno;Centro Local;132256152.0;12676.71
3149200;Pedrinópolis;MG;Sudeste;3110;Uberaba;do Entorno;310056;Araxá;do Entorno;Centro Local;333526702.0;99738.85
3149309;Pedro Leopoldo;MG;Sudeste;3101;Belo Horizonte;do Entorno;310001;Belo Horizonte;do Entorno;Metrópole;2514376518.0;40178.6
3149408;Pedro Teixeira;MG;Sudeste;3106;Juíz de Fora;do Entorno;310027;Juiz de Fora;do Entorno;Centro Local;37357277.0;20639.38
3149507;Pequeri;MG;Sudeste;3106;Juíz de Fora;do Entorno;310035;São João Nepomuceno - Bicas;do Entorno;Centro Local;78666131.0;23475.42
3149606;Pequi;MG;Sudeste;3113;Divinópolis;do Entorno;310068;Pará de Minas;do Entorno;Centro Local;103925031.0;25012.04
3149705;Perdigão;MG;Sudeste;3113;Divinópolis;do Entorno;310065;Divinópolis;do Entorno;Centro Local;378765823.0;30874.29
3149804;Perdizes;MG;Sudeste;3110;Uberaba;do Entorno;310056;Araxá;do Entorno;Centro Local;2577883513.0;150305.14
3149903;Perdões;MG;Sudeste;3108;Varginha;do Entorno;310043;Lavras;do Entorno;Centro Local;811684117.0;37957.54
3149952;Periquito;MG;Sudeste;3105;Ipatinga;do Entorno;310024;Ipatinga;do Entorno;Centro Local;119988023.0;18310.4
3150000;Pescador;MG;Sudeste;3103;Teófilo Otoni;do Entorno;310013;Teófilo Otoni;do Entorno;Centro Local;57196612.0;16021.46
3150109;Piau;MG;Sudeste;3106;Juíz de Fora;do Entorno;310027;Juiz de Fora;do Entorno;Centro Local;114475297.0;40942.52
3150158;Piedade de Caratinga;MG;Sudeste;3105;Ipatinga;do Entorno;310025;Caratinga;do Entorno;Centro Local;214395410.0;25137.23
3150208;Piedade de Ponte Nova;MG;Sudeste;3106;Juíz de Fora;do Entorno;310030;Ponte Nova;do Entorno;Centro Local;76206839.0;19166.71
3150307;Piedade do Rio Grande;MG;Sudeste;3107;Barbacena;do Entorno;310039;São João del Rei;do Entorno;Centro Local;135157704.0;29356.58
3150406;Piedade dos Gerais;MG;Sudeste;3113;Divinópolis;do Entorno;310069;Oliveira;do Entorno;Centro Local;128442059.0;25591.17
3150505;Pimenta;MG;Sudeste;3113;Divinópolis;do Entorno;310066;Formiga;do Entorno;Centro Local;314466294.0;36723.85
3150539;Pingo-d'Água;MG;Sudeste;3105;Ipatinga;do Entorno;310024;Ipatinga;do Entorno;Centro Local;70142250.0;14904.86
3150570;Pintópolis;MG;Sudeste;3102;Montes Claros;do Entorno;310011;São Francisco;do Entorno;Centro Local;94229610.0;13301.75
3150604;Piracema;MG;Sudeste;3113;Divinópolis;do Entorno;310069;Oliveira;do Entorno;Centro Local;248564985.0;37099.25
3150703;Pirajuba;MG;Sudeste;3110;Uberaba;do Entorno;310057;Frutal;do Entorno;Centro Local;639002677.0;115405.94
3150802;Piranga;MG;Sudeste;3107;Barbacena;do Entorno;310038;Conselheiro Lafaiete;do Entorno;Centro Local;253176297.0;14876.97
3150901;Piranguçu;MG;Sudeste;3109;Pouso Alegre;do Entorno;310052;Itajubá;do Entorno;Centro Sub-Regional B;118615379.0;19635.06
3151008;Piranguinho;MG;Sudeste;3109;Pouso Alegre;do Entorno;310052;Itajubá;do Entorno;Centro Sub-Regional B;171573339.0;18812.87
3151107;Pirapetinga;MG;Sudeste;3106;Juíz de Fora;do Entorno;310036;Além Paraíba;do Entorno;Centro Sub-Regional B;707927765.0;63909.7
3151206;Pirapora;MG;Sudeste;3102;Montes Claros;do Entorno;310010;Pirapora;Polo;Centro Sub-Regional B;3361259131.0;60447.78
3151305;Piraúba;MG;Sudeste;3106;Juíz de Fora;do Entorno;310029;Ubá;do Entorno;Centro Local;246400803.0;21223.15
3151404;Pitangui;MG;Sudeste;3113;Divinópolis;do Entorno;310065;Divinópolis;do Entorno;Centro Local;702867367.0;26339.42
3151503;Piumhi;MG;Sudeste;3108;Varginha;do Entorno;310049;Piumhi;Polo;Centro de Zona B;1568574297.0;43496.6
3151602;Planura;MG;Sudeste;3110;Uberaba;do Entorno;310057;Frutal;do Entorno;Centro Local;843200535.0;75657.29
3151701;Poço Fundo;MG;Sudeste;3108;Varginha;do Entorno;310042;Alfenas;do Entorno;Centro Local;548879382.0;33488.67
3151800;Poços de Caldas;MG;Sudeste;3109;Pouso Alegre;do Entorno;310051;Poços de Caldas;Polo;Capital Regional C;10732908121.0;65547.68
3151909;Pocrane;MG;Sudeste;3106;Juíz de Fora;do Entorno;310028;Manhuaçu;do Entorno;Centro Local;151973798.0;18200.45
3152006;Pompéu;MG;Sudeste;3113;Divinópolis;do Entorno;310067;Dores do Indaiá;do Entorno;Centro Local;1229908179.0;39614.4
3152105;Ponte Nova;MG;Sudeste;3106;Juíz de Fora;do Entorno;310030;Ponte Nova;Polo;Centro Sub-Regional B;2594058940.0;44898.56
3152131;Ponto Chique;MG;Sudeste;3102;Montes Claros;do Entorno;310010;Pirapora;do Entorno;Centro Local;63930732.0;17061.84
3152170;Ponto dos Volantes;MG;Sudeste;3103;Teófilo Otoni;do Entorno;310013;Teófilo Otoni;do Entorno;Centro Local;149416361.0;13729.34
3152204;Porteirinha;MG;Sudeste;3102;Montes Claros;do Entorno;310007;Janaúba;do Entorno;Centro de Zona B;625525222.0;16708.3
3152303;Porto Firme;MG;Sudeste;3106;Juíz de Fora;do Entorno;310033;Viçosa;do Entorno;Centro Local;151758568.0;14358.84
3152402;Poté;MG;Sudeste;3103;Teófilo Otoni;do Entorno;310013;Teófilo Otoni;do Entorno;Centro Local;213765729.0;15642.16
3152501;Pouso Alegre;MG;Sudeste;3109;Pouso Alegre;Polo;310050;Pouso Alegre;Polo;Capital Regional C;14201205978.0;93295.79
3152600;Pouso Alto;MG;Sudeste;3109;Pouso Alegre;do Entorno;310053;São Lourenço;do Entorno;Centro Local;542608928.0;82639.19
3152709;Prados;MG;Sudeste;3107;Barbacena;do Entorno;310039;São João del Rei;do Entorno;Centro Local;257819322.0;28494.62
3152808;Prata;MG;Sudeste;3111;Uberlândia;do Entorno;310059;Uberlândia;do Entorno;Centro Local;1702674770.0;60076.03
3152907;Pratápolis;MG;Sudeste;3108;Varginha;do Entorno;310041;Passos;do Entorno;Centro Local;249603521.0;29693.5
3153004;Pratinha;MG;Sudeste;3110;Uberaba;do Entorno;310056;Araxá;do Entorno;Centro Local;230172432.0;64673.34
3153103;Presidente Bernardes;MG;Sudeste;3106;Juíz de Fora;do Entorno;310033;Viçosa;do Entorno;Centro Local;80595987.0;16617.73
3153202;Presidente Juscelino;MG;Sudeste;3101;Belo Horizonte;do Entorno;310004;Curvelo;do Entorno;Centro Local;62646785.0;18079.88
3153301;Presidente Kubitschek;MG;Sudeste;3103;Teófilo Otoni;do Entorno;310016;Diamantina;do Entorno;Centro Local;45372896.0;14774.63
3153400;Presidente Olegário;MG;Sudeste;3112;Patos de Minas;do Entorno;310062;Patos de Minas;do Entorno;Centro Local;904882533.0;48221.82
3153509;Alto Jequitibá;MG;Sudeste;3106;Juíz de Fora;do Entorno;310028;Manhuaçu;do Entorno;Centro Local;160652947.0;19132.18
3153608;Prudente de Morais;MG;Sudeste;3101;Belo Horizonte;do Entorno;310002;Sete Lagoas;do Entorno;Capital Regional C;333022234.0;29044.33
3153707;Quartel Geral;MG;Sudeste;3113;Divinópolis;do Entorno;310067;Dores do Indaiá;do Entorno;Centro Local;89894292.0;28277.54
3153806;Queluzito;MG;Sudeste;3107;Barbacena;do Entorno;310038;Conselheiro Lafaiete;do Entorno;Centro Sub-Regional B;51169239.0;28909.17
3153905;Raposos;MG;Sudeste;3101;Belo Horizonte;do Entorno;310001;Belo Horizonte;do Entorno;Metrópole;232669301.0;14292.6
3154002;Raul Soares;MG;Sudeste;3105;Ipatinga;do Entorno;310025;Caratinga;do Entorno;Centro Local;497923077.0;21257.87
3154101;Recreio;MG;Sudeste;3106;Juíz de Fora;do Entorno;310032;Cataguases;do Entorno;Centro Local;152511380.0;13855.85
3154150;Reduto;MG;Sudeste;3106;Juíz de Fora;do Entorno;310028;Manhuaçu;do Entorno;Centro Local;131257130.0;16724.91
3154200;Resende Costa;MG;Sudeste;3107;Barbacena;do Entorno;310039;São João del Rei;do Entorno;Centro Local;243888248.0;21717.56
3154309;Resplendor;MG;Sudeste;3104;Governador Valadares;do Entorno;310023;Aimorés - Resplendor;Polo;Centro de Zona B;376309281.0;21845.42
3154408;Ressaquinha;MG;Sudeste;3107;Barbacena;do Entorno;310037;Barbacena;do Entorno;Centro Local;507031621.0;111484.53
3154457;Riachinho;MG;Sudeste;3112;Patos de Minas;do Entorno;310063;Unaí;do Entorno;Centro Local;187878471.0;27375.56
3154507;Riacho dos Machados;MG;Sudeste;3102;Montes Claros;do Entorno;310007;Janaúba;do Entorno;Centro Local;301729817.0;34459.78
3154606;Ribeirão das Neves;MG;Sudeste;3101;Belo Horizonte;do Entorno;310001;Belo Horizonte;do Entorno;Metrópole;6336695364.0;19214.1
3154705;Ribeirão Vermelho;MG;Sudeste;3108;Varginha;do Entorno;310043;Lavras;do Entorno;Centro Sub-Regional A;132863042.0;32564.47
3154804;Rio Acima;MG;Sudeste;3101;Belo Horizonte;do Entorno;310001;Belo Horizonte;do Entorno;Metrópole;260362073.0;25373.95
3154903;Rio Casca;MG;Sudeste;3106;Juíz de Fora;do Entorno;310030;Ponte Nova;do Entorno;Centro Local;277814295.0;21722.91
3155009;Rio Doce;MG;Sudeste;3106;Juíz de Fora;do Entorno;310030;Ponte Nova;do Entorno;Centro Local;107640771.0;43333.64
3155108;Rio do Prado;MG;Sudeste;3103;Teófilo Otoni;do Entorno;310015;Almenara;do Entorno;Centro Local;68107378.0;14681.48
3155207;Rio Espera;MG;Sudeste;3107;Barbacena;do Entorno;310038;Conselheiro Lafaiete;do Entorno;Centro Local;75489424.0;13904.85
3155306;Rio Manso;MG;Sudeste;3113;Divinópolis;do Entorno;310069;Oliveira;do Entorno;Centro Local;138278888.0;24834.57
3155405;Rio Novo;MG;Sudeste;3106;Juíz de Fora;do Entorno;310027;Juiz de Fora;do Entorno;Centro Local;143555841.0;16853.23
3155504;Rio Paranaíba;MG;Sudeste;3112;Patos de Minas;do Entorno;310062;Patos de Minas;do Entorno;Centro Local;1148100508.0;79004.99
3155603;Rio Pardo de Minas;MG;Sudeste;3102;Montes Claros;do Entorno;310008;Salinas;do Entorno;Centro Local;404312283.0;14301.31
3155702;Rio Piracicaba;MG;Sudeste;3105;Ipatinga;do Entorno;310026;João Monlevade;do Entorno;Centro Local;270260630.0;18471.78
3155801;Rio Pomba;MG;Sudeste;3106;Juíz de Fora;do Entorno;310029;Ubá;do Entorno;Centro de Zona B;574081312.0;32911.85
3155900;Rio Preto;MG;Sudeste;3106;Juíz de Fora;do Entorno;310027;Juiz de Fora;do Entorno;Centro de Zona A;82690003.0;16084.42
3156007;Rio Vermelho;MG;Sudeste;3104;Governador Valadares;do Entorno;310021;Guanhães;do Entorno;Centro Local;177449682.0;14037.63
3156106;Ritápolis;MG;Sudeste;3107;Barbacena;do Entorno;310039;São João del Rei;do Entorno;Centro Local;124811296.0;24992.25
3156205;Rochedo de Minas;MG;Sudeste;3106;Juíz de Fora;do Entorno;310035;São João Nepomuceno - Bicas;do Entorno;Centro Local;187590866.0;81881.65
3156304;Rodeiro;MG;Sudeste;3106;Juíz de Fora;do Entorno;310029;Ubá;do Entorno;Centro Sub-Regional A;704898148.0;81359.44
3156403;Romaria;MG;Sudeste;3111;Uberlândia;do Entorno;310061;Monte Carmelo;do Entorno;Centro Local;288148365.0;85099.93
3156452;Rosário da Limeira;MG;Sudeste;3106;Juíz de Fora;do Entorno;310031;Muriaé;do Entorno;Centro Local;90798137.0;19180.0
3156502;Rubelita;MG;Sudeste;3102;Montes Claros;do Entorno;310008;Salinas;do Entorno;Centro Local;85774927.0;15103.88
3156601;Rubim;MG;Sudeste;3103;Teófilo Otoni;do Entorno;310015;Almenara;do Entorno;Centro Local;139214136.0;13518.56
3156700;Sabará;MG;Sudeste;3101;Belo Horizonte;do Entorno;310001;Belo Horizonte;do Entorno;Metrópole;3837192206.0;29658.31
3156809;Sabinópolis;MG;Sudeste;3104;Governador Valadares;do Entorno;310021;Guanhães;do Entorno;Centro Local;415038365.0;29145.95
3156908;Sacramento;MG;Sudeste;3110;Uberaba;do Entorno;310055;Uberaba;do Entorno;Centro Local;2387149527.0;89506.92
3157005;Salinas;MG;Sudeste;3102;Montes Claros;do Entorno;310008;Salinas;Polo;Centro de Zona A;903694482.0;22492.27
3157104;Salto da Divisa;MG;Sudeste;3103;Teófilo Otoni;do Entorno;310015;Almenara;do Entorno;Centro Local;118710428.0;19428.88
3157203;Santa Bárbara;MG;Sudeste;3101;Belo Horizonte;do Entorno;310003;Santa Bárbara - Ouro Preto;Polo;Centro Local;1019088443.0;33450.02
3157252;Santa Bárbara do Leste;MG;Sudeste;3105;Ipatinga;do Entorno;310025;Caratinga;do Entorno;Centro Local;153222004.0;18115.63
3157278;Santa Bárbara do Monte Verde;MG;Sudeste;3106;Juíz de Fora;do Entorno;310027;Juiz de Fora;do Entorno;Centro Local;71438159.0;23081.8
3157302;Santa Bárbara do Tugúrio;MG;Sudeste;3107;Barbacena;do Entorno;310037;Barbacena;do Entorno;Centro Local;78007352.0;18537.87
3157336;Santa Cruz de Minas;MG;Sudeste;3107;Barbacena;do Entorno;310039;São João del Rei;do Entorno;Centro Sub-Regional A;154995253.0;19113.98
3157377;Santa Cruz de Salinas;MG;Sudeste;3102;Montes Claros;do Entorno;310008;Salinas;do Entorno;Centro Local;59169054.0;15132.75
3157401;Santa Cruz do Escalvado;MG;Sudeste;3106;Juíz de Fora;do Entorno;310030;Ponte Nova;do Entorno;Centro Local;90331280.0;19330.47
3157500;Santa Efigênia de Minas;MG;Sudeste;3104;Governador Valadares;do Entorno;310020;Governador Valadares;do Entorno;Centro Local;58652137.0;14521.45
3157609;Santa Fé de Minas;MG;Sudeste;3102;Montes Claros;do Entorno;310010;Pirapora;do Entorno;Centro Local;70866744.0;20121.17
3157658;Santa Helena de Minas;MG;Sudeste;3103;Teófilo Otoni;do Entorno;310019;Águas Formosas;do Entorno;Centro Local;69029270.0;11625.0
3157708;Santa Juliana;MG;Sudeste;3110;Uberaba;do Entorno;310055;Uberaba;do Entorno;Centro Local;912073167.0;57968.3
3157807;Santa Luzia;MG;Sudeste;3101;Belo Horizonte;do Entorno;310001;Belo Horizonte;do Entorno;Metrópole;6608096770.0;30155.78
3157906;Santa Margarida;MG;Sudeste;3106;Juíz de Fora;do Entorno;310028;Manhuaçu;do Entorno;Centro Local;497578478.0;30349.4
3158003;Santa Maria de Itabira;MG;Sudeste;3101;Belo Horizonte;do Entorno;310005;Itabira;do Entorno;Centro Local;327050191.0;31192.2
3158102;Santa Maria do Salto;MG;Sudeste;3103;Teófilo Otoni;do Entorno;310015;Almenara;do Entorno;Centro Local;60852325.0;12797.54
3158201;Santa Maria do Suaçuí;MG;Sudeste;3104;Governador Valadares;do Entorno;310021;Guanhães;do Entorno;Centro de Zona B;223266132.0;17459.03
3158300;Santana da Vargem;MG;Sudeste;3108;Varginha;do Entorno;310046;Três Pontas - Boa Esperança;do Entorno;Centro Local;258302543.0;38604.48
3158409;Santana de Cataguases;MG;Sudeste;3106;Juíz de Fora;do Entorno;310032;Cataguases;do Entorno;Centro Local;61152633.0;17527.27
3158508;Santana de Pirapama;MG;Sudeste;3101;Belo Horizonte;do Entorno;310002;Sete Lagoas;do Entorno;Centro Local;135532542.0;19279.17
3158607;Santana do Deserto;MG;Sudeste;3106;Juíz de Fora;do Entorno;310027;Juiz de Fora;do Entorno;Centro Sub-Regional B;84573749.0;22571.06
3158706;Santana do Garambéu;MG;Sudeste;3107;Barbacena;do Entorno;310037;Barbacena;do Entorno;Centro Local;48321597.0;22611.88
3158805;Santana do Jacaré;MG;Sudeste;3108;Varginha;do Entorno;310048;Campo Belo;do Entorno;Centro Local;129242426.0;30669.77
3158904;Santana do Manhuaçu;MG;Sudeste;3106;Juíz de Fora;do Entorno;310028;Manhuaçu;do Entorno;Centro Local;227887497.0;25357.46
3158953;Santana do Paraíso;MG;Sudeste;3105;Ipatinga;do Entorno;310024;Ipatinga;do Entorno;Capital Regional C;1250977727.0;27923.61
3159001;Santana do Riacho;MG;Sudeste;3101;Belo Horizonte;do Entorno;310002;Sete Lagoas;do Entorno;Centro Local;139840897.0;26320.52
3159100;Santana dos Montes;MG;Sudeste;3107;Barbacena;do Entorno;310038;Conselheiro Lafaiete;do Entorno;Centro Local;64537388.0;18604.03
3159209;Santa Rita de Caldas;MG;Sudeste;3109;Pouso Alegre;do Entorno;310051;Poços de Caldas;do Entorno;Centro Local;249061006.0;29439.84
3159308;Santa Rita de Jacutinga;MG;Sudeste;3106;Juíz de Fora;do Entorno;310027;Juiz de Fora;do Entorno;Centro Local;87242025.0;18347.43
3159357;Santa Rita de Minas;MG;Sudeste;3105;Ipatinga;do Entorno;310025;Caratinga;do Entorno;Centro Local;208455674.0;30777.45
3159407;Santa Rita de Ibitipoca;MG;Sudeste;3107;Barbacena;do Entorno;310037;Barbacena;do Entorno;Centro Local;72264345.0;21891.65
3159506;Santa Rita do Itueto;MG;Sudeste;3104;Governador Valadares;do Entorno;310023;Aimorés - Resplendor;do Entorno;Centro Local;233545096.0;40086.7
3159605;Santa Rita do Sapucaí;MG;Sudeste;3109;Pouso Alegre;do Entorno;310050;Pouso Alegre;do Entorno;Centro Sub-Regional B;2514297658.0;61875.17
3159704;Santa Rosa da Serra;MG;Sudeste;3110;Uberaba;do Entorno;310056;Araxá;do Entorno;Centro Local;119335757.0;35285.56
3159803;Santa Vitória;MG;Sudeste;3111;Uberlândia;do Entorno;310060;Ituiutaba;do Entorno;Centro Local;1006615070.0;47995.76
3159902;Santo Antônio do Amparo;MG;Sudeste;3108;Varginha;do Entorno;310043;Lavras;do Entorno;Centro Local;477371676.0;27617.68
3160009;Santo Antônio do Aventureiro;MG;Sudeste;3106;Juíz de Fora;do Entorno;310036;Além Paraíba;do Entorno;Centro Local;79244936.0;21025.45
3160108;Santo Antônio do Grama;MG;Sudeste;3106;Juíz de Fora;do Entorno;310030;Ponte Nova;do Entorno;Centro Local;102566311.0;24253.09
3160207;Santo Antônio do Itambé;MG;Sudeste;3103;Teófilo Otoni;do Entorno;310016;Diamantina;do Entorno;Centro Local;59342920.0;15157.83
3160306;Santo Antônio do Jacinto;MG;Sudeste;3103;Teófilo Otoni;do Entorno;310015;Almenara;do Entorno;Centro Local;131043645.0;12689.42
3160405;Santo Antônio do Monte;MG;Sudeste;3113;Divinópolis;do Entorno;310065;Divinópolis;do Entorno;Centro Local;942155374.0;34517.51
3160454;Santo Antônio do Retiro;MG;Sudeste;3102;Montes Claros;do Entorno;310012;Espinosa;do Entorno;Centro Local;84684187.0;12774.81
3160504;Santo Antônio do Rio Abaixo;MG;Sudeste;3101;Belo Horizonte;do Entorno;310005;Itabira;do Entorno;Centro Local;38141635.0;21096.04
3160603;Santo Hipólito;MG;Sudeste;3101;Belo Horizonte;do Entorno;310004;Curvelo;do Entorno;Centro Local;71684849.0;26383.82
3160702;Santos Dumont;MG;Sudeste;3106;Juíz de Fora;do Entorno;310027;Juiz de Fora;do Entorno;Centro Local;1259405745.0;29698.76
3160801;São Bento Abade;MG;Sudeste;3108;Varginha;do Entorno;310045;Três Corações;do Entorno;Centro Local;96682634.0;20514.03
3160900;São Brás do Suaçuí;MG;Sudeste;3107;Barbacena;do Entorno;310038;Conselheiro Lafaiete;do Entorno;Centro Sub-Regional B;100031822.0;25076.92
3160959;São Domingos das Dores;MG;Sudeste;3105;Ipatinga;do Entorno;310025;Caratinga;do Entorno;Centro Local;120617641.0;21439.32
3161007;São Domingos do Prata;MG;Sudeste;3105;Ipatinga;do Entorno;310026;João Monlevade;do Entorno;Centro Local;402896007.0;23165.59
3161056;São Félix de Minas;MG;Sudeste;3104;Governador Valadares;do Entorno;310022;Mantena;do Entorno;Centro Local;59107679.0;18471.15
3161106;São Francisco;MG;Sudeste;3102;Montes Claros;do Entorno;310011;São Francisco;Polo;Centro de Zona B;859288930.0;16286.13
3161205;São Francisco de Paula;MG;Sudeste;3113;Divinópolis;do Entorno;310069;Oliveira;do Entorno;Centro Local;231806277.0;37466.67
3161304;São Francisco de Sales;MG;Sudeste;3110;Uberaba;do Entorno;310058;Iturama;do Entorno;Centro Local;249351958.0;43501.74
3161403;São Francisco do Glória;MG;Sudeste;3106;Juíz de Fora;do Entorno;310031;Muriaé;do Entorno;Centro Local;89843001.0;18717.29
3161502;São Geraldo;MG;Sudeste;3106;Juíz de Fora;do Entorno;310029;Ubá;do Entorno;Centro Local;351896564.0;34224.52
3161601;São Geraldo da Piedade;MG;Sudeste;3104;Governador Valadares;do Entorno;310020;Governador Valadares;do Entorno;Centro Local;53463223.0;16176.47
3161650;São Geraldo do Baixio;MG;Sudeste;3104;Governador Valadares;do Entorno;310020;Governador Valadares;do Entorno;Centro Local;56810761.0;18075.33
3161700;São Gonçalo do Abaeté;MG;Sudeste;3112;Patos de Minas;do Entorno;310062;Patos de Minas;do Entorno;Centro Local;376328720.0;51027.62
3161809;São Gonçalo do Pará;MG;Sudeste;3113;Divinópolis;do Entorno;310065;Divinópolis;do Entorno;Centro Local;380221311.0;32304.27
3161908;São Gonçalo do Rio Abaixo;MG;Sudeste;3105;Ipatinga;do Entorno;310026;João Monlevade;do Entorno;Centro Local;3766221656.0;317824.61
3162005;São Gonçalo do Sapucaí;MG;Sudeste;3108;Varginha;do Entorno;310040;Varginha;do Entorno;Centro Local;1189276860.0;49638.0
3162104;São Gotardo;MG;Sudeste;3112;Patos de Minas;do Entorno;310062;Patos de Minas;do Entorno;Centro de Zona A;1555360957.0;38019.09
3162203;São João Batista do Glória;MG;Sudeste;3108;Varginha;do Entorno;310041;Passos;do Entorno;Centro Local;294819325.0;38528.4
3162252;São João da Lagoa;MG;Sudeste;3102;Montes Claros;do Entorno;310006;Montes Claros;do Entorno;Centro Local;73609884.0;15265.43
3162302;São João da Mata;MG;Sudeste;3109;Pouso Alegre;do Entorno;310050;Pouso Alegre;do Entorno;Centro Local;65323218.0;22417.03
3162401;São João da Ponte;MG;Sudeste;3102;Montes Claros;do Entorno;310006;Montes Claros;do Entorno;Centro Local;358300962.0;14972.88
3162450;São João das Missões;MG;Sudeste;3102;Montes Claros;do Entorno;310009;Januária;do Entorno;Centro Local;119038290.0;9139.92
3162500;São João del Rei;MG;Sudeste;3107;Barbacena;do Entorno;310039;São João del Rei;Polo;Centro Sub-Regional A;3505345575.0;38851.16
3162559;São João do Manhuaçu;MG;Sudeste;3106;Juíz de Fora;do Entorno;310028;Manhuaçu;do Entorno;Centro Local;245231859.0;21806.14
3162575;São João do Manteninha;MG;Sudeste;3104;Governador Valadares;do Entorno;310022;Mantena;do Entorno;Centro Local;92757159.0;17399.58
3162609;São João do Oriente;MG;Sudeste;3105;Ipatinga;do Entorno;310024;Ipatinga;do Entorno;Centro Local;129881307.0;18370.76
3162658;São João do Pacuí;MG;Sudeste;3102;Montes Claros;do Entorno;310006;Montes Claros;do Entorno;Centro Local;52787430.0;13289.89
3162708;São João do Paraíso;MG;Sudeste;3102;Montes Claros;do Entorno;310008;Salinas;do Entorno;Centro de Zona B;343636949.0;14372.1
3162807;São João Evangelista;MG;Sudeste;3104;Governador Valadares;do Entorno;310021;Guanhães;do Entorno;Centro de Zona B;292736468.0;19114.36
3162906;São João Nepomuceno;MG;Sudeste;3106;Juíz de Fora;do Entorno;310035;São João Nepomuceno - Bicas;Polo;Centro Local;672478433.0;26304.65
3162922;São Joaquim de Bicas;MG;Sudeste;3101;Belo Horizonte;do Entorno;310001;Belo Horizonte;do Entorno;Metrópole;1065143955.0;31010.36
3162948;São José da Barra;MG;Sudeste;3108;Varginha;do Entorno;310041;Passos;do Entorno;Centro Local;911244741.0;116931.19
3162955;São José da Lapa;MG;Sudeste;3101;Belo Horizonte;do Entorno;310001;Belo Horizonte;do Entorno;Metrópole;1026318769.0;39001.28
3163003;São José da Safira;MG;Sudeste;3104;Governador Valadares;do Entorno;310020;Governador Valadares;do Entorno;Centro Local;53061692.0;13941.59
3163102;São José da Varginha;MG;Sudeste;3113;Divinópolis;do Entorno;310068;Pará de Minas;do Entorno;Centro Local;136883647.0;30177.17
3163201;São José do Alegre;MG;Sudeste;3109;Pouso Alegre;do Entorno;310052;Itajubá;do Entorno;Centro Sub-Regional B;78981024.0;19109.85
3163300;São José do Divino;MG;Sudeste;3103;Teófilo Otoni;do Entorno;310013;Teófilo Otoni;do Entorno;Centro Local;60347690.0;17421.39
3163409;São José do Goiabal;MG;Sudeste;3105;Ipatinga;do Entorno;310024;Ipatinga;do Entorno;Centro Local;87323239.0;16182.96
3163508;São José do Jacuri;MG;Sudeste;3104;Governador Valadares;do Entorno;310021;Guanhães;do Entorno;Centro Local;157540742.0;25422.1
3163607;São José do Mantimento;MG;Sudeste;3106;Juíz de Fora;do Entorno;310028;Manhuaçu;do Entorno;Centro Local;56991577.0;20701.63
3163706;São Lourenço;MG;Sudeste;3109;Pouso Alegre;do Entorno;310053;São Lourenço;Polo;Centro Sub-Regional A;1412019982.0;31519.71
3163805;São Miguel do Anta;MG;Sudeste;3106;Juíz de Fora;do Entorno;310033;Viçosa;do Entorno;Centro Local;129740224.0;20483.14
3163904;São Pedro da União;MG;Sudeste;3108;Varginha;do Entorno;310044;Guaxupé;do Entorno;Centro Local;157484323.0;32238.35
3164001;São Pedro dos Ferros;MG;Sudeste;3106;Juíz de Fora;do Entorno;310030;Ponte Nova;do Entorno;Centro Local;160625945.0;22415.01
3164100;São Pedro do Suaçuí;MG;Sudeste;3104;Governador Valadares;do Entorno;310021;Guanhães;do Entorno;Centro Local;117362439.0;22998.71
3164209;São Romão;MG;Sudeste;3102;Montes Claros;do Entorno;310011;São Francisco;do Entorno;Centro Local;228104536.0;22113.87
3164308;São Roque de Minas;MG;Sudeste;3108;Varginha;do Entorno;310049;Piumhi;do Entorno;Centro Local;424171787.0;59499.48
3164407;São Sebastião da Bela Vista;MG;Sudeste;3109;Pouso Alegre;do Entorno;310050;Pouso Alegre;do Entorno;Centro Local;718486980.0;112492.09
3164431;São Sebastião da Vargem Alegre;MG;Sudeste;3106;Juíz de Fora;do Entorno;310031;Muriaé;do Entorno;Centro Local;64187178.0;20619.07
3164472;São Sebastião do Anta;MG;Sudeste;3105;Ipatinga;do Entorno;310025;Caratinga;do Entorno;Centro Local;128459975.0;20739.42
3164506;São Sebastião do Maranhão;MG;Sudeste;3104;Governador Valadares;do Entorno;310021;Guanhães;do Entorno;Centro Local;126119998.0;12513.15
3164605;São Sebastião do Oeste;MG;Sudeste;3113;Divinópolis;do Entorno;310065;Divinópolis;do Entorno;Centro Local;882568006.0;100121.16
3164704;São Sebastião do Paraíso;MG;Sudeste;3108;Varginha;do Entorno;310047;São Sebastião do Paraíso;Polo;Centro Sub-Regional B;2834250036.0;39476.43
3164803;São Sebastião do Rio Preto;MG;Sudeste;3101;Belo Horizonte;do Entorno;310005;Itabira;do Entorno;Centro Local;31554982.0;25063.53
3164902;São Sebastião do Rio Verde;MG;Sudeste;3109;Pouso Alegre;do Entorno;310053;São Lourenço;do Entorno;Centro Local;48144982.0;20932.6
3165008;São Tiago;MG;Sudeste;3107;Barbacena;do Entorno;310039;São João del Rei;do Entorno;Centro Local;280530963.0;25065.31
3165107;São Tomás de Aquino;MG;Sudeste;3108;Varginha;do Entorno;310047;São Sebastião do Paraíso;do Entorno;Centro Local;236783513.0;35131.08
3165206;São Tomé das Letras;MG;Sudeste;3108;Varginha;do Entorno;310045;Três Corações;do Entorno;Centro Local;159505662.0;23103.37
3165305;São Vicente de Minas;MG;Sudeste;3107;Barbacena;do Entorno;310039;São João del Rei;do Entorno;Centro Local;248336175.0;36498.56
3165404;Sapucaí-Mirim;MG;Sudeste;3109;Pouso Alegre;do Entorno;310052;Itajubá;do Entorno;Centro Local;174273908.0;27614.31
3165503;Sardoá;MG;Sudeste;3104;Governador Valadares;do Entorno;310020;Governador Valadares;do Entorno;Centro Local;85294480.0;16711.3
3165537;Sarzedo;MG;Sudeste;3101;Belo Horizonte;do Entorno;310001;Belo Horizonte;do Entorno;Metrópole;1642521872.0;44580.44
3165552;Setubinha;MG;Sudeste;3103;Teófilo Otoni;do Entorno;310013;Teófilo Otoni;do Entorno;Centro Local;135060474.0;13619.09
3165560;Sem-Peixe;MG;Sudeste;3106;Juíz de Fora;do Entorno;310030;Ponte Nova;do Entorno;Centro Local;41762745.0;17165.12
3165578;Senador Amaral;MG;Sudeste;3109;Pouso Alegre;do Entorno;310050;Pouso Alegre;do Entorno;Centro Local;115729920.0;18648.07
3165602;Senador Cortes;MG;Sudeste;3106;Juíz de Fora;do Entorno;310035;São João Nepomuceno - Bicas;do Entorno;Centro Local;48570350.0;21683.19
3165701;Senador Firmino;MG;Sudeste;3106;Juíz de Fora;do Entorno;310029;Ubá;do Entorno;Centro Local;142956376.0;18527.26
3165800;Senador José Bento;MG;Sudeste;3109;Pouso Alegre;do Entorno;310050;Pouso Alegre;do Entorno;Centro Local;43394782.0;20983.94
3165909;Senador Modestino Gonçalves;MG;Sudeste;3103;Teófilo Otoni;do Entorno;310016;Diamantina;do Entorno;Centro Local;92678688.0;23123.43
3166006;Senhora de Oliveira;MG;Sudeste;3107;Barbacena;do Entorno;310038;Conselheiro Lafaiete;do Entorno;Centro Local;91127597.0;16620.02
3166105;Senhora do Porto;MG;Sudeste;3104;Governador Valadares;do Entorno;310021;Guanhães;do Entorno;Centro Local;56070040.0;18281.72
3166204;Senhora dos Remédios;MG;Sudeste;3107;Barbacena;do Entorno;310037;Barbacena;do Entorno;Centro Local;138814202.0;13368.09
3166303;Sericita;MG;Sudeste;3106;Juíz de Fora;do Entorno;310030;Ponte Nova;do Entorno;Centro Local;156437638.0;21298.52
3166402;Seritinga;MG;Sudeste;3109;Pouso Alegre;do Entorno;310054;Caxambu - Baependi;do Entorno;Centro Local;54766412.0;30107.98
3166501;Serra Azul de Minas;MG;Sudeste;3103;Teófilo Otoni;do Entorno;310016;Diamantina;do Entorno;Centro Local;56048560.0;14780.74
3166600;Serra da Saudade;MG;Sudeste;3113;Divinópolis;do Entorno;310067;Dores do Indaiá;do Entorno;Centro Local;25561612.0;30686.21
3166709;Serra dos Aimorés;MG;Sudeste;3103;Teófilo Otoni;do Entorno;310013;Teófilo Otoni;do Entorno;Centro Local;159078680.0;22908.8
3166808;Serra do Salitre;MG;Sudeste;3112;Patos de Minas;do Entorno;310064;Patrocínio;do Entorno;Centro Local;898489496.0;76136.73
3166907;Serrania;MG;Sudeste;3108;Varginha;do Entorno;310042;Alfenas;do Entorno;Centro Local;202564574.0;26579.79
3166956;Serranópolis de Minas;MG;Sudeste;3102;Montes Claros;do Entorno;310007;Janaúba;do Entorno;Centro Local;61270987.0;13928.39
3167004;Serranos;MG;Sudeste;3109;Pouso Alegre;do Entorno;310054;Caxambu - Baependi;do Entorno;Centro Local;48320015.0;24281.41
3167103;Serro;MG;Sudeste;3103;Teófilo Otoni;do Entorno;310016;Diamantina;do Entorno;Centro de Zona B;386923235.0;17625.88
3167202;Sete Lagoas;MG;Sudeste;3101;Belo Horizonte;do Entorno;310002;Sete Lagoas;Polo;Capital Regional C;14904465169.0;65543.81
3167301;Silveirânia;MG;Sudeste;3106;Juíz de Fora;do Entorno;310029;Ubá;do Entorno;Centro Local;45006943.0;19374.49
3167400;Silvianópolis;MG;Sudeste;3109;Pouso Alegre;do Entorno;310050;Pouso Alegre;do Entorno;Centro Local;178703091.0;28921.04
3167509;Simão Pereira;MG;Sudeste;3106;Juíz de Fora;do Entorno;310027;Juiz de Fora;do Entorno;Capital Regional B;116089197.0;39392.33
3167608;Simonésia;MG;Sudeste;3106;Juíz de Fora;do Entorno;310028;Manhuaçu;do Entorno;Centro Local;371229958.0;18796.45
3167707;Sobrália;MG;Sudeste;3104;Governador Valadares;do Entorno;310020;Governador Valadares;do Entorno;Centro Local;82141470.0;15990.16
3167806;Soledade de Minas;MG;Sudeste;3109;Pouso Alegre;do Entorno;310053;São Lourenço;do Entorno;Centro Sub-Regional A;104146834.0;18554.58
3167905;Tabuleiro;MG;Sudeste;3106;Juíz de Fora;do Entorno;310029;Ubá;do Entorno;Centro Local;86584822.0;21570.71
3168002;Taiobeiras;MG;Sudeste;3102;Montes Claros;do Entorno;310008;Salinas;do Entorno;Centro de Zona A;705372640.0;21342.59
3168051;Taparuba;MG;Sudeste;3106;Juíz de Fora;do Entorno;310028;Manhuaçu;do Entorno;Centro Local;59981029.0;17709.19
3168101;Tapira;MG;Sudeste;3110;Uberaba;do Entorno;310056;Araxá;do Entorno;Centro Sub-Regional B;631715634.0;153403.51
3168200;Tapiraí;MG;Sudeste;3113;Divinópolis;do Entorno;310066;Formiga;do Entorno;Centro Local;70280891.0;41586.33
3168309;Taquaraçu de Minas;MG;Sudeste;3101;Belo Horizonte;do Entorno;310001;Belo Horizonte;do Entorno;Centro Local;84702935.0;20052.78
3168408;Tarumirim;MG;Sudeste;3104;Governador Valadares;do Entorno;310020;Governador Valadares;do Entorno;Centro Local;236378043.0;16070.3
3168507;Teixeiras;MG;Sudeste;3106;Juíz de Fora;do Entorno;310033;Viçosa;do Entorno;Centro Local;220040203.0;17955.14
3168606;Teófilo Otoni;MG;Sudeste;3103;Teófilo Otoni;Polo;310013;Teófilo Otoni;Polo;Capital Regional C;3540247727.0;25762.62
3168705;Timóteo;MG;Sudeste;3105;Ipatinga;do Entorno;310024;Ipatinga;do Entorno;Capital Regional C;4648991987.0;56987.61
3168804;Tiradentes;MG;Sudeste;3107;Barbacena;do Entorno;310039;São João del Rei;do Entorno;Centro Sub-Regional A;297551372.0;38423.47
3168903;Tiros;MG;Sudeste;3112;Patos de Minas;do Entorno;310062;Patos de Minas;do Entorno;Centro Local;441044389.0;55948.8
3169000;Tocantins;MG;Sudeste;3106;Juíz de Fora;do Entorno;310029;Ubá;do Entorno;Centro Local;450784238.0;27851.98
3169059;Tocos do Moji;MG;Sudeste;3109;Pouso Alegre;do Entorno;310050;Pouso Alegre;do Entorno;Centro Local;82673018.0;21608.21
3169109;Toledo;MG;Sudeste;3109;Pouso Alegre;do Entorno;310050;Pouso Alegre;do Entorno;Centro Local;125617739.0;17413.05
3169208;Tombos;MG;Sudeste;3106;Juíz de Fora;do Entorno;310034;Carangola;do Entorno;Centro Local;168052386.0;19520.55
3169307;Três Corações;MG;Sudeste;3108;Varginha;do Entorno;310045;Três Corações;Polo;Centro Sub-Regional B;3568709809.0;47277.07
3169356;Três Marias;MG;Sudeste;3101;Belo Horizonte;do Entorno;310004;Curvelo;do Entorno;Centro Local;2582530940.0;89376.4
3169406;Três Pontas;MG;Sudeste;3108;Varginha;do Entorno;310046;Três Pontas - Boa Esperança;Polo;Centro de Zona A;2288500376.0;41417.07
3169505;Tumiritinga;MG;Sudeste;3104;Governador Valadares;do Entorno;310020;Governador Valadares;do Entorno;Centro Local;94509950.0;16056.74
3169604;Tupaciguara;MG;Sudeste;3111;Uberlândia;do Entorno;310059;Uberlândia;do Entorno;Centro Local;1400211470.0;54974.93
3169703;Turmalina;MG;Sudeste;3103;Teófilo Otoni;do Entorno;310014;Capelinha;do Entorno;Centro de Zona B;486869098.0;24343.45
3169802;Turvolândia;MG;Sudeste;3109;Pouso Alegre;do Entorno;310050;Pouso Alegre;do Entorno;Centro Local;158831610.0;32184.72
3169901;Ubá;MG;Sudeste;3106;Juíz de Fora;do Entorno;310029;Ubá;Polo;Centro Sub-Regional A;4462211846.0;43169.47
3170008;Ubaí;MG;Sudeste;3102;Montes Claros;do Entorno;310011;São Francisco;do Entorno;Centro Local;142057180.0;12133.34
3170057;Ubaporanga;MG;Sudeste;3105;Ipatinga;do Entorno;310025;Caratinga;do Entorno;Centro Local;227183641.0;17452.84
3170107;Uberaba;MG;Sudeste;3110;Uberaba;Polo;310055;Uberaba;Polo;Capital Regional C;23689376514.0;70120.94
3170206;Uberlândia;MG;Sudeste;3111;Uberlândia;Polo;310059;Uberlândia;Polo;Capital Regional B;51065684136.0;71598.38
3170305;Umburatiba;MG;Sudeste;3103;Teófilo Otoni;do Entorno;310019;Águas Formosas;do Entorno;Centro Local;54270751.0;20220.1
3170404;Unaí;MG;Sudeste;3112;Patos de Minas;do Entorno;310063;Unaí;Polo;Centro Sub-Regional B;5221529413.0;60281.57
3170438;União de Minas;MG;Sudeste;3110;Uberaba;do Entorno;310058;Iturama;do Entorno;Centro Local;187678535.0;49027.83
3170479;Uruana de Minas;MG;Sudeste;3112;Patos de Minas;do Entorno;310063;Unaí;do Entorno;Centro Local;96142125.0;29293.76
3170503;Urucânia;MG;Sudeste;3106;Juíz de Fora;do Entorno;310030;Ponte Nova;do Entorno;Centro Local;356137131.0;33597.84
3170529;Urucuia;MG;Sudeste;3112;Patos de Minas;do Entorno;310063;Unaí;do Entorno;Centro Local;230886674.0;13209.38
3170578;Vargem Alegre;MG;Sudeste;3105;Ipatinga;do Entorno;310025;Caratinga;do Entorno;Centro Local;86774267.0;15012.85
3170602;Vargem Bonita;MG;Sudeste;3108;Varginha;do Entorno;310049;Piumhi;do Entorno;Centro Local;92402413.0;42818.54
3170651;Vargem Grande do Rio Pardo;MG;Sudeste;3102;Montes Claros;do Entorno;310008;Salinas;do Entorno;Centro Local;77006645.0;16621.34
3170701;Varginha;MG;Sudeste;3108;Varginha;Polo;310040;Varginha;Polo;Capital Regional C;10068568198.0;73780.24
3170750;Varjão de Minas;MG;Sudeste;3112;Patos de Minas;do Entorno;310062;Patos de Minas;do Entorno;Centro Local;361877695.0;51926.77
3170800;Várzea da Palma;MG;Sudeste;3102;Montes Claros;do Entorno;310010;Pirapora;do Entorno;Centro de Zona B;1351753570.0;40059.08
3170909;Varzelândia;MG;Sudeste;3102;Montes Claros;do Entorno;310006;Montes Claros;do Entorno;Centro de Zona B;235097915.0;12478.66
3171006;Vazante;MG;Sudeste;3112;Patos de Minas;do Entorno;310062;Patos de Minas;do Entorno;Centro Local;1203158712.0;60233.23
3171030;Verdelândia;MG;Sudeste;3102;Montes Claros;do Entorno;310007;Janaúba;do Entorno;Centro Local;136750975.0;17824.68
3171071;Veredinha;MG;Sudeste;3103;Teófilo Otoni;do Entorno;310014;Capelinha;do Entorno;Centro Local;114943493.0;22185.58
3171105;Veríssimo;MG;Sudeste;3110;Uberaba;do Entorno;310055;Uberaba;do Entorno;Centro Local;306967756.0;89993.48
3171154;Vermelho Novo;MG;Sudeste;3105;Ipatinga;do Entorno;310025;Caratinga;do Entorno;Centro Local;87808636.0;17923.79
3171204;Vespasiano;MG;Sudeste;3101;Belo Horizonte;do Entorno;310001;Belo Horizonte;do Entorno;Metrópole;3619030727.0;28049.94
3171303;Viçosa;MG;Sudeste;3106;Juíz de Fora;do Entorno;310033;Viçosa;Polo;Centro Sub-Regional B;2234763919.0;29239.36
3171402;Vieiras;MG;Sudeste;3106;Juíz de Fora;do Entorno;310031;Muriaé;do Entorno;Centro Local;69384765.0;18752.64
3171501;Mathias Lobato;MG;Sudeste;3104;Governador Valadares;do Entorno;310020;Governador Valadares;do Entorno;Centro Local;58002250.0;19092.25
3171600;Virgem da Lapa;MG;Sudeste;3103;Teófilo Otoni;do Entorno;310017;Araçuaí;do Entorno;Centro Local;162587512.0;13773.93
3171709;Virgínia;MG;Sudeste;3109;Pouso Alegre;do Entorno;310053;São Lourenço;do Entorno;Centro Local;238862597.0;26814.39
3171808;Virginópolis;MG;Sudeste;3104;Governador Valadares;do Entorno;310021;Guanhães;do Entorno;Centro de Zona B;210992204.0;20456.87
3171907;Virgolândia;MG;Sudeste;3104;Governador Valadares;do Entorno;310020;Governador Valadares;do Entorno;Centro Local;67748405.0;14883.22
3172004;Visconde do Rio Branco;MG;Sudeste;3106;Juíz de Fora;do Entorno;310029;Ubá;do Entorno;Centro de Zona B;2052277555.0;52407.5
3172103;Volta Grande;MG;Sudeste;3106;Juíz de Fora;do Entorno;310036;Além Paraíba;do Entorno;Centro Local;146386275.0;32947.62
3172202;Wenceslau Braz;MG;Sudeste;3109;Pouso Alegre;do Entorno;310052;Itajubá;do Entorno;Centro Sub-Regional B;43766829.0;18576.75
3200102;Afonso Cláudio;ES;Sudeste;3201;Vitória;do Entorno;320002;Afonso Cláudio - Venda Nova do Imigrante - Santa Maria de Jetibá;Polo;Centro de Zona B;740219596.0;24123.96
3200136;Águia Branca;ES;Sudeste;3203;Colatina;do Entorno;320005;Colatina;do Entorno;Centro Local;313557518.0;32288.9
3200169;Água Doce do Norte;ES;Sudeste;3203;Colatina;do Entorno;320006;Nova Venécia;do Entorno;Centro Local;234306619.0;19457.45
3200201;Alegre;ES;Sudeste;3204;Cachoeiro do Itapemirim;do Entorno;320008;Alegre;Polo;Centro Local;702107251.0;24063.72
3200300;Alfredo Chaves;ES;Sudeste;3201;Vitória;do Entorno;320001;Vitória;do Entorno;Centro Local;565384874.0;40863.32
3200359;Alto Rio Novo;ES;Sudeste;3203;Colatina;do Entorno;320005;Colatina;do Entorno;Centro Local;152484588.0;20511.78
3200409;Anchieta;ES;Sudeste;3201;Vitória;do Entorno;320001;Vitória;do Entorno;Centro Local;2317578734.0;77293.85
3200508;Apiacá;ES;Sudeste;3204;Cachoeiro do Itapemirim;do Entorno;320008;Alegre;do Entorno;Centro Local;146814376.0;20325.96
3200607;Aracruz;ES;Sudeste;3202;São Mateus;do Entorno;320004;Linhares;do Entorno;Centro Sub-Regional B;7724839436.0;81515.74
3200706;Atílio Vivácqua;ES;Sudeste;3204;Cachoeiro do Itapemirim;do Entorno;320007;Cachoeiro de Itapemirim;do Entorno;Centro Local;453838514.0;43058.68
3200805;Baixo Guandu;ES;Sudeste;3203;Colatina;do Entorno;320005;Colatina;do Entorno;Centro de Zona B;910611357.0;29686.75
3200904;Barra de São Francisco;ES;Sudeste;3203;Colatina;do Entorno;320006;Nova Venécia;do Entorno;Centro de Zona A;1326676964.0;31217.4
3201001;Boa Esperança;ES;Sudeste;3202;São Mateus;do Entorno;320003;São Mateus;do Entorno;Centro Local;372418310.0;27367.6
3201100;Bom Jesus do Norte;ES;Sudeste;3204;Cachoeiro do Itapemirim;do Entorno;320008;Alegre;do Entorno;Centro de Zona A;269758037.0;26307.59
3201159;Brejetuba;ES;Sudeste;3201;Vitória;do Entorno;320002;Afonso Cláudio - Venda Nova do Imigrante - Santa Maria de Jetibá;do Entorno;Centro Local;342657680.0;26388.73
3201209;Cachoeiro de Itapemirim;ES;Sudeste;3204;Cachoeiro do Itapemirim;do Entorno;320007;Cachoeiro de Itapemirim;Polo;Capital Regional C;7593554334.0;40872.59
3201308;Cariacica;ES;Sudeste;3201;Vitória;do Entorno;320001;Vitória;do Entorno;Metrópole;19710842610.0;55760.52
3201407;Castelo;ES;Sudeste;3204;Cachoeiro do Itapemirim;do Entorno;320007;Cachoeiro de Itapemirim;do Entorno;Centro Local;1395637924.0;37791.44
3201506;Colatina;ES;Sudeste;3203;Colatina;Polo;320005;Colatina;Polo;Centro Sub-Regional A;5157944636.0;42971.05
3201605;Conceição da Barra;ES;Sudeste;3202;São Mateus;do Entorno;320003;São Mateus;do Entorno;Centro Local;676074457.0;24622.13
3201704;Conceição do Castelo;ES;Sudeste;3201;Vitória;do Entorno;320002;Afonso Cláudio - Venda Nova do Imigrante - Santa Maria de Jetibá;do Entorno;Centro Local;356678843.0;29880.11
3201803;Divino de São Lourenço;ES;Sudeste;3204;Cachoeiro do Itapemirim;do Entorno;320008;Alegre;do Entorno;Centro Local;101957606.0;20058.55
3201902;Domingos Martins;ES;Sudeste;3201;Vitória;do Entorno;320002;Afonso Cláudio - Venda Nova do Imigrante - Santa Maria de Jetibá;do Entorno;Centro Local;1294973940.0;36564.66
3202009;Dores do Rio Preto;ES;Sudeste;3204;Cachoeiro do Itapemirim;do Entorno;320008;Alegre;do Entorno;Centro Local;232277998.0;35214.98
3202108;Ecoporanga;ES;Sudeste;3203;Colatina;do Entorno;320006;Nova Venécia;do Entorno;Centro Local;481243171.0;21882.65
3202207;Fundão;ES;Sudeste;3201;Vitória;do Entorno;320001;Vitória;do Entorno;Metrópole;595414657.0;33052.88
3202256;Governador Lindenberg;ES;Sudeste;3203;Colatina;do Entorno;320005;Colatina;do Entorno;Centro Local;428412966.0;38914.79
3202306;Guaçuí;ES;Sudeste;3204;Cachoeiro do Itapemirim;do Entorno;320008;Alegre;do Entorno;Centro de Zona A;783590315.0;26690.86
3202405;Guarapari;ES;Sudeste;3201;Vitória;do Entorno;320001;Vitória;do Entorno;Centro Sub-Regional B;3391094556.0;27203.62
3202454;Ibatiba;ES;Sudeste;3204;Cachoeiro do Itapemirim;do Entorno;320008;Alegre;do Entorno;Centro Local;560947126.0;22101.94
3202504;Ibiraçu;ES;Sudeste;3202;São Mateus;do Entorno;320004;Linhares;do Entorno;Centro Local;359706918.0;30683.86
3202553;Ibitirama;ES;Sudeste;3204;Cachoeiro do Itapemirim;do Entorno;320008;Alegre;do Entorno;Centro Local;206693236.0;21711.47
3202603;Iconha;ES;Sudeste;3204;Cachoeiro do Itapemirim;do Entorno;320007;Cachoeiro de Itapemirim;do Entorno;Centro Local;385081427.0;31241.39
3202652;Irupi;ES;Sudeste;3204;Cachoeiro do Itapemirim;do Entorno;320008;Alegre;do Entorno;Centro Local;280697616.0;20473.93
3202702;Itaguaçu;ES;Sudeste;3203;Colatina;do Entorno;320005;Colatina;do Entorno;Centro Local;453183439.0;33349.29
3202801;Itapemirim;ES;Sudeste;3204;Cachoeiro do Itapemirim;do Entorno;320007;Cachoeiro de Itapemirim;do Entorno;Centro Local;6134485638.0;154008.98
3202900;Itarana;ES;Sudeste;3201;Vitória;do Entorno;320002;Afonso Cláudio - Venda Nova do Imigrante - Santa Maria de Jetibá;do Entorno;Centro Local;441240524.0;41638.25
3203007;Iúna;ES;Sudeste;3204;Cachoeiro do Itapemirim;do Entorno;320008;Alegre;do Entorno;Centro de Zona B;722976073.0;25287.73
3203056;Jaguaré;ES;Sudeste;3202;São Mateus;do Entorno;320003;São Mateus;do Entorno;Centro Local;1252073176.0;43277.91
3203106;Jerônimo Monteiro;ES;Sudeste;3204;Cachoeiro do Itapemirim;do Entorno;320007;Cachoeiro de Itapemirim;do Entorno;Centro Local;218904491.0;18911.84
3203130;João Neiva;ES;Sudeste;3202;São Mateus;do Entorno;320004;Linhares;do Entorno;Centro Local;615682286.0;43730.54
3203163;Laranja da Terra;ES;Sudeste;3201;Vitória;do Entorno;320002;Afonso Cláudio - Venda Nova do Imigrante - Santa Maria de Jetibá;do Entorno;Centro Local;272934203.0;24601.97
3203205;Linhares;ES;Sudeste;3202;São Mateus;do Entorno;320004;Linhares;Polo;Centro Sub-Regional A;10014356320.0;60043.15
3203304;Mantenópolis;ES;Sudeste;3203;Colatina;do Entorno;320005;Colatina;do Entorno;Centro Local;250803458.0;19640.05
3203320;Marataízes;ES;Sudeste;3204;Cachoeiro do Itapemirim;do Entorno;320007;Cachoeiro de Itapemirim;do Entorno;Centro Local;7102417666.0;169391.53
3203346;Marechal Floriano;ES;Sudeste;3201;Vitória;do Entorno;320002;Afonso Cláudio - Venda Nova do Imigrante - Santa Maria de Jetibá;do Entorno;Centro Local;682791410.0;38704.8
3203353;Marilândia;ES;Sudeste;3203;Colatina;do Entorno;320005;Colatina;do Entorno;Centro Local;404453022.0;32651.41
3203403;Mimoso do Sul;ES;Sudeste;3204;Cachoeiro do Itapemirim;do Entorno;320007;Cachoeiro de Itapemirim;do Entorno;Centro Local;702863314.0;28717.6
3203502;Montanha;ES;Sudeste;3202;São Mateus;do Entorno;320003;São Mateus;do Entorno;Centro de Zona B;564548960.0;29870.32
3203601;Mucurici;ES;Sudeste;3202;São Mateus;do Entorno;320003;São Mateus;do Entorno;Centro Local;136014650.0;24883.76
3203700;Muniz Freire;ES;Sudeste;3204;Cachoeiro do Itapemirim;do Entorno;320008;Alegre;do Entorno;Centro Local;509937651.0;28091.1
3203809;Muqui;ES;Sudeste;3204;Cachoeiro do Itapemirim;do Entorno;320007;Cachoeiro de Itapemirim;do Entorno;Centro Local;307885495.0;22399.82
3203908;Nova Venécia;ES;Sudeste;3203;Colatina;do Entorno;320006;Nova Venécia;Polo;Centro Sub-Regional B;1886120510.0;38441.26
3204005;Pancas;ES;Sudeste;3203;Colatina;do Entorno;320005;Colatina;do Entorno;Centro Local;467081705.0;24722.47
3204054;Pedro Canário;ES;Sudeste;3202;São Mateus;do Entorno;320003;São Mateus;do Entorno;Centro Local;545057105.0;25325.58
3204104;Pinheiros;ES;Sudeste;3202;São Mateus;do Entorno;320003;São Mateus;do Entorno;Centro Local;1024676311.0;42846.59
3204203;Piúma;ES;Sudeste;3201;Vitória;do Entorno;320001;Vitória;do Entorno;Centro Local;1056102655.0;47358.86
3204252;Ponto Belo;ES;Sudeste;3202;São Mateus;do Entorno;320003;São Mateus;do Entorno;Centro Local;141033723.0;21707.51
3204302;Presidente Kennedy;ES;Sudeste;3204;Cachoeiro do Itapemirim;do Entorno;320007;Cachoeiro de Itapemirim;do Entorno;Centro Local;7368210798.0;537982.68
3204351;Rio Bananal;ES;Sudeste;3202;São Mateus;do Entorno;320004;Linhares;do Entorno;Centro Local;787897981.0;40878.8
3204401;Rio Novo do Sul;ES;Sudeste;3204;Cachoeiro do Itapemirim;do Entorno;320007;Cachoeiro de Itapemirim;do Entorno;Centro Local;293578773.0;26522.61
3204500;Santa Leopoldina;ES;Sudeste;3201;Vitória;do Entorno;320002;Afonso Cláudio - Venda Nova do Imigrante - Santa Maria de Jetibá;do Entorno;Centro Local;439644340.0;33545.27
3204559;Santa Maria de Jetibá;ES;Sudeste;3201;Vitória;do Entorno;320002;Afonso Cláudio - Venda Nova do Imigrante - Santa Maria de Jetibá;Polo;Centro Local;2592684786.0;62270.27
3204609;Santa Teresa;ES;Sudeste;3201;Vitória;do Entorno;320002;Afonso Cláudio - Venda Nova do Imigrante - Santa Maria de Jetibá;do Entorno;Centro Local;820679169.0;35982.08
3204658;São Domingos do Norte;ES;Sudeste;3203;Colatina;do Entorno;320005;Colatina;do Entorno;Centro Local;391544913.0;45586.79
3204708;São Gabriel da Palha;ES;Sudeste;3203;Colatina;do Entorno;320005;Colatina;do Entorno;Centro Local;988351287.0;30644.65
3204807;São José do Calçado;ES;Sudeste;3204;Cachoeiro do Itapemirim;do Entorno;320008;Alegre;do Entorno;Centro Local;230811784.0;21218.22
3204906;São Mateus;ES;Sudeste;3202;São Mateus;Polo;320003;São Mateus;Polo;Centro Sub-Regional A;4355437433.0;35194.89
3204955;São Roque do Canaã;ES;Sudeste;3203;Colatina;do Entorno;320005;Colatina;do Entorno;Centro Local;301801416.0;27723.81
3205002;Serra;ES;Sudeste;3201;Vitória;do Entorno;320001;Vitória;do Entorno;Metrópole;37649154625.0;72311.41
3205010;Sooretama;ES;Sudeste;3202;São Mateus;do Entorno;320004;Linhares;do Entorno;Centro Local;911932118.0;34409.94
3205036;Vargem Alta;ES;Sudeste;3204;Cachoeiro do Itapemirim;do Entorno;320007;Cachoeiro de Itapemirim;do Entorno;Centro Local;523374294.0;26753.27
3205069;Venda Nova do Imigrante;ES;Sudeste;3201;Vitória;do Entorno;320002;Afonso Cláudio - Venda Nova do Imigrante - Santa Maria de Jetibá;Polo;Centro Local;945412339.0;39671.53
3205101;Viana;ES;Sudeste;3201;Vitória;do Entorno;320001;Vitória;do Entorno;Metrópole;5957535596.0;81139.91
3205150;Vila Pavão;ES;Sudeste;3203;Colatina;do Entorno;320006;Nova Venécia;do Entorno;Centro Local;213352292.0;23942.58
3205176;Vila Valério;ES;Sudeste;3203;Colatina;do Entorno;320005;Colatina;do Entorno;Centro Local;615692474.0;44849.39
3205200;Vila Velha;ES;Sudeste;3201;Vitória;do Entorno;320001;Vitória;do Entorno;Metrópole;19711327558.0;42143.26
3205309;Vitória;ES;Sudeste;3201;Vitória;Polo;320001;Vitória;Polo;Metrópole;28257606334.0;87520.35
3300100;Angra dos Reis;RJ;Sudeste;3301;Rio de Janeiro;do Entorno;330002;Angra dos Reis;Polo;Centro Sub-Regional B;11900498299.0;71075.76
3300159;Aperibé;RJ;Sudeste;3304;Campos dos Goytacazes;do Entorno;330012;Santo Antônio de Pádua;do Entorno;Centro de Zona B;301129434.0;27291.05
3300209;Araruama;RJ;Sudeste;3305;Macaé - Rio das Ostras - Cabo Frio;do Entorno;330013;Cabo Frio;do Entorno;Centro Sub-Regional B;13156181005.0;101458.16
3300225;Areal;RJ;Sudeste;3303;Petrópolis;do Entorno;330007;Petrópolis;do Entorno;Capital Regional C;597072116.0;50479.55
3300233;Armação dos Búzios;RJ;Sudeste;3305;Macaé - Rio das Ostras - Cabo Frio;do Entorno;330013;Cabo Frio;do Entorno;Capital Regional C;5019621154.0;125471.71
3300258;Arraial do Cabo;RJ;Sudeste;3305;Macaé - Rio das Ostras - Cabo Frio;do Entorno;330013;Cabo Frio;do Entorno;Capital Regional C;9335373871.0;301277.15
3300308;Barra do Piraí;RJ;Sudeste;3302;Volta Redonda - Barra Mansa;do Entorno;330004;Volta Redonda - Barra Mansa;do Entorno;Centro Sub-Regional A;3225723098.0;34728.89
3300407;Barra Mansa;RJ;Sudeste;3302;Volta Redonda - Barra Mansa;do Entorno;330004;Volta Redonda - Barra Mansa;Polo;Capital Regional C;6831114616.0;40208.1
3300456;Belford Roxo;RJ;Sudeste;3301;Rio de Janeiro;do Entorno;330001;Rio de Janeiro;do Entorno;Metrópole Nacional;9686338741.0;20050.92
3300506;Bom Jardim;RJ;Sudeste;3303;Petrópolis;do Entorno;330008;Nova Friburgo;do Entorno;Centro Local;1018919574.0;36257.9
3300605;Bom Jesus do Itabapoana;RJ;Sudeste;3304;Campos dos Goytacazes;do Entorno;330011;Itaperuna;do Entorno;Centro de Zona A;1207610759.0;34333.46
3300704;Cabo Frio;RJ;Sudeste;3305;Macaé - Rio das Ostras - Cabo Frio;do Entorno;330013;Cabo Frio;Polo;Capital Regional C;16964471592.0;76361.16
3300803;Cachoeiras de Macacu;RJ;Sudeste;3301;Rio de Janeiro;do Entorno;330003;Rio Bonito;do Entorno;Centro Local;1702401841.0;29896.6
3300902;Cambuci;RJ;Sudeste;3304;Campos dos Goytacazes;do Entorno;330012;Santo Antônio de Pádua;do Entorno;Centro Local;479568356.0;32811.19
3300936;Carapebus;RJ;Sudeste;3305;Macaé - Rio das Ostras - Cabo Frio;do Entorno;330014;Macaé - Rio das Ostras;do Entorno;Capital Regional C;1045633275.0;75513.34
3300951;Comendador Levy Gasparian;RJ;Sudeste;3303;Petrópolis;do Entorno;330009;Três Rios - Paraíba do Sul;do Entorno;Centro Sub-Regional B;633562453.0;72481.69
3301009;Campos dos Goytacazes;RJ;Sudeste;3304;Campos dos Goytacazes;Polo;330010;Campos dos Goytacazes;Polo;Capital Regional C;42953468722.0;88831.26
3301108;Cantagalo;RJ;Sudeste;3303;Petrópolis;do Entorno;330008;Nova Friburgo;do Entorno;Centro Local;1075295576.0;55456.19
3301157;Cardoso Moreira;RJ;Sudeste;3304;Campos dos Goytacazes;do Entorno;330010;Campos dos Goytacazes;do Entorno;Centro Local;393124678.0;30338.38
3301207;Carmo;RJ;Sudeste;3303;Petrópolis;do Entorno;330008;Nova Friburgo;do Entorno;Centro Local;671866142.0;39066.53
3301306;Casimiro de Abreu;RJ;Sudeste;3305;Macaé - Rio das Ostras - Cabo Frio;do Entorno;330014;Macaé - Rio das Ostras;do Entorno;Capital Regional C;3363238534.0;72939.46
3301405;Conceição de Macabu;RJ;Sudeste;3305;Macaé - Rio das Ostras - Cabo Frio;do Entorno;330014;Macaé - Rio das Ostras;do Entorno;Capital Regional C;503999723.0;23881.72
3301504;Cordeiro;RJ;Sudeste;3303;Petrópolis;do Entorno;330008;Nova Friburgo;do Entorno;Centro Local;530533448.0;25527.28
3301603;Duas Barras;RJ;Sudeste;3303;Petrópolis;do Entorno;330008;Nova Friburgo;do Entorno;Centro Local;285448057.0;25997.09
3301702;Duque de Caxias;RJ;Sudeste;3301;Rio de Janeiro;do Entorno;330001;Rio de Janeiro;do Entorno;Metrópole Nacional;70068006833.0;86700.55
3301801;Engenheiro Paulo de Frontin;RJ;Sudeste;3302;Volta Redonda - Barra Mansa;do Entorno;330004;Volta Redonda - Barra Mansa;do Entorno;Centro Local;320438424.0;26175.33
3301850;Guapimirim;RJ;Sudeste;3301;Rio de Janeiro;do Entorno;330001;Rio de Janeiro;do Entorno;Metrópole Nacional;1589983141.0;30756.41
3301876;Iguaba Grande;RJ;Sudeste;3305;Macaé - Rio das Ostras - Cabo Frio;do Entorno;330013;Cabo Frio;do Entorno;Centro Sub-Regional B;814661157.0;29178.41
3301900;Itaboraí;RJ;Sudeste;3301;Rio de Janeiro;do Entorno;330001;Rio de Janeiro;do Entorno;Metrópole Nacional;6278393127.0;27995.17
3302007;Itaguaí;RJ;Sudeste;3301;Rio de Janeiro;do Entorno;330001;Rio de Janeiro;do Entorno;Metrópole Nacional;11383961888.0;97431.23
3302056;Italva;RJ;Sudeste;3304;Campos dos Goytacazes;do Entorno;330010;Campos dos Goytacazes;do Entorno;Centro Local;431493401.0;30661.08
3302106;Itaocara;RJ;Sudeste;3304;Campos dos Goytacazes;do Entorno;330012;Santo Antônio de Pádua;do Entorno;Centro de Zona B;756489450.0;33007.09
3302205;Itaperuna;RJ;Sudeste;3304;Campos dos Goytacazes;do Entorno;330011;Itaperuna;Polo;Centro Sub-Regional A;4067636895.0;40257.29
3302254;Itatiaia;RJ;Sudeste;3302;Volta Redonda - Barra Mansa;do Entorno;330005;Resende;do Entorno;Centro Sub-Regional A;6988685307.0;226112.51
3302270;Japeri;RJ;Sudeste;3301;Rio de Janeiro;do Entorno;330001;Rio de Janeiro;do Entorno;Metrópole Nacional;1874798222.0;19470.53
3302304;Laje do Muriaé;RJ;Sudeste;3304;Campos dos Goytacazes;do Entorno;330011;Itaperuna;do Entorno;Centro Local;208602898.0;28435.51
3302403;Macaé;RJ;Sudeste;3305;Macaé - Rio das Ostras - Cabo Frio;do Entorno;330014;Macaé - Rio das Ostras;Polo;Capital Regional C;22394859906.0;90891.55
3302452;Macuco;RJ;Sudeste;3303;Petrópolis;do Entorno;330008;Nova Friburgo;do Entorno;Centro Local;282625861.0;52193.14
3302502;Magé;RJ;Sudeste;3301;Rio de Janeiro;do Entorno;330001;Rio de Janeiro;do Entorno;Metrópole Nacional;5301410766.0;23238.86
3302601;Mangaratiba;RJ;Sudeste;3301;Rio de Janeiro;do Entorno;330001;Rio de Janeiro;do Entorno;Metrópole Nacional;3443660051.0;83543.43
3302700;Maricá;RJ;Sudeste;3301;Rio de Janeiro;do Entorno;330001;Rio de Janeiro;do Entorno;Metrópole Nacional;134092033649.0;679714.48
3302809;Mendes;RJ;Sudeste;3302;Volta Redonda - Barra Mansa;do Entorno;330004;Volta Redonda - Barra Mansa;do Entorno;Centro Local;444763760.0;25412.17
3302858;Mesquita;RJ;Sudeste;3301;Rio de Janeiro;do Entorno;330001;Rio de Janeiro;do Entorno;Metrópole Nacional;3029006761.0;18123.98
3302908;Miguel Pereira;RJ;Sudeste;3302;Volta Redonda - Barra Mansa;do Entorno;330006;Valença;do Entorno;Centro Local;847197958.0;31871.11
3303005;Miracema;RJ;Sudeste;3304;Campos dos Goytacazes;do Entorno;330012;Santo Antônio de Pádua;do Entorno;Centro Local;742077285.0;27606.01
3303104;Natividade;RJ;Sudeste;3304;Campos dos Goytacazes;do Entorno;330011;Itaperuna;do Entorno;Centro Local;408435620.0;27095.37
3303203;Nilópolis;RJ;Sudeste;3301;Rio de Janeiro;do Entorno;330001;Rio de Janeiro;do Entorno;Metrópole Nacional;3339768896.0;22754.5
3303302;Niterói;RJ;Sudeste;3301;Rio de Janeiro;do Entorno;330001;Rio de Janeiro;do Entorno;Metrópole Nacional;76268004731.0;158314.82
3303401;Nova Friburgo;RJ;Sudeste;3303;Petrópolis;do Entorno;330008;Nova Friburgo;Polo;Centro Sub-Regional A;7367566824.0;38789.12
3303500;Nova Iguaçu;RJ;Sudeste;3301;Rio de Janeiro;do Entorno;330001;Rio de Janeiro;do Entorno;Metrópole Nacional;20518623982.0;26109.54
3303609;Paracambi;RJ;Sudeste;3301;Rio de Janeiro;do Entorno;330001;Rio de Janeiro;do Entorno;Metrópole Nacional;1085488613.0;26235.37
3303708;Paraíba do Sul;RJ;Sudeste;3303;Petrópolis;do Entorno;330009;Três Rios - Paraíba do Sul;Polo;Centro Sub-Regional B;1399156766.0;33263.36
3303807;Paraty;RJ;Sudeste;3301;Rio de Janeiro;do Entorno;330002;Angra dos Reis;do Entorno;Centro Local;6324392329.0;139787.2
3303856;Paty do Alferes;RJ;Sudeste;3302;Volta Redonda - Barra Mansa;do Entorno;330006;Valença;do Entorno;Centro Local;862739741.0;29127.92
3303906;Petrópolis;RJ;Sudeste;3303;Petrópolis;Polo;330007;Petrópolis;Polo;Capital Regional C;19907334726.0;71382.9
3303955;Pinheiral;RJ;Sudeste;3302;Volta Redonda - Barra Mansa;do Entorno;330004;Volta Redonda - Barra Mansa;do Entorno;Capital Regional C;1187696530.0;48880.42
3304003;Piraí;RJ;Sudeste;3302;Volta Redonda - Barra Mansa;do Entorno;330004;Volta Redonda - Barra Mansa;do Entorno;Centro Local;3388747187.0;123343.79
3304102;Porciúncula;RJ;Sudeste;3304;Campos dos Goytacazes;do Entorno;330011;Itaperuna;do Entorno;Centro Local;559253262.0;32349.22
3304110;Porto Real;RJ;Sudeste;3302;Volta Redonda - Barra Mansa;do Entorno;330005;Resende;do Entorno;Centro Sub-Regional A;3205582336.0;157344.64
3304128;Quatis;RJ;Sudeste;3302;Volta Redonda - Barra Mansa;do Entorno;330005;Resende;do Entorno;Centro Sub-Regional A;400781407.0;29292.6
3304144;Queimados;RJ;Sudeste;3301;Rio de Janeiro;do Entorno;330001;Rio de Janeiro;do Entorno;Metrópole Nacional;4938811914.0;35145.93
3304151;Quissamã;RJ;Sudeste;3305;Macaé - Rio das Ostras - Cabo Frio;do Entorno;330014;Macaé - Rio das Ostras;do Entorno;Centro Local;5669643953.0;253188.23
3304201;Resende;RJ;Sudeste;3302;Volta Redonda - Barra Mansa;do Entorno;330005;Resende;Polo;Centro Sub-Regional A;12267696488.0;94649.39
3304300;Rio Bonito;RJ;Sudeste;3301;Rio de Janeiro;do Entorno;330003;Rio Bonito;Polo;Centro Sub-Regional B;2038466081.0;36222.65
3304409;Rio Claro;RJ;Sudeste;3302;Volta Redonda - Barra Mansa;do Entorno;330004;Volta Redonda - Barra Mansa;do Entorno;Centro Local;577431358.0;33183.8
3304508;Rio das Flores;RJ;Sudeste;3302;Volta Redonda - Barra Mansa;do Entorno;330006;Valença;do Entorno;Centro Local;338695003.0;37826.11
3304524;Rio das Ostras;RJ;Sudeste;3305;Macaé - Rio das Ostras - Cabo Frio;do Entorno;330014;Macaé - Rio das Ostras;Polo;Capital Regional C;10599897907.0;67734.87
3304557;Rio de Janeiro;RJ;Sudeste;3301;Rio de Janeiro;Polo;330001;Rio de Janeiro;Polo;Metrópole Nacional;418462360308.0;67371.97
3304607;Santa Maria Madalena;RJ;Sudeste;3303;Petrópolis;do Entorno;330008;Nova Friburgo;do Entorno;Centro Local;275098177.0;26886.06
3304706;Santo Antônio de Pádua;RJ;Sudeste;3304;Campos dos Goytacazes;do Entorno;330012;Santo Antônio de Pádua;Polo;Centro Sub-Regional B;1686337288.0;40806.71
3304755;São Francisco de Itabapoana;RJ;Sudeste;3304;Campos dos Goytacazes;do Entorno;330010;Campos dos Goytacazes;do Entorno;Centro Local;1481367364.0;32876.17
3304805;São Fidélis;RJ;Sudeste;3304;Campos dos Goytacazes;do Entorno;330010;Campos dos Goytacazes;do Entorno;Centro Local;985937952.0;25305.77
3304904;São Gonçalo;RJ;Sudeste;3301;Rio de Janeiro;do Entorno;330001;Rio de Janeiro;do Entorno;Metrópole Nacional;23063688967.0;25719.37
3305000;São João da Barra;RJ;Sudeste;3304;Campos dos Goytacazes;do Entorno;330010;Campos dos Goytacazes;do Entorno;Capital Regional C;13986152276.0;382417.42
3305109;São João de Meriti;RJ;Sudeste;3301;Rio de Janeiro;do Entorno;330001;Rio de Janeiro;do Entorno;Metrópole Nacional;11534047295.0;26156.56
3305133;São José de Ubá;RJ;Sudeste;3304;Campos dos Goytacazes;do Entorno;330011;Itaperuna;do Entorno;Centro Local;232730440.0;32918.03
3305158;São José do Vale do Rio Preto;RJ;Sudeste;3303;Petrópolis;do Entorno;330007;Petrópolis;do Entorno;Centro Local;941644953.0;42646.96
3305208;São Pedro da Aldeia;RJ;Sudeste;3305;Macaé - Rio das Ostras - Cabo Frio;do Entorno;330013;Cabo Frio;do Entorno;Capital Regional C;3359011214.0;32289.18
3305307;São Sebastião do Alto;RJ;Sudeste;3303;Petrópolis;do Entorno;330008;Nova Friburgo;do Entorno;Centro Local;272845232.0;35205.84
3305406;Sapucaia;RJ;Sudeste;3303;Petrópolis;do Entorno;330009;Três Rios - Paraíba do Sul;do Entorno;Centro Sub-Regional A;1227720856.0;69249.3
3305505;Saquarema;RJ;Sudeste;3301;Rio de Janeiro;do Entorno;330001;Rio de Janeiro;do Entorno;Metrópole Nacional;64701140278.0;722441.52
3305554;Seropédica;RJ;Sudeste;3301;Rio de Janeiro;do Entorno;330001;Rio de Janeiro;do Entorno;Metrópole Nacional;3760076051.0;46653.38
3305604;Silva Jardim;RJ;Sudeste;3301;Rio de Janeiro;do Entorno;330003;Rio Bonito;do Entorno;Centro Local;705912311.0;33060.71
3305703;Sumidouro;RJ;Sudeste;3303;Petrópolis;do Entorno;330008;Nova Friburgo;do Entorno;Centro Local;733840978.0;48259.96
3305752;Tanguá;RJ;Sudeste;3301;Rio de Janeiro;do Entorno;330001;Rio de Janeiro;do Entorno;Metrópole Nacional;858814524.0;27627.05
3305802;Teresópolis;RJ;Sudeste;3303;Petrópolis;do Entorno;330007;Petrópolis;do Entorno;Centro Sub-Regional B;7104545886.0;43025.78
3305901;Trajano de Moraes;RJ;Sudeste;3303;Petrópolis;do Entorno;330008;Nova Friburgo;do Entorno;Centro Local;290438917.0;28192.48
3306008;Três Rios;RJ;Sudeste;3303;Petrópolis;do Entorno;330009;Três Rios - Paraíba do Sul;Polo;Centro Sub-Regional B;6017636329.0;76808.47
3306107;Valença;RJ;Sudeste;3302;Volta Redonda - Barra Mansa;do Entorno;330006;Valença;Polo;Centro de Zona A;3104488799.0;45595.24
3306156;Varre-Sai;RJ;Sudeste;3304;Campos dos Goytacazes;do Entorno;330011;Itaperuna;do Entorno;Centro Local;407915097.0;39964.25
3306206;Vassouras;RJ;Sudeste;3302;Volta Redonda - Barra Mansa;do Entorno;330006;Valença;do Entorno;Centro Local;1472879543.0;43350.59
3306305;Volta Redonda;RJ;Sudeste;3302;Volta Redonda - Barra Mansa;do Entorno;330004;Volta Redonda - Barra Mansa;Polo;Capital Regional C;15307614873.0;58523.62
3500105;Adamantina;SP;Sudeste;3505;Presidente Prudente;do Entorno;350019;Adamantina - Lucélia;Polo;Centro Sub-Regional B;1705894987.0;49179.66
3500204;Adolfo;SP;Sudeste;3507;São José do Rio Preto;do Entorno;350025;São José do Rio Preto;do Entorno;Centro Local;215282976.0;49478.96
3500303;Aguaí;SP;Sudeste;3510;Campinas;do Entorno;350044;São João da Boa Vista;do Entorno;Centro Local;1773842732.0;55308.14
3500402;Águas da Prata;SP;Sudeste;3510;Campinas;do Entorno;350044;São João da Boa Vista;do Entorno;Centro Sub-Regional A;272358712.0;36960.06
3500501;Águas de Lindóia;SP;Sudeste;3510;Campinas;do Entorno;350048;Amparo;do Entorno;Centro Local;801114539.0;44680.12
3500550;Águas de Santa Bárbara;SP;Sudeste;3502;Sorocaba;do Entorno;350007;Avaré;do Entorno;Centro Local;375561879.0;52328.53
3500600;Águas de São Pedro;SP;Sudeste;3510;Campinas;do Entorno;350040;Piracicaba;do Entorno;Centro Local;185389984.0;66687.04
3500709;Agudos;SP;Sudeste;3503;Bauru;do Entorno;350009;Bauru;do Entorno;Centro de Zona B;3415808553.0;90653.09
3500758;Alambari;SP;Sudeste;3502;Sorocaba;do Entorno;350006;Itapetininga;do Entorno;Centro Sub-Regional A;160252134.0;26095.45
3500808;Alfredo Marcondes;SP;Sudeste;3505;Presidente Prudente;do Entorno;350018;Presidente Prudente;do Entorno;Capital Regional C;158136921.0;35576.36
3500907;Altair;SP;Sudeste;3507;São José do Rio Preto;do Entorno;350025;São José do Rio Preto;do Entorno;Centro Local;210528680.0;61005.12
3501004;Altinópolis;SP;Sudeste;3508;Ribeirão Preto;do Entorno;350031;Ribeirão Preto;do Entorno;Centro Local;946537783.0;56281.23
3501103;Alto Alegre;SP;Sudeste;3506;Araçatuba;do Entorno;350023;Birigui - Penápolis;do Entorno;Centro Local;172396107.0;44883.13
3501152;Alumínio;SP;Sudeste;3502;Sorocaba;do Entorno;350003;Sorocaba;do Entorno;Capital Regional B;3438994015.0;198774.29
3501202;Álvares Florence;SP;Sudeste;3507;São José do Rio Preto;do Entorno;350027;Votuporanga;do Entorno;Centro Sub-Regional B;175598215.0;44852.67
3501301;Álvares Machado;SP;Sudeste;3505;Presidente Prudente;do Entorno;350018;Presidente Prudente;do Entorno;Capital Regional C;859771399.0;31545.46
3501400;Álvaro de Carvalho;SP;Sudeste;3504;Marília;do Entorno;350013;Marília;do Entorno;Centro Local;69376886.0;14429.47
3501509;Alvinlândia;SP;Sudeste;3504;Marília;do Entorno;350013;Marília;do Entorno;Centro Local;82612841.0;28635.3
3501608;Americana;SP;Sudeste;3510;Campinas;do Entorno;350038;Campinas;do Entorno;Capital Regional C;17600565714.0;74188.86
3501707;Américo Brasiliense;SP;Sudeste;3509;Araraquara;do Entorno;350036;Araraquara;do Entorno;Capital Regional C;1504961923.0;45578.66
3501806;Américo de Campos;SP;Sudeste;3507;São José do Rio Preto;do Entorno;350027;Votuporanga;do Entorno;Centro Local;175847704.0;29957.02
3501905;Amparo;SP;Sudeste;3510;Campinas;do Entorno;350048;Amparo;Polo;Centro Sub-Regional B;6698468843.0;98495.31
3502002;Analândia;SP;Sudeste;3510;Campinas;do Entorno;350046;Rio Claro;do Entorno;Centro Local;266291597.0;58028.24
3502101;Andradina;SP;Sudeste;3506;Araçatuba;do Entorno;350024;Andradina;Polo;Centro Sub-Regional B;4464940278.0;74685.78
3502200;Angatuba;SP;Sudeste;3502;Sorocaba;do Entorno;350006;Itapetininga;do Entorno;Centro Local;1776474762.0;73951.99
3502309;Anhembi;SP;Sudeste;3503;Bauru;do Entorno;350011;Botucatu;do Entorno;Centro Local;315143922.0;55541.76
3502408;Anhumas;SP;Sudeste;3505;Presidente Prudente;do Entorno;350018;Presidente Prudente;do Entorno;Capital Regional C;132375558.0;32904.69
3502507;Aparecida;SP;Sudeste;3511;São José dos Campos;do Entorno;350052;Guaratinguetá;do Entorno;Capital Regional C;1369698939.0;42055.3
3502606;Aparecida d'Oeste;SP;Sudeste;3507;São José do Rio Preto;do Entorno;350028;Jales;do Entorno;Centro Local;225793852.0;55260.37
3502705;Apiaí;SP;Sudeste;3502;Sorocaba;do Entorno;350004;Itapeva;do Entorno;Centro de Zona B;1235625606.0;50259.33
3502754;Araçariguama;SP;Sudeste;3502;Sorocaba;do Entorno;350003;Sorocaba;do Entorno;Centro Local;4832076525.0;224518.01
3502804;Araçatuba;SP;Sudeste;3506;Araçatuba;Polo;350022;Araçatuba;Polo;Capital Regional C;11457739505.0;57253.2
3502903;Araçoiaba da Serra;SP;Sudeste;3502;Sorocaba;do Entorno;350003;Sorocaba;do Entorno;Capital Regional B;1523193918.0;46949.85
3503000;Aramina;SP;Sudeste;3508;Ribeirão Preto;do Entorno;350035;Ituverava;do Entorno;Centro Local;219178923.0;40438.92
3503109;Arandu;SP;Sudeste;3502;Sorocaba;do Entorno;350007;Avaré;do Entorno;Centro Local;217238409.0;31552.42
3503158;Arapeí;SP;Sudeste;3511;São José dos Campos;do Entorno;350053;Cruzeiro;do Entorno;Centro Local;53235830.0;22848.0
3503208;Araraquara;SP;Sudeste;3509;Araraquara;Polo;350036;Araraquara;Polo;Capital Regional C;14689500266.0;60643.28
3503307;Araras;SP;Sudeste;3510;Campinas;do Entorno;350045;Araras;Polo;Centro Sub-Regional A;10022873262.0;76588.83
3503356;Arco-Íris;SP;Sudeste;3504;Marília;do Entorno;350016;Tupã;do Entorno;Centro Sub-Regional B;136328537.0;66696.94
3503406;Arealva;SP;Sudeste;3503;Bauru;do Entorno;350009;Bauru;do Entorno;Centro Local;301110079.0;37036.91
3503505;Areias;SP;Sudeste;3511;São José dos Campos;do Entorno;350053;Cruzeiro;do Entorno;Centro Local;75042147.0;20979.07
3503604;Areiópolis;SP;Sudeste;3503;Bauru;do Entorno;350011;Botucatu;do Entorno;Centro Local;221706617.0;21886.14
3503703;Ariranha;SP;Sudeste;3507;São José do Rio Preto;do Entorno;350026;Catanduva;do Entorno;Centro Sub-Regional A;1252002226.0;164693.79
3503802;Artur Nogueira;SP;Sudeste;3510;Campinas;do Entorno;350038;Campinas;do Entorno;Centro Local;2162832741.0;42032.66
3503901;Arujá;SP;Sudeste;3501;São Paulo;do Entorno;350001;São Paulo;do Entorno;Grande Metrópole Nacional;10426127299.0;120285.74
3503950;Aspásia;SP;Sudeste;3507;São José do Rio Preto;do Entorno;350028;Jales;do Entorno;Centro Local;65850757.0;35749.6
3504008;Assis;SP;Sudeste;3504;Marília;do Entorno;350014;Assis;Polo;Centro Sub-Regional A;4682609402.0;46175.48
3504107;Atibaia;SP;Sudeste;3510;Campinas;do Entorno;350041;Bragança Paulista;do Entorno;Centro Sub-Regional B;9426583645.0;59418.61
3504206;Auriflama;SP;Sudeste;3506;Araçatuba;do Entorno;350022;Araçatuba;do Entorno;Centro de Zona B;443572489.0;32396.47
3504305;Avaí;SP;Sudeste;3503;Bauru;do Entorno;350009;Bauru;do Entorno;Centro Local;500953319.0;111745.11
3504404;Avanhandava;SP;Sudeste;3506;Araçatuba;do Entorno;350023;Birigui - Penápolis;do Entorno;Centro Local;295754756.0;26258.97
3504503;Avaré;SP;Sudeste;3502;Sorocaba;do Entorno;350007;Avaré;Polo;Centro Sub-Regional B;4408538237.0;47503.24
3504602;Bady Bassitt;SP;Sudeste;3507;São José do Rio Preto;do Entorno;350025;São José do Rio Preto;do Entorno;Capital Regional B;762195130.0;27960.2
3504701;Balbinos;SP;Sudeste;3503;Bauru;do Entorno;350009;Bauru;do Entorno;Centro Local;82894684.0;21326.13
3504800;Bálsamo;SP;Sudeste;3507;São José do Rio Preto;do Entorno;350025;São José do Rio Preto;do Entorno;Capital Regional B;367870867.0;38335.86
3504909;Bananal;SP;Sudeste;3511;São José dos Campos;do Entorno;350053;Cruzeiro;do Entorno;Centro Local;282443967.0;28332.23
3505005;Barão de Antonina;SP;Sudeste;3502;Sorocaba;do Entorno;350004;Itapeva;do Entorno;Centro Local;80403485.0;22770.74
3505104;Barbosa;SP;Sudeste;3506;Araçatuba;do Entorno;350023;Birigui - Penápolis;do Entorno;Centro Local;186922613.0;33142.31
3505203;Bariri;SP;Sudeste;3503;Bauru;do Entorno;350010;Jaú;do Entorno;Centro de Zona B;1863763724.0;58989.2
3505302;Barra Bonita;SP;Sudeste;3503;Bauru;do Entorno;350010;Jaú;do Entorno;Centro Local;2077900588.0;60499.06
3505351;Barra do Chapéu;SP;Sudeste;3502;Sorocaba;do Entorno;350004;Itapeva;do Entorno;Centro Local;202870405.0;39171.73
3505401;Barra do Turvo;SP;Sudeste;3502;Sorocaba;do Entorno;350005;Registro;do Entorno;Centro Local;145159017.0;21110.97
3505500;Barretos;SP;Sudeste;3508;Ribeirão Preto;do Entorno;350032;Barretos;Polo;Capital Regional C;6715414139.0;54826.42
3505609;Barrinha;SP;Sudeste;3508;Ribeirão Preto;do Entorno;350031;Ribeirão Preto;do Entorno;Centro Local;737580107.0;22983.3
3505708;Barueri;SP;Sudeste;3501;São Paulo;do Entorno;350001;São Paulo;do Entorno;Grande Metrópole Nacional;71646709835.0;226391.22
3505807;Bastos;SP;Sudeste;3504;Marília;do Entorno;350016;Tupã;do Entorno;Centro Local;1596603168.0;74250.25
3505906;Batatais;SP;Sudeste;3508;Ribeirão Preto;do Entorno;350031;Ribeirão Preto;do Entorno;Centro de Zona A;3328690303.0;56996.17
3506003;Bauru;SP;Sudeste;3503;Bauru;Polo;350009;Bauru;Polo;Capital Regional B;20654759202.0;54477.06
3506102;Bebedouro;SP;Sudeste;3508;Ribeirão Preto;do Entorno;350032;Barretos;do Entorno;Centro Sub-Regional B;5343661449.0;69967.94
3506201;Bento de Abreu;SP;Sudeste;3506;Araçatuba;do Entorno;350022;Araçatuba;do Entorno;Centro Local;288020154.0;110521.93
3506300;Bernardino de Campos;SP;Sudeste;3504;Marília;do Entorno;350015;Ourinhos;do Entorno;Centro Local;605499302.0;52166.74
3506359;Bertioga;SP;Sudeste;3501;São Paulo;do Entorno;350002;Santos;do Entorno;Centro Local;2663550123.0;41496.08
3506409;Bilac;SP;Sudeste;3506;Araçatuba;do Entorno;350023;Birigui - Penápolis;do Entorno;Centro Local;307745487.0;42047.48
3506508;Birigui;SP;Sudeste;3506;Araçatuba;do Entorno;350023;Birigui - Penápolis;Polo;Centro Sub-Regional B;4866489546.0;40902.09
3506607;Biritiba Mirim;SP;Sudeste;3501;São Paulo;do Entorno;350001;São Paulo;do Entorno;Grande Metrópole Nacional;1111541124.0;37447.06
3506706;Boa Esperança do Sul;SP;Sudeste;3509;Araraquara;do Entorno;350036;Araraquara;do Entorno;Centro Local;633216137.0;48791.5
3506805;Bocaina;SP;Sudeste;3503;Bauru;do Entorno;350010;Jaú;do Entorno;Centro Local;381376277.0;33873.02
3506904;Bofete;SP;Sudeste;3503;Bauru;do Entorno;350011;Botucatu;do Entorno;Centro Local;309772994.0;29615.01
3507001;Boituva;SP;Sudeste;3502;Sorocaba;do Entorno;350003;Sorocaba;do Entorno;Centro de Zona A;4474129933.0;73249.13
3507100;Bom Jesus dos Perdões;SP;Sudeste;3510;Campinas;do Entorno;350041;Bragança Paulista;do Entorno;Centro Sub-Regional B;1627411043.0;73953.06
3507159;Bom Sucesso de Itararé;SP;Sudeste;3502;Sorocaba;do Entorno;350004;Itapeva;do Entorno;Centro Local;77487097.0;21796.65
3507209;Borá;SP;Sudeste;3504;Marília;do Entorno;350014;Assis;do Entorno;Centro de Zona A;120962346.0;133365.32
3507308;Boracéia;SP;Sudeste;3503;Bauru;do Entorno;350010;Jaú;do Entorno;Centro Local;657535084.0;139456.01
3507407;Borborema;SP;Sudeste;3509;Araraquara;do Entorno;350036;Araraquara;do Entorno;Centro Local;704920778.0;49551.58
3507456;Borebi;SP;Sudeste;3503;Bauru;do Entorno;350009;Bauru;do Entorno;Centro Local;118452374.0;43661.03
3507506;Botucatu;SP;Sudeste;3503;Bauru;do Entorno;350011;Botucatu;Polo;Centro Sub-Regional A;7992147651.0;55059.4
3507605;Bragança Paulista;SP;Sudeste;3510;Campinas;do Entorno;350041;Bragança Paulista;Polo;Centro Sub-Regional A;10443287830.0;59064.7
3507704;Braúna;SP;Sudeste;3506;Araçatuba;do Entorno;350023;Birigui - Penápolis;do Entorno;Centro Sub-Regional B;157855147.0;29472.58
3507753;Brejo Alegre;SP;Sudeste;3506;Araçatuba;do Entorno;350023;Birigui - Penápolis;do Entorno;Centro Sub-Regional B;90696609.0;35359.3
3507803;Brodowski;SP;Sudeste;3508;Ribeirão Preto;do Entorno;350031;Ribeirão Preto;do Entorno;Capital Regional A;1210304604.0;48026.05
3507902;Brotas;SP;Sudeste;3503;Bauru;do Entorno;350010;Jaú;do Entorno;Centro Local;1555980462.0;65109.23
3508009;Buri;SP;Sudeste;3502;Sorocaba;do Entorno;350004;Itapeva;do Entorno;Centro Local;907832787.0;44831.25
3508108;Buritama;SP;Sudeste;3506;Araçatuba;do Entorno;350023;Birigui - Penápolis;do Entorno;Centro de Zona B;746203785.0;43358.73
3508207;Buritizal;SP;Sudeste;3508;Ribeirão Preto;do Entorno;350035;Ituverava;do Entorno;Centro Local;305567589.0;70148.67
3508306;Cabrália Paulista;SP;Sudeste;3503;Bauru;do Entorno;350009;Bauru;do Entorno;Centro Local;177481056.0;41284.27
3508405;Cabreúva;SP;Sudeste;3510;Campinas;do Entorno;350039;Jundiaí;do Entorno;Capital Regional C;7240981438.0;154027.39
3508504;Caçapava;SP;Sudeste;3511;São José dos Campos;do Entorno;350049;São José dos Campos;do Entorno;Capital Regional B;6516271282.0;67735.3
3508603;Cachoeira Paulista;SP;Sudeste;3511;São José dos Campos;do Entorno;350053;Cruzeiro;do Entorno;Centro Local;847786431.0;26859.28
3508702;Caconde;SP;Sudeste;3510;Campinas;do Entorno;350047;São José do Rio Pardo - Mococa;do Entorno;Centro Local;554109419.0;32402.16
3508801;Cafelândia;SP;Sudeste;3503;Bauru;do Entorno;350012;Lins;do Entorno;Centro Local;930635174.0;55880.58
3508900;Caiabu;SP;Sudeste;3505;Presidente Prudente;do Entorno;350018;Presidente Prudente;do Entorno;Capital Regional C;88015441.0;23711.06
3509007;Caieiras;SP;Sudeste;3501;São Paulo;do Entorno;350001;São Paulo;do Entorno;Grande Metrópole Nacional;5507619475.0;57955.42
3509106;Caiuá;SP;Sudeste;3505;Presidente Prudente;do Entorno;350021;Presidente Epitácio-Presidente Venceslau;do Entorno;Centro de Zona A;111895200.0;20471.13
3509205;Cajamar;SP;Sudeste;3501;São Paulo;do Entorno;350001;São Paulo;do Entorno;Grande Metrópole Nacional;28984601766.0;312708.11
3509254;Cajati;SP;Sudeste;3502;Sorocaba;do Entorno;350005;Registro;do Entorno;Centro Local;1987670371.0;69706.13
3509304;Cajobi;SP;Sudeste;3508;Ribeirão Preto;do Entorno;350032;Barretos;do Entorno;Centro Local;275000646.0;30110.66
3509403;Cajuru;SP;Sudeste;3508;Ribeirão Preto;do Entorno;350031;Ribeirão Preto;do Entorno;Centro Local;1123798612.0;47158.98
3509452;Campina do Monte Alegre;SP;Sudeste;3502;Sorocaba;do Entorno;350006;Itapetininga;do Entorno;Centro Local;211436295.0;35511.64
3509502;Campinas;SP;Sudeste;3510;Campinas;Polo;350038;Campinas;Polo;Metrópole;91968328317.0;80741.47
3509601;Campo Limpo Paulista;SP;Sudeste;3510;Campinas;do Entorno;350039;Jundiaí;do Entorno;Capital Regional C;3233934762.0;41657.24
3509700;Campos do Jordão;SP;Sudeste;3511;São José dos Campos;do Entorno;350050;Taubaté - Pindamonhangaba;do Entorno;Centro de Zona A;1946799338.0;41444.19
3509809;Campos Novos Paulista;SP;Sudeste;3504;Marília;do Entorno;350013;Marília;do Entorno;Centro Local;342294513.0;70027.52
3509908;Cananéia;SP;Sudeste;3502;Sorocaba;do Entorno;350005;Registro;do Entorno;Centro Local;330537640.0;26897.03
3509957;Canas;SP;Sudeste;3511;São José dos Campos;do Entorno;350052;Guaratinguetá;do Entorno;Centro Sub-Regional A;121017029.0;24542.09
3510005;Cândido Mota;SP;Sudeste;3504;Marília;do Entorno;350014;Assis;do Entorno;Centro Local;2482755063.0;84306.94
3510104;Cândido Rodrigues;SP;Sudeste;3509;Araraquara;do Entorno;350036;Araraquara;do Entorno;Centro Local;157950773.0;54673.16
3510153;Canitar;SP;Sudeste;3504;Marília;do Entorno;350015;Ourinhos;do Entorno;Centro Sub-Regional A;218327890.0;34748.99
3510203;Capão Bonito;SP;Sudeste;3502;Sorocaba;do Entorno;350004;Itapeva;do Entorno;Centro Sub-Regional B;1668881584.0;36016.18
3510302;Capela do Alto;SP;Sudeste;3502;Sorocaba;do Entorno;350003;Sorocaba;do Entorno;Centro Local;536047966.0;23443.01
3510401;Capivari;SP;Sudeste;3510;Campinas;do Entorno;350040;Piracicaba;do Entorno;Centro Sub-Regional B;3824460124.0;76385.32
3510500;Caraguatatuba;SP;Sudeste;3511;São José dos Campos;do Entorno;350051;Caraguatatuba - Ubatuba - São Sebastião;Polo;Centro Sub-Regional B;5822814916.0;43172.58
3510609;Carapicuíba;SP;Sudeste;3501;São Paulo;do Entorno;350001;São Paulo;do Entorno;Grande Metrópole Nacional;8436817190.0;21801.46
3510708;Cardoso;SP;Sudeste;3507;São José do Rio Preto;do Entorno;350027;Votuporanga;do Entorno;Centro Local;440024546.0;38785.77
3510807;Casa Branca;SP;Sudeste;3510;Campinas;do Entorno;350044;São João da Boa Vista;do Entorno;Centro Local;1494279305.0;53209.39
3510906;Cássia dos Coqueiros;SP;Sudeste;3508;Ribeirão Preto;do Entorno;350031;Ribeirão Preto;do Entorno;Centro Local;306056167.0;109344.83
3511003;Castilho;SP;Sudeste;3506;Araçatuba;do Entorno;350024;Andradina;do Entorno;Centro Local;2275540623.0;113908.03
3511102;Catanduva;SP;Sudeste;3507;São José do Rio Preto;do Entorno;350026;Catanduva;Polo;Capital Regional C;7029953383.0;60712.43
3511201;Catiguá;SP;Sudeste;3507;São José do Rio Preto;do Entorno;350026;Catanduva;do Entorno;Capital Regional C;196946443.0;28123.15
3511300;Cedral;SP;Sudeste;3507;São José do Rio Preto;do Entorno;350025;São José do Rio Preto;do Entorno;Capital Regional B;808869528.0;64104.42
3511409;Cerqueira César;SP;Sudeste;3502;Sorocaba;do Entorno;350007;Avaré;do Entorno;Centro Local;1400618178.0;65239.1
3511508;Cerquilho;SP;Sudeste;3502;Sorocaba;do Entorno;350003;Sorocaba;do Entorno;Centro Sub-Regional B;2891327658.0;64690.18
3511607;Cesário Lange;SP;Sudeste;3502;Sorocaba;do Entorno;350008;Tatuí;do Entorno;Centro Local;1215884112.0;63832.64
3511706;Charqueada;SP;Sudeste;3510;Campinas;do Entorno;350040;Piracicaba;do Entorno;Capital Regional C;790607333.0;50892.01
3511904;Clementina;SP;Sudeste;3506;Araçatuba;do Entorno;350023;Birigui - Penápolis;do Entorno;Centro Local;254107308.0;36394.63
3512001;Colina;SP;Sudeste;3508;Ribeirão Preto;do Entorno;350032;Barretos;do Entorno;Centro Local;2052576439.0;111034.1
3512100;Colômbia;SP;Sudeste;3508;Ribeirão Preto;do Entorno;350032;Barretos;do Entorno;Centro Local;743433098.0;112148.6
3512209;Conchal;SP;Sudeste;3510;Campinas;do Entorno;350045;Araras;do Entorno;Centro Local;1093663839.0;38919.04
3512308;Conchas;SP;Sudeste;3503;Bauru;do Entorno;350011;Botucatu;do Entorno;Centro Local;551103139.0;36180.62
3512407;Cordeirópolis;SP;Sudeste;3510;Campinas;do Entorno;350042;Limeira;do Entorno;Centro Local;4167915366.0;170021.84
3512506;Coroados;SP;Sudeste;3506;Araçatuba;do Entorno;350023;Birigui - Penápolis;do Entorno;Centro Sub-Regional B;335404552.0;62111.95
3512605;Coronel Macedo;SP;Sudeste;3502;Sorocaba;do Entorno;350007;Avaré;do Entorno;Centro Local;165849194.0;38749.81
3512704;Corumbataí;SP;Sudeste;3510;Campinas;do Entorno;350046;Rio Claro;do Entorno;Centro Local;354603601.0;84530.06
3512803;Cosmópolis;SP;Sudeste;3510;Campinas;do Entorno;350038;Campinas;do Entorno;Metrópole;2313364052.0;38702.49
3512902;Cosmorama;SP;Sudeste;3507;São José do Rio Preto;do Entorno;350027;Votuporanga;do Entorno;Centro Local;878427208.0;100748.62
3513009;Cotia;SP;Sudeste;3501;São Paulo;do Entorno;350001;São Paulo;do Entorno;Grande Metrópole Nacional;19060773462.0;69460.17
3513108;Cravinhos;SP;Sudeste;3508;Ribeirão Preto;do Entorno;350031;Ribeirão Preto;do Entorno;Capital Regional A;2357353267.0;70831.8
3513207;Cristais Paulista;SP;Sudeste;3508;Ribeirão Preto;do Entorno;350033;Franca;do Entorno;Capital Regional C;449171364.0;48443.85
3513306;Cruzália;SP;Sudeste;3504;Marília;do Entorno;350014;Assis;do Entorno;Centro Local;218198594.0;103509.77
3513405;Cruzeiro;SP;Sudeste;3511;São José dos Campos;do Entorno;350053;Cruzeiro;Polo;Centro Sub-Regional B;4281961617.0;57122.53
3513504;Cubatão;SP;Sudeste;3501;São Paulo;do Entorno;350002;Santos;do Entorno;Capital Regional C;27813387639.0;247282.87
3513603;Cunha;SP;Sudeste;3511;São José dos Campos;do Entorno;350052;Guaratinguetá;do Entorno;Centro Local;432940522.0;19581.21
3513702;Descalvado;SP;Sudeste;3509;Araraquara;do Entorno;350037;São Carlos;do Entorno;Centro Local;2584483423.0;81385.67
3513801;Diadema;SP;Sudeste;3501;São Paulo;do Entorno;350001;São Paulo;do Entorno;Grande Metrópole Nacional;21229085409.0;53985.47
3513850;Dirce Reis;SP;Sudeste;3507;São José do Rio Preto;do Entorno;350028;Jales;do Entorno;Centro Sub-Regional B;99485465.0;61410.78
3513900;Divinolândia;SP;Sudeste;3510;Campinas;do Entorno;350047;São José do Rio Pardo - Mococa;do Entorno;Centro Local;528584116.0;47372.66
3514007;Dobrada;SP;Sudeste;3509;Araraquara;do Entorno;350036;Araraquara;do Entorno;Centro Sub-Regional B;213754857.0;24404.03
3514106;Dois Córregos;SP;Sudeste;3503;Bauru;do Entorno;350010;Jaú;do Entorno;Centro Local;1187096718.0;48433.16
3514205;Dolcinópolis;SP;Sudeste;3507;São José do Rio Preto;do Entorno;350028;Jales;do Entorno;Centro Local;84390137.0;38237.49
3514304;Dourado;SP;Sudeste;3509;Araraquara;do Entorno;350037;São Carlos;do Entorno;Centro Local;1178139786.0;145521.22
3514403;Dracena;SP;Sudeste;3505;Presidente Prudente;do Entorno;350020;Dracena;Polo;Centro Sub-Regional B;1855223877.0;40797.46
3514502;Duartina;SP;Sudeste;3503;Bauru;do Entorno;350009;Bauru;do Entorno;Centro Local;435779649.0;35348.77
3514601;Dumont;SP;Sudeste;3508;Ribeirão Preto;do Entorno;350031;Ribeirão Preto;do Entorno;Centro Local;414001737.0;43712.57
3514700;Echaporã;SP;Sudeste;3504;Marília;do Entorno;350013;Marília;do Entorno;Centro Local;187402902.0;30201.92
3514809;Eldorado;SP;Sudeste;3502;Sorocaba;do Entorno;350005;Registro;do Entorno;Centro Local;423995268.0;32442.82
3514908;Elias Fausto;SP;Sudeste;3510;Campinas;do Entorno;350038;Campinas;do Entorno;Centro Local;2159508523.0;122013.02
3514924;Elisiário;SP;Sudeste;3507;São José do Rio Preto;do Entorno;350026;Catanduva;do Entorno;Capital Regional C;121970552.0;38868.88
3514957;Embaúba;SP;Sudeste;3507;São José do Rio Preto;do Entorno;350026;Catanduva;do Entorno;Capital Regional C;93031653.0;40048.06
3515004;Embu das Artes;SP;Sudeste;3501;São Paulo;do Entorno;350001;São Paulo;do Entorno;Grande Metrópole Nacional;17290649652.0;68971.96
3515103;Embu-Guaçu;SP;Sudeste;3501;São Paulo;do Entorno;350001;São Paulo;do Entorno;Grande Metrópole Nacional;1742920008.0;26025.38
3515129;Emilianópolis;SP;Sudeste;3505;Presidente Prudente;do Entorno;350018;Presidente Prudente;do Entorno;Capital Regional C;97865943.0;32470.45
3515152;Engenheiro Coelho;SP;Sudeste;3510;Campinas;do Entorno;350042;Limeira;do Entorno;Centro Local;814390123.0;41622.72
3515186;Espírito Santo do Pinhal;SP;Sudeste;3510;Campinas;do Entorno;350044;São João da Boa Vista;do Entorno;Centro de Zona A;2715247127.0;68194.87
3515194;Espírito Santo do Turvo;SP;Sudeste;3504;Marília;do Entorno;350015;Ourinhos;do Entorno;Centro Local;181809326.0;43735.71
3515202;Estrela d'Oeste;SP;Sudeste;3507;São José do Rio Preto;do Entorno;350029;Fernandópolis;do Entorno;Centro Local;1317162584.0;139870.72
3515301;Estrela do Norte;SP;Sudeste;3505;Presidente Prudente;do Entorno;350018;Presidente Prudente;do Entorno;Capital Regional C;69691794.0;25783.13
3515350;Euclides da Cunha Paulista;SP;Sudeste;3505;Presidente Prudente;do Entorno;350018;Presidente Prudente;do Entorno;Centro Local;162208418.0;20470.52
3515400;Fartura;SP;Sudeste;3504;Marília;do Entorno;350017;Piraju;do Entorno;Centro Local;566394766.0;34036.1
3515509;Fernandópolis;SP;Sudeste;3507;São José do Rio Preto;do Entorno;350029;Fernandópolis;Polo;Centro Sub-Regional A;2790708100.0;39203.05
3515608;Fernando Prestes;SP;Sudeste;3507;São José do Rio Preto;do Entorno;350026;Catanduva;do Entorno;Centro Local;281661783.0;47401.85
3515657;Fernão;SP;Sudeste;3504;Marília;do Entorno;350013;Marília;do Entorno;Centro Local;102634371.0;61977.28
3515707;Ferraz de Vasconcelos;SP;Sudeste;3501;São Paulo;do Entorno;350001;São Paulo;do Entorno;Grande Metrópole Nacional;5523980573.0;30826.13
3515806;Flora Rica;SP;Sudeste;3505;Presidente Prudente;do Entorno;350020;Dracena;do Entorno;Centro Local;65664783.0;44159.24
3515905;Floreal;SP;Sudeste;3507;São José do Rio Preto;do Entorno;350027;Votuporanga;do Entorno;Centro Local;131171272.0;47995.34
3516002;Flórida Paulista;SP;Sudeste;3505;Presidente Prudente;do Entorno;350019;Adamantina - Lucélia;do Entorno;Centro Local;361684346.0;27912.05
3516101;Florínea;SP;Sudeste;3504;Marília;do Entorno;350014;Assis;do Entorno;Centro Local;216161178.0;56131.18
3516200;Franca;SP;Sudeste;3508;Ribeirão Preto;do Entorno;350033;Franca;Polo;Capital Regional C;14375667458.0;40777.87
3516309;Francisco Morato;SP;Sudeste;3501;São Paulo;do Entorno;350001;São Paulo;do Entorno;Grande Metrópole Nacional;2237469166.0;13549.01
3516408;Franco da Rocha;SP;Sudeste;3501;São Paulo;do Entorno;350001;São Paulo;do Entorno;Grande Metrópole Nacional;5438088812.0;37543.16
3516507;Gabriel Monteiro;SP;Sudeste;3506;Araçatuba;do Entorno;350023;Birigui - Penápolis;do Entorno;Centro Local;123955929.0;44862.8
3516606;Gália;SP;Sudeste;3504;Marília;do Entorno;350013;Marília;do Entorno;Centro Local;220849140.0;34615.85
3516705;Garça;SP;Sudeste;3504;Marília;do Entorno;350013;Marília;do Entorno;Centro de Zona A;1893765629.0;44971.87
3516804;Gastão Vidigal;SP;Sudeste;3506;Araçatuba;do Entorno;350022;Araçatuba;do Entorno;Centro Local;101942077.0;31347.5
3516853;Gavião Peixoto;SP;Sudeste;3509;Araraquara;do Entorno;350036;Araraquara;do Entorno;Capital Regional C;1735632823.0;369126.5
3516903;General Salgado;SP;Sudeste;3506;Araçatuba;do Entorno;350022;Araçatuba;do Entorno;Centro Local;348923464.0;33836.64
3517000;Getulina;SP;Sudeste;3504;Marília;do Entorno;350013;Marília;do Entorno;Centro Local;272840621.0;26665.42
3517109;Glicério;SP;Sudeste;3506;Araçatuba;do Entorno;350023;Birigui - Penápolis;do Entorno;Centro Local;188391507.0;45527.19
3517208;Guaiçara;SP;Sudeste;3503;Bauru;do Entorno;350012;Lins;do Entorno;Centro Local;310852418.0;27658.37
3517307;Guaimbê;SP;Sudeste;3504;Marília;do Entorno;350013;Marília;do Entorno;Centro Local;593772310.0;107723.57
3517406;Guaíra;SP;Sudeste;3508;Ribeirão Preto;do Entorno;350032;Barretos;do Entorno;Centro Local;3233958320.0;82333.01
3517505;Guapiaçu;SP;Sudeste;3507;São José do Rio Preto;do Entorno;350025;São José do Rio Preto;do Entorno;Capital Regional B;1134076670.0;52235.12
3517604;Guapiara;SP;Sudeste;3502;Sorocaba;do Entorno;350004;Itapeva;do Entorno;Centro Local;585182465.0;34279.33
3517703;Guará;SP;Sudeste;3508;Ribeirão Preto;do Entorno;350035;Ituverava;do Entorno;Centro Local;854714843.0;45937.59
3517802;Guaraçaí;SP;Sudeste;3506;Araçatuba;do Entorno;350024;Andradina;do Entorno;Centro Local;374454285.0;50323.11
3517901;Guaraci;SP;Sudeste;3508;Ribeirão Preto;do Entorno;350032;Barretos;do Entorno;Centro Local;660485534.0;63815.03
3518008;Guarani d'Oeste;SP;Sudeste;3507;São José do Rio Preto;do Entorno;350029;Fernandópolis;do Entorno;Centro Local;48665285.0;24728.3
3518107;Guarantã;SP;Sudeste;3503;Bauru;do Entorno;350012;Lins;do Entorno;Centro Local;312045476.0;48552.28
3518206;Guararapes;SP;Sudeste;3506;Araçatuba;do Entorno;350022;Araçatuba;do Entorno;Centro Local;1718487879.0;55358.31
3518305;Guararema;SP;Sudeste;3501;São Paulo;do Entorno;350001;São Paulo;do Entorno;Centro Local;2034662745.0;65138.39
3518404;Guaratinguetá;SP;Sudeste;3511;São José dos Campos;do Entorno;350052;Guaratinguetá;Polo;Capital Regional C;8369820871.0;70904.25
3518503;Guareí;SP;Sudeste;3502;Sorocaba;do Entorno;350006;Itapetininga;do Entorno;Centro Local;386201340.0;25724.46
3518602;Guariba;SP;Sudeste;3508;Ribeirão Preto;do Entorno;350031;Ribeirão Preto;do Entorno;Centro Local;1517993918.0;40482.0
3518701;Guarujá;SP;Sudeste;3501;São Paulo;do Entorno;350002;Santos;do Entorno;Capital Regional C;11536359008.0;40107.77
3518800;Guarulhos;SP;Sudeste;3501;São Paulo;do Entorno;350001;São Paulo;do Entorno;Grande Metrópole Nacional;97557673612.0;75522.42
3518859;Guatapará;SP;Sudeste;3508;Ribeirão Preto;do Entorno;350031;Ribeirão Preto;do Entorno;Centro Local;353798145.0;48333.08
3518909;Guzolândia;SP;Sudeste;3506;Araçatuba;do Entorno;350022;Araçatuba;do Entorno;Centro Local;120155836.0;28298.6
3519006;Herculândia;SP;Sudeste;3504;Marília;do Entorno;350016;Tupã;do Entorno;Centro Local;552689427.0;60568.7
3519055;Holambra;SP;Sudeste;3510;Campinas;do Entorno;350038;Campinas;do Entorno;Centro Local;1806633110.0;119692.14
3519071;Hortolândia;SP;Sudeste;3510;Campinas;do Entorno;350038;Campinas;do Entorno;Metrópole;22163924356.0;93660.54
3519105;Iacanga;SP;Sudeste;3503;Bauru;do Entorno;350009;Bauru;do Entorno;Centro Local;687530477.0;65874.34
3519204;Iacri;SP;Sudeste;3504;Marília;do Entorno;350016;Tupã;do Entorno;Centro Local;372133574.0;60697.04
3519253;Iaras;SP;Sudeste;3502;Sorocaba;do Entorno;350007;Avaré;do Entorno;Centro Local;326006583.0;40699.95
3519303;Ibaté;SP;Sudeste;3509;Araraquara;do Entorno;350037;São Carlos;do Entorno;Capital Regional C;1516837474.0;47138.96
3519402;Ibirá;SP;Sudeste;3507;São José do Rio Preto;do Entorno;350025;São José do Rio Preto;do Entorno;Centro Local;418177801.0;35772.27
3519501;Ibirarema;SP;Sudeste;3504;Marília;do Entorno;350015;Ourinhos;do Entorno;Centro Local;331386983.0;51900.86
3519600;Ibitinga;SP;Sudeste;3509;Araraquara;do Entorno;350036;Araraquara;do Entorno;Centro Sub-Regional B;2528835327.0;42124.09
3519709;Ibiúna;SP;Sudeste;3502;Sorocaba;do Entorno;350003;Sorocaba;do Entorno;Centro Local;3023500924.0;39990.75
3519808;Icém;SP;Sudeste;3507;São José do Rio Preto;do Entorno;350025;São José do Rio Preto;do Entorno;Centro Local;263931834.0;33755.19
3519907;Iepê;SP;Sudeste;3505;Presidente Prudente;do Entorno;350018;Presidente Prudente;do Entorno;Centro Local;503731726.0;66115.2
3520004;Igaraçu do Tietê;SP;Sudeste;3503;Bauru;do Entorno;350010;Jaú;do Entorno;Centro Local;477976018.0;20686.23
3520103;Igarapava;SP;Sudeste;3508;Ribeirão Preto;do Entorno;350035;Ituverava;do Entorno;Centro Local;1422122446.0;54254.63
3520202;Igaratá;SP;Sudeste;3511;São José dos Campos;do Entorno;350049;São José dos Campos;do Entorno;Centro Local;353163257.0;33301.58
3520301;Iguape;SP;Sudeste;3502;Sorocaba;do Entorno;350005;Registro;do Entorno;Centro Local;1896850188.0;65150.27
3520400;Ilhabela;SP;Sudeste;3511;São José dos Campos;do Entorno;350051;Caraguatatuba - Ubatuba - São Sebastião;do Entorno;Centro Sub-Regional B;14830714927.0;424535.26
3520426;Ilha Comprida;SP;Sudeste;3502;Sorocaba;do Entorno;350005;Registro;do Entorno;Centro Local;2802536357.0;208848.38
3520442;Ilha Solteira;SP;Sudeste;3506;Araçatuba;do Entorno;350024;Andradina;do Entorno;Centro de Zona B;917731981.0;35920.47
3520509;Indaiatuba;SP;Sudeste;3510;Campinas;do Entorno;350038;Campinas;do Entorno;Centro Sub-Regional A;28264863052.0;110518.41
3520608;Indiana;SP;Sudeste;3505;Presidente Prudente;do Entorno;350018;Presidente Prudente;do Entorno;Capital Regional C;99885601.0;19623.89
3520707;Indiaporã;SP;Sudeste;3507;São José do Rio Preto;do Entorno;350029;Fernandópolis;do Entorno;Centro Local;167087329.0;41409.5
3520806;Inúbia Paulista;SP;Sudeste;3505;Presidente Prudente;do Entorno;350019;Adamantina - Lucélia;do Entorno;Centro Sub-Regional B;176722809.0;48885.98
3520905;Ipaussu;SP;Sudeste;3504;Marília;do Entorno;350015;Ourinhos;do Entorno;Centro Local;678117975.0;49454.34
3521002;Iperó;SP;Sudeste;3502;Sorocaba;do Entorno;350003;Sorocaba;do Entorno;Centro de Zona A;1291002665.0;35409.71
3521101;Ipeúna;SP;Sudeste;3510;Campinas;do Entorno;350046;Rio Claro;do Entorno;Centro Sub-Regional A;1055775919.0;154556.57
3521150;Ipiguá;SP;Sudeste;3507;São José do Rio Preto;do Entorno;350025;São José do Rio Preto;do Entorno;Capital Regional B;173090620.0;25601.33
3521200;Iporanga;SP;Sudeste;3502;Sorocaba;do Entorno;350005;Registro;do Entorno;Centro Local;70828696.0;17505.86
3521309;Ipuã;SP;Sudeste;3508;Ribeirão Preto;do Entorno;350034;São Joaquim da Barra – Orlândia;do Entorno;Centro Local;589809580.0;40805.98
3521408;Iracemápolis;SP;Sudeste;3510;Campinas;do Entorno;350042;Limeira;do Entorno;Capital Regional C;2403777589.0;109426.76
3521507;Irapuã;SP;Sudeste;3507;São José do Rio Preto;do Entorno;350025;São José do Rio Preto;do Entorno;Centro Local;282415637.0;41126.49
3521606;Irapuru;SP;Sudeste;3505;Presidente Prudente;do Entorno;350020;Dracena;do Entorno;Centro Local;142421744.0;20101.87
3521705;Itaberá;SP;Sudeste;3502;Sorocaba;do Entorno;350004;Itapeva;do Entorno;Centro Local;1058158523.0;58842.16
3521804;Itaí;SP;Sudeste;3502;Sorocaba;do Entorno;350007;Avaré;do Entorno;Centro Local;1082752493.0;43000.5
3521903;Itajobi;SP;Sudeste;3507;São José do Rio Preto;do Entorno;350026;Catanduva;do Entorno;Centro Local;1278534349.0;75256.6
3522000;Itaju;SP;Sudeste;3503;Bauru;do Entorno;350010;Jaú;do Entorno;Centro Local;308304551.0;85214.08
3522109;Itanhaém;SP;Sudeste;3501;São Paulo;do Entorno;350002;Santos;do Entorno;Capital Regional C;2956406115.0;26284.77
3522158;Itaoca;SP;Sudeste;3502;Sorocaba;do Entorno;350004;Itapeva;do Entorno;Centro Local;67981734.0;19866.08
3522208;Itapecerica da Serra;SP;Sudeste;3501;São Paulo;do Entorno;350001;São Paulo;do Entorno;Grande Metrópole Nacional;6215133643.0;39206.76
3522307;Itapetininga;SP;Sudeste;3502;Sorocaba;do Entorno;350006;Itapetininga;Polo;Centro Sub-Regional A;7962801863.0;50464.55
3522406;Itapeva;SP;Sudeste;3502;Sorocaba;do Entorno;350004;Itapeva;Polo;Centro Sub-Regional A;4558511821.0;50803.67
3522505;Itapevi;SP;Sudeste;3501;São Paulo;do Entorno;350001;São Paulo;do Entorno;Grande Metrópole Nacional;15615097192.0;67220.4
3522604;Itapira;SP;Sudeste;3510;Campinas;do Entorno;350043;Mogi Guaçu;do Entorno;Centro Sub-Regional B;6365973525.0;88389.29
3522653;Itapirapuã Paulista;SP;Sudeste;3502;Sorocaba;do Entorno;350004;Itapeva;do Entorno;Centro Local;77308055.0;17953.57
3522703;Itápolis;SP;Sudeste;3509;Araraquara;do Entorno;350036;Araraquara;do Entorno;Centro de Zona A;2524858407.0;63931.8
3522802;Itaporanga;SP;Sudeste;3502;Sorocaba;do Entorno;350004;Itapeva;do Entorno;Centro de Zona B;408306917.0;28988.78
3522901;Itapuí;SP;Sudeste;3503;Bauru;do Entorno;350010;Jaú;do Entorno;Centro Local;1311337801.0;96005.4
3523008;Itapura;SP;Sudeste;3506;Araçatuba;do Entorno;350024;Andradina;do Entorno;Centro Local;209348725.0;52613.4
3523107;Itaquaquecetuba;SP;Sudeste;3501;São Paulo;do Entorno;350001;São Paulo;do Entorno;Grande Metrópole Nacional;11979259765.0;32439.94
3523206;Itararé;SP;Sudeste;3502;Sorocaba;do Entorno;350004;Itapeva;do Entorno;Centro Sub-Regional B;1406445260.0;31649.61
3523305;Itariri;SP;Sudeste;3501;São Paulo;do Entorno;350002;Santos;do Entorno;Centro Local;400626557.0;25800.27
3523404;Itatiba;SP;Sudeste;3510;Campinas;do Entorno;350039;Jundiaí;do Entorno;Centro Sub-Regional B;10327467002.0;84936.81
3523503;Itatinga;SP;Sudeste;3503;Bauru;do Entorno;350011;Botucatu;do Entorno;Centro Local;601160989.0;31523.91
3523602;Itirapina;SP;Sudeste;3509;Araraquara;do Entorno;350037;São Carlos;do Entorno;Centro Local;1570273265.0;97242.59
3523701;Itirapuã;SP;Sudeste;3508;Ribeirão Preto;do Entorno;350033;Franca;do Entorno;Capital Regional C;190876434.0;33029.32
3523800;Itobi;SP;Sudeste;3510;Campinas;do Entorno;350047;São José do Rio Pardo - Mococa;do Entorno;Centro Local;251137683.0;31212.74
3523909;Itu;SP;Sudeste;3502;Sorocaba;do Entorno;350003;Sorocaba;do Entorno;Centro Sub-Regional A;14012530257.0;83288.93
3524006;Itupeva;SP;Sudeste;3510;Campinas;do Entorno;350039;Jundiaí;do Entorno;Capital Regional C;10529260248.0;149105.87
3524105;Ituverava;SP;Sudeste;3508;Ribeirão Preto;do Entorno;350035;Ituverava;Polo;Centro de Zona A;2218625130.0;59051.53
3524204;Jaborandi;SP;Sudeste;3508;Ribeirão Preto;do Entorno;350032;Barretos;do Entorno;Centro Local;247094751.0;39719.46
3524303;Jaboticabal;SP;Sudeste;3508;Ribeirão Preto;do Entorno;350031;Ribeirão Preto;do Entorno;Centro Sub-Regional B;4156253295.0;57869.61
3524402;Jacareí;SP;Sudeste;3511;São José dos Campos;do Entorno;350049;São José dos Campos;do Entorno;Capital Regional B;19692996445.0;81960.24
3524501;Jaci;SP;Sudeste;3507;São José do Rio Preto;do Entorno;350025;São José do Rio Preto;do Entorno;Capital Regional B;880800415.0;115696.89
3524600;Jacupiranga;SP;Sudeste;3502;Sorocaba;do Entorno;350005;Registro;do Entorno;Centro Local;698900817.0;43418.08
3524709;Jaguariúna;SP;Sudeste;3510;Campinas;do Entorno;350038;Campinas;do Entorno;Centro Local;14680877677.0;247373.54
3524808;Jales;SP;Sudeste;3507;São José do Rio Preto;do Entorno;350028;Jales;Polo;Centro Sub-Regional B;2590208251.0;53104.15
3524907;Jambeiro;SP;Sudeste;3511;São José dos Campos;do Entorno;350049;São José dos Campos;do Entorno;Capital Regional B;461642156.0;72165.41
3525003;Jandira;SP;Sudeste;3501;São Paulo;do Entorno;350001;São Paulo;do Entorno;Grande Metrópole Nacional;5547106684.0;46991.46
3525102;Jardinópolis;SP;Sudeste;3508;Ribeirão Preto;do Entorno;350031;Ribeirão Preto;do Entorno;Capital Regional A;2398612345.0;52970.55
3525201;Jarinu;SP;Sudeste;3510;Campinas;do Entorno;350039;Jundiaí;do Entorno;Capital Regional C;3546443823.0;94483.65
3525300;Jaú;SP;Sudeste;3503;Bauru;do Entorno;350010;Jaú;Polo;Capital Regional C;6542932931.0;49011.83
3525409;Jeriquara;SP;Sudeste;3508;Ribeirão Preto;do Entorno;350033;Franca;do Entorno;Centro Local;308788507.0;79934.9
3525508;Joanópolis;SP;Sudeste;3510;Campinas;do Entorno;350041;Bragança Paulista;do Entorno;Centro Local;335736757.0;26198.73
3525607;João Ramalho;SP;Sudeste;3505;Presidente Prudente;do Entorno;350018;Presidente Prudente;do Entorno;Centro Local;186999917.0;42781.95
3525706;José Bonifácio;SP;Sudeste;3507;São José do Rio Preto;do Entorno;350025;São José do Rio Preto;do Entorno;Centro de Zona A;1940540325.0;52972.47
3525805;Júlio Mesquita;SP;Sudeste;3504;Marília;do Entorno;350013;Marília;do Entorno;Centro Local;82839206.0;19473.25
3525854;Jumirim;SP;Sudeste;3502;Sorocaba;do Entorno;350003;Sorocaba;do Entorno;Centro Local;287950527.0;94224.65
3525904;Jundiaí;SP;Sudeste;3510;Campinas;do Entorno;350039;Jundiaí;Polo;Capital Regional C;65418378096.0;147597.65
3526001;Junqueirópolis;SP;Sudeste;3505;Presidente Prudente;do Entorno;350020;Dracena;do Entorno;Centro Local;940870636.0;46012.84
3526100;Juquiá;SP;Sudeste;3502;Sorocaba;do Entorno;350005;Registro;do Entorno;Centro Local;446417514.0;26024.11
3526209;Juquitiba;SP;Sudeste;3501;São Paulo;do Entorno;350001;São Paulo;do Entorno;Centro Local;660665184.0;24108.35
3526308;Lagoinha;SP;Sudeste;3511;São José dos Campos;do Entorno;350050;Taubaté - Pindamonhangaba;do Entorno;Centro Local;101410723.0;19950.96
3526407;Laranjal Paulista;SP;Sudeste;3510;Campinas;do Entorno;350040;Piracicaba;do Entorno;Centro de Zona B;1688979269.0;64315.12
3526506;Lavínia;SP;Sudeste;3506;Araçatuba;do Entorno;350024;Andradina;do Entorno;Centro Local;262293976.0;27071.32
3526605;Lavrinhas;SP;Sudeste;3511;São José dos Campos;do Entorno;350053;Cruzeiro;do Entorno;Centro Sub-Regional B;169896176.0;23692.12
3526704;Leme;SP;Sudeste;3510;Campinas;do Entorno;350045;Araras;do Entorno;Centro Sub-Regional B;4938511737.0;50310.32
3526803;Lençóis Paulista;SP;Sudeste;3503;Bauru;do Entorno;350009;Bauru;do Entorno;Centro Sub-Regional B;6564647742.0;98709.09
3526902;Limeira;SP;Sudeste;3510;Campinas;do Entorno;350042;Limeira;Polo;Capital Regional C;20876940083.0;71528.46
3527009;Lindóia;SP;Sudeste;3510;Campinas;do Entorno;350048;Amparo;do Entorno;Centro Local;405308216.0;57785.6
3527108;Lins;SP;Sudeste;3503;Bauru;do Entorno;350012;Lins;Polo;Centro Sub-Regional B;8610362609.0;115144.13
3527207;Lorena;SP;Sudeste;3511;São José dos Campos;do Entorno;350052;Guaratinguetá;do Entorno;Centro Sub-Regional A;4501317953.0;53047.17
3527256;Lourdes;SP;Sudeste;3506;Araçatuba;do Entorno;350023;Birigui - Penápolis;do Entorno;Centro Local;55440123.0;28430.83
3527306;Louveira;SP;Sudeste;3510;Campinas;do Entorno;350039;Jundiaí;do Entorno;Capital Regional C;20154612051.0;388732.46
3527405;Lucélia;SP;Sudeste;3505;Presidente Prudente;do Entorno;350019;Adamantina - Lucélia;Polo;Centro Sub-Regional B;600068339.0;29912.18
3527504;Lucianópolis;SP;Sudeste;3503;Bauru;do Entorno;350009;Bauru;do Entorno;Centro Local;138654329.0;58454.61
3527603;Luís Antônio;SP;Sudeste;3508;Ribeirão Preto;do Entorno;350031;Ribeirão Preto;do Entorno;Centro Local;2385616849.0;194506.06
3527702;Luiziânia;SP;Sudeste;3506;Araçatuba;do Entorno;350023;Birigui - Penápolis;do Entorno;Centro Local;117808607.0;25060.33
3527801;Lupércio;SP;Sudeste;3504;Marília;do Entorno;350013;Marília;do Entorno;Centro Local;115243875.0;28948.47
3527900;Lutécia;SP;Sudeste;3504;Marília;do Entorno;350014;Assis;do Entorno;Centro Local;135644625.0;50975.06
3528007;Macatuba;SP;Sudeste;3503;Bauru;do Entorno;350009;Bauru;do Entorno;Centro Local;691847287.0;41110.42
3528106;Macaubal;SP;Sudeste;3507;São José do Rio Preto;do Entorno;350025;São José do Rio Preto;do Entorno;Centro Local;245038153.0;32754.73
3528205;Macedônia;SP;Sudeste;3507;São José do Rio Preto;do Entorno;350029;Fernandópolis;do Entorno;Centro Sub-Regional A;123749527.0;31226.22
3528304;Magda;SP;Sudeste;3506;Araçatuba;do Entorno;350022;Araçatuba;do Entorno;Centro Local;168948851.0;53380.36
3528403;Mairinque;SP;Sudeste;3502;Sorocaba;do Entorno;350003;Sorocaba;do Entorno;Centro Sub-Regional B;2923463212.0;58437.71
3528502;Mairiporã;SP;Sudeste;3501;São Paulo;do Entorno;350001;São Paulo;do Entorno;Grande Metrópole Nacional;2767181265.0;29484.21
3528601;Manduri;SP;Sudeste;3502;Sorocaba;do Entorno;350007;Avaré;do Entorno;Centro de Zona B;361118423.0;36583.77
3528700;Marabá Paulista;SP;Sudeste;3505;Presidente Prudente;do Entorno;350021;Presidente Epitácio-Presidente Venceslau;do Entorno;Centro Local;201667809.0;44099.67
3528809;Maracaí;SP;Sudeste;3504;Marília;do Entorno;350014;Assis;do Entorno;Centro Local;1039675675.0;82038.64
3528858;Marapoama;SP;Sudeste;3507;São José do Rio Preto;do Entorno;350026;Catanduva;do Entorno;Capital Regional C;163561590.0;49684.57
3528908;Mariápolis;SP;Sudeste;3505;Presidente Prudente;do Entorno;350019;Adamantina - Lucélia;do Entorno;Centro Sub-Regional B;90254596.0;25691.6
3529005;Marília;SP;Sudeste;3504;Marília;Polo;350013;Marília;Polo;Capital Regional C;12507570770.0;52635.31
3529104;Marinópolis;SP;Sudeste;3507;São José do Rio Preto;do Entorno;350028;Jales;do Entorno;Centro Local;56364596.0;30303.55
3529203;Martinópolis;SP;Sudeste;3505;Presidente Prudente;do Entorno;350018;Presidente Prudente;do Entorno;Centro Local;949416286.0;38158.28
3529302;Matão;SP;Sudeste;3509;Araraquara;do Entorno;350036;Araraquara;do Entorno;Centro Sub-Regional B;7646780494.0;96754.27
3529401;Mauá;SP;Sudeste;3501;São Paulo;do Entorno;350001;São Paulo;do Entorno;Grande Metrópole Nacional;25000732020.0;59773.04
3529500;Mendonça;SP;Sudeste;3507;São José do Rio Preto;do Entorno;350025;São José do Rio Preto;do Entorno;Centro Local;593744816.0;96402.8
3529609;Meridiano;SP;Sudeste;3507;São José do Rio Preto;do Entorno;350029;Fernandópolis;do Entorno;Centro Local;437548090.0;95701.68
3529658;Mesópolis;SP;Sudeste;3507;São José do Rio Preto;do Entorno;350028;Jales;do Entorno;Centro Local;108331327.0;55497.61
3529708;Miguelópolis;SP;Sudeste;3508;Ribeirão Preto;do Entorno;350035;Ituverava;do Entorno;Centro Local;1113098239.0;57255.19
3529807;Mineiros do Tietê;SP;Sudeste;3503;Bauru;do Entorno;350010;Jaú;do Entorno;Centro Local;309941386.0;27599.41
3529906;Miracatu;SP;Sudeste;3502;Sorocaba;do Entorno;350005;Registro;do Entorno;Centro Local;560826527.0;30228.35
3530003;Mira Estrela;SP;Sudeste;3507;São José do Rio Preto;do Entorno;350029;Fernandópolis;do Entorno;Centro Local;77240190.0;24708.95
3530102;Mirandópolis;SP;Sudeste;3506;Araçatuba;do Entorno;350024;Andradina;do Entorno;Centro Local;978818314.0;34979.03
3530201;Mirante do Paranapanema;SP;Sudeste;3505;Presidente Prudente;do Entorno;350018;Presidente Prudente;do Entorno;Centro Local;651108007.0;40906.45
3530300;Mirassol;SP;Sudeste;3507;São José do Rio Preto;do Entorno;350025;São José do Rio Preto;do Entorno;Capital Regional B;3345887627.0;52826.75
3530409;Mirassolândia;SP;Sudeste;3507;São José do Rio Preto;do Entorno;350025;São José do Rio Preto;do Entorno;Capital Regional B;378154379.0;80992.58
3530508;Mococa;SP;Sudeste;3510;Campinas;do Entorno;350047;São José do Rio Pardo - Mococa;Polo;Centro de Zona A;4014553266.0;59315.81
3530607;Mogi das Cruzes;SP;Sudeste;3501;São Paulo;do Entorno;350001;São Paulo;do Entorno;Grande Metrópole Nacional;26072522197.0;57745.81
3530706;Mogi Guaçu;SP;Sudeste;3510;Campinas;do Entorno;350043;Mogi Guaçu;Polo;Centro Sub-Regional A;9433837649.0;61395.03
3530805;Mogi Mirim;SP;Sudeste;3510;Campinas;do Entorno;350043;Mogi Guaçu;do Entorno;Centro Sub-Regional A;8092719130.0;87434.03
3530904;Mombuca;SP;Sudeste;3510;Campinas;do Entorno;350040;Piracicaba;do Entorno;Centro Local;179188607.0;48143.1
3531001;Monções;SP;Sudeste;3506;Araçatuba;do Entorno;350022;Araçatuba;do Entorno;Centro Local;77880840.0;40206.94
3531100;Mongaguá;SP;Sudeste;3501;São Paulo;do Entorno;350002;Santos;do Entorno;Capital Regional C;1535905805.0;24792.27
3531209;Monte Alegre do Sul;SP;Sudeste;3510;Campinas;do Entorno;350048;Amparo;do Entorno;Centro Sub-Regional B;304555388.0;35302.58
3531308;Monte Alto;SP;Sudeste;3508;Ribeirão Preto;do Entorno;350031;Ribeirão Preto;do Entorno;Centro de Zona A;3062782095.0;64379.33
3531407;Monte Aprazível;SP;Sudeste;3507;São José do Rio Preto;do Entorno;350025;São José do Rio Preto;do Entorno;Centro Local;1038559710.0;46613.99
3531506;Monte Azul Paulista;SP;Sudeste;3508;Ribeirão Preto;do Entorno;350032;Barretos;do Entorno;Centro Local;958013847.0;52780.22
3531605;Monte Castelo;SP;Sudeste;3505;Presidente Prudente;do Entorno;350020;Dracena;do Entorno;Centro Local;161947180.0;38357.93
3531704;Monteiro Lobato;SP;Sudeste;3511;São José dos Campos;do Entorno;350049;São José dos Campos;do Entorno;Capital Regional B;113890985.0;27523.2
3531803;Monte Mor;SP;Sudeste;3510;Campinas;do Entorno;350038;Campinas;do Entorno;Metrópole;6049397718.0;93554.14
3531902;Morro Agudo;SP;Sudeste;3508;Ribeirão Preto;do Entorno;350034;São Joaquim da Barra – Orlândia;do Entorno;Centro Local;1980195494.0;70890.9
3532009;Morungaba;SP;Sudeste;3510;Campinas;do Entorno;350039;Jundiaí;do Entorno;Centro Local;765640893.0;55804.73
3532058;Motuca;SP;Sudeste;3509;Araraquara;do Entorno;350036;Araraquara;do Entorno;Centro Local;171027138.0;42396.42
3532108;Murutinga do Sul;SP;Sudeste;3506;Araçatuba;do Entorno;350024;Andradina;do Entorno;Centro Local;113474072.0;30365.02
3532157;Nantes;SP;Sudeste;3505;Presidente Prudente;do Entorno;350018;Presidente Prudente;do Entorno;Centro Local;189555515.0;71261.47
3532207;Narandiba;SP;Sudeste;3505;Presidente Prudente;do Entorno;350018;Presidente Prudente;do Entorno;Capital Regional C;896056601.0;156845.2
3532306;Natividade da Serra;SP;Sudeste;3511;São José dos Campos;do Entorno;350050;Taubaté - Pindamonhangaba;do Entorno;Centro Local;159424698.0;22778.21
3532405;Nazaré Paulista;SP;Sudeste;3510;Campinas;do Entorno;350041;Bragança Paulista;do Entorno;Centro Local;595409604.0;32684.28
3532504;Neves Paulista;SP;Sudeste;3507;São José do Rio Preto;do Entorno;350025;São José do Rio Preto;do Entorno;Capital Regional B;384591644.0;39652.71
3532603;Nhandeara;SP;Sudeste;3507;São José do Rio Preto;do Entorno;350027;Votuporanga;do Entorno;Centro Local;507862208.0;51549.15
3532702;Nipoã;SP;Sudeste;3507;São José do Rio Preto;do Entorno;350025;São José do Rio Preto;do Entorno;Centro Local;146719324.0;30888.28
3532801;Nova Aliança;SP;Sudeste;3507;São José do Rio Preto;do Entorno;350025;São José do Rio Preto;do Entorno;Capital Regional B;361490478.0;54010.23
3532827;Nova Campina;SP;Sudeste;3502;Sorocaba;do Entorno;350004;Itapeva;do Entorno;Centro Local;260753457.0;30687.71
3532843;Nova Canaã Paulista;SP;Sudeste;3507;São José do Rio Preto;do Entorno;350030;Santa Fé do Sul;do Entorno;Centro Local;57172272.0;28135.96
3532868;Nova Castilho;SP;Sudeste;3506;Araçatuba;do Entorno;350022;Araçatuba;do Entorno;Centro Local;91227505.0;85901.61
3532900;Nova Europa;SP;Sudeste;3509;Araraquara;do Entorno;350036;Araraquara;do Entorno;Centro Local;556399529.0;59757.23
3533007;Nova Granada;SP;Sudeste;3507;São José do Rio Preto;do Entorno;350025;São José do Rio Preto;do Entorno;Centro Local;732340979.0;37712.6
3533106;Nova Guataporanga;SP;Sudeste;3505;Presidente Prudente;do Entorno;350020;Dracena;do Entorno;Centro Local;47451061.0;22008.84
3533205;Nova Independência;SP;Sudeste;3506;Araçatuba;do Entorno;350024;Andradina;do Entorno;Centro Local;285939288.0;62039.33
3533254;Novais;SP;Sudeste;3507;São José do Rio Preto;do Entorno;350026;Catanduva;do Entorno;Capital Regional C;105506875.0;23913.62
3533304;Nova Luzitânia;SP;Sudeste;3506;Araçatuba;do Entorno;350022;Araçatuba;do Entorno;Centro Local;70079780.0;24702.07
3533403;Nova Odessa;SP;Sudeste;3510;Campinas;do Entorno;350038;Campinas;do Entorno;Capital Regional C;5613296888.0;90509.31
3533502;Novo Horizonte;SP;Sudeste;3507;São José do Rio Preto;do Entorno;350025;São José do Rio Preto;do Entorno;Centro de Zona A;2313783253.0;60374.26
3533601;Nuporanga;SP;Sudeste;3508;Ribeirão Preto;do Entorno;350034;São Joaquim da Barra – Orlândia;do Entorno;Centro Local;1235536788.0;167167.74
3533700;Ocauçu;SP;Sudeste;3504;Marília;do Entorno;350013;Marília;do Entorno;Centro Local;163910353.0;37845.84
3533809;Óleo;SP;Sudeste;3502;Sorocaba;do Entorno;350007;Avaré;do Entorno;Centro Local;143211547.0;57010.97
3533908;Olímpia;SP;Sudeste;3508;Ribeirão Preto;do Entorno;350032;Barretos;do Entorno;Centro Sub-Regional B;3569675501.0;64815.98
3534005;Onda Verde;SP;Sudeste;3507;São José do Rio Preto;do Entorno;350025;São José do Rio Preto;do Entorno;Centro Local;370589412.0;77675.42
3534104;Oriente;SP;Sudeste;3504;Marília;do Entorno;350013;Marília;do Entorno;Capital Regional C;194078729.0;31894.61
3534203;Orindiúva;SP;Sudeste;3507;São José do Rio Preto;do Entorno;350025;São José do Rio Preto;do Entorno;Centro Local;830370242.0;137843.67
3534302;Orlândia;SP;Sudeste;3508;Ribeirão Preto;do Entorno;350034;São Joaquim da Barra – Orlândia;Polo;Centro Sub-Regional B;3247647904.0;84752.94
3534401;Osasco;SP;Sudeste;3501;São Paulo;do Entorno;350001;São Paulo;do Entorno;Grande Metrópole Nacional;119404052763.0;163878.12
3534500;Oscar Bressane;SP;Sudeste;3504;Marília;do Entorno;350013;Marília;do Entorno;Centro Local;123399289.0;49959.23
3534609;Osvaldo Cruz;SP;Sudeste;3505;Presidente Prudente;do Entorno;350019;Adamantina - Lucélia;do Entorno;Centro de Zona A;1615247661.0;51651.56
3534708;Ourinhos;SP;Sudeste;3504;Marília;do Entorno;350015;Ourinhos;Polo;Centro Sub-Regional A;4902761910.0;47155.54
3534757;Ouroeste;SP;Sudeste;3507;São José do Rio Preto;do Entorno;350029;Fernandópolis;do Entorno;Centro Local;670735495.0;65157.91
3534807;Ouro Verde;SP;Sudeste;3505;Presidente Prudente;do Entorno;350020;Dracena;do Entorno;Centro Local;186891202.0;24025.09
3534906;Pacaembu;SP;Sudeste;3505;Presidente Prudente;do Entorno;350019;Adamantina - Lucélia;do Entorno;Centro Local;285243693.0;19173.47
3535002;Palestina;SP;Sudeste;3507;São José do Rio Preto;do Entorno;350025;São José do Rio Preto;do Entorno;Centro Local;603348105.0;52574.77
3535101;Palmares Paulista;SP;Sudeste;3507;São José do Rio Preto;do Entorno;350026;Catanduva;do Entorno;Centro Sub-Regional A;209646424.0;21725.02
3535200;Palmeira d'Oeste;SP;Sudeste;3507;São José do Rio Preto;do Entorno;350028;Jales;do Entorno;Centro Local;308863583.0;34692.08
3535309;Palmital;SP;Sudeste;3504;Marília;do Entorno;350014;Assis;do Entorno;Centro Local;1405806538.0;71746.79
3535408;Panorama;SP;Sudeste;3505;Presidente Prudente;do Entorno;350020;Dracena;do Entorno;Centro Local;397152926.0;26540.56
3535507;Paraguaçu Paulista;SP;Sudeste;3504;Marília;do Entorno;350014;Assis;do Entorno;Centro de Zona A;3133901500.0;76213.56
3535606;Paraibuna;SP;Sudeste;3511;São José dos Campos;do Entorno;350049;São José dos Campos;do Entorno;Centro Local;408569087.0;23126.12
3535705;Paraíso;SP;Sudeste;3507;São José do Rio Preto;do Entorno;350026;Catanduva;do Entorno;Centro Local;436076194.0;71499.62
3535804;Paranapanema;SP;Sudeste;3502;Sorocaba;do Entorno;350007;Avaré;do Entorno;Centro Local;1222547491.0;63034.16
3535903;Paranapuã;SP;Sudeste;3507;São José do Rio Preto;do Entorno;350028;Jales;do Entorno;Centro Local;160652727.0;39854.31
3536000;Parapuã;SP;Sudeste;3504;Marília;do Entorno;350016;Tupã;do Entorno;Centro Local;1150355727.0;108729.27
3536109;Pardinho;SP;Sudeste;3503;Bauru;do Entorno;350011;Botucatu;do Entorno;Centro Local;515970722.0;72133.47
3536208;Pariquera-Açu;SP;Sudeste;3502;Sorocaba;do Entorno;350005;Registro;do Entorno;Centro Local;753096869.0;39156.5
3536257;Parisi;SP;Sudeste;3507;São José do Rio Preto;do Entorno;350027;Votuporanga;do Entorno;Centro Sub-Regional B;67930902.0;23489.25
3536307;Patrocínio Paulista;SP;Sudeste;3508;Ribeirão Preto;do Entorno;350033;Franca;do Entorno;Capital Regional C;1850012193.0;127481.55
3536406;Paulicéia;SP;Sudeste;3505;Presidente Prudente;do Entorno;350020;Dracena;do Entorno;Centro Local;322393938.0;40527.21
3536505;Paulínia;SP;Sudeste;3510;Campinas;do Entorno;350038;Campinas;do Entorno;Metrópole;67067300461.0;606740.73
3536570;Paulistânia;SP;Sudeste;3503;Bauru;do Entorno;350009;Bauru;do Entorno;Centro Local;74506181.0;35648.89
3536604;Paulo de Faria;SP;Sudeste;3507;São José do Rio Preto;do Entorno;350025;São José do Rio Preto;do Entorno;Centro Local;426145814.0;57587.27
3536703;Pederneiras;SP;Sudeste;3503;Bauru;do Entorno;350009;Bauru;do Entorno;Centro de Zona A;3840420972.0;85672.05
3536802;Pedra Bela;SP;Sudeste;3510;Campinas;do Entorno;350041;Bragança Paulista;do Entorno;Centro Local;147569268.0;22505.61
3536901;Pedranópolis;SP;Sudeste;3507;São José do Rio Preto;do Entorno;350029;Fernandópolis;do Entorno;Centro Sub-Regional A;116927575.0;41954.64
3537008;Pedregulho;SP;Sudeste;3508;Ribeirão Preto;do Entorno;350033;Franca;do Entorno;Centro Local;1417487589.0;91303.55
3537107;Pedreira;SP;Sudeste;3510;Campinas;do Entorno;350038;Campinas;do Entorno;Centro Local;1817291527.0;42152.8
3537156;Pedrinhas Paulista;SP;Sudeste;3504;Marília;do Entorno;350014;Assis;do Entorno;Centro Local;177967145.0;63469.02
3537206;Pedro de Toledo;SP;Sudeste;3501;São Paulo;do Entorno;350002;Santos;do Entorno;Centro Local;208399244.0;18473.47
3537305;Penápolis;SP;Sudeste;3506;Araçatuba;do Entorno;350023;Birigui - Penápolis;Polo;Centro Sub-Regional B;2743179555.0;44475.1
3537404;Pereira Barreto;SP;Sudeste;3506;Araçatuba;do Entorno;350024;Andradina;do Entorno;Centro de Zona B;1495859413.0;62081.74
3537503;Pereiras;SP;Sudeste;3502;Sorocaba;do Entorno;350008;Tatuí;do Entorno;Centro Local;410463048.0;46979.86
3537602;Peruíbe;SP;Sudeste;3501;São Paulo;do Entorno;350002;Santos;do Entorno;Centro de Zona A;2366996023.0;34629.51
3537701;Piacatu;SP;Sudeste;3506;Araçatuba;do Entorno;350023;Birigui - Penápolis;do Entorno;Centro Local;160075041.0;29004.36
3537800;Piedade;SP;Sudeste;3502;Sorocaba;do Entorno;350003;Sorocaba;do Entorno;Centro de Zona A;1839652070.0;34730.07
3537909;Pilar do Sul;SP;Sudeste;3502;Sorocaba;do Entorno;350003;Sorocaba;do Entorno;Centro Local;1502793869.0;54411.6
3538006;Pindamonhangaba;SP;Sudeste;3511;São José dos Campos;do Entorno;350050;Taubaté - Pindamonhangaba;Polo;Capital Regional B;13674680185.0;82662.43
3538105;Pindorama;SP;Sudeste;3507;São José do Rio Preto;do Entorno;350026;Catanduva;do Entorno;Capital Regional C;733295538.0;50426.04
3538204;Pinhalzinho;SP;Sudeste;3510;Campinas;do Entorno;350041;Bragança Paulista;do Entorno;Centro Local;416404895.0;27351.87
3538303;Piquerobi;SP;Sudeste;3505;Presidente Prudente;do Entorno;350021;Presidente Epitácio-Presidente Venceslau;do Entorno;Centro Local;100296285.0;30728.03
3538501;Piquete;SP;Sudeste;3511;São José dos Campos;do Entorno;350052;Guaratinguetá;do Entorno;Centro Local;227360717.0;18203.42
3538600;Piracaia;SP;Sudeste;3510;Campinas;do Entorno;350041;Bragança Paulista;do Entorno;Centro Local;799448681.0;30713.77
3538709;Piracicaba;SP;Sudeste;3510;Campinas;do Entorno;350040;Piracicaba;Polo;Capital Regional C;44351587750.0;104770.09
3538808;Piraju;SP;Sudeste;3504;Marília;do Entorno;350017;Piraju;Polo;Centro de Zona A;1088629415.0;36982.93
3538907;Pirajuí;SP;Sudeste;3503;Bauru;do Entorno;350009;Bauru;do Entorno;Centro Local;737808736.0;32892.37
3539004;Pirangi;SP;Sudeste;3507;São José do Rio Preto;do Entorno;350026;Catanduva;do Entorno;Centro Local;535545259.0;49200.3
3539103;Pirapora do Bom Jesus;SP;Sudeste;3501;São Paulo;do Entorno;350001;São Paulo;do Entorno;Grande Metrópole Nacional;693313531.0;37741.62
3539202;Pirapozinho;SP;Sudeste;3505;Presidente Prudente;do Entorno;350018;Presidente Prudente;do Entorno;Capital Regional C;1410928462.0;55662.32
3539301;Pirassununga;SP;Sudeste;3509;Araraquara;do Entorno;350037;São Carlos;do Entorno;Centro Sub-Regional B;4304413432.0;58527.61
3539400;Piratininga;SP;Sudeste;3503;Bauru;do Entorno;350009;Bauru;do Entorno;Capital Regional B;389654818.0;25791.29
3539509;Pitangueiras;SP;Sudeste;3508;Ribeirão Preto;do Entorno;350031;Ribeirão Preto;do Entorno;Centro Sub-Regional B;1830159520.0;54349.34
3539608;Planalto;SP;Sudeste;3507;São José do Rio Preto;do Entorno;350025;São José do Rio Preto;do Entorno;Centro Local;331486812.0;75526.73
3539707;Platina;SP;Sudeste;3504;Marília;do Entorno;350014;Assis;do Entorno;Centro Local;160405565.0;53026.63
3539806;Poá;SP;Sudeste;3501;São Paulo;do Entorno;350001;São Paulo;do Entorno;Grande Metrópole Nacional;4610760103.0;44434.64
3539905;Poloni;SP;Sudeste;3507;São José do Rio Preto;do Entorno;350025;São José do Rio Preto;do Entorno;Centro Local;199994460.0;35764.39
3540002;Pompéia;SP;Sudeste;3504;Marília;do Entorno;350013;Marília;do Entorno;Centro Local;2509065063.0;124235.74
3540101;Pongaí;SP;Sudeste;3503;Bauru;do Entorno;350012;Lins;do Entorno;Centro Local;124380214.0;36636.29
3540200;Pontal;SP;Sudeste;3508;Ribeirão Preto;do Entorno;350031;Ribeirão Preto;do Entorno;Centro Local;2153953579.0;57275.34
3540259;Pontalinda;SP;Sudeste;3507;São José do Rio Preto;do Entorno;350028;Jales;do Entorno;Centro Local;131996978.0;31983.76
3540309;Pontes Gestal;SP;Sudeste;3507;São José do Rio Preto;do Entorno;350027;Votuporanga;do Entorno;Centro Local;152498657.0;63887.16
3540408;Populina;SP;Sudeste;3507;São José do Rio Preto;do Entorno;350028;Jales;do Entorno;Centro Local;156037352.0;37808.91
3540507;Porangaba;SP;Sudeste;3502;Sorocaba;do Entorno;350008;Tatuí;do Entorno;Centro Local;309199549.0;29585.64
3540606;Porto Feliz;SP;Sudeste;3502;Sorocaba;do Entorno;350003;Sorocaba;do Entorno;Centro de Zona A;5067048835.0;89687.04
3540705;Porto Ferreira;SP;Sudeste;3509;Araraquara;do Entorno;350037;São Carlos;do Entorno;Centro Sub-Regional B;3069355360.0;58298.46
3540754;Potim;SP;Sudeste;3511;São José dos Campos;do Entorno;350052;Guaratinguetá;do Entorno;Capital Regional C;355270826.0;17422.07
3540804;Potirendaba;SP;Sudeste;3507;São José do Rio Preto;do Entorno;350025;São José do Rio Preto;do Entorno;Centro Local;1017222502.0;54996.89
3540853;Pracinha;SP;Sudeste;3505;Presidente Prudente;do Entorno;350019;Adamantina - Lucélia;do Entorno;Centro Sub-Regional B;44001326.0;17068.01
3540903;Pradópolis;SP;Sudeste;3508;Ribeirão Preto;do Entorno;350031;Ribeirão Preto;do Entorno;Centro Local;1456795944.0;85302.49
3541000;Praia Grande;SP;Sudeste;3501;São Paulo;do Entorno;350002;Santos;do Entorno;Capital Regional C;11396645549.0;32567.89
3541059;Pratânia;SP;Sudeste;3503;Bauru;do Entorno;350011;Botucatu;do Entorno;Centro Local;252654531.0;49288.83
3541109;Presidente Alves;SP;Sudeste;3503;Bauru;do Entorno;350009;Bauru;do Entorno;Centro Local;112971570.0;29698.1
3541208;Presidente Bernardes;SP;Sudeste;3505;Presidente Prudente;do Entorno;350018;Presidente Prudente;do Entorno;Capital Regional C;351783368.0;24277.67
3541307;Presidente Epitácio;SP;Sudeste;3505;Presidente Prudente;do Entorno;350021;Presidente Epitácio-Presidente Venceslau;Polo;Centro de Zona A;1521762210.0;38520.75
3541406;Presidente Prudente;SP;Sudeste;3505;Presidente Prudente;Polo;350018;Presidente Prudente;Polo;Capital Regional C;11617598706.0;51480.93
3541505;Presidente Venceslau;SP;Sudeste;3505;Presidente Prudente;do Entorno;350021;Presidente Epitácio-Presidente Venceslau;Polo;Centro de Zona A;1096298255.0;31143.95
3541604;Promissão;SP;Sudeste;3503;Bauru;do Entorno;350012;Lins;do Entorno;Centro Local;3349680915.0;95348.29
3541653;Quadra;SP;Sudeste;3502;Sorocaba;do Entorno;350008;Tatuí;do Entorno;Centro Local;209960369.0;61662.37
3541703;Quatá;SP;Sudeste;3505;Presidente Prudente;do Entorno;350018;Presidente Prudente;do Entorno;Centro Local;1087543316.0;82621.23
3541802;Queiroz;SP;Sudeste;3504;Marília;do Entorno;350016;Tupã;do Entorno;Centro Sub-Regional B;1095800380.0;335620.33
3541901;Queluz;SP;Sudeste;3511;São José dos Campos;do Entorno;350053;Cruzeiro;do Entorno;Centro Local;481508718.0;52572.19
3542008;Quintana;SP;Sudeste;3504;Marília;do Entorno;350013;Marília;do Entorno;Centro Local;371696180.0;52812.76
3542107;Rafard;SP;Sudeste;3510;Campinas;do Entorno;350040;Piracicaba;do Entorno;Centro Sub-Regional B;594930466.0;66361.46
3542206;Rancharia;SP;Sudeste;3505;Presidente Prudente;do Entorno;350018;Presidente Prudente;do Entorno;Centro Local;1999656704.0;69947.42
3542305;Redenção da Serra;SP;Sudeste;3511;São José dos Campos;do Entorno;350050;Taubaté - Pindamonhangaba;do Entorno;Capital Regional B;122058723.0;27160.37
3542404;Regente Feijó;SP;Sudeste;3505;Presidente Prudente;do Entorno;350018;Presidente Prudente;do Entorno;Capital Regional C;1293798465.0;64224.3
3542503;Reginópolis;SP;Sudeste;3503;Bauru;do Entorno;350009;Bauru;do Entorno;Centro Local;270644409.0;35322.95
3542602;Registro;SP;Sudeste;3502;Sorocaba;do Entorno;350005;Registro;Polo;Centro Sub-Regional B;2931914980.0;48908.45
3542701;Restinga;SP;Sudeste;3508;Ribeirão Preto;do Entorno;350033;Franca;do Entorno;Capital Regional C;311796861.0;48687.83
3542800;Ribeira;SP;Sudeste;3502;Sorocaba;do Entorno;350004;Itapeva;do Entorno;Centro Local;61921669.0;19770.65
3542909;Ribeirão Bonito;SP;Sudeste;3509;Araraquara;do Entorno;350037;São Carlos;do Entorno;Centro Local;494054078.0;44958.97
3543006;Ribeirão Branco;SP;Sudeste;3502;Sorocaba;do Entorno;350004;Itapeva;do Entorno;Centro Local;640748923.0;34398.93
3543105;Ribeirão Corrente;SP;Sudeste;3508;Ribeirão Preto;do Entorno;350033;Franca;do Entorno;Capital Regional C;282574463.0;61322.58
3543204;Ribeirão do Sul;SP;Sudeste;3504;Marília;do Entorno;350015;Ourinhos;do Entorno;Centro Local;326854578.0;69885.52
3543238;Ribeirão dos Índios;SP;Sudeste;3505;Presidente Prudente;do Entorno;350018;Presidente Prudente;do Entorno;Centro Local;56509323.0;27905.84
3543253;Ribeirão Grande;SP;Sudeste;3502;Sorocaba;do Entorno;350004;Itapeva;do Entorno;Centro Sub-Regional B;127268877.0;17083.07
3543303;Ribeirão Pires;SP;Sudeste;3501;São Paulo;do Entorno;350001;São Paulo;do Entorno;Grande Metrópole Nacional;4853228612.0;41997.84
3543402;Ribeirão Preto;SP;Sudeste;3508;Ribeirão Preto;Polo;350031;Ribeirão Preto;Polo;Capital Regional A;52306819755.0;74869.27
3543501;Riversul;SP;Sudeste;3502;Sorocaba;do Entorno;350004;Itapeva;do Entorno;Centro Local;119164482.0;21283.17
3543600;Rifaina;SP;Sudeste;3508;Ribeirão Preto;do Entorno;350033;Franca;do Entorno;Centro Local;232910865.0;57523.06
3543709;Rincão;SP;Sudeste;3509;Araraquara;do Entorno;350036;Araraquara;do Entorno;Capital Regional C;346936887.0;38133.31
3543808;Rinópolis;SP;Sudeste;3504;Marília;do Entorno;350016;Tupã;do Entorno;Centro Local;495679830.0;53534.92
3543907;Rio Claro;SP;Sudeste;3510;Campinas;do Entorno;350046;Rio Claro;Polo;Centro Sub-Regional A;15427116506.0;76592.54
3544004;Rio das Pedras;SP;Sudeste;3510;Campinas;do Entorno;350040;Piracicaba;do Entorno;Capital Regional C;2037525868.0;65038.49
3544103;Rio Grande da Serra;SP;Sudeste;3501;São Paulo;do Entorno;350001;São Paulo;do Entorno;Grande Metrópole Nacional;1166050396.0;26399.15
3544202;Riolândia;SP;Sudeste;3507;São José do Rio Preto;do Entorno;350027;Votuporanga;do Entorno;Centro Local;390634838.0;37892.6
3544251;Rosana;SP;Sudeste;3505;Presidente Prudente;do Entorno;350018;Presidente Prudente;do Entorno;Centro Local;1542730941.0;88459.34
3544301;Roseira;SP;Sudeste;3511;São José dos Campos;do Entorno;350052;Guaratinguetá;do Entorno;Capital Regional C;450314327.0;41572.59
3544400;Rubiácea;SP;Sudeste;3506;Araçatuba;do Entorno;350022;Araçatuba;do Entorno;Centro Local;88678676.0;32843.95
3544509;Rubinéia;SP;Sudeste;3507;São José do Rio Preto;do Entorno;350030;Santa Fé do Sul;do Entorno;Centro de Zona A;196382182.0;51234.59
3544608;Sabino;SP;Sudeste;3503;Bauru;do Entorno;350012;Lins;do Entorno;Centro Local;183224581.0;35842.05
3544707;Sagres;SP;Sudeste;3505;Presidente Prudente;do Entorno;350019;Adamantina - Lucélia;do Entorno;Centro Local;72625441.0;29355.47
3544806;Sales;SP;Sudeste;3507;São José do Rio Preto;do Entorno;350025;São José do Rio Preto;do Entorno;Centro Local;266233881.0;41359.93
3544905;Sales Oliveira;SP;Sudeste;3508;Ribeirão Preto;do Entorno;350034;São Joaquim da Barra – Orlândia;do Entorno;Centro Local;529464336.0;46399.47
3545001;Salesópolis;SP;Sudeste;3501;São Paulo;do Entorno;350001;São Paulo;do Entorno;Grande Metrópole Nacional;310985155.0;20456.86
3545100;Salmourão;SP;Sudeste;3505;Presidente Prudente;do Entorno;350019;Adamantina - Lucélia;do Entorno;Centro Local;114823550.0;23881.77
3545159;Saltinho;SP;Sudeste;3510;Campinas;do Entorno;350040;Piracicaba;do Entorno;Capital Regional C;471342306.0;57755.46
3545209;Salto;SP;Sudeste;3502;Sorocaba;do Entorno;350003;Sorocaba;do Entorno;Centro Sub-Regional A;11498958795.0;85609.32
3545308;Salto de Pirapora;SP;Sudeste;3502;Sorocaba;do Entorno;350003;Sorocaba;do Entorno;Capital Regional B;2856415228.0;65292.48
3545407;Salto Grande;SP;Sudeste;3504;Marília;do Entorno;350015;Ourinhos;do Entorno;Centro Local;394927897.0;43638.44
3545506;Sandovalina;SP;Sudeste;3505;Presidente Prudente;do Entorno;350018;Presidente Prudente;do Entorno;Centro Local;455962205.0;125092.51
3545605;Santa Adélia;SP;Sudeste;3507;São José do Rio Preto;do Entorno;350026;Catanduva;do Entorno;Centro Sub-Regional A;560338958.0;39972.82
3545704;Santa Albertina;SP;Sudeste;3507;São José do Rio Preto;do Entorno;350028;Jales;do Entorno;Centro Local;333896991.0;52228.53
3545803;Santa Bárbara d'Oeste;SP;Sudeste;3510;Campinas;do Entorno;350038;Campinas;do Entorno;Capital Regional C;10803991725.0;58926.47
3546009;Santa Branca;SP;Sudeste;3511;São José dos Campos;do Entorno;350049;São José dos Campos;do Entorno;Capital Regional B;357556385.0;25585.43
3546108;Santa Clara d'Oeste;SP;Sudeste;3507;São José do Rio Preto;do Entorno;350030;Santa Fé do Sul;do Entorno;Centro de Zona A;130552835.0;50251.28
3546207;Santa Cruz da Conceição;SP;Sudeste;3510;Campinas;do Entorno;350045;Araras;do Entorno;Centro Sub-Regional B;200489693.0;46876.24
3546256;Santa Cruz da Esperança;SP;Sudeste;3508;Ribeirão Preto;do Entorno;350031;Ribeirão Preto;do Entorno;Capital Regional A;101458892.0;47948.44
3546306;Santa Cruz das Palmeiras;SP;Sudeste;3510;Campinas;do Entorno;350044;São João da Boa Vista;do Entorno;Centro Local;788978101.0;27334.33
3546405;Santa Cruz do Rio Pardo;SP;Sudeste;3504;Marília;do Entorno;350015;Ourinhos;do Entorno;Centro Sub-Regional B;4319822468.0;93015.43
3546504;Santa Ernestina;SP;Sudeste;3508;Ribeirão Preto;do Entorno;350031;Ribeirão Preto;do Entorno;Centro Local;152154555.0;24869.98
3546603;Santa Fé do Sul;SP;Sudeste;3507;São José do Rio Preto;do Entorno;350030;Santa Fé do Sul;Polo;Centro de Zona A;1988880172.0;57161.58
3546702;Santa Gertrudes;SP;Sudeste;3510;Campinas;do Entorno;350046;Rio Claro;do Entorno;Centro Sub-Regional A;3568256895.0;151126.89
3546801;Santa Isabel;SP;Sudeste;3501;São Paulo;do Entorno;350001;São Paulo;do Entorno;Grande Metrópole Nacional;2298061229.0;43217.76
3546900;Santa Lúcia;SP;Sudeste;3509;Araraquara;do Entorno;350036;Araraquara;do Entorno;Capital Regional C;185362450.0;25928.44
3547007;Santa Maria da Serra;SP;Sudeste;3510;Campinas;do Entorno;350040;Piracicaba;do Entorno;Centro Local;197769076.0;37720.59
3547106;Santa Mercedes;SP;Sudeste;3505;Presidente Prudente;do Entorno;350020;Dracena;do Entorno;Centro Local;97262169.0;32903.3
3547205;Santana da Ponte Pensa;SP;Sudeste;3507;São José do Rio Preto;do Entorno;350030;Santa Fé do Sul;do Entorno;Centro de Zona A;56776266.0;33997.76
3547304;Santana de Parnaíba;SP;Sudeste;3501;São Paulo;do Entorno;350001;São Paulo;do Entorno;Grande Metrópole Nacional;14328397388.0;92978.15
3547403;Santa Rita d'Oeste;SP;Sudeste;3507;São José do Rio Preto;do Entorno;350030;Santa Fé do Sul;do Entorno;Centro de Zona A;105525401.0;38611.56
3547502;Santa Rita do Passa Quatro;SP;Sudeste;3509;Araraquara;do Entorno;350037;São Carlos;do Entorno;Centro Local;992179626.0;39954.08
3547601;Santa Rosa de Viterbo;SP;Sudeste;3508;Ribeirão Preto;do Entorno;350031;Ribeirão Preto;do Entorno;Centro Local;1131988610.0;48352.85
3547650;Santa Salete;SP;Sudeste;3507;São José do Rio Preto;do Entorno;350028;Jales;do Entorno;Centro Local;66139508.0;40206.39
3547700;Santo Anastácio;SP;Sudeste;3505;Presidente Prudente;do Entorno;350018;Presidente Prudente;do Entorno;Centro Local;630472796.0;35098.41
3547809;Santo André;SP;Sudeste;3501;São Paulo;do Entorno;350001;São Paulo;do Entorno;Grande Metrópole Nacional;36931350665.0;49312.88
3547908;Santo Antônio da Alegria;SP;Sudeste;3508;Ribeirão Preto;do Entorno;350031;Ribeirão Preto;do Entorno;Centro Local;282936894.0;41761.9
3548005;Santo Antônio de Posse;SP;Sudeste;3510;Campinas;do Entorno;350038;Campinas;do Entorno;Centro Local;2146889718.0;92363.18
3548054;Santo Antônio do Aracanguá;SP;Sudeste;3506;Araçatuba;do Entorno;350022;Araçatuba;do Entorno;Centro Local;380219452.0;45377.66
3548104;Santo Antônio do Jardim;SP;Sudeste;3510;Campinas;do Entorno;350044;São João da Boa Vista;do Entorno;Centro Local;253743152.0;41420.69
3548203;Santo Antônio do Pinhal;SP;Sudeste;3511;São José dos Campos;do Entorno;350050;Taubaté - Pindamonhangaba;do Entorno;Centro Local;191747438.0;26881.74
3548302;Santo Expedito;SP;Sudeste;3505;Presidente Prudente;do Entorno;350018;Presidente Prudente;do Entorno;Capital Regional C;60255674.0;20085.22
3548401;Santópolis do Aguapeí;SP;Sudeste;3506;Araçatuba;do Entorno;350023;Birigui - Penápolis;do Entorno;Centro Local;97801855.0;25083.83
3548500;Santos;SP;Sudeste;3501;São Paulo;do Entorno;350002;Santos;Polo;Capital Regional C;30961718450.0;73963.51
3548609;São Bento do Sapucaí;SP;Sudeste;3511;São José dos Campos;do Entorno;350050;Taubaté - Pindamonhangaba;do Entorno;Centro Local;354768094.0;30389.59
3548708;São Bernardo do Campo;SP;Sudeste;3501;São Paulo;do Entorno;350001;São Paulo;do Entorno;Grande Metrópole Nacional;71965791185.0;88766.77
3548807;São Caetano do Sul;SP;Sudeste;3501;São Paulo;do Entorno;350001;São Paulo;do Entorno;Grande Metrópole Nacional;22553448009.0;136147.1
3548906;São Carlos;SP;Sudeste;3509;Araraquara;do Entorno;350037;São Carlos;Polo;Capital Regional C;18386920167.0;72146.03
3549003;São Francisco;SP;Sudeste;3507;São José do Rio Preto;do Entorno;350028;Jales;do Entorno;Centro Local;59556069.0;22888.57
3549102;São João da Boa Vista;SP;Sudeste;3510;Campinas;do Entorno;350044;São João da Boa Vista;Polo;Centro Sub-Regional A;5011180867.0;54147.42
3549201;São João das Duas Pontes;SP;Sudeste;3507;São José do Rio Preto;do Entorno;350029;Fernandópolis;do Entorno;Centro Local;72713498.0;28183.53
3549250;São João de Iracema;SP;Sudeste;3507;São José do Rio Preto;do Entorno;350029;Fernandópolis;do Entorno;Centro Local;69614459.0;37710.97
3549300;São João do Pau d'Alho;SP;Sudeste;3505;Presidente Prudente;do Entorno;350020;Dracena;do Entorno;Centro Local;83376430.0;37188.42
3549409;São Joaquim da Barra;SP;Sudeste;3508;Ribeirão Preto;do Entorno;350034;São Joaquim da Barra – Orlândia;Polo;Centro Sub-Regional B;2733786441.0;56299.4
3549508;São José da Bela Vista;SP;Sudeste;3508;Ribeirão Preto;do Entorno;350033;Franca;do Entorno;Centro Local;336021818.0;44062.66
3549607;São José do Barreiro;SP;Sudeste;3511;São José dos Campos;do Entorno;350053;Cruzeiro;do Entorno;Centro Local;80553126.0;20906.6
3549706;São José do Rio Pardo;SP;Sudeste;3510;Campinas;do Entorno;350047;São José do Rio Pardo - Mococa;Polo;Centro Sub-Regional B;2876972561.0;55109.14
3549805;São José do Rio Preto;SP;Sudeste;3507;São José do Rio Preto;Polo;350025;São José do Rio Preto;Polo;Capital Regional B;26390120821.0;54934.44
3549904;São José dos Campos;SP;Sudeste;3511;São José dos Campos;Polo;350049;São José dos Campos;Polo;Capital Regional B;61394524128.0;88077.14
3549953;São Lourenço da Serra;SP;Sudeste;3501;São Paulo;do Entorno;350001;São Paulo;do Entorno;Grande Metrópole Nacional;346115309.0;21542.0
3550001;São Luiz do Paraitinga;SP;Sudeste;3511;São José dos Campos;do Entorno;350050;Taubaté - Pindamonhangaba;do Entorno;Centro Local;252579139.0;24434.47
3550100;São Manuel;SP;Sudeste;3503;Bauru;do Entorno;350011;Botucatu;do Entorno;Centro de Zona A;1889877382.0;50681.9
3550209;São Miguel Arcanjo;SP;Sudeste;3502;Sorocaba;do Entorno;350006;Itapetininga;do Entorno;Centro Local;1157726376.0;36134.91
3550308;São Paulo;SP;Sudeste;3501;São Paulo;Polo;350001;São Paulo;Polo;Grande Metrópole Nacional;1066825104983.0;93156.23
3550407;São Pedro;SP;Sudeste;3510;Campinas;do Entorno;350040;Piracicaba;do Entorno;Centro Local;1243177030.0;32496.26
3550506;São Pedro do Turvo;SP;Sudeste;3504;Marília;do Entorno;350015;Ourinhos;do Entorno;Centro Local;393936414.0;54584.51
3550605;São Roque;SP;Sudeste;3502;Sorocaba;do Entorno;350003;Sorocaba;do Entorno;Centro Sub-Regional B;4532567306.0;57024.9
3550704;São Sebastião;SP;Sudeste;3511;São José dos Campos;do Entorno;350051;Caraguatatuba - Ubatuba - São Sebastião;Polo;Centro Sub-Regional B;17400619207.0;213255.95
3550803;São Sebastião da Grama;SP;Sudeste;3510;Campinas;do Entorno;350047;São José do Rio Pardo - Mococa;do Entorno;Centro Local;481876411.0;46152.32
3550902;São Simão;SP;Sudeste;3508;Ribeirão Preto;do Entorno;350031;Ribeirão Preto;do Entorno;Centro Local;648091535.0;48213.92
3551009;São Vicente;SP;Sudeste;3501;São Paulo;do Entorno;350002;Santos;do Entorno;Capital Regional C;7414656300.0;22474.72
3551108;Sarapuí;SP;Sudeste;3502;Sorocaba;do Entorno;350003;Sorocaba;do Entorno;Centro Local;270123317.0;26051.05
3551207;Sarutaiá;SP;Sudeste;3504;Marília;do Entorno;350017;Piraju;do Entorno;Centro Local;115634692.0;31218.87
3551306;Sebastianópolis do Sul;SP;Sudeste;3507;São José do Rio Preto;do Entorno;350027;Votuporanga;do Entorno;Centro Sub-Regional B;454541519.0;145220.93
3551405;Serra Azul;SP;Sudeste;3508;Ribeirão Preto;do Entorno;350031;Ribeirão Preto;do Entorno;Capital Regional A;269296727.0;21127.94
3551504;Serrana;SP;Sudeste;3508;Ribeirão Preto;do Entorno;350031;Ribeirão Preto;do Entorno;Capital Regional A;1454534798.0;33126.12
3551603;Serra Negra;SP;Sudeste;3510;Campinas;do Entorno;350048;Amparo;do Entorno;Centro Local;1025007433.0;34288.07
3551702;Sertãozinho;SP;Sudeste;3508;Ribeirão Preto;do Entorno;350031;Ribeirão Preto;do Entorno;Centro Sub-Regional A;9075017911.0;71520.47
3551801;Sete Barras;SP;Sudeste;3502;Sorocaba;do Entorno;350005;Registro;do Entorno;Centro Local;461849310.0;36280.39
3551900;Severínia;SP;Sudeste;3508;Ribeirão Preto;do Entorno;350032;Barretos;do Entorno;Centro Local;340596560.0;23366.94
3552007;Silveiras;SP;Sudeste;3511;São José dos Campos;do Entorno;350053;Cruzeiro;do Entorno;Centro Local;116266107.0;18795.04
3552106;Socorro;SP;Sudeste;3510;Campinas;do Entorno;350041;Bragança Paulista;do Entorno;Centro Local;1449300539.0;36122.34
3552205;Sorocaba;SP;Sudeste;3502;Sorocaba;Polo;350003;Sorocaba;Polo;Capital Regional B;58816286432.0;81273.66
3552304;Sud Mennucci;SP;Sudeste;3506;Araçatuba;do Entorno;350024;Andradina;do Entorno;Centro Local;302800668.0;41169.36
3552403;Sumaré;SP;Sudeste;3510;Campinas;do Entorno;350038;Campinas;do Entorno;Metrópole;19026093466.0;68060.93
3552502;Suzano;SP;Sudeste;3501;São Paulo;do Entorno;350001;São Paulo;do Entorno;Grande Metrópole Nacional;18618697595.0;60562.59
3552551;Suzanápolis;SP;Sudeste;3507;São José do Rio Preto;do Entorno;350028;Jales;do Entorno;Centro Local;511504073.0;150089.22
3552601;Tabapuã;SP;Sudeste;3507;São José do Rio Preto;do Entorno;350026;Catanduva;do Entorno;Centro Local;397691073.0;35122.41
3552700;Tabatinga;SP;Sudeste;3509;Araraquara;do Entorno;350036;Araraquara;do Entorno;Centro Local;512361457.0;34691.68
3552809;Taboão da Serra;SP;Sudeste;3501;São Paulo;do Entorno;350001;São Paulo;do Entorno;Grande Metrópole Nacional;12084179332.0;44176.69
3552908;Taciba;SP;Sudeste;3505;Presidente Prudente;do Entorno;350018;Presidente Prudente;do Entorno;Capital Regional C;242091189.0;38672.71
3553005;Taguaí;SP;Sudeste;3502;Sorocaba;do Entorno;350007;Avaré;do Entorno;Centro Local;409335494.0;32310.01
3553104;Taiaçu;SP;Sudeste;3508;Ribeirão Preto;do Entorno;350032;Barretos;do Entorno;Centro Local;155640314.0;27415.94
3553203;Taiúva;SP;Sudeste;3508;Ribeirão Preto;do Entorno;350032;Barretos;do Entorno;Centro Local;188353340.0;28765.02
3553302;Tambaú;SP;Sudeste;3510;Campinas;do Entorno;350044;São João da Boa Vista;do Entorno;Centro Local;966714250.0;45099.8
3553401;Tanabi;SP;Sudeste;3507;São José do Rio Preto;do Entorno;350025;São José do Rio Preto;do Entorno;Centro Local;1592466950.0;63030.55
3553500;Tapiraí;SP;Sudeste;3502;Sorocaba;do Entorno;350003;Sorocaba;do Entorno;Centro Local;223954353.0;28008.3
3553609;Tapiratiba;SP;Sudeste;3510;Campinas;do Entorno;350047;São José do Rio Pardo - Mococa;do Entorno;Centro Local;358652712.0;30353.14
3553658;Taquaral;SP;Sudeste;3508;Ribeirão Preto;do Entorno;350032;Barretos;do Entorno;Centro Local;92382788.0;35274.07
3553708;Taquaritinga;SP;Sudeste;3509;Araraquara;do Entorno;350036;Araraquara;do Entorno;Centro Sub-Regional B;2307144805.0;44147.43
3553807;Taquarituba;SP;Sudeste;3502;Sorocaba;do Entorno;350007;Avaré;do Entorno;Centro de Zona B;1279103093.0;52529.9
3553856;Taquarivaí;SP;Sudeste;3502;Sorocaba;do Entorno;350004;Itapeva;do Entorno;Centro Local;433013790.0;62974.66
3553906;Tarabai;SP;Sudeste;3505;Presidente Prudente;do Entorno;350018;Presidente Prudente;do Entorno;Capital Regional C;187170910.0;28636.92
3553955;Tarumã;SP;Sudeste;3504;Marília;do Entorno;350014;Assis;do Entorno;Centro Local;1153082930.0;77481.72
3554003;Tatuí;SP;Sudeste;3502;Sorocaba;do Entorno;350008;Tatuí;Polo;Centro Sub-Regional B;6784534581.0;54739.59
3554102;Taubaté;SP;Sudeste;3511;São José dos Campos;do Entorno;350050;Taubaté - Pindamonhangaba;Polo;Capital Regional B;22607800468.0;72754.95
3554201;Tejupá;SP;Sudeste;3504;Marília;do Entorno;350017;Piraju;do Entorno;Centro Local;341127352.0;82657.46
3554300;Teodoro Sampaio;SP;Sudeste;3505;Presidente Prudente;do Entorno;350018;Presidente Prudente;do Entorno;Centro Local;822760153.0;37106.4
3554409;Terra Roxa;SP;Sudeste;3508;Ribeirão Preto;do Entorno;350032;Barretos;do Entorno;Centro Local;237426174.0;30038.74
3554508;Tietê;SP;Sudeste;3502;Sorocaba;do Entorno;350003;Sorocaba;do Entorno;Centro Sub-Regional B;2954947719.0;78457.58
3554607;Timburi;SP;Sudeste;3504;Marília;do Entorno;350017;Piraju;do Entorno;Centro Local;80267648.0;32576.16
3554656;Torre de Pedra;SP;Sudeste;3502;Sorocaba;do Entorno;350008;Tatuí;do Entorno;Centro Local;44086733.0;21547.77
3554706;Torrinha;SP;Sudeste;3503;Bauru;do Entorno;350010;Jaú;do Entorno;Centro Local;380075254.0;40715.08
3554755;Trabiju;SP;Sudeste;3509;Araraquara;do Entorno;350036;Araraquara;do Entorno;Centro Local;66640706.0;39619.92
3554805;Tremembé;SP;Sudeste;3511;São José dos Campos;do Entorno;350050;Taubaté - Pindamonhangaba;do Entorno;Capital Regional B;1091770581.0;21334.89
3554904;Três Fronteiras;SP;Sudeste;3507;São José do Rio Preto;do Entorno;350030;Santa Fé do Sul;do Entorno;Centro de Zona A;155504752.0;22854.9
3554953;Tuiuti;SP;Sudeste;3510;Campinas;do Entorno;350041;Bragança Paulista;do Entorno;Centro Local;239682024.0;35361.76
3555000;Tupã;SP;Sudeste;3504;Marília;do Entorno;350016;Tupã;Polo;Centro Sub-Regional B;3128301710.0;48934.77
3555109;Tupi Paulista;SP;Sudeste;3505;Presidente Prudente;do Entorno;350020;Dracena;do Entorno;Centro Local;446937811.0;28190.85
3555208;Turiúba;SP;Sudeste;3506;Araçatuba;do Entorno;350023;Birigui - Penápolis;do Entorno;Centro Local;88091265.0;48455.04
3555307;Turmalina;SP;Sudeste;3507;São José do Rio Preto;do Entorno;350028;Jales;do Entorno;Centro Local;100226090.0;60051.58
3555356;Ubarana;SP;Sudeste;3507;São José do Rio Preto;do Entorno;350025;São José do Rio Preto;do Entorno;Centro Local;298745870.0;55684.23
3555406;Ubatuba;SP;Sudeste;3511;São José dos Campos;do Entorno;350051;Caraguatatuba - Ubatuba - São Sebastião;Polo;Centro Sub-Regional B;3506919269.0;37716.51
3555505;Ubirajara;SP;Sudeste;3503;Bauru;do Entorno;350009;Bauru;do Entorno;Centro Local;201026244.0;39171.13
3555604;Uchoa;SP;Sudeste;3507;São José do Rio Preto;do Entorno;350025;São José do Rio Preto;do Entorno;Capital Regional B;521823515.0;50204.3
3555703;União Paulista;SP;Sudeste;3507;São José do Rio Preto;do Entorno;350025;São José do Rio Preto;do Entorno;Centro Local;72243943.0;45067.96
3555802;Urânia;SP;Sudeste;3507;São José do Rio Preto;do Entorno;350028;Jales;do Entorno;Centro Local;366620323.0;41505.75
3555901;Uru;SP;Sudeste;3503;Bauru;do Entorno;350012;Lins;do Entorno;Centro Local;66749681.0;48125.22
3556008;Urupês;SP;Sudeste;3507;São José do Rio Preto;do Entorno;350025;São José do Rio Preto;do Entorno;Centro Local;647135023.0;47084.91
3556107;Valentim Gentil;SP;Sudeste;3507;São José do Rio Preto;do Entorno;350027;Votuporanga;do Entorno;Centro Local;565653229.0;40122.94
3556206;Valinhos;SP;Sudeste;3510;Campinas;do Entorno;350038;Campinas;do Entorno;Metrópole;10200700888.0;80718.99
3556305;Valparaíso;SP;Sudeste;3506;Araçatuba;do Entorno;350022;Araçatuba;do Entorno;Centro Local;1426927115.0;58864.2
3556354;Vargem;SP;Sudeste;3510;Campinas;do Entorno;350041;Bragança Paulista;do Entorno;Centro Local;222012401.0;21119.9
3556404;Vargem Grande do Sul;SP;Sudeste;3510;Campinas;do Entorno;350044;São João da Boa Vista;do Entorno;Centro Local;1431641524.0;35672.43
3556453;Vargem Grande Paulista;SP;Sudeste;3501;São Paulo;do Entorno;350001;São Paulo;do Entorno;Grande Metrópole Nacional;3524292853.0;69905.64
3556503;Várzea Paulista;SP;Sudeste;3510;Campinas;do Entorno;350039;Jundiaí;do Entorno;Capital Regional C;4736061572.0;40908.88
3556602;Vera Cruz;SP;Sudeste;3504;Marília;do Entorno;350013;Marília;do Entorno;Capital Regional C;302804606.0;29756.74
3556701;Vinhedo;SP;Sudeste;3510;Campinas;do Entorno;350038;Campinas;do Entorno;Metrópole;14699664334.0;192052.06
3556800;Viradouro;SP;Sudeste;3508;Ribeirão Preto;do Entorno;350032;Barretos;do Entorno;Centro Local;563835943.0;32378.31
3556909;Vista Alegre do Alto;SP;Sudeste;3507;São José do Rio Preto;do Entorno;350026;Catanduva;do Entorno;Centro Local;705941182.0;87056.5
3556958;Vitória Brasil;SP;Sudeste;3507;São José do Rio Preto;do Entorno;350028;Jales;do Entorno;Centro Sub-Regional B;64481075.0;35942.63
3557006;Votorantim;SP;Sudeste;3502;Sorocaba;do Entorno;350003;Sorocaba;do Entorno;Capital Regional B;5209654121.0;40724.92
3557105;Votuporanga;SP;Sudeste;3507;São José do Rio Preto;do Entorno;350027;Votuporanga;Polo;Centro Sub-Regional B;4582202643.0;47418.12
3557154;Zacarias;SP;Sudeste;3506;Araçatuba;do Entorno;350023;Birigui - Penápolis;do Entorno;Centro Local;177562313.0;65959.25
3557204;Chavantes;SP;Sudeste;3504;Marília;do Entorno;350015;Ourinhos;do Entorno;Centro Local;477220027.0;39081.16
3557303;Estiva Gerbi;SP;Sudeste;3510;Campinas;do Entorno;350043;Mogi Guaçu;do Entorno;Centro Sub-Regional A;532211875.0;47119.25
4100103;Abatiá;PR;Sul;4105;Londrina;do Entorno;410022;Santo Antônio da Platina;do Entorno;Centro Local;297166248.0;41039.39
4100202;Adrianópolis;PR;Sul;4101;Curitiba;do Entorno;410001;Curitiba;do Entorno;Centro Local;467129251.0;74669.0
4100301;Agudos do Sul;PR;Sul;4101;Curitiba;do Entorno;410001;Curitiba;do Entorno;Centro Local;279388380.0;27302.69
4100400;Almirante Tamandaré;PR;Sul;4101;Curitiba;do Entorno;410001;Curitiba;do Entorno;Metrópole;2242619546.0;18715.79
4100459;Altamira do Paraná;PR;Sul;4104;Maringá;do Entorno;410015;Campo Mourão;do Entorno;Centro Local;115509036.0;32175.22
4100509;Altônia;PR;Sul;4104;Maringá;do Entorno;410016;Umuarama;do Entorno;Centro Local;546400969.0;29153.82
4100608;Alto Paraná;PR;Sul;4104;Maringá;do Entorno;410017;Paranavaí;do Entorno;Centro Local;562666681.0;40453.42
4100707;Alto Piquiri;PR;Sul;4104;Maringá;do Entorno;410016;Umuarama;do Entorno;Centro Local;488593684.0;50230.67
4100806;Alvorada do Sul;PR;Sul;4105;Londrina;do Entorno;410021;Londrina;do Entorno;Centro Local;436442873.0;42266.4
4100905;Amaporã;PR;Sul;4104;Maringá;do Entorno;410017;Paranavaí;do Entorno;Centro Local;163898554.0;34418.01
4101002;Ampére;PR;Sul;4103;Cascavel;do Entorno;410009;Francisco Beltrão;do Entorno;Centro de Zona B;1001174451.0;51028.26
4101051;Anahy;PR;Sul;4103;Cascavel;do Entorno;410006;Cascavel;do Entorno;Centro Local;124322819.0;42605.49
4101101;Andirá;PR;Sul;4105;Londrina;do Entorno;410022;Santo Antônio da Platina;do Entorno;Centro Local;861172558.0;43322.9
4101150;Ângulo;PR;Sul;4104;Maringá;do Entorno;410014;Maringá;do Entorno;Centro Local;179777974.0;55572.79
4101200;Antonina;PR;Sul;4101;Curitiba;do Entorno;410002;Paranaguá;do Entorno;Centro Local;1001674868.0;55368.68
4101309;Antônio Olinto;PR;Sul;4101;Curitiba;do Entorno;410003;União da Vitória;do Entorno;Centro Local;282610628.0;40269.4
4101408;Apucarana;PR;Sul;4105;Londrina;do Entorno;410023;Apucarana;Polo;Centro Sub-Regional A;4834012856.0;37146.42
4101507;Arapongas;PR;Sul;4105;Londrina;do Entorno;410021;Londrina;do Entorno;Centro Sub-Regional A;5715471043.0;47973.54
4101606;Arapoti;PR;Sul;4106;Ponta Grossa;do Entorno;410027;Ponta Grossa;do Entorno;Centro Local;1632919107.0;63347.91
4101655;Arapuã;PR;Sul;4105;Londrina;do Entorno;410025;Ivaiporã;do Entorno;Centro Local;154285064.0;43743.99
4101705;Araruna;PR;Sul;4104;Maringá;do Entorno;410015;Campo Mourão;do Entorno;Centro Local;630796431.0;43548.25
4101804;Araucária;PR;Sul;4101;Curitiba;do Entorno;410001;Curitiba;do Entorno;Metrópole;34075051609.0;224671.66
4101853;Ariranha do Ivaí;PR;Sul;4105;Londrina;do Entorno;410025;Ivaiporã;do Entorno;Centro Local;144972888.0;62246.84
4101903;Assaí;PR;Sul;4105;Londrina;do Entorno;410021;Londrina;do Entorno;Centro Local;637193778.0;46183.5
4102000;Assis Chateaubriand;PR;Sul;4103;Cascavel;do Entorno;410008;Toledo;do Entorno;Centro de Zona A;2033730672.0;55252.41
4102109;Astorga;PR;Sul;4104;Maringá;do Entorno;410014;Maringá;do Entorno;Centro Local;1164815716.0;45723.88
4102208;Atalaia;PR;Sul;4104;Maringá;do Entorno;410014;Maringá;do Entorno;Centro Local;254751637.0;64007.95
4102307;Balsa Nova;PR;Sul;4101;Curitiba;do Entorno;410001;Curitiba;do Entorno;Metrópole;1302016129.0;97201.65
4102406;Bandeirantes;PR;Sul;4105;Londrina;do Entorno;410024;Cornélio Procópio – Bandeirantes;Polo;Centro de Zona A;1362233291.0;43559.41
4102505;Barbosa Ferraz;PR;Sul;4104;Maringá;do Entorno;410015;Campo Mourão;do Entorno;Centro de Zona B;342155193.0;31695.71
4102604;Barracão;PR;Sul;4103;Cascavel;do Entorno;410009;Francisco Beltrão;do Entorno;Centro de Zona A;323296511.0;33128.04
4102703;Barra do Jacaré;PR;Sul;4105;Londrina;do Entorno;410022;Santo Antônio da Platina;do Entorno;Centro Local;187138061.0;66502.51
4102752;Bela Vista da Caroba;PR;Sul;4103;Cascavel;do Entorno;410009;Francisco Beltrão;do Entorno;Centro Local;126094802.0;31281.27
4102802;Bela Vista do Paraíso;PR;Sul;4105;Londrina;do Entorno;410021;Londrina;do Entorno;Centro Local;564053919.0;38026.96
4102901;Bituruna;PR;Sul;4101;Curitiba;do Entorno;410003;União da Vitória;do Entorno;Centro Local;656377314.0;42256.96
4103008;Boa Esperança;PR;Sul;4104;Maringá;do Entorno;410015;Campo Mourão;do Entorno;Centro Local;342930480.0;75237.05
4103024;Boa Esperança do Iguaçu;PR;Sul;4103;Cascavel;do Entorno;410012;Dois Vizinhos;do Entorno;Centro Local;165031300.0;67222.53
4103040;Boa Ventura de São Roque;PR;Sul;4102;Guarapuava;do Entorno;410005;Pitanga;do Entorno;Centro Local;449414068.0;72838.58
4103057;Boa Vista da Aparecida;PR;Sul;4103;Cascavel;do Entorno;410006;Cascavel;do Entorno;Centro Local;222436901.0;28071.29
4103107;Bocaiúva do Sul;PR;Sul;4101;Curitiba;do Entorno;410001;Curitiba;do Entorno;Metrópole;305498453.0;22971.54
4103156;Bom Jesus do Sul;PR;Sul;4103;Cascavel;do Entorno;410009;Francisco Beltrão;do Entorno;Centro Local;142417578.0;35783.31
4103206;Bom Sucesso;PR;Sul;4105;Londrina;do Entorno;410023;Apucarana;do Entorno;Centro Local;221658047.0;33681.51
4103222;Bom Sucesso do Sul;PR;Sul;4103;Cascavel;do Entorno;410010;Pato Branco;do Entorno;Centro Local;331505224.0;103530.68
4103305;Borrazópolis;PR;Sul;4105;Londrina;do Entorno;410023;Apucarana;do Entorno;Centro Local;296465288.0;38327.77
4103354;Braganey;PR;Sul;4103;Cascavel;do Entorno;410006;Cascavel;do Entorno;Centro Local;261007315.0;53771.59
4103370;Brasilândia do Sul;PR;Sul;4104;Maringá;do Entorno;410016;Umuarama;do Entorno;Centro Local;298634398.0;80537.86
4103404;Cafeara;PR;Sul;4105;Londrina;do Entorno;410021;Londrina;do Entorno;Centro Local;121532272.0;46262.76
4103453;Cafelândia;PR;Sul;4103;Cascavel;do Entorno;410006;Cascavel;do Entorno;Centro Local;2697733865.0;142008.42
4103479;Cafezal do Sul;PR;Sul;4104;Maringá;do Entorno;410016;Umuarama;do Entorno;Centro Local;199025998.0;44494.97
4103503;Califórnia;PR;Sul;4105;Londrina;do Entorno;410023;Apucarana;do Entorno;Centro Local;250999041.0;28817.34
4103602;Cambará;PR;Sul;4105;Londrina;do Entorno;410022;Santo Antônio da Platina;do Entorno;Centro Local;985512340.0;42457.02
4103701;Cambé;PR;Sul;4105;Londrina;do Entorno;410021;Londrina;do Entorno;Capital Regional B;6771172732.0;63159.21
4103800;Cambira;PR;Sul;4105;Londrina;do Entorno;410023;Apucarana;do Entorno;Centro de Zona A;349367410.0;36931.02
4103909;Campina da Lagoa;PR;Sul;4104;Maringá;do Entorno;410015;Campo Mourão;do Entorno;Centro de Zona B;674422201.0;42893.99
4103958;Campina do Simão;PR;Sul;4102;Guarapuava;do Entorno;410004;Guarapuava;do Entorno;Centro Local;195119696.0;49573.09
4104006;Campina Grande do Sul;PR;Sul;4101;Curitiba;do Entorno;410001;Curitiba;do Entorno;Metrópole;2871767402.0;60047.41
4104055;Campo Bonito;PR;Sul;4103;Cascavel;do Entorno;410006;Cascavel;do Entorno;Centro Local;237197428.0;58901.77
4104105;Campo do Tenente;PR;Sul;4101;Curitiba;do Entorno;410001;Curitiba;do Entorno;Centro Local;306673047.0;40846.17
4104204;Campo Largo;PR;Sul;4101;Curitiba;do Entorno;410001;Curitiba;do Entorno;Metrópole;7070392747.0;51863.48
4104253;Campo Magro;PR;Sul;4101;Curitiba;do Entorno;410001;Curitiba;do Entorno;Metrópole;700582723.0;23228.87
4104303;Campo Mourão;PR;Sul;4104;Maringá;do Entorno;410015;Campo Mourão;Polo;Centro Sub-Regional A;5991907747.0;60261.36
4104402;Cândido de Abreu;PR;Sul;4105;Londrina;do Entorno;410025;Ivaiporã;do Entorno;Centro Local;475234993.0;31175.22
4104428;Candói;PR;Sul;4102;Guarapuava;do Entorno;410004;Guarapuava;do Entorno;Centro Local;901448618.0;60204.94
4104451;Cantagalo;PR;Sul;4102;Guarapuava;do Entorno;410004;Guarapuava;do Entorno;Centro Local;386335113.0;35372.19
4104501;Capanema;PR;Sul;4103;Cascavel;do Entorno;410009;Francisco Beltrão;do Entorno;Centro Sub-Regional B;1592680617.0;77763.81
4104600;Capitão Leônidas Marques;PR;Sul;4103;Cascavel;do Entorno;410006;Cascavel;do Entorno;Centro Local;1300219755.0;88764.32
4104659;Carambeí;PR;Sul;4106;Ponta Grossa;do Entorno;410027;Ponta Grossa;do Entorno;Capital Regional C;1989895500.0;85465.6
4104709;Carlópolis;PR;Sul;4105;Londrina;do Entorno;410022;Santo Antônio da Platina;do Entorno;Centro Local;575813719.0;34061.74
4104808;Cascavel;PR;Sul;4103;Cascavel;Polo;410006;Cascavel;Polo;Capital Regional B;19204178185.0;55176.33
4104907;Castro;PR;Sul;4106;Ponta Grossa;do Entorno;410027;Ponta Grossa;do Entorno;Centro Sub-Regional B;4517500842.0;61820.06
4105003;Catanduvas;PR;Sul;4103;Cascavel;do Entorno;410006;Cascavel;do Entorno;Centro Local;413684795.0;39602.22
4105102;Centenário do Sul;PR;Sul;4105;Londrina;do Entorno;410021;Londrina;do Entorno;Centro Local;376524952.0;34760.43
4105201;Cerro Azul;PR;Sul;4101;Curitiba;do Entorno;410001;Curitiba;do Entorno;Centro Local;374010068.0;23181.48
4105300;Céu Azul;PR;Sul;4103;Cascavel;do Entorno;410006;Cascavel;do Entorno;Centro Local;1070583204.0;96562.03
4105409;Chopinzinho;PR;Sul;4103;Cascavel;do Entorno;410010;Pato Branco;do Entorno;Centro de Zona B;1196359965.0;56739.86
4105508;Cianorte;PR;Sul;4104;Maringá;do Entorno;410018;Cianorte;Polo;Centro Sub-Regional A;3986696636.0;50130.1
4105607;Cidade Gaúcha;PR;Sul;4104;Maringá;do Entorno;410016;Umuarama;do Entorno;Centro Local;620523946.0;54113.89
4105706;Clevelândia;PR;Sul;4103;Cascavel;do Entorno;410010;Pato Branco;do Entorno;Centro Local;915574920.0;60754.81
4105805;Colombo;PR;Sul;4101;Curitiba;do Entorno;410001;Curitiba;do Entorno;Metrópole;7628974586.0;32853.49
4105904;Colorado;PR;Sul;4104;Maringá;do Entorno;410019;Paranacity - Colorado;Polo;Centro de Zona B;1171687956.0;51174.35
4106001;Congonhinhas;PR;Sul;4105;Londrina;do Entorno;410024;Cornélio Procópio – Bandeirantes;do Entorno;Centro Local;309516653.0;37201.52
4106100;Conselheiro Mairinck;PR;Sul;4105;Londrina;do Entorno;410026;Ibaiti;do Entorno;Centro Local;168785167.0;48767.75
4106209;Contenda;PR;Sul;4101;Curitiba;do Entorno;410001;Curitiba;do Entorno;Metrópole;627817968.0;32821.93
4106308;Corbélia;PR;Sul;4103;Cascavel;do Entorno;410006;Cascavel;do Entorno;Centro Local;993480192.0;56867.78
4106407;Cornélio Procópio;PR;Sul;4105;Londrina;do Entorno;410024;Cornélio Procópio – Bandeirantes;Polo;Centro Sub-Regional B;2382241244.0;52697.46
4106456;Coronel Domingos Soares;PR;Sul;4103;Cascavel;do Entorno;410010;Pato Branco;do Entorno;Centro Local;328942490.0;58230.22
4106506;Coronel Vivida;PR;Sul;4103;Cascavel;do Entorno;410010;Pato Branco;do Entorno;Centro Local;1109441321.0;47552.24
4106555;Corumbataí do Sul;PR;Sul;4104;Maringá;do Entorno;410015;Campo Mourão;do Entorno;Centro Local;104934666.0;27908.16
4106571;Cruzeiro do Iguaçu;PR;Sul;4103;Cascavel;do Entorno;410012;Dois Vizinhos;do Entorno;Centro Local;206651374.0;50000.33
4106605;Cruzeiro do Oeste;PR;Sul;4104;Maringá;do Entorno;410016;Umuarama;do Entorno;Centro Local;1089269489.0;45708.09
4106704;Cruzeiro do Sul;PR;Sul;4104;Maringá;do Entorno;410019;Paranacity - Colorado;do Entorno;Centro Local;281275104.0;62589.03
4106803;Cruz Machado;PR;Sul;4101;Curitiba;do Entorno;410003;União da Vitória;do Entorno;Centro Local;507964016.0;31791.46
4106852;Cruzmaltina;PR;Sul;4105;Londrina;do Entorno;410025;Ivaiporã;do Entorno;Centro Local;189223664.0;65430.04
4106902;Curitiba;PR;Sul;4101;Curitiba;Polo;410001;Curitiba;Polo;Metrópole;120065276017.0;67691.3
4107009;Curiúva;PR;Sul;4106;Ponta Grossa;do Entorno;410028;Telêmaco Borba;do Entorno;Centro Local;332954115.0;24397.6
4107108;Diamante do Norte;PR;Sul;4104;Maringá;do Entorno;410017;Paranavaí;do Entorno;Centro Local;413933429.0;80500.47
4107124;Diamante do Sul;PR;Sul;4103;Cascavel;do Entorno;410006;Cascavel;do Entorno;Centro Local;85753794.0;27043.14
4107157;Diamante D'Oeste;PR;Sul;4103;Cascavel;do Entorno;410006;Cascavel;do Entorno;Centro Local;134492640.0;29513.42
4107207;Dois Vizinhos;PR;Sul;4103;Cascavel;do Entorno;410012;Dois Vizinhos;Polo;Centro Sub-Regional B;2609172747.0;58150.9
4107256;Douradina;PR;Sul;4104;Maringá;do Entorno;410016;Umuarama;do Entorno;Centro Local;859149606.0;93783.39
4107306;Doutor Camargo;PR;Sul;4104;Maringá;do Entorno;410014;Maringá;do Entorno;Centro Local;242635313.0;38349.19
4107405;Enéas Marques;PR;Sul;4103;Cascavel;do Entorno;410009;Francisco Beltrão;do Entorno;Centro Local;389459999.0;64920.82
4107504;Engenheiro Beltrão;PR;Sul;4104;Maringá;do Entorno;410015;Campo Mourão;do Entorno;Centro Local;698650245.0;56098.46
4107520;Esperança Nova;PR;Sul;4104;Maringá;do Entorno;410016;Umuarama;do Entorno;Centro Local;75224394.0;40683.83
4107538;Entre Rios do Oeste;PR;Sul;4103;Cascavel;do Entorno;410013;Marechal Cândido Rondon;do Entorno;Centro Local;420777808.0;91973.29
4107546;Espigão Alto do Iguaçu;PR;Sul;4103;Cascavel;do Entorno;410011;Laranjeiras do Sul - Quedas do Iguaçu;do Entorno;Centro Local;201751523.0;42057.85
4107553;Farol;PR;Sul;4104;Maringá;do Entorno;410015;Campo Mourão;do Entorno;Centro Local;255636460.0;84118.61
4107603;Faxinal;PR;Sul;4105;Londrina;do Entorno;410025;Ivaiporã;do Entorno;Centro de Zona B;625078517.0;38140.13
4107652;Fazenda Rio Grande;PR;Sul;4101;Curitiba;do Entorno;410001;Curitiba;do Entorno;Metrópole;4139460922.0;27805.32
4107702;Fênix;PR;Sul;4104;Maringá;do Entorno;410015;Campo Mourão;do Entorno;Centro Local;243623571.0;54234.99
4107736;Fernandes Pinheiro;PR;Sul;4106;Ponta Grossa;do Entorno;410029;Irati;do Entorno;Centro Local;323922046.0;51786.1
4107751;Figueira;PR;Sul;4105;Londrina;do Entorno;410026;Ibaiti;do Entorno;Centro Local;191681526.0;23775.93
4107801;Floraí;PR;Sul;4104;Maringá;do Entorno;410014;Maringá;do Entorno;Centro Local;310640443.0;64824.8
4107850;Flor da Serra do Sul;PR;Sul;4103;Cascavel;do Entorno;410009;Francisco Beltrão;do Entorno;Centro Local;206356743.0;47286.15
4107900;Floresta;PR;Sul;4104;Maringá;do Entorno;410014;Maringá;do Entorno;Capital Regional B;364240154.0;34828.85
4108007;Florestópolis;PR;Sul;4105;Londrina;do Entorno;410021;Londrina;do Entorno;Centro Local;623832373.0;54502.22
4108106;Flórida;PR;Sul;4104;Maringá;do Entorno;410014;Maringá;do Entorno;Centro Local;101261114.0;38182.92
4108205;Formosa do Oeste;PR;Sul;4103;Cascavel;do Entorno;410008;Toledo;do Entorno;Centro Local;405548522.0;53117.03
4108304;Foz do Iguaçu;PR;Sul;4103;Cascavel;do Entorno;410007;Foz do Iguaçu;Polo;Capital Regional C;16973250994.0;59468.67
4108320;Francisco Alves;PR;Sul;4104;Maringá;do Entorno;410016;Umuarama;do Entorno;Centro Local;254090328.0;31307.33
4108403;Francisco Beltrão;PR;Sul;4103;Cascavel;do Entorno;410009;Francisco Beltrão;Polo;Centro Sub-Regional A;4525403384.0;46814.84
4108452;Foz do Jordão;PR;Sul;4102;Guarapuava;do Entorno;410004;Guarapuava;do Entorno;Centro Local;187782428.0;38120.67
4108502;General Carneiro;PR;Sul;4101;Curitiba;do Entorno;410003;União da Vitória;do Entorno;Centro Local;437293913.0;39531.18
4108551;Godoy Moreira;PR;Sul;4105;Londrina;do Entorno;410025;Ivaiporã;do Entorno;Centro Local;96133019.0;32291.91
4108601;Goioerê;PR;Sul;4104;Maringá;do Entorno;410015;Campo Mourão;do Entorno;Centro de Zona B;1335666436.0;46969.32
4108650;Goioxim;PR;Sul;4102;Guarapuava;do Entorno;410004;Guarapuava;do Entorno;Centro Local;308612143.0;47001.54
4108700;Grandes Rios;PR;Sul;4105;Londrina;do Entorno;410025;Ivaiporã;do Entorno;Centro Local;177555382.0;31475.87
4108809;Guaíra;PR;Sul;4103;Cascavel;do Entorno;410008;Toledo;do Entorno;Centro Sub-Regional B;1438846331.0;44828.06
4108908;Guairaçá;PR;Sul;4104;Maringá;do Entorno;410017;Paranavaí;do Entorno;Centro Local;404827015.0;61458.48
4108957;Guamiranga;PR;Sul;4102;Guarapuava;do Entorno;410004;Guarapuava;do Entorno;Centro Local;357064021.0;45451.12
4109005;Guapirama;PR;Sul;4105;Londrina;do Entorno;410022;Santo Antônio da Platina;do Entorno;Centro Local;228918643.0;49485.22
4109104;Guaporema;PR;Sul;4104;Maringá;do Entorno;410018;Cianorte;do Entorno;Centro Local;106182693.0;48463.12
4109203;Guaraci;PR;Sul;4105;Londrina;do Entorno;410021;Londrina;do Entorno;Centro Local;192290817.0;40499.33
4109302;Guaraniaçu;PR;Sul;4103;Cascavel;do Entorno;410006;Cascavel;do Entorno;Centro de Zona B;604224361.0;43991.58
4109401;Guarapuava;PR;Sul;4102;Guarapuava;Polo;410004;Guarapuava;Polo;Centro Sub-Regional A;9864113348.0;54170.74
4109500;Guaraqueçaba;PR;Sul;4101;Curitiba;do Entorno;410002;Paranaguá;do Entorno;Centro Local;146080935.0;19660.96
4109609;Guaratuba;PR;Sul;4101;Curitiba;do Entorno;410002;Paranaguá;do Entorno;Centro Local;1220949312.0;29027.37
4109658;Honório Serpa;PR;Sul;4103;Cascavel;do Entorno;410010;Pato Branco;do Entorno;Centro Local;386520653.0;78227.21
4109708;Ibaiti;PR;Sul;4105;Londrina;do Entorno;410026;Ibaiti;Polo;Centro Sub-Regional B;1236456989.0;42887.86
4109757;Ibema;PR;Sul;4103;Cascavel;do Entorno;410006;Cascavel;do Entorno;Centro Local;208091029.0;33465.91
4109807;Ibiporã;PR;Sul;4105;Londrina;do Entorno;410021;Londrina;do Entorno;Capital Regional B;4037854555.0;78248.45
4109906;Icaraíma;PR;Sul;4104;Maringá;do Entorno;410016;Umuarama;do Entorno;Centro Local;329105838.0;36603.92
4110003;Iguaraçu;PR;Sul;4104;Maringá;do Entorno;410014;Maringá;do Entorno;Capital Regional B;267157990.0;50048.33
4110052;Iguatu;PR;Sul;4103;Cascavel;do Entorno;410006;Cascavel;do Entorno;Centro Local;94790950.0;44212.2
4110078;Imbaú;PR;Sul;4106;Ponta Grossa;do Entorno;410028;Telêmaco Borba;do Entorno;Centro Local;320470890.0;22490.76
4110102;Imbituva;PR;Sul;4106;Ponta Grossa;do Entorno;410029;Irati;do Entorno;Centro Local;1503417717.0;50241.2
4110201;Inácio Martins;PR;Sul;4102;Guarapuava;do Entorno;410004;Guarapuava;do Entorno;Centro Local;249949243.0;25847.91
4110300;Inajá;PR;Sul;4104;Maringá;do Entorno;410019;Paranacity - Colorado;do Entorno;Centro Local;76239164.0;30062.76
4110409;Indianópolis;PR;Sul;4104;Maringá;do Entorno;410018;Cianorte;do Entorno;Centro Local;772540182.0;173682.59
4110508;Ipiranga;PR;Sul;4106;Ponta Grossa;do Entorno;410027;Ponta Grossa;do Entorno;Centro Local;776103694.0;54879.34
4110607;Iporã;PR;Sul;4104;Maringá;do Entorno;410016;Umuarama;do Entorno;Centro Local;850007477.0;53982.44
4110656;Iracema do Oeste;PR;Sul;4103;Cascavel;do Entorno;410008;Toledo;do Entorno;Centro Local;126065431.0;53805.14
4110706;Irati;PR;Sul;4106;Ponta Grossa;do Entorno;410029;Irati;Polo;Centro Sub-Regional B;2816144413.0;47529.86
4110805;Iretama;PR;Sul;4104;Maringá;do Entorno;410015;Campo Mourão;do Entorno;Centro Local;409528021.0;38330.96
4110904;Itaguajé;PR;Sul;4104;Maringá;do Entorno;410019;Paranacity - Colorado;do Entorno;Centro Local;164294738.0;36664.75
4110953;Itaipulândia;PR;Sul;4103;Cascavel;do Entorno;410007;Foz do Iguaçu;do Entorno;Centro Local;566775591.0;49349.2
4111001;Itambaracá;PR;Sul;4105;Londrina;do Entorno;410024;Cornélio Procópio – Bandeirantes;do Entorno;Centro Local;279453255.0;47300.82
4111100;Itambé;PR;Sul;4104;Maringá;do Entorno;410014;Maringá;do Entorno;Capital Regional B;276022490.0;45168.14
4111209;Itapejara d'Oeste;PR;Sul;4103;Cascavel;do Entorno;410010;Pato Branco;do Entorno;Centro Local;970545410.0;78624.87
4111258;Itaperuçu;PR;Sul;4101;Curitiba;do Entorno;410001;Curitiba;do Entorno;Metrópole;799717726.0;25618.02
4111308;Itaúna do Sul;PR;Sul;4104;Maringá;do Entorno;410017;Paranavaí;do Entorno;Centro Local;151824849.0;42504.16
4111407;Ivaí;PR;Sul;4106;Ponta Grossa;do Entorno;410027;Ponta Grossa;do Entorno;Centro Local;711072742.0;53751.06
4111506;Ivaiporã;PR;Sul;4105;Londrina;do Entorno;410025;Ivaiporã;Polo;Centro Sub-Regional B;1142266373.0;34910.34
4111555;Ivaté;PR;Sul;4104;Maringá;do Entorno;410016;Umuarama;do Entorno;Centro Local;280429774.0;41052.52
4111605;Ivatuba;PR;Sul;4104;Maringá;do Entorno;410014;Maringá;do Entorno;Centro Local;167214759.0;61748.43
4111704;Jaboti;PR;Sul;4105;Londrina;do Entorno;410026;Ibaiti;do Entorno;Centro Local;156575521.0;28851.21
4111803;Jacarezinho;PR;Sul;4105;Londrina;do Entorno;410022;Santo Antônio da Platina;do Entorno;Centro Sub-Regional B;1956993425.0;48470.43
4111902;Jaguapitã;PR;Sul;4105;Londrina;do Entorno;410021;Londrina;do Entorno;Centro Local;1452483418.0;96051.01
4112009;Jaguariaíva;PR;Sul;4106;Ponta Grossa;do Entorno;410027;Ponta Grossa;do Entorno;Centro de Zona A;2062534661.0;58693.11
4112108;Jandaia do Sul;PR;Sul;4105;Londrina;do Entorno;410023;Apucarana;do Entorno;Centro de Zona A;962904172.0;44978.71
4112207;Janiópolis;PR;Sul;4104;Maringá;do Entorno;410015;Campo Mourão;do Entorno;Centro Local;336925472.0;57397.87
4112306;Japira;PR;Sul;4105;Londrina;do Entorno;410026;Ibaiti;do Entorno;Centro Local;169939686.0;34179.34
4112405;Japurá;PR;Sul;4104;Maringá;do Entorno;410018;Cianorte;do Entorno;Centro Local;441907453.0;48327.59
4112504;Jardim Alegre;PR;Sul;4105;Londrina;do Entorno;410025;Ivaiporã;do Entorno;Centro Local;424449093.0;35358.97
4112603;Jardim Olinda;PR;Sul;4104;Maringá;do Entorno;410019;Paranacity - Colorado;do Entorno;Centro Local;78978799.0;58807.74
4112702;Jataizinho;PR;Sul;4105;Londrina;do Entorno;410021;Londrina;do Entorno;Capital Regional B;301470024.0;25520.19
4112751;Jesuítas;PR;Sul;4103;Cascavel;do Entorno;410008;Toledo;do Entorno;Centro Local;556585940.0;52977.91
4112801;Joaquim Távora;PR;Sul;4105;Londrina;do Entorno;410022;Santo Antônio da Platina;do Entorno;Centro Local;872245893.0;73021.84
4112900;Jundiaí do Sul;PR;Sul;4105;Londrina;do Entorno;410022;Santo Antônio da Platina;do Entorno;Centro Local;157361134.0;47213.06
4112959;Juranda;PR;Sul;4104;Maringá;do Entorno;410015;Campo Mourão;do Entorno;Centro Local;497086538.0;63966.87
4113007;Jussara;PR;Sul;4104;Maringá;do Entorno;410018;Cianorte;do Entorno;Centro Local;370464609.0;55375.88
4113106;Kaloré;PR;Sul;4105;Londrina;do Entorno;410023;Apucarana;do Entorno;Centro Local;201236290.0;43918.88
4113205;Lapa;PR;Sul;4101;Curitiba;do Entorno;410001;Curitiba;do Entorno;Centro de Zona A;2647565699.0;58830.87
4113254;Laranjal;PR;Sul;4102;Guarapuava;do Entorno;410005;Pitanga;do Entorno;Centro Local;125483191.0;22407.71
4113304;Laranjeiras do Sul;PR;Sul;4103;Cascavel;do Entorno;410011;Laranjeiras do Sul - Quedas do Iguaçu;Polo;Centro Sub-Regional B;1230923929.0;38195.42
4113403;Leópolis;PR;Sul;4105;Londrina;do Entorno;410024;Cornélio Procópio – Bandeirantes;do Entorno;Centro Local;226118022.0;60266.0
4113429;Lidianópolis;PR;Sul;4105;Londrina;do Entorno;410025;Ivaiporã;do Entorno;Centro Local;146836824.0;37287.16
4113452;Lindoeste;PR;Sul;4103;Cascavel;do Entorno;410006;Cascavel;do Entorno;Centro Local;249057300.0;48127.01
4113502;Loanda;PR;Sul;4104;Maringá;do Entorno;410020;Loanda;Polo;Centro de Zona A;909384486.0;39155.41
4113601;Lobato;PR;Sul;4104;Maringá;do Entorno;410019;Paranacity - Colorado;do Entorno;Centro Local;333368278.0;72455.61
4113700;Londrina;PR;Sul;4105;Londrina;Polo;410021;Londrina;Polo;Capital Regional B;27999537379.0;50362.05
4113734;Luiziana;PR;Sul;4104;Maringá;do Entorno;410015;Campo Mourão;do Entorno;Centro Local;599341015.0;89587.6
4113759;Lunardelli;PR;Sul;4105;Londrina;do Entorno;410025;Ivaiporã;do Entorno;Centro Local;147289656.0;30231.87
4113809;Lupionópolis;PR;Sul;4105;Londrina;do Entorno;410021;Londrina;do Entorno;Centro Local;164845924.0;34250.14
4113908;Mallet;PR;Sul;4106;Ponta Grossa;do Entorno;410029;Irati;do Entorno;Centro Local;973316236.0;72484.08
4114005;Mamborê;PR;Sul;4104;Maringá;do Entorno;410015;Campo Mourão;do Entorno;Centro Local;859221279.0;63873.13
4114104;Mandaguaçu;PR;Sul;4104;Maringá;do Entorno;410014;Maringá;do Entorno;Capital Regional B;995409852.0;31643.51
4114203;Mandaguari;PR;Sul;4104;Maringá;do Entorno;410014;Maringá;do Entorno;Centro Local;2916499996.0;79434.03
4114302;Mandirituba;PR;Sul;4101;Curitiba;do Entorno;410001;Curitiba;do Entorno;Metrópole;801432662.0;29207.79
4114351;Manfrinópolis;PR;Sul;4103;Cascavel;do Entorno;410009;Francisco Beltrão;do Entorno;Centro Local;104399309.0;37689.28
4114401;Mangueirinha;PR;Sul;4103;Cascavel;do Entorno;410010;Pato Branco;do Entorno;Centro Local;1869714524.0;112613.05
4114500;Manoel Ribas;PR;Sul;4105;Londrina;do Entorno;410025;Ivaiporã;do Entorno;Centro Local;656196290.0;46081.2
4114609;Marechal Cândido Rondon;PR;Sul;4103;Cascavel;do Entorno;410013;Marechal Cândido Rondon;Polo;Centro Sub-Regional B;3919007285.0;70187.82
4114708;Maria Helena;PR;Sul;4104;Maringá;do Entorno;410016;Umuarama;do Entorno;Centro Sub-Regional A;176407211.0;30077.96
4114807;Marialva;PR;Sul;4104;Maringá;do Entorno;410014;Maringá;do Entorno;Capital Regional B;2964620450.0;70837.51
4114906;Marilândia do Sul;PR;Sul;4105;Londrina;do Entorno;410023;Apucarana;do Entorno;Centro Local;510268194.0;58806.98
4115002;Marilena;PR;Sul;4104;Maringá;do Entorno;410017;Paranavaí;do Entorno;Centro de Zona B;237236998.0;32708.81
4115101;Mariluz;PR;Sul;4104;Maringá;do Entorno;410016;Umuarama;do Entorno;Centro Local;403956783.0;41023.34
4115200;Maringá;PR;Sul;4104;Maringá;Polo;410014;Maringá;Polo;Capital Regional B;27817345988.0;67903.99
4115309;Mariópolis;PR;Sul;4103;Cascavel;do Entorno;410010;Pato Branco;do Entorno;Centro Local;554033710.0;86961.81
4115358;Maripá;PR;Sul;4103;Cascavel;do Entorno;410008;Toledo;do Entorno;Centro Local;535683462.0;81721.35
4115408;Marmeleiro;PR;Sul;4103;Cascavel;do Entorno;410009;Francisco Beltrão;do Entorno;Centro Local;738402903.0;46437.51
4115457;Marquinho;PR;Sul;4103;Cascavel;do Entorno;410011;Laranjeiras do Sul - Quedas do Iguaçu;do Entorno;Centro Local;134982203.0;29896.39
4115507;Marumbi;PR;Sul;4105;Londrina;do Entorno;410023;Apucarana;do Entorno;Centro Local;134313245.0;28583.37
4115606;Matelândia;PR;Sul;4103;Cascavel;do Entorno;410006;Cascavel;do Entorno;Centro de Zona B;1440814615.0;78092.93
4115705;Matinhos;PR;Sul;4101;Curitiba;do Entorno;410002;Paranaguá;do Entorno;Centro Local;1148204622.0;29246.91
4115739;Mato Rico;PR;Sul;4102;Guarapuava;do Entorno;410005;Pitanga;do Entorno;Centro Local;157347724.0;48162.76
4115754;Mauá da Serra;PR;Sul;4105;Londrina;do Entorno;410023;Apucarana;do Entorno;Centro Local;527212083.0;56188.01
4115804;Medianeira;PR;Sul;4103;Cascavel;do Entorno;410007;Foz do Iguaçu;do Entorno;Centro Sub-Regional B;3007596291.0;55318.22
4115853;Mercedes;PR;Sul;4103;Cascavel;do Entorno;410013;Marechal Cândido Rondon;do Entorno;Centro Local;311868781.0;52582.83
4115903;Mirador;PR;Sul;4104;Maringá;do Entorno;410017;Paranavaí;do Entorno;Centro Local;178999342.0;79981.83
4116000;Miraselva;PR;Sul;4105;Londrina;do Entorno;410021;Londrina;do Entorno;Centro Local;69393856.0;35296.98
4116059;Missal;PR;Sul;4103;Cascavel;do Entorno;410007;Foz do Iguaçu;do Entorno;Centro Local;496708391.0;44894.11
4116109;Moreira Sales;PR;Sul;4104;Maringá;do Entorno;410015;Campo Mourão;do Entorno;Centro Local;382098401.0;34192.25
4116208;Morretes;PR;Sul;4101;Curitiba;do Entorno;410002;Paranaguá;do Entorno;Centro Local;534711882.0;29204.87
4116307;Munhoz de Melo;PR;Sul;4104;Maringá;do Entorno;410014;Maringá;do Entorno;Centro Local;176663312.0;44713.57
4116406;Nossa Senhora das Graças;PR;Sul;4104;Maringá;do Entorno;410019;Paranacity - Colorado;do Entorno;Centro de Zona B;126912839.0;34590.58
4116505;Nova Aliança do Ivaí;PR;Sul;4104;Maringá;do Entorno;410017;Paranavaí;do Entorno;Centro Sub-Regional A;71238316.0;53846.04
4116604;Nova América da Colina;PR;Sul;4105;Londrina;do Entorno;410024;Cornélio Procópio – Bandeirantes;do Entorno;Centro Local;108097018.0;32956.41
4116703;Nova Aurora;PR;Sul;4103;Cascavel;do Entorno;410006;Cascavel;do Entorno;Centro Local;1040812716.0;75612.98
4116802;Nova Cantu;PR;Sul;4104;Maringá;do Entorno;410015;Campo Mourão;do Entorno;Centro Local;341725195.0;50327.72
4116901;Nova Esperança;PR;Sul;4104;Maringá;do Entorno;410014;Maringá;do Entorno;Centro de Zona A;1253498273.0;47150.58
4116950;Nova Esperança do Sudoeste;PR;Sul;4103;Cascavel;do Entorno;410009;Francisco Beltrão;do Entorno;Centro Local;198769677.0;35513.61
4117008;Nova Fátima;PR;Sul;4105;Londrina;do Entorno;410024;Cornélio Procópio – Bandeirantes;do Entorno;Centro Local;327433498.0;45319.52
4117057;Nova Laranjeiras;PR;Sul;4103;Cascavel;do Entorno;410011;Laranjeiras do Sul - Quedas do Iguaçu;do Entorno;Centro Local;378371953.0;31337.75
4117107;Nova Londrina;PR;Sul;4104;Maringá;do Entorno;410017;Paranavaí;do Entorno;Centro de Zona B;718418014.0;55592.2
4117206;Nova Olímpia;PR;Sul;4104;Maringá;do Entorno;410016;Umuarama;do Entorno;Centro Local;132741265.0;22756.95
4117214;Nova Santa Bárbara;PR;Sul;4105;Londrina;do Entorno;410024;Cornélio Procópio – Bandeirantes;do Entorno;Centro Local;131608565.0;31455.2
4117222;Nova Santa Rosa;PR;Sul;4103;Cascavel;do Entorno;410013;Marechal Cândido Rondon;do Entorno;Centro Local;484275344.0;58192.18
4117255;Nova Prata do Iguaçu;PR;Sul;4103;Cascavel;do Entorno;410012;Dois Vizinhos;do Entorno;Centro Local;560124346.0;44107.75
4117271;Nova Tebas;PR;Sul;4102;Guarapuava;do Entorno;410005;Pitanga;do Entorno;Centro Local;237201942.0;34638.13
4117297;Novo Itacolomi;PR;Sul;4105;Londrina;do Entorno;410023;Apucarana;do Entorno;Centro Local;124922572.0;39975.22
4117305;Ortigueira;PR;Sul;4106;Ponta Grossa;do Entorno;410028;Telêmaco Borba;do Entorno;Centro Local;3592270012.0;148490.0
4117404;Ourizona;PR;Sul;4104;Maringá;do Entorno;410014;Maringá;do Entorno;Capital Regional B;186572952.0;58541.87
4117453;Ouro Verde do Oeste;PR;Sul;4103;Cascavel;do Entorno;410008;Toledo;do Entorno;Centro Sub-Regional A;297137278.0;43793.26
4117503;Paiçandu;PR;Sul;4104;Maringá;do Entorno;410014;Maringá;do Entorno;Capital Regional B;1342361599.0;29205.9
4117602;Palmas;PR;Sul;4103;Cascavel;do Entorno;410010;Pato Branco;do Entorno;Centro de Zona A;1728162368.0;35819.06
4117701;Palmeira;PR;Sul;4106;Ponta Grossa;do Entorno;410027;Ponta Grossa;do Entorno;Centro Local;2220002904.0;65573.86
4117800;Palmital;PR;Sul;4102;Guarapuava;do Entorno;410005;Pitanga;do Entorno;Centro Local;406780675.0;31211.59
4117909;Palotina;PR;Sul;4103;Cascavel;do Entorno;410008;Toledo;do Entorno;Centro de Zona A;3698095404.0;105626.67
4118006;Paraíso do Norte;PR;Sul;4104;Maringá;do Entorno;410017;Paranavaí;do Entorno;Centro Local;533427301.0;40273.86
4118105;Paranacity;PR;Sul;4104;Maringá;do Entorno;410019;Paranacity - Colorado;Polo;Centro Local;517609255.0;54160.22
4118204;Paranaguá;PR;Sul;4101;Curitiba;do Entorno;410002;Paranaguá;Polo;Centro Sub-Regional A;15291702668.0;104860.51
4118303;Paranapoema;PR;Sul;4104;Maringá;do Entorno;410019;Paranacity - Colorado;do Entorno;Centro Local;88780754.0;37022.83
4118402;Paranavaí;PR;Sul;4104;Maringá;do Entorno;410017;Paranavaí;Polo;Centro Sub-Regional A;4189765044.0;45540.43
4118451;Pato Bragado;PR;Sul;4103;Cascavel;do Entorno;410013;Marechal Cândido Rondon;do Entorno;Centro Local;269743771.0;47051.07
4118501;Pato Branco;PR;Sul;4103;Cascavel;do Entorno;410010;Pato Branco;Polo;Centro Sub-Regional A;5817896335.0;63350.93
4118600;Paula Freitas;PR;Sul;4101;Curitiba;do Entorno;410003;União da Vitória;do Entorno;Centro Local;488531529.0;86221.59
4118709;Paulo Frontin;PR;Sul;4101;Curitiba;do Entorno;410003;União da Vitória;do Entorno;Centro Local;473855158.0;74705.21
4118808;Peabiru;PR;Sul;4104;Maringá;do Entorno;410015;Campo Mourão;do Entorno;Centro Local;530692825.0;39764.19
4118857;Perobal;PR;Sul;4104;Maringá;do Entorno;410016;Umuarama;do Entorno;Centro Local;354948365.0;49373.82
4118907;Pérola;PR;Sul;4104;Maringá;do Entorno;410016;Umuarama;do Entorno;Centro Local;364026037.0;30647.08
4119004;Pérola d'Oeste;PR;Sul;4103;Cascavel;do Entorno;410009;Francisco Beltrão;do Entorno;Centro de Zona B;270487390.0;43479.73
4119103;Piên;PR;Sul;4101;Curitiba;do Entorno;410001;Curitiba;do Entorno;Centro Local;853225172.0;62484.45
4119152;Pinhais;PR;Sul;4101;Curitiba;do Entorno;410001;Curitiba;do Entorno;Metrópole;9852601347.0;77567.93
4119202;Pinhalão;PR;Sul;4105;Londrina;do Entorno;410026;Ibaiti;do Entorno;Centro Local;251910694.0;38365.93
4119251;Pinhal de São Bento;PR;Sul;4103;Cascavel;do Entorno;410009;Francisco Beltrão;do Entorno;Centro Local;82103550.0;29736.89
4119301;Pinhão;PR;Sul;4102;Guarapuava;do Entorno;410004;Guarapuava;do Entorno;Centro Local;1851108012.0;61938.97
4119400;Piraí do Sul;PR;Sul;4106;Ponta Grossa;do Entorno;410027;Ponta Grossa;do Entorno;Centro Local;1441276078.0;60939.33
4119509;Piraquara;PR;Sul;4101;Curitiba;do Entorno;410001;Curitiba;do Entorno;Metrópole;1901529260.0;16015.58
4119608;Pitanga;PR;Sul;4102;Guarapuava;do Entorno;410005;Pitanga;Polo;Centro Sub-Regional B;1448744092.0;43017.52
4119657;Pitangueiras;PR;Sul;4105;Londrina;do Entorno;410021;Londrina;do Entorno;Centro Local;160572520.0;52715.86
4119707;Planaltina do Paraná;PR;Sul;4104;Maringá;do Entorno;410017;Paranavaí;do Entorno;Centro Local;149539866.0;36741.98
4119806;Planalto;PR;Sul;4103;Cascavel;do Entorno;410009;Francisco Beltrão;do Entorno;Centro Local;526047929.0;36597.18
4119905;Ponta Grossa;PR;Sul;4106;Ponta Grossa;Polo;410027;Ponta Grossa;Polo;Capital Regional C;25583325309.0;71387.82
4119954;Pontal do Paraná;PR;Sul;4101;Curitiba;do Entorno;410002;Paranaguá;do Entorno;Centro Local;809708324.0;26613.26
4120002;Porecatu;PR;Sul;4105;Londrina;do Entorno;410021;Londrina;do Entorno;Centro Local;732948490.0;63054.76
4120101;Porto Amazonas;PR;Sul;4106;Ponta Grossa;do Entorno;410027;Ponta Grossa;do Entorno;Centro Local;391661502.0;95573.82
4120150;Porto Barreiro;PR;Sul;4103;Cascavel;do Entorno;410011;Laranjeiras do Sul - Quedas do Iguaçu;do Entorno;Centro Local;169167894.0;54394.82
4120200;Porto Rico;PR;Sul;4104;Maringá;do Entorno;410020;Loanda;do Entorno;Centro Local;152980460.0;48076.83
4120309;Porto Vitória;PR;Sul;4101;Curitiba;do Entorno;410003;União da Vitória;do Entorno;Centro Local;98341081.0;27608.39
4120333;Prado Ferreira;PR;Sul;4105;Londrina;do Entorno;410021;Londrina;do Entorno;Centro Local;207954973.0;56067.67
4120358;Pranchita;PR;Sul;4103;Cascavel;do Entorno;410009;Francisco Beltrão;do Entorno;Centro Local;378687142.0;66007.87
4120408;Presidente Castelo Branco;PR;Sul;4104;Maringá;do Entorno;410014;Maringá;do Entorno;Capital Regional B;197135572.0;45464.85
4120507;Primeiro de Maio;PR;Sul;4105;Londrina;do Entorno;410021;Londrina;do Entorno;Centro Local;462476453.0;45871.5
4120606;Prudentópolis;PR;Sul;4102;Guarapuava;do Entorno;410004;Guarapuava;do Entorno;Centro de Zona A;1905943321.0;38587.32
4120655;Quarto Centenário;PR;Sul;4104;Maringá;do Entorno;410015;Campo Mourão;do Entorno;Centro Local;409019000.0;97362.29
4120705;Quatiguá;PR;Sul;4105;Londrina;do Entorno;410022;Santo Antônio da Platina;do Entorno;Centro Local;244506540.0;30189.72
4120804;Quatro Barras;PR;Sul;4101;Curitiba;do Entorno;410001;Curitiba;do Entorno;Metrópole;2336181030.0;96572.32
4120853;Quatro Pontes;PR;Sul;4103;Cascavel;do Entorno;410013;Marechal Cândido Rondon;do Entorno;Centro Local;307122319.0;68554.09
4120903;Quedas do Iguaçu;PR;Sul;4103;Cascavel;do Entorno;410011;Laranjeiras do Sul - Quedas do Iguaçu;Polo;Centro de Zona B;1927945223.0;62721.88
4121000;Querência do Norte;PR;Sul;4104;Maringá;do Entorno;410020;Loanda;do Entorno;Centro Local;342243778.0;32030.3
4121109;Quinta do Sol;PR;Sul;4104;Maringá;do Entorno;410015;Campo Mourão;do Entorno;Centro Local;314953109.0;62978.03
4121208;Quitandinha;PR;Sul;4101;Curitiba;do Entorno;410001;Curitiba;do Entorno;Centro Local;594458541.0;32311.04
4121257;Ramilândia;PR;Sul;4103;Cascavel;do Entorno;410006;Cascavel;do Entorno;Centro Local;126585131.0;29989.37
4121307;Rancho Alegre;PR;Sul;4105;Londrina;do Entorno;410024;Cornélio Procópio – Bandeirantes;do Entorno;Centro Local;197169890.0;56141.77
4121356;Rancho Alegre D'Oeste;PR;Sul;4104;Maringá;do Entorno;410015;Campo Mourão;do Entorno;Centro Local;235642158.0;90008.46
4121406;Realeza;PR;Sul;4103;Cascavel;do Entorno;410009;Francisco Beltrão;do Entorno;Centro de Zona A;958986554.0;49825.25
4121505;Rebouças;PR;Sul;4106;Ponta Grossa;do Entorno;410029;Irati;do Entorno;Centro Local;635752238.0;43802.69
4121604;Renascença;PR;Sul;4103;Cascavel;do Entorno;410009;Francisco Beltrão;do Entorno;Centro Local;460071759.0;67212.82
4121703;Reserva;PR;Sul;4106;Ponta Grossa;do Entorno;410028;Telêmaco Borba;do Entorno;Centro Local;764370781.0;31106.12
4121752;Reserva do Iguaçu;PR;Sul;4102;Guarapuava;do Entorno;410004;Guarapuava;do Entorno;Centro Local;257839287.0;39346.76
4121802;Ribeirão Claro;PR;Sul;4105;Londrina;do Entorno;410022;Santo Antônio da Platina;do Entorno;Centro Local;609741425.0;49315.87
4121901;Ribeirão do Pinhal;PR;Sul;4105;Londrina;do Entorno;410022;Santo Antônio da Platina;do Entorno;Centro Local;487933203.0;37360.89
4122008;Rio Azul;PR;Sul;4106;Ponta Grossa;do Entorno;410029;Irati;do Entorno;Centro Local;996992189.0;71086.79
4122107;Rio Bom;PR;Sul;4105;Londrina;do Entorno;410023;Apucarana;do Entorno;Centro Local;118815326.0;37164.63
4122156;Rio Bonito do Iguaçu;PR;Sul;4103;Cascavel;do Entorno;410011;Laranjeiras do Sul - Quedas do Iguaçu;do Entorno;Centro Local;514284564.0;36921.86
4122172;Rio Branco do Ivaí;PR;Sul;4105;Londrina;do Entorno;410025;Ivaiporã;do Entorno;Centro Local;174699513.0;45876.97
4122206;Rio Branco do Sul;PR;Sul;4101;Curitiba;do Entorno;410001;Curitiba;do Entorno;Metrópole;1850825583.0;49279.13
4122305;Rio Negro;PR;Sul;4101;Curitiba;do Entorno;410001;Curitiba;do Entorno;Centro Sub-Regional B;1456164794.0;46487.19
4122404;Rolândia;PR;Sul;4105;Londrina;do Entorno;410021;Londrina;do Entorno;Centro Sub-Regional B;4602703668.0;64220.79
4122503;Roncador;PR;Sul;4104;Maringá;do Entorno;410015;Campo Mourão;do Entorno;Centro Local;639474291.0;56837.11
4122602;Rondon;PR;Sul;4104;Maringá;do Entorno;410018;Cianorte;do Entorno;Centro Local;538735802.0;59221.26
4122651;Rosário do Ivaí;PR;Sul;4105;Londrina;do Entorno;410025;Ivaiporã;do Entorno;Centro Local;166638258.0;30660.21
4122701;Sabáudia;PR;Sul;4105;Londrina;do Entorno;410021;Londrina;do Entorno;Centro Local;741344575.0;84033.62
4122800;Salgado Filho;PR;Sul;4103;Cascavel;do Entorno;410009;Francisco Beltrão;do Entorno;Centro Local;144580810.0;35479.95
4122909;Salto do Itararé;PR;Sul;4105;Londrina;do Entorno;410022;Santo Antônio da Platina;do Entorno;Centro Local;124159798.0;23913.67
4123006;Salto do Lontra;PR;Sul;4103;Cascavel;do Entorno;410012;Dois Vizinhos;do Entorno;Centro Local;628454439.0;41283.22
4123105;Santa Amélia;PR;Sul;4105;Londrina;do Entorno;410024;Cornélio Procópio – Bandeirantes;do Entorno;Centro Local;141542179.0;41703.65
4123204;Santa Cecília do Pavão;PR;Sul;4105;Londrina;do Entorno;410024;Cornélio Procópio – Bandeirantes;do Entorno;Centro Local;179165999.0;53243.98
4123303;Santa Cruz de Monte Castelo;PR;Sul;4104;Maringá;do Entorno;410020;Loanda;do Entorno;Centro Local;387175483.0;44952.45
4123402;Santa Fé;PR;Sul;4104;Maringá;do Entorno;410014;Maringá;do Entorno;Centro Local;449905935.0;39541.74
4123501;Santa Helena;PR;Sul;4103;Cascavel;do Entorno;410008;Toledo;do Entorno;Centro Local;1641044228.0;64374.87
4123600;Santa Inês;PR;Sul;4104;Maringá;do Entorno;410019;Paranacity - Colorado;do Entorno;Centro Local;85155059.0;48715.71
4123709;Santa Isabel do Ivaí;PR;Sul;4104;Maringá;do Entorno;410020;Loanda;do Entorno;Centro de Zona B;293691548.0;32954.62
4123808;Santa Izabel do Oeste;PR;Sul;4103;Cascavel;do Entorno;410009;Francisco Beltrão;do Entorno;Centro Local;514078556.0;36537.21
4123824;Santa Lúcia;PR;Sul;4103;Cascavel;do Entorno;410006;Cascavel;do Entorno;Centro Local;158188010.0;43410.54
4123857;Santa Maria do Oeste;PR;Sul;4102;Guarapuava;do Entorno;410005;Pitanga;do Entorno;Centro Local;353046217.0;35195.52
4123907;Santa Mariana;PR;Sul;4105;Londrina;do Entorno;410024;Cornélio Procópio – Bandeirantes;do Entorno;Centro Local;497961396.0;44999.22
4123956;Santa Mônica;PR;Sul;4104;Maringá;do Entorno;410020;Loanda;do Entorno;Centro Local;115471200.0;34407.39
4124004;Santana do Itararé;PR;Sul;4105;Londrina;do Entorno;410022;Santo Antônio da Platina;do Entorno;Centro Local;184041762.0;33377.18
4124020;Santa Tereza do Oeste;PR;Sul;4103;Cascavel;do Entorno;410006;Cascavel;do Entorno;Capital Regional B;713314961.0;54145.66
4124053;Santa Terezinha de Itaipu;PR;Sul;4103;Cascavel;do Entorno;410007;Foz do Iguaçu;do Entorno;Capital Regional C;765144141.0;31536.73
4124103;Santo Antônio da Platina;PR;Sul;4105;Londrina;do Entorno;410022;Santo Antônio da Platina;Polo;Centro Sub-Regional B;1837883729.0;41422.7
4124202;Santo Antônio do Caiuá;PR;Sul;4104;Maringá;do Entorno;410017;Paranavaí;do Entorno;Centro Local;70026829.0;28089.38
4124301;Santo Antônio do Paraíso;PR;Sul;4105;Londrina;do Entorno;410024;Cornélio Procópio – Bandeirantes;do Entorno;Centro Local;114799018.0;54023.07
4124400;Santo Antônio do Sudoeste;PR;Sul;4103;Cascavel;do Entorno;410009;Francisco Beltrão;do Entorno;Centro Local;804866436.0;33999.34
4124509;Santo Inácio;PR;Sul;4104;Maringá;do Entorno;410019;Paranacity - Colorado;do Entorno;Centro Local;836727448.0;135370.89
4124608;São Carlos do Ivaí;PR;Sul;4104;Maringá;do Entorno;410017;Paranavaí;do Entorno;Centro Local;567835843.0;86205.53
4124707;São Jerônimo da Serra;PR;Sul;4105;Londrina;do Entorno;410024;Cornélio Procópio – Bandeirantes;do Entorno;Centro Local;349305515.0;32253.51
4124806;São João;PR;Sul;4103;Cascavel;do Entorno;410010;Pato Branco;do Entorno;Centro Local;1220178115.0;102656.75
4124905;São João do Caiuá;PR;Sul;4104;Maringá;do Entorno;410017;Paranavaí;do Entorno;Centro Local;191655660.0;34310.0
4125001;São João do Ivaí;PR;Sul;4105;Londrina;do Entorno;410025;Ivaiporã;do Entorno;Centro Local;410617462.0;38494.18
4125100;São João do Triunfo;PR;Sul;4106;Ponta Grossa;do Entorno;410027;Ponta Grossa;do Entorno;Centro Local;875907408.0;63813.74
4125209;São Jorge d'Oeste;PR;Sul;4103;Cascavel;do Entorno;410012;Dois Vizinhos;do Entorno;Centro Local;531520961.0;56677.43
4125308;São Jorge do Ivaí;PR;Sul;4104;Maringá;do Entorno;410014;Maringá;do Entorno;Centro Local;417316417.0;80750.08
4125357;São Jorge do Patrocínio;PR;Sul;4104;Maringá;do Entorno;410016;Umuarama;do Entorno;Centro Local;183231543.0;28172.13
4125407;São José da Boa Vista;PR;Sul;4105;Londrina;do Entorno;410022;Santo Antônio da Platina;do Entorno;Centro Local;232640965.0;38516.72
4125456;São José das Palmeiras;PR;Sul;4103;Cascavel;do Entorno;410008;Toledo;do Entorno;Centro Local;109673662.0;27716.37
4125506;São José dos Pinhais;PR;Sul;4101;Curitiba;do Entorno;410001;Curitiba;do Entorno;Metrópole;33957963934.0;103019.05
4125555;São Manoel do Paraná;PR;Sul;4104;Maringá;do Entorno;410018;Cianorte;do Entorno;Centro Local;83030479.0;38835.58
4125605;São Mateus do Sul;PR;Sul;4101;Curitiba;do Entorno;410003;União da Vitória;do Entorno;Centro de Zona A;1934142346.0;45653.17
4125704;São Miguel do Iguaçu;PR;Sul;4103;Cascavel;do Entorno;410007;Foz do Iguaçu;do Entorno;Centro Local;1484412447.0;50972.2
4125753;São Pedro do Iguaçu;PR;Sul;4103;Cascavel;do Entorno;410008;Toledo;do Entorno;Centro Local;267876552.0;46313.37
4125803;São Pedro do Ivaí;PR;Sul;4105;Londrina;do Entorno;410023;Apucarana;do Entorno;Centro Local;453058246.0;52135.59
4125902;São Pedro do Paraná;PR;Sul;4104;Maringá;do Entorno;410020;Loanda;do Entorno;Centro Local;111291046.0;41823.02
4126009;São Sebastião da Amoreira;PR;Sul;4105;Londrina;do Entorno;410024;Cornélio Procópio – Bandeirantes;do Entorno;Centro Local;277568679.0;34424.99
4126108;São Tomé;PR;Sul;4104;Maringá;do Entorno;410018;Cianorte;do Entorno;Centro Local;221193951.0;42277.13
4126207;Sapopema;PR;Sul;4105;Londrina;do Entorno;410024;Cornélio Procópio – Bandeirantes;do Entorno;Centro Local;183023364.0;27337.32
4126256;Sarandi;PR;Sul;4104;Maringá;do Entorno;410014;Maringá;do Entorno;Capital Regional B;2398689677.0;20249.8
4126272;Saudade do Iguaçu;PR;Sul;4103;Cascavel;do Entorno;410010;Pato Branco;do Entorno;Centro Local;1143427458.0;187201.61
4126306;Sengés;PR;Sul;4106;Ponta Grossa;do Entorno;410027;Ponta Grossa;do Entorno;Centro Local;690924291.0;40007.2
4126355;Serranópolis do Iguaçu;PR;Sul;4103;Cascavel;do Entorno;410007;Foz do Iguaçu;do Entorno;Centro Local;272573448.0;54438.48
4126405;Sertaneja;PR;Sul;4105;Londrina;do Entorno;410024;Cornélio Procópio – Bandeirantes;do Entorno;Centro Local;465712008.0;82925.93
4126504;Sertanópolis;PR;Sul;4105;Londrina;do Entorno;410021;Londrina;do Entorno;Centro Local;863930912.0;54232.95
4126603;Siqueira Campos;PR;Sul;4105;Londrina;do Entorno;410022;Santo Antônio da Platina;do Entorno;Centro de Zona B;851120988.0;37311.87
4126652;Sulina;PR;Sul;4103;Cascavel;do Entorno;410010;Pato Branco;do Entorno;Centro Local;190979060.0;55517.17
4126678;Tamarana;PR;Sul;4105;Londrina;do Entorno;410021;Londrina;do Entorno;Centro Local;474596193.0;44325.79
4126702;Tamboara;PR;Sul;4104;Maringá;do Entorno;410017;Paranavaí;do Entorno;Centro Local;184145474.0;37734.73
4126801;Tapejara;PR;Sul;4104;Maringá;do Entorno;410018;Cianorte;do Entorno;Centro Local;731142879.0;46073.66
4126900;Tapira;PR;Sul;4104;Maringá;do Entorno;410016;Umuarama;do Entorno;Centro Local;187714218.0;32674.36
4127007;Teixeira Soares;PR;Sul;4106;Ponta Grossa;do Entorno;410029;Irati;do Entorno;Centro Local;633083072.0;66312.25
4127106;Telêmaco Borba;PR;Sul;4106;Ponta Grossa;do Entorno;410028;Telêmaco Borba;Polo;Centro Sub-Regional B;6409425430.0;85411.18
4127205;Terra Boa;PR;Sul;4104;Maringá;do Entorno;410018;Cianorte;do Entorno;Centro Local;709922487.0;40409.98
4127304;Terra Rica;PR;Sul;4104;Maringá;do Entorno;410017;Paranavaí;do Entorno;Centro Local;539546294.0;36352.67
4127403;Terra Roxa;PR;Sul;4103;Cascavel;do Entorno;410008;Toledo;do Entorno;Centro Local;921399935.0;50852.69
4127502;Tibagi;PR;Sul;4106;Ponta Grossa;do Entorno;410028;Telêmaco Borba;do Entorno;Centro Local;1448624415.0;72572.74
4127601;Tijucas do Sul;PR;Sul;4101;Curitiba;do Entorno;410001;Curitiba;do Entorno;Centro Local;554175374.0;31449.71
4127700;Toledo;PR;Sul;4103;Cascavel;do Entorno;410008;Toledo;Polo;Centro Sub-Regional A;9508571518.0;63192.47
4127809;Tomazina;PR;Sul;4105;Londrina;do Entorno;410022;Santo Antônio da Platina;do Entorno;Centro Local;350464580.0;41593.23
4127858;Três Barras do Paraná;PR;Sul;4103;Cascavel;do Entorno;410006;Cascavel;do Entorno;Centro Local;453549650.0;40731.89
4127882;Tunas do Paraná;PR;Sul;4101;Curitiba;do Entorno;410001;Curitiba;do Entorno;Centro Local;142466834.0;22908.32
4127908;Tuneiras do Oeste;PR;Sul;4104;Maringá;do Entorno;410018;Cianorte;do Entorno;Centro Local;297521394.0;36881.29
4127957;Tupãssi;PR;Sul;4103;Cascavel;do Entorno;410008;Toledo;do Entorno;Centro Local;520417306.0;64432.01
4127965;Turvo;PR;Sul;4102;Guarapuava;do Entorno;410004;Guarapuava;do Entorno;Centro Local;697870372.0;49038.74
4128005;Ubiratã;PR;Sul;4104;Maringá;do Entorno;410015;Campo Mourão;do Entorno;Centro de Zona B;2129921863.0;86060.93
4128104;Umuarama;PR;Sul;4104;Maringá;do Entorno;410016;Umuarama;Polo;Centro Sub-Regional A;5096996048.0;43528.72
4128203;União da Vitória;PR;Sul;4101;Curitiba;do Entorno;410003;União da Vitória;Polo;Centro Sub-Regional A;2223372504.0;40400.71
4128302;Uniflor;PR;Sul;4104;Maringá;do Entorno;410014;Maringá;do Entorno;Centro Local;131664600.0;61640.73
4128401;Uraí;PR;Sul;4105;Londrina;do Entorno;410024;Cornélio Procópio – Bandeirantes;do Entorno;Centro Local;395052698.0;37963.93
4128500;Wenceslau Braz;PR;Sul;4105;Londrina;do Entorno;410022;Santo Antônio da Platina;do Entorno;Centro de Zona B;767255933.0;39986.24
4128534;Ventania;PR;Sul;4106;Ponta Grossa;do Entorno;410028;Telêmaco Borba;do Entorno;Centro Local;378783843.0;39126.52
4128559;Vera Cruz do Oeste;PR;Sul;4103;Cascavel;do Entorno;410006;Cascavel;do Entorno;Centro Local;335606889.0;40852.94
4128609;Verê;PR;Sul;4103;Cascavel;do Entorno;410009;Francisco Beltrão;do Entorno;Centro Local;606828158.0;76503.8
4128625;Alto Paraíso;PR;Sul;4104;Maringá;do Entorno;410016;Umuarama;do Entorno;Centro Local;147760207.0;48366.68
4128633;Doutor Ulysses;PR;Sul;4101;Curitiba;do Entorno;410001;Curitiba;do Entorno;Centro Local;116147313.0;20387.45
4128658;Virmond;PR;Sul;4103;Cascavel;do Entorno;410011;Laranjeiras do Sul - Quedas do Iguaçu;do Entorno;Centro Local;241579027.0;63389.93
4128708;Vitorino;PR;Sul;4103;Cascavel;do Entorno;410010;Pato Branco;do Entorno;Centro Sub-Regional A;631024629.0;65013.87
4128807;Xambrê;PR;Sul;4104;Maringá;do Entorno;410016;Umuarama;do Entorno;Centro Local;138497562.0;23887.13
4200051;Abdon Batista;SC;Sul;4204;Chapecó;do Entorno;420008;Joaçaba - Herval d'Oeste;do Entorno;Centro Local;115985219.0;44644.04
4200101;Abelardo Luz;SC;Sul;4204;Chapecó;do Entorno;420011;Xanxerê;do Entorno;Centro Local;1085858106.0;62434.34
4200200;Agrolândia;SC;Sul;4207;Blumenau;do Entorno;420022;Rio do Sul;do Entorno;Centro Local;496110326.0;45141.98
4200309;Agronômica;SC;Sul;4207;Blumenau;do Entorno;420022;Rio do Sul;do Entorno;Centro Sub-Regional A;279405695.0;46144.62
4200408;Água Doce;SC;Sul;4204;Chapecó;do Entorno;420008;Joaçaba - Herval d'Oeste;do Entorno;Centro Local;747811766.0;114906.54
4200507;Águas de Chapecó;SC;Sul;4204;Chapecó;do Entorno;420007;Chapecó;do Entorno;Centro de Zona B;240633331.0;39866.36
4200556;Águas Frias;SC;Sul;4204;Chapecó;do Entorno;420007;Chapecó;do Entorno;Centro Local;183331993.0;64576.26
4200606;Águas Mornas;SC;Sul;4201;Florianópolis;do Entorno;420001;Florianópolis;do Entorno;Metrópole;281792179.0;41790.33
4200705;Alfredo Wagner;SC;Sul;4201;Florianópolis;do Entorno;420001;Florianópolis;do Entorno;Centro Local;414786613.0;39575.1
4200754;Alto Bela Vista;SC;Sul;4204;Chapecó;do Entorno;420010;Concórdia;do Entorno;Centro Local;94012018.0;50653.03
4200804;Anchieta;SC;Sul;4204;Chapecó;do Entorno;420009;São Miguel do Oeste;do Entorno;Centro Local;261385394.0;43982.06
4200903;Angelina;SC;Sul;4201;Florianópolis;do Entorno;420001;Florianópolis;do Entorno;Centro Local;192261927.0;35883.15
4201000;Anita Garibaldi;SC;Sul;4203;Lages;do Entorno;420005;Lages;do Entorno;Centro de Zona B;251490950.0;30354.97
4201109;Anitápolis;SC;Sul;4201;Florianópolis;do Entorno;420001;Florianópolis;do Entorno;Centro Local;117402730.0;32675.41
4201208;Antônio Carlos;SC;Sul;4201;Florianópolis;do Entorno;420001;Florianópolis;do Entorno;Metrópole;1163092146.0;103625.46
4201257;Apiúna;SC;Sul;4207;Blumenau;do Entorno;420019;Blumenau;do Entorno;Centro Local;510609771.0;52044.62
4201273;Arabutã;SC;Sul;4204;Chapecó;do Entorno;420010;Concórdia;do Entorno;Centro Local;400560968.0;91494.05
4201307;Araquari;SC;Sul;4206;Joinville;do Entorno;420016;Joinville;do Entorno;Capital Regional B;9900039604.0;218625.97
4201406;Araranguá;SC;Sul;4202;Criciúma;do Entorno;420004;Araranguá;Polo;Centro Sub-Regional A;3023099859.0;42033.03
4201505;Armazém;SC;Sul;4202;Criciúma;do Entorno;420003;Tubarão;do Entorno;Centro Local;343668227.0;38902.9
4201604;Arroio Trinta;SC;Sul;4205;Caçador;do Entorno;420015;Videira;do Entorno;Centro Local;154297375.0;43390.71
4201653;Arvoredo;SC;Sul;4204;Chapecó;do Entorno;420007;Chapecó;do Entorno;Centro Local;194587973.0;77525.09
4201703;Ascurra;SC;Sul;4207;Blumenau;do Entorno;420019;Blumenau;do Entorno;Centro Local;315202085.0;37889.42
4201802;Atalanta;SC;Sul;4207;Blumenau;do Entorno;420022;Rio do Sul;do Entorno;Centro Local;146755371.0;45477.34
4201901;Aurora;SC;Sul;4207;Blumenau;do Entorno;420022;Rio do Sul;do Entorno;Centro Local;468008170.0;69027.75
4201950;Balneário Arroio do Silva;SC;Sul;4202;Criciúma;do Entorno;420004;Araranguá;do Entorno;Centro Sub-Regional A;302101421.0;19096.17
4202008;Balneário Camboriú;SC;Sul;4207;Blumenau;do Entorno;420020;Itajaí;do Entorno;Capital Regional B;9004372567.0;64707.5
4202057;Balneário Barra do Sul;SC;Sul;4206;Joinville;do Entorno;420016;Joinville;do Entorno;Centro Local;321609088.0;21567.13
4202073;Balneário Gaivota;SC;Sul;4202;Criciúma;do Entorno;420004;Araranguá;do Entorno;Centro Sub-Regional B;308869231.0;19712.12
4202081;Bandeirante;SC;Sul;4204;Chapecó;do Entorno;420009;São Miguel do Oeste;do Entorno;Centro Local;130219536.0;41418.43
4202099;Barra Bonita;SC;Sul;4204;Chapecó;do Entorno;420009;São Miguel do Oeste;do Entorno;Centro Local;66205889.0;39691.78
4202107;Barra Velha;SC;Sul;4207;Blumenau;do Entorno;420020;Itajaí;do Entorno;Capital Regional B;2468504623.0;54409.5
4202131;Bela Vista do Toldo;SC;Sul;4206;Joinville;do Entorno;420017;Mafra;do Entorno;Centro Local;277735033.0;47298.2
4202156;Belmonte;SC;Sul;4204;Chapecó;do Entorno;420009;São Miguel do Oeste;do Entorno;Centro Local;86050263.0;32374.06
4202206;Benedito Novo;SC;Sul;4207;Blumenau;do Entorno;420019;Blumenau;do Entorno;Centro Local;496824432.0;47226.66
4202305;Biguaçu;SC;Sul;4201;Florianópolis;do Entorno;420001;Florianópolis;do Entorno;Metrópole;3523317578.0;45892.67
4202404;Blumenau;SC;Sul;4207;Blumenau;Polo;420019;Blumenau;Polo;Capital Regional B;24871919560.0;68847.51
4202438;Bocaina do Sul;SC;Sul;4203;Lages;do Entorno;420005;Lages;do Entorno;Centro Local;145083681.0;41275.58
4202453;Bombinhas;SC;Sul;4207;Blumenau;do Entorno;420020;Itajaí;do Entorno;Centro Sub-Regional B;1178867901.0;47045.57
4202503;Bom Jardim da Serra;SC;Sul;4203;Lages;do Entorno;420005;Lages;do Entorno;Centro Local;338788253.0;84150.09
4202537;Bom Jesus;SC;Sul;4204;Chapecó;do Entorno;420011;Xanxerê;do Entorno;Centro Local;187851870.0;67645.61
4202578;Bom Jesus do Oeste;SC;Sul;4204;Chapecó;do Entorno;420012;Maravilha;do Entorno;Centro Local;103571913.0;47357.98
4202602;Bom Retiro;SC;Sul;4203;Lages;do Entorno;420005;Lages;do Entorno;Centro Local;454469762.0;53987.85
4202701;Botuverá;SC;Sul;4207;Blumenau;do Entorno;420021;Brusque;do Entorno;Capital Regional C;554189345.0;103335.7
4202800;Braço do Norte;SC;Sul;4202;Criciúma;do Entorno;420003;Tubarão;do Entorno;Centro de Zona A;2195934726.0;65020.42
4202859;Braço do Trombudo;SC;Sul;4207;Blumenau;do Entorno;420022;Rio do Sul;do Entorno;Centro Local;273815765.0;68011.86
4202875;Brunópolis;SC;Sul;4203;Lages;do Entorno;420006;Curitibanos;do Entorno;Centro Local;143765601.0;57760.39
4202909;Brusque;SC;Sul;4207;Blumenau;do Entorno;420021;Brusque;Polo;Capital Regional C;11071535293.0;78307.71
4203006;Caçador;SC;Sul;4205;Caçador;Polo;420014;Caçador;Polo;Capital Regional C;5375160552.0;72913.19
4203105;Caibi;SC;Sul;4204;Chapecó;do Entorno;420007;Chapecó;do Entorno;Centro Local;382026643.0;60600.67
4203154;Calmon;SC;Sul;4205;Caçador;do Entorno;420014;Caçador;do Entorno;Centro Local;135172658.0;39260.14
4203204;Camboriú;SC;Sul;4207;Blumenau;do Entorno;420020;Itajaí;do Entorno;Capital Regional B;2703377996.0;26227.55
4203253;Capão Alto;SC;Sul;4203;Lages;do Entorno;420005;Lages;do Entorno;Centro Local;281798429.0;107351.78
4203303;Campo Alegre;SC;Sul;4206;Joinville;do Entorno;420018;São Bento do Sul - Rio Negrinho;do Entorno;Centro Local;872665444.0;69807.65
4203402;Campo Belo do Sul;SC;Sul;4203;Lages;do Entorno;420005;Lages;do Entorno;Centro Local;401476284.0;55322.62
4203501;Campo Erê;SC;Sul;4204;Chapecó;do Entorno;420013;São Lourenço do Oeste;do Entorno;Centro Local;532118702.0;55296.55
4203600;Campos Novos;SC;Sul;4204;Chapecó;do Entorno;420008;Joaçaba - Herval d'Oeste;do Entorno;Centro de Zona A;3456853516.0;93600.5
4203709;Canelinha;SC;Sul;4207;Blumenau;do Entorno;420021;Brusque;do Entorno;Centro Local;412707977.0;32190.0
4203808;Canoinhas;SC;Sul;4206;Joinville;do Entorno;420017;Mafra;do Entorno;Centro Sub-Regional B;2759647733.0;50160.82
4203907;Capinzal;SC;Sul;4204;Chapecó;do Entorno;420008;Joaçaba - Herval d'Oeste;do Entorno;Centro Local;1482553727.0;63590.71
4203956;Capivari de Baixo;SC;Sul;4202;Criciúma;do Entorno;420003;Tubarão;do Entorno;Capital Regional C;689018546.0;28739.04
4204004;Catanduvas;SC;Sul;4204;Chapecó;do Entorno;420008;Joaçaba - Herval d'Oeste;do Entorno;Centro Local;676611076.0;64036.63
4204103;Caxambu do Sul;SC;Sul;4204;Chapecó;do Entorno;420007;Chapecó;do Entorno;Centro Local;248344204.0;53824.06
4204152;Celso Ramos;SC;Sul;4204;Chapecó;do Entorno;420008;Joaçaba - Herval d'Oeste;do Entorno;Centro Local;96486981.0;34398.21
4204178;Cerro Negro;SC;Sul;4203;Lages;do Entorno;420005;Lages;do Entorno;Centro Local;152293215.0;45912.94
4204194;Chapadão do Lageado;SC;Sul;4207;Blumenau;do Entorno;420024;Ituporanga;do Entorno;Centro Local;147114718.0;49869.4
4204202;Chapecó;SC;Sul;4204;Chapecó;Polo;420007;Chapecó;Polo;Capital Regional B;17619284312.0;69153.54
4204251;Cocal do Sul;SC;Sul;4202;Criciúma;do Entorno;420002;Criciúma;do Entorno;Capital Regional B;1084929853.0;62930.97
4204301;Concórdia;SC;Sul;4204;Chapecó;do Entorno;420010;Concórdia;Polo;Centro Sub-Regional B;5510391821.0;67491.26
4204350;Cordilheira Alta;SC;Sul;4204;Chapecó;do Entorno;420007;Chapecó;do Entorno;Capital Regional B;529197692.0;110687.66
4204400;Coronel Freitas;SC;Sul;4204;Chapecó;do Entorno;420007;Chapecó;do Entorno;Centro Local;484592888.0;46649.3
4204459;Coronel Martins;SC;Sul;4204;Chapecó;do Entorno;420011;Xanxerê;do Entorno;Centro Local;74760809.0;36203.78
4204509;Corupá;SC;Sul;4206;Joinville;do Entorno;420016;Joinville;do Entorno;Centro Sub-Regional A;1055553352.0;69139.54
4204558;Correia Pinto;SC;Sul;4203;Lages;do Entorno;420005;Lages;do Entorno;Centro Local;763282446.0;48533.25
4204608;Criciúma;SC;Sul;4202;Criciúma;Polo;420002;Criciúma;Polo;Capital Regional B;12339547621.0;57528.91
4204707;Cunha Porã;SC;Sul;4204;Chapecó;do Entorno;420012;Maravilha;do Entorno;Centro Local;1090030707.0;99518.92
4204756;Cunhataí;SC;Sul;4204;Chapecó;do Entorno;420007;Chapecó;do Entorno;Centro Local;106831281.0;54284.19
4204806;Curitibanos;SC;Sul;4203;Lages;do Entorno;420006;Curitibanos;Polo;Centro Sub-Regional B;2003887722.0;50040.9
4204905;Descanso;SC;Sul;4204;Chapecó;do Entorno;420009;São Miguel do Oeste;do Entorno;Centro Local;382121357.0;44797.35
4205001;Dionísio Cerqueira;SC;Sul;4204;Chapecó;do Entorno;420009;São Miguel do Oeste;do Entorno;Centro de Zona A;674812751.0;44963.54
4205100;Dona Emma;SC;Sul;4207;Blumenau;do Entorno;420023;Ibirama - Presidente Getúlio;do Entorno;Centro Local;184448320.0;43697.78
4205159;Doutor Pedrinho;SC;Sul;4207;Blumenau;do Entorno;420019;Blumenau;do Entorno;Centro Local;184032493.0;50600.08
4205175;Entre Rios;SC;Sul;4204;Chapecó;do Entorno;420011;Xanxerê;do Entorno;Centro Local;75980775.0;22334.15
4205191;Ermo;SC;Sul;4202;Criciúma;do Entorno;420004;Araranguá;do Entorno;Centro Sub-Regional A;241247320.0;106323.19
4205209;Erval Velho;SC;Sul;4204;Chapecó;do Entorno;420008;Joaçaba - Herval d'Oeste;do Entorno;Centro Local;253179087.0;51827.86
4205308;Faxinal dos Guedes;SC;Sul;4204;Chapecó;do Entorno;420011;Xanxerê;do Entorno;Centro Local;845386994.0;75534.94
4205357;Flor do Sertão;SC;Sul;4204;Chapecó;do Entorno;420009;São Miguel do Oeste;do Entorno;Centro Local;95652975.0;53647.21
4205407;Florianópolis;SC;Sul;4201;Florianópolis;Polo;420001;Florianópolis;Polo;Metrópole;31190132216.0;58059.37
4205431;Formosa do Sul;SC;Sul;4204;Chapecó;do Entorno;420007;Chapecó;do Entorno;Centro Local;104803400.0;39076.58
4205456;Forquilhinha;SC;Sul;4202;Criciúma;do Entorno;420002;Criciúma;do Entorno;Capital Regional B;1525924405.0;48548.39
4205506;Fraiburgo;SC;Sul;4205;Caçador;do Entorno;420015;Videira;do Entorno;Centro Sub-Regional B;1596213305.0;47675.2
4205555;Frei Rogério;SC;Sul;4203;Lages;do Entorno;420006;Curitibanos;do Entorno;Centro Local;114310223.0;47411.95
4205605;Galvão;SC;Sul;4204;Chapecó;do Entorno;420013;São Lourenço do Oeste;do Entorno;Centro Local;159894354.0;49811.33
4205704;Garopaba;SC;Sul;4201;Florianópolis;do Entorno;420001;Florianópolis;do Entorno;Centro Sub-Regional B;1005307519.0;33556.11
4205803;Garuva;SC;Sul;4206;Joinville;do Entorno;420016;Joinville;do Entorno;Centro Local;1982039347.0;106877.29
4205902;Gaspar;SC;Sul;4207;Blumenau;do Entorno;420019;Blumenau;do Entorno;Capital Regional B;5058949212.0;69711.3
4206009;Governador Celso Ramos;SC;Sul;4201;Florianópolis;do Entorno;420001;Florianópolis;do Entorno;Metrópole;661697403.0;39118.97
4206108;Grão-Pará;SC;Sul;4202;Criciúma;do Entorno;420003;Tubarão;do Entorno;Centro Local;406387201.0;64742.27
4206207;Gravatal;SC;Sul;4202;Criciúma;do Entorno;420003;Tubarão;do Entorno;Capital Regional C;456980670.0;36749.55
4206306;Guabiruba;SC;Sul;4207;Blumenau;do Entorno;420021;Brusque;do Entorno;Capital Regional C;1492565307.0;60814.3
4206405;Guaraciaba;SC;Sul;4204;Chapecó;do Entorno;420009;São Miguel do Oeste;do Entorno;Centro Local;615278476.0;56991.34
4206504;Guaramirim;SC;Sul;4206;Joinville;do Entorno;420016;Joinville;do Entorno;Centro Sub-Regional A;3136749682.0;67152.27
4206603;Guarujá do Sul;SC;Sul;4204;Chapecó;do Entorno;420009;São Miguel do Oeste;do Entorno;Centro Local;262918154.0;54445.67
4206652;Guatambú;SC;Sul;4204;Chapecó;do Entorno;420007;Chapecó;do Entorno;Capital Regional B;617585465.0;73303.91
4206702;Herval d'Oeste;SC;Sul;4204;Chapecó;do Entorno;420008;Joaçaba - Herval d'Oeste;Polo;Capital Regional C;723521698.0;33305.18
4206751;Ibiam;SC;Sul;4205;Caçador;do Entorno;420015;Videira;do Entorno;Centro Local;90693309.0;45165.99
4206801;Ibicaré;SC;Sul;4204;Chapecó;do Entorno;420008;Joaçaba - Herval d'Oeste;do Entorno;Centro Local;174344419.0;53332.65
4206900;Ibirama;SC;Sul;4207;Blumenau;do Entorno;420023;Ibirama - Presidente Getúlio;Polo;Centro de Zona A;774395357.0;38988.79
4207007;Içara;SC;Sul;4202;Criciúma;do Entorno;420002;Criciúma;do Entorno;Capital Regional B;4878273748.0;82633.59
4207106;Ilhota;SC;Sul;4207;Blumenau;do Entorno;420019;Blumenau;do Entorno;Capital Regional B;1190605336.0;69846.61
4207205;Imaruí;SC;Sul;4202;Criciúma;do Entorno;420003;Tubarão;do Entorno;Centro Local;320779620.0;26999.38
4207304;Imbituba;SC;Sul;4201;Florianópolis;do Entorno;420001;Florianópolis;do Entorno;Centro Sub-Regional B;3250687753.0;61824.83
4207403;Imbuia;SC;Sul;4207;Blumenau;do Entorno;420024;Ituporanga;do Entorno;Centro Local;319440817.0;53400.34
4207502;Indaial;SC;Sul;4207;Blumenau;do Entorno;420019;Blumenau;do Entorno;Capital Regional B;4484717577.0;62680.37
4207577;Iomerê;SC;Sul;4205;Caçador;do Entorno;420015;Videira;do Entorno;Centro Local;381384196.0;132563.15
4207601;Ipira;SC;Sul;4204;Chapecó;do Entorno;420010;Concórdia;do Entorno;Centro Local;134994590.0;29487.68
4207650;Iporã do Oeste;SC;Sul;4204;Chapecó;do Entorno;420009;São Miguel do Oeste;do Entorno;Centro Local;486273637.0;52091.44
4207684;Ipuaçu;SC;Sul;4204;Chapecó;do Entorno;420011;Xanxerê;do Entorno;Centro Local;435899804.0;56390.66
4207700;Ipumirim;SC;Sul;4204;Chapecó;do Entorno;420010;Concórdia;do Entorno;Centro Local;564807509.0;72262.99
4207759;Iraceminha;SC;Sul;4204;Chapecó;do Entorno;420012;Maravilha;do Entorno;Centro Local;258922509.0;64957.98
4207809;Irani;SC;Sul;4204;Chapecó;do Entorno;420010;Concórdia;do Entorno;Centro Local;339803198.0;33330.38
4207858;Irati;SC;Sul;4204;Chapecó;do Entorno;420007;Chapecó;do Entorno;Centro Local;78559622.0;37969.85
4207908;Irineópolis;SC;Sul;4206;Joinville;do Entorno;420017;Mafra;do Entorno;Centro Local;636425684.0;61879.02
4208005;Itá;SC;Sul;4204;Chapecó;do Entorno;420010;Concórdia;do Entorno;Centro Local;550221666.0;77857.88
4208104;Itaiópolis;SC;Sul;4206;Joinville;do Entorno;420017;Mafra;do Entorno;Centro Local;1404661539.0;63700.58
4208203;Itajaí;SC;Sul;4207;Blumenau;do Entorno;420020;Itajaí;Polo;Capital Regional B;48195908536.0;182522.93
4208302;Itapema;SC;Sul;4207;Blumenau;do Entorno;420020;Itajaí;do Entorno;Centro Sub-Regional B;3799730364.0;50035.95
4208401;Itapiranga;SC;Sul;4204;Chapecó;do Entorno;420009;São Miguel do Oeste;do Entorno;Centro de Zona B;1369949152.0;82338.57
4208450;Itapoá;SC;Sul;4206;Joinville;do Entorno;420016;Joinville;do Entorno;Centro Local;1990651159.0;64736.62
4208500;Ituporanga;SC;Sul;4207;Blumenau;do Entorno;420024;Ituporanga;Polo;Centro de Zona A;1565743138.0;59028.96
4208609;Jaborá;SC;Sul;4204;Chapecó;do Entorno;420008;Joaçaba - Herval d'Oeste;do Entorno;Centro Local;236969898.0;54981.41
4208708;Jacinto Machado;SC;Sul;4202;Criciúma;do Entorno;420004;Araranguá;do Entorno;Centro Local;733561608.0;69047.59
4208807;Jaguaruna;SC;Sul;4202;Criciúma;do Entorno;420003;Tubarão;do Entorno;Centro Local;887385693.0;43552.67
4208906;Jaraguá do Sul;SC;Sul;4206;Joinville;do Entorno;420016;Joinville;do Entorno;Centro Sub-Regional A;15509262572.0;84907.82
4208955;Jardinópolis;SC;Sul;4204;Chapecó;do Entorno;420007;Chapecó;do Entorno;Centro Local;82848772.0;46649.08
4209003;Joaçaba;SC;Sul;4204;Chapecó;do Entorno;420008;Joaçaba - Herval d'Oeste;Polo;Capital Regional C;2754514296.0;91372.46
4209102;Joinville;SC;Sul;4206;Joinville;Polo;420016;Joinville;Polo;Capital Regional B;49815876840.0;80828.33
4209151;José Boiteux;SC;Sul;4207;Blumenau;do Entorno;420023;Ibirama - Presidente Getúlio;do Entorno;Centro Local;171771933.0;28700.41
4209177;Jupiá;SC;Sul;4204;Chapecó;do Entorno;420013;São Lourenço do Oeste;do Entorno;Centro Local;109998735.0;43052.34
4209201;Lacerdópolis;SC;Sul;4204;Chapecó;do Entorno;420008;Joaçaba - Herval d'Oeste;do Entorno;Centro Local;186584359.0;83000.16
4209300;Lages;SC;Sul;4203;Lages;Polo;420005;Lages;Polo;Capital Regional C;8341649834.0;50561.28
4209409;Laguna;SC;Sul;4202;Criciúma;do Entorno;420003;Tubarão;do Entorno;Capital Regional C;1404149986.0;32818.74
4209458;Lajeado Grande;SC;Sul;4204;Chapecó;do Entorno;420007;Chapecó;do Entorno;Centro Local;108718509.0;63876.91
4209508;Laurentino;SC;Sul;4207;Blumenau;do Entorno;420022;Rio do Sul;do Entorno;Centro Local;536260960.0;67607.28
4209607;Lauro Müller;SC;Sul;4202;Criciúma;do Entorno;420002;Criciúma;do Entorno;Centro Local;481730009.0;33497.67
4209706;Lebon Régis;SC;Sul;4205;Caçador;do Entorno;420014;Caçador;do Entorno;Centro Local;466724315.0;40683.78
4209805;Leoberto Leal;SC;Sul;4207;Blumenau;do Entorno;420024;Ituporanga;do Entorno;Centro Local;169622368.0;50937.65
4209854;Lindóia do Sul;SC;Sul;4204;Chapecó;do Entorno;420010;Concórdia;do Entorno;Centro Local;201026150.0;44191.28
4209904;Lontras;SC;Sul;4207;Blumenau;do Entorno;420022;Rio do Sul;do Entorno;Centro Sub-Regional A;579987199.0;45054.55
4210001;Luiz Alves;SC;Sul;4207;Blumenau;do Entorno;420020;Itajaí;do Entorno;Centro Local;1138041979.0;97401.74
4210035;Luzerna;SC;Sul;4204;Chapecó;do Entorno;420008;Joaçaba - Herval d'Oeste;do Entorno;Capital Regional C;346309270.0;59770.33
4210050;Macieira;SC;Sul;4205;Caçador;do Entorno;420014;Caçador;do Entorno;Centro Local;70007530.0;39374.31
4210100;Mafra;SC;Sul;4206;Joinville;do Entorno;420017;Mafra;Polo;Centro Sub-Regional B;3296811911.0;59631.95
4210209;Major Gercino;SC;Sul;4207;Blumenau;do Entorno;420021;Brusque;do Entorno;Centro Local;86474067.0;26905.43
4210308;Major Vieira;SC;Sul;4206;Joinville;do Entorno;420017;Mafra;do Entorno;Centro Local;417208898.0;56189.75
4210407;Maracajá;SC;Sul;4202;Criciúma;do Entorno;420004;Araranguá;do Entorno;Centro Local;355365128.0;45472.19
4210506;Maravilha;SC;Sul;4204;Chapecó;do Entorno;420012;Maravilha;Polo;Centro de Zona A;2499222596.0;88464.92
4210555;Marema;SC;Sul;4204;Chapecó;do Entorno;420007;Chapecó;do Entorno;Centro Local;111255266.0;50941.06
4210605;Massaranduba;SC;Sul;4206;Joinville;do Entorno;420016;Joinville;do Entorno;Centro Local;1050211472.0;61194.0
4210704;Matos Costa;SC;Sul;4205;Caçador;do Entorno;420014;Caçador;do Entorno;Centro Local;77764272.0;28165.26
4210803;Meleiro;SC;Sul;4202;Criciúma;do Entorno;420004;Araranguá;do Entorno;Centro Local;469315843.0;66987.7
4210852;Mirim Doce;SC;Sul;4207;Blumenau;do Entorno;420022;Rio do Sul;do Entorno;Centro Local;106937446.0;42587.59
4210902;Modelo;SC;Sul;4204;Chapecó;do Entorno;420007;Chapecó;do Entorno;Centro Local;203355814.0;49842.11
4211009;Mondaí;SC;Sul;4204;Chapecó;do Entorno;420007;Chapecó;do Entorno;Centro Local;1249316724.0;124112.53
4211058;Monte Carlo;SC;Sul;4205;Caçador;do Entorno;420015;Videira;do Entorno;Centro Local;325033469.0;35651.36
4211108;Monte Castelo;SC;Sul;4206;Joinville;do Entorno;420017;Mafra;do Entorno;Centro Local;285959084.0;36964.72
4211207;Morro da Fumaça;SC;Sul;4202;Criciúma;do Entorno;420002;Criciúma;do Entorno;Capital Regional B;1019641349.0;55005.74
4211256;Morro Grande;SC;Sul;4202;Criciúma;do Entorno;420002;Criciúma;do Entorno;Capital Regional B;194418422.0;64590.84
4211306;Navegantes;SC;Sul;4207;Blumenau;do Entorno;420020;Itajaí;do Entorno;Capital Regional B;7939673784.0;91893.31
4211405;Nova Erechim;SC;Sul;4204;Chapecó;do Entorno;420007;Chapecó;do Entorno;Centro Local;266502424.0;51697.85
4211454;Nova Itaberaba;SC;Sul;4204;Chapecó;do Entorno;420007;Chapecó;do Entorno;Centro Local;191951536.0;42317.36
4211504;Nova Trento;SC;Sul;4207;Blumenau;do Entorno;420021;Brusque;do Entorno;Centro Local;972888071.0;70874.05
4211603;Nova Veneza;SC;Sul;4202;Criciúma;do Entorno;420002;Criciúma;do Entorno;Capital Regional B;1333549260.0;97595.82
4211652;Novo Horizonte;SC;Sul;4204;Chapecó;do Entorno;420013;São Lourenço do Oeste;do Entorno;Centro Local;160908453.0;60880.99
4211702;Orleans;SC;Sul;4202;Criciúma;do Entorno;420002;Criciúma;do Entorno;Centro de Zona A;1408943914.0;59547.1
4211751;Otacílio Costa;SC;Sul;4203;Lages;do Entorno;420005;Lages;do Entorno;Centro Local;1267787562.0;73231.72
4211801;Ouro;SC;Sul;4204;Chapecó;do Entorno;420008;Joaçaba - Herval d'Oeste;do Entorno;Centro Local;307201540.0;43686.23
4211850;Ouro Verde;SC;Sul;4204;Chapecó;do Entorno;420011;Xanxerê;do Entorno;Centro Local;170819679.0;78321.72
4211876;Paial;SC;Sul;4204;Chapecó;do Entorno;420007;Chapecó;do Entorno;Centro Local;73787528.0;38291.4
4211892;Painel;SC;Sul;4203;Lages;do Entorno;420005;Lages;do Entorno;Centro Local;111005961.0;50115.56
4211900;Palhoça;SC;Sul;4201;Florianópolis;do Entorno;420001;Florianópolis;do Entorno;Metrópole;10294550237.0;46247.27
4212007;Palma Sola;SC;Sul;4204;Chapecó;do Entorno;420009;São Miguel do Oeste;do Entorno;Centro Local;361215376.0;47497.09
4212056;Palmeira;SC;Sul;4203;Lages;do Entorno;420005;Lages;do Entorno;Centro Local;205053150.0;80067.61
4212106;Palmitos;SC;Sul;4204;Chapecó;do Entorno;420007;Chapecó;do Entorno;Centro de Zona B;1211264223.0;77515.95
4212205;Papanduva;SC;Sul;4206;Joinville;do Entorno;420017;Mafra;do Entorno;Centro de Zona B;1183058194.0;61778.5
4212239;Paraíso;SC;Sul;4204;Chapecó;do Entorno;420009;São Miguel do Oeste;do Entorno;Centro Local;194243981.0;45522.38
4212254;Passo de Torres;SC;Sul;4202;Criciúma;do Entorno;420004;Araranguá;do Entorno;Centro Sub-Regional B;301934066.0;23411.19
4212270;Passos Maia;SC;Sul;4204;Chapecó;do Entorno;420011;Xanxerê;do Entorno;Centro Local;218824223.0;54244.97
4212304;Paulo Lopes;SC;Sul;4201;Florianópolis;do Entorno;420001;Florianópolis;do Entorno;Metrópole;417795002.0;46098.97
4212403;Pedras Grandes;SC;Sul;4202;Criciúma;do Entorno;420003;Tubarão;do Entorno;Centro Local;305366304.0;71935.53
4212502;Penha;SC;Sul;4207;Blumenau;do Entorno;420020;Itajaí;do Entorno;Capital Regional B;1340663262.0;39826.02
4212601;Peritiba;SC;Sul;4204;Chapecó;do Entorno;420010;Concórdia;do Entorno;Centro Local;166701472.0;55715.73
4212650;Pescaria Brava;SC;Sul;4202;Criciúma;do Entorno;420003;Tubarão;do Entorno;Centro Local;164482919.0;16141.6
4212700;Petrolândia;SC;Sul;4207;Blumenau;do Entorno;420024;Ituporanga;do Entorno;Centro Local;265681595.0;39559.5
4212809;Balneário Piçarras;SC;Sul;4207;Blumenau;do Entorno;420020;Itajaí;do Entorno;Capital Regional B;2097521043.0;77322.26
4212908;Pinhalzinho;SC;Sul;4204;Chapecó;do Entorno;420007;Chapecó;do Entorno;Centro de Zona A;1941701252.0;88371.62
4213005;Pinheiro Preto;SC;Sul;4205;Caçador;do Entorno;420015;Videira;do Entorno;Centro Local;323208867.0;93063.31
4213104;Piratuba;SC;Sul;4204;Chapecó;do Entorno;420010;Concórdia;do Entorno;Centro Local;953671082.0;165309.6
4213153;Planalto Alegre;SC;Sul;4204;Chapecó;do Entorno;420007;Chapecó;do Entorno;Centro Local;144006502.0;48882.04
4213203;Pomerode;SC;Sul;4207;Blumenau;do Entorno;420019;Blumenau;do Entorno;Centro de Zona A;3184672108.0;92877.37
4213302;Ponte Alta;SC;Sul;4203;Lages;do Entorno;420005;Lages;do Entorno;Centro Local;205504401.0;46316.07
4213351;Ponte Alta do Norte;SC;Sul;4203;Lages;do Entorno;420006;Curitibanos;do Entorno;Centro Local;158355365.0;49331.89
4213401;Ponte Serrada;SC;Sul;4204;Chapecó;do Entorno;420011;Xanxerê;do Entorno;Centro de Zona B;390492155.0;36669.37
4213500;Porto Belo;SC;Sul;4207;Blumenau;do Entorno;420020;Itajaí;do Entorno;Centro Sub-Regional B;2090678166.0;75508.46
4213609;Porto União;SC;Sul;4206;Joinville;do Entorno;420017;Mafra;do Entorno;Centro Sub-Regional A;1314938113.0;39882.87
4213708;Pouso Redondo;SC;Sul;4207;Blumenau;do Entorno;420022;Rio do Sul;do Entorno;Centro Local;912670161.0;53300.83
4213807;Praia Grande;SC;Sul;4202;Criciúma;do Entorno;420004;Araranguá;do Entorno;Centro Local;312293605.0;37762.23
4213906;Presidente Castello Branco;SC;Sul;4204;Chapecó;do Entorno;420010;Concórdia;do Entorno;Centro Local;88879330.0;52622.46
4214003;Presidente Getúlio;SC;Sul;4207;Blumenau;do Entorno;420023;Ibirama - Presidente Getúlio;Polo;Centro de Zona B;1091871499.0;54566.29
4214102;Presidente Nereu;SC;Sul;4207;Blumenau;do Entorno;420022;Rio do Sul;do Entorno;Centro Local;81283338.0;35325.22
4214151;Princesa;SC;Sul;4204;Chapecó;do Entorno;420009;São Miguel do Oeste;do Entorno;Centro Local;134567034.0;45400.48
4214201;Quilombo;SC;Sul;4204;Chapecó;do Entorno;420007;Chapecó;do Entorno;Centro Local;670409310.0;60824.65
4214300;Rancho Queimado;SC;Sul;4201;Florianópolis;do Entorno;420001;Florianópolis;do Entorno;Centro Local;227901573.0;69503.38
4214409;Rio das Antas;SC;Sul;4205;Caçador;do Entorno;420015;Videira;do Entorno;Centro Local;328939713.0;52605.1
4214508;Rio do Campo;SC;Sul;4207;Blumenau;do Entorno;420022;Rio do Sul;do Entorno;Centro de Zona B;265322667.0;41122.55
4214607;Rio do Oeste;SC;Sul;4207;Blumenau;do Entorno;420022;Rio do Sul;do Entorno;Centro Local;348707840.0;45011.98
4214706;Rio dos Cedros;SC;Sul;4207;Blumenau;do Entorno;420019;Blumenau;do Entorno;Centro Local;565977434.0;52091.8
4214805;Rio do Sul;SC;Sul;4207;Blumenau;do Entorno;420022;Rio do Sul;Polo;Centro Sub-Regional A;4621903114.0;63673.98
4214904;Rio Fortuna;SC;Sul;4202;Criciúma;do Entorno;420003;Tubarão;do Entorno;Centro Local;373207524.0;76997.63
4215000;Rio Negrinho;SC;Sul;4206;Joinville;do Entorno;420018;São Bento do Sul - Rio Negrinho;Polo;Centro Sub-Regional B;1731868057.0;44111.66
4215059;Rio Rufino;SC;Sul;4203;Lages;do Entorno;420005;Lages;do Entorno;Centro Local;96784355.0;40377.29
4215075;Riqueza;SC;Sul;4204;Chapecó;do Entorno;420007;Chapecó;do Entorno;Centro Local;198674043.0;41668.21
4215109;Rodeio;SC;Sul;4207;Blumenau;do Entorno;420019;Blumenau;do Entorno;Centro Local;456659972.0;35796.82
4215208;Romelândia;SC;Sul;4204;Chapecó;do Entorno;420009;São Miguel do Oeste;do Entorno;Centro Local;132525469.0;27477.81
4215307;Salete;SC;Sul;4207;Blumenau;do Entorno;420022;Rio do Sul;do Entorno;Centro Local;383453011.0;51202.16
4215356;Saltinho;SC;Sul;4204;Chapecó;do Entorno;420012;Maravilha;do Entorno;Centro Local;115351402.0;31759.75
4215406;Salto Veloso;SC;Sul;4205;Caçador;do Entorno;420015;Videira;do Entorno;Centro Local;347635839.0;79188.12
4215455;Sangão;SC;Sul;4202;Criciúma;do Entorno;420003;Tubarão;do Entorno;Centro Local;701076240.0;54422.93
4215505;Santa Cecília;SC;Sul;4203;Lages;do Entorno;420006;Curitibanos;do Entorno;Centro Local;672249587.0;43242.61
4215554;Santa Helena;SC;Sul;4204;Chapecó;do Entorno;420009;São Miguel do Oeste;do Entorno;Centro Local;128409249.0;52952.27
4215604;Santa Rosa de Lima;SC;Sul;4202;Criciúma;do Entorno;420003;Tubarão;do Entorno;Centro Local;108833819.0;52123.48
4215653;Santa Rosa do Sul;SC;Sul;4202;Criciúma;do Entorno;420004;Araranguá;do Entorno;Centro Local;277593894.0;28349.05
4215679;Santa Terezinha;SC;Sul;4207;Blumenau;do Entorno;420022;Rio do Sul;do Entorno;Centro Local;342768701.0;42495.5
4215687;Santa Terezinha do Progresso;SC;Sul;4204;Chapecó;do Entorno;420012;Maravilha;do Entorno;Centro Local;89006068.0;34552.04
4215695;Santiago do Sul;SC;Sul;4204;Chapecó;do Entorno;420007;Chapecó;do Entorno;Centro Local;62417195.0;37805.69
4215703;Santo Amaro da Imperatriz;SC;Sul;4201;Florianópolis;do Entorno;420001;Florianópolis;do Entorno;Metrópole;1749916489.0;64165.32
4215752;São Bernardino;SC;Sul;4204;Chapecó;do Entorno;420013;São Lourenço do Oeste;do Entorno;Centro Local;110781413.0;41274.74
4215802;São Bento do Sul;SC;Sul;4206;Joinville;do Entorno;420018;São Bento do Sul - Rio Negrinho;Polo;Centro Sub-Regional B;5038223340.0;60499.58
4215901;São Bonifácio;SC;Sul;4201;Florianópolis;do Entorno;420001;Florianópolis;do Entorno;Centro Local;265329550.0;90064.34
4216008;São Carlos;SC;Sul;4204;Chapecó;do Entorno;420007;Chapecó;do Entorno;Centro de Zona B;794989549.0;77318.57
4216057;São Cristóvão do Sul;SC;Sul;4203;Lages;do Entorno;420006;Curitibanos;do Entorno;Centro Local;197298749.0;32429.12
4216107;São Domingos;SC;Sul;4204;Chapecó;do Entorno;420011;Xanxerê;do Entorno;Centro Local;536173650.0;58115.51
4216206;São Francisco do Sul;SC;Sul;4206;Joinville;do Entorno;420016;Joinville;do Entorno;Centro de Zona A;7396331907.0;140417.13
4216255;São João do Oeste;SC;Sul;4204;Chapecó;do Entorno;420009;São Miguel do Oeste;do Entorno;Centro Local;463168420.0;73577.19
4216305;São João Batista;SC;Sul;4207;Blumenau;do Entorno;420021;Brusque;do Entorno;Centro Local;1303724455.0;39885.11
4216354;São João do Itaperiú;SC;Sul;4206;Joinville;do Entorno;420016;Joinville;do Entorno;Centro Local;455830482.0;102135.44
4216404;São João do Sul;SC;Sul;4202;Criciúma;do Entorno;420004;Araranguá;do Entorno;Centro Local;434705100.0;50150.57
4216503;São Joaquim;SC;Sul;4203;Lages;do Entorno;420005;Lages;do Entorno;Centro de Zona B;1484850704.0;57243.95
4216602;São José;SC;Sul;4201;Florianópolis;do Entorno;420001;Florianópolis;do Entorno;Metrópole;15575672162.0;57623.86
4216701;São José do Cedro;SC;Sul;4204;Chapecó;do Entorno;420009;São Miguel do Oeste;do Entorno;Centro de Zona B;681891491.0;48132.38
4216800;São José do Cerrito;SC;Sul;4203;Lages;do Entorno;420005;Lages;do Entorno;Centro Local;355893941.0;40869.77
4216909;São Lourenço do Oeste;SC;Sul;4204;Chapecó;do Entorno;420013;São Lourenço do Oeste;Polo;Centro de Zona A;1843473333.0;74360.59
4217006;São Ludgero;SC;Sul;4202;Criciúma;do Entorno;420003;Tubarão;do Entorno;Centro Local;1241477563.0;91900.03
4217105;São Martinho;SC;Sul;4202;Criciúma;do Entorno;420003;Tubarão;do Entorno;Centro Local;148540885.0;43624.34
4217154;São Miguel da Boa Vista;SC;Sul;4204;Chapecó;do Entorno;420012;Maravilha;do Entorno;Centro Local;73871298.0;41477.43
4217204;São Miguel do Oeste;SC;Sul;4204;Chapecó;do Entorno;420009;São Miguel do Oeste;Polo;Centro Sub-Regional A;3105097849.0;70045.07
4217253;São Pedro de Alcântara;SC;Sul;4201;Florianópolis;do Entorno;420001;Florianópolis;do Entorno;Metrópole;148310928.0;25677.1
4217303;Saudades;SC;Sul;4204;Chapecó;do Entorno;420007;Chapecó;do Entorno;Centro Local;718462655.0;69991.49
4217402;Schroeder;SC;Sul;4206;Joinville;do Entorno;420016;Joinville;do Entorno;Centro Sub-Regional A;906591286.0;45191.73
4217501;Seara;SC;Sul;4204;Chapecó;do Entorno;420010;Concórdia;do Entorno;Centro Local;1506647813.0;80915.56
4217550;Serra Alta;SC;Sul;4204;Chapecó;do Entorno;420007;Chapecó;do Entorno;Centro Local;147398192.0;44625.55
4217600;Siderópolis;SC;Sul;4202;Criciúma;do Entorno;420002;Criciúma;do Entorno;Capital Regional B;804481763.0;58661.35
4217709;Sombrio;SC;Sul;4202;Criciúma;do Entorno;420004;Araranguá;do Entorno;Centro Sub-Regional B;1304359187.0;43491.69
4217758;Sul Brasil;SC;Sul;4204;Chapecó;do Entorno;420007;Chapecó;do Entorno;Centro Local;123619650.0;43651.01
4217808;Taió;SC;Sul;4207;Blumenau;do Entorno;420022;Rio do Sul;do Entorno;Centro de Zona B;1038272967.0;56705.24
4217907;Tangará;SC;Sul;4205;Caçador;do Entorno;420015;Videira;do Entorno;Centro Local;760284682.0;93366.66
4217956;Tigrinhos;SC;Sul;4204;Chapecó;do Entorno;420012;Maravilha;do Entorno;Centro Local;88349107.0;37934.35
4218004;Tijucas;SC;Sul;4207;Blumenau;do Entorno;420020;Itajaí;do Entorno;Centro de Zona A;3687049288.0;71465.52
4218103;Timbé do Sul;SC;Sul;4202;Criciúma;do Entorno;420004;Araranguá;do Entorno;Centro Local;197892454.0;36742.01
4218202;Timbó;SC;Sul;4207;Blumenau;do Entorno;420019;Blumenau;do Entorno;Centro Sub-Regional B;2737816587.0;59389.93
4218251;Timbó Grande;SC;Sul;4205;Caçador;do Entorno;420014;Caçador;do Entorno;Centro Local;304452754.0;41467.28
4218301;Três Barras;SC;Sul;4206;Joinville;do Entorno;420017;Mafra;do Entorno;Centro Sub-Regional B;2060109557.0;104330.47
4218350;Treviso;SC;Sul;4202;Criciúma;do Entorno;420002;Criciúma;do Entorno;Capital Regional B;198899904.0;52591.2
4218400;Treze de Maio;SC;Sul;4202;Criciúma;do Entorno;420003;Tubarão;do Entorno;Centro Local;255516011.0;34707.42
4218509;Treze Tílias;SC;Sul;4204;Chapecó;do Entorno;420008;Joaçaba - Herval d'Oeste;do Entorno;Centro Local;1194854233.0;135979.77
4218608;Trombudo Central;SC;Sul;4207;Blumenau;do Entorno;420022;Rio do Sul;do Entorno;Centro Local;433329734.0;59572.41
4218707;Tubarão;SC;Sul;4202;Criciúma;do Entorno;420003;Tubarão;Polo;Capital Regional C;6007107895.0;54566.42
4218756;Tunápolis;SC;Sul;4204;Chapecó;do Entorno;420009;São Miguel do Oeste;do Entorno;Centro Local;229505878.0;46685.49
4218806;Turvo;SC;Sul;4202;Criciúma;do Entorno;420004;Araranguá;do Entorno;Centro de Zona B;992638805.0;76105.1
4218855;União do Oeste;SC;Sul;4204;Chapecó;do Entorno;420007;Chapecó;do Entorno;Centro Local;116752879.0;42088.28
4218905;Urubici;SC;Sul;4203;Lages;do Entorno;420005;Lages;do Entorno;Centro Local;471775601.0;43545.84
4218954;Urupema;SC;Sul;4203;Lages;do Entorno;420005;Lages;do Entorno;Centro Local;131850079.0;49642.35
4219002;Urussanga;SC;Sul;4202;Criciúma;do Entorno;420002;Criciúma;do Entorno;Capital Regional B;1222446926.0;58437.16
4219101;Vargeão;SC;Sul;4204;Chapecó;do Entorno;420011;Xanxerê;do Entorno;Centro Local;301834497.0;83058.47
4219150;Vargem;SC;Sul;4204;Chapecó;do Entorno;420008;Joaçaba - Herval d'Oeste;do Entorno;Centro Local;100063874.0;38090.55
4219176;Vargem Bonita;SC;Sul;4204;Chapecó;do Entorno;420008;Joaçaba - Herval d'Oeste;do Entorno;Centro Local;661591361.0;144578.53
4219200;Vidal Ramos;SC;Sul;4207;Blumenau;do Entorno;420024;Ituporanga;do Entorno;Centro Local;401953374.0;64946.42
4219309;Videira;SC;Sul;4205;Caçador;do Entorno;420015;Videira;Polo;Centro Sub-Regional A;4129522675.0;74451.42
4219358;Vitor Meireles;SC;Sul;4207;Blumenau;do Entorno;420023;Ibirama - Presidente Getúlio;do Entorno;Centro Local;193745239.0;36079.19
4219408;Witmarsum;SC;Sul;4207;Blumenau;do Entorno;420023;Ibirama - Presidente Getúlio;do Entorno;Centro Local;197838976.0;46495.65
4219507;Xanxerê;SC;Sul;4204;Chapecó;do Entorno;420011;Xanxerê;Polo;Centro Sub-Regional B;3145564606.0;60952.29
4219606;Xavantina;SC;Sul;4204;Chapecó;do Entorno;420011;Xanxerê;do Entorno;Centro Local;249449508.0;68286.21
4219705;Xaxim;SC;Sul;4204;Chapecó;do Entorno;420007;Chapecó;do Entorno;Centro de Zona A;1737477331.0;54435.66
4219853;Zortéa;SC;Sul;4204;Chapecó;do Entorno;420008;Joaçaba - Herval d'Oeste;do Entorno;Centro Local;135060002.0;34366.41
4220000;Balneário Rincão;SC;Sul;4202;Criciúma;do Entorno;420002;Criciúma;do Entorno;Centro Local;420207739.0;26294.21
4300034;Aceguá;RS;Sul;4302;Pelotas;do Entorno;430010;Bagé;do Entorno;Centro Sub-Regional A;382340490.0;91688.37
4300059;Água Santa;RS;Sul;4306;Passo Fundo;do Entorno;430032;Tapejara - Sananduva;do Entorno;Centro Local;418737672.0;107039.28
4300109;Agudo;RS;Sul;4303;Santa Maria;do Entorno;430011;Santa Maria;do Entorno;Centro de Zona B;780151895.0;48634.87
4300208;Ajuricaba;RS;Sul;4305;Ijuí;do Entorno;430018;Ijuí;do Entorno;Centro Local;383524803.0;57072.14
4300307;Alecrim;RS;Sul;4305;Ijuí;do Entorno;430019;Santa Rosa;do Entorno;Centro Local;153719013.0;25105.18
4300406;Alegrete;RS;Sul;4304;Uruguaiana;do Entorno;430015;Uruguaiana;do Entorno;Centro Sub-Regional B;3102027800.0;42840.36
4300455;Alegria;RS;Sul;4305;Ijuí;do Entorno;430023;Três de Maio;do Entorno;Centro Local;136099350.0;37277.28
4300471;Almirante Tamandaré do Sul;RS;Sul;4306;Passo Fundo;do Entorno;430028;Carazinho;do Entorno;Centro Local;223166993.0;113340.27
4300505;Alpestre;RS;Sul;4306;Passo Fundo;do Entorno;430035;Nonoai;do Entorno;Centro Local;302869447.0;42555.77
4300554;Alto Alegre;RS;Sul;4306;Passo Fundo;do Entorno;430025;Passo Fundo;do Entorno;Centro Local;72441818.0;40245.45
4300570;Alto Feliz;RS;Sul;4307;Caxias do Sul;do Entorno;430036;Caxias do Sul;do Entorno;Centro Local;203171417.0;66136.53
4300604;Alvorada;RS;Sul;4301;Porto Alegre;do Entorno;430001;Porto Alegre;do Entorno;Metrópole;4129934297.0;22048.07
4300638;Amaral Ferrador;RS;Sul;4301;Porto Alegre;do Entorno;430005;Camaquã;do Entorno;Centro Local;174054484.0;32778.62
4300646;Ametista do Sul;RS;Sul;4306;Passo Fundo;do Entorno;430029;Frederico Westphalen;do Entorno;Centro Local;203478293.0;26598.47
4300661;André da Rocha;RS;Sul;4307;Caxias do Sul;do Entorno;430038;Nova Prata - Guaporé;do Entorno;Centro Local;112013387.0;98690.21
4300703;Anta Gorda;RS;Sul;4308;Santa Cruz do Sul - Lajeado;do Entorno;430043;Encantado;do Entorno;Centro Local;333257468.0;55943.84
4300802;Antônio Prado;RS;Sul;4307;Caxias do Sul;do Entorno;430036;Caxias do Sul;do Entorno;Centro Local;926442744.0;71018.99
4300851;Arambaré;RS;Sul;4301;Porto Alegre;do Entorno;430005;Camaquã;do Entorno;Centro Local;233581546.0;56804.85
4300877;Araricá;RS;Sul;4301;Porto Alegre;do Entorno;430002;Novo Hamburgo - São Leopoldo;do Entorno;Metrópole;322955377.0;37883.33
4300901;Aratiba;RS;Sul;4306;Passo Fundo;do Entorno;430026;Erechim;do Entorno;Centro Local;1185217051.0;182819.23
4301008;Arroio do Meio;RS;Sul;4308;Santa Cruz do Sul - Lajeado;do Entorno;430041;Lajeado;do Entorno;Capital Regional C;1943138022.0;88493.4
4301057;Arroio do Sal;RS;Sul;4301;Porto Alegre;do Entorno;430008;Torres;do Entorno;Centro Local;353686792.0;31987.59
4301073;Arroio do Padre;RS;Sul;4302;Pelotas;do Entorno;430009;Pelotas;do Entorno;Capital Regional C;96550913.0;37149.25
4301107;Arroio dos Ratos;RS;Sul;4301;Porto Alegre;do Entorno;430001;Porto Alegre;do Entorno;Centro Local;404984553.0;27736.77
4301206;Arroio do Tigre;RS;Sul;4308;Santa Cruz do Sul - Lajeado;do Entorno;430042;Sobradinho;do Entorno;Centro de Zona B;472739311.0;39205.45
4301305;Arroio Grande;RS;Sul;4302;Pelotas;do Entorno;430009;Pelotas;do Entorno;Centro Local;965508115.0;54989.64
4301404;Arvorezinha;RS;Sul;4306;Passo Fundo;do Entorno;430031;Soledade;do Entorno;Centro de Zona B;404652153.0;39202.88
4301503;Augusto Pestana;RS;Sul;4305;Ijuí;do Entorno;430018;Ijuí;do Entorno;Centro Local;350687048.0;49054.0
4301552;Áurea;RS;Sul;4306;Passo Fundo;do Entorno;430026;Erechim;do Entorno;Centro Local;177755631.0;52342.65
4301602;Bagé;RS;Sul;4302;Pelotas;do Entorno;430010;Bagé;Polo;Centro Sub-Regional A;4414767606.0;37432.95
4301636;Balneário Pinhal;RS;Sul;4301;Porto Alegre;do Entorno;430003;Tramandaí - Osório;do Entorno;Centro Local;333149046.0;22276.77
4301651;Barão;RS;Sul;4307;Caxias do Sul;do Entorno;430037;Bento Gonçalves;do Entorno;Centro Local;462911085.0;71646.97
4301701;Barão de Cotegipe;RS;Sul;4306;Passo Fundo;do Entorno;430026;Erechim;do Entorno;Centro Local;324768863.0;45460.37
4301750;Barão do Triunfo;RS;Sul;4301;Porto Alegre;do Entorno;430001;Porto Alegre;do Entorno;Centro Local;142447239.0;24188.7
4301800;Barracão;RS;Sul;4306;Passo Fundo;do Entorno;430033;Lagoa Vermelha;do Entorno;Centro Local;300014763.0;62102.0
4301859;Barra do Guarita;RS;Sul;4305;Ijuí;do Entorno;430021;Três Passos;do Entorno;Centro de Zona B;63072239.0;19953.25
4301875;Barra do Quaraí;RS;Sul;4304;Uruguaiana;do Entorno;430015;Uruguaiana;do Entorno;Centro Local;332589973.0;78422.54
4301909;Barra do Ribeiro;RS;Sul;4301;Porto Alegre;do Entorno;430001;Porto Alegre;do Entorno;Centro Local;581054183.0;47529.99
4301925;Barra do Rio Azul;RS;Sul;4306;Passo Fundo;do Entorno;430026;Erechim;do Entorno;Centro Local;78570978.0;46327.23
4301958;Barra Funda;RS;Sul;4306;Passo Fundo;do Entorno;430028;Carazinho;do Entorno;Centro Local;167381582.0;67006.24
4302006;Barros Cassal;RS;Sul;4306;Passo Fundo;do Entorno;430031;Soledade;do Entorno;Centro Local;274473968.0;29526.03
4302055;Benjamin Constant do Sul;RS;Sul;4306;Passo Fundo;do Entorno;430026;Erechim;do Entorno;Centro Local;49986472.0;24008.87
4302105;Bento Gonçalves;RS;Sul;4307;Caxias do Sul;do Entorno;430037;Bento Gonçalves;Polo;Centro Sub-Regional A;9062598061.0;73589.32
4302154;Boa Vista das Missões;RS;Sul;4306;Passo Fundo;do Entorno;430029;Frederico Westphalen;do Entorno;Centro Local;173199979.0;89601.64
4302204;Boa Vista do Buricá;RS;Sul;4305;Ijuí;do Entorno;430023;Três de Maio;do Entorno;Centro de Zona B;354601866.0;50904.66
4302220;Boa Vista do Cadeado;RS;Sul;4306;Passo Fundo;do Entorno;430027;Cruz Alta;do Entorno;Centro Local;269990931.0;121126.48
4302238;Boa Vista do Incra;RS;Sul;4306;Passo Fundo;do Entorno;430027;Cruz Alta;do Entorno;Centro Local;196998485.0;86745.26
4302253;Boa Vista do Sul;RS;Sul;4307;Caxias do Sul;do Entorno;430037;Bento Gonçalves;do Entorno;Centro Local;134911770.0;48546.88
4302303;Bom Jesus;RS;Sul;4307;Caxias do Sul;do Entorno;430039;Vacaria;do Entorno;Centro Local;593402555.0;52972.91
4302352;Bom Princípio;RS;Sul;4301;Porto Alegre;do Entorno;430002;Novo Hamburgo - São Leopoldo;do Entorno;Centro Local;951019165.0;72364.87
4302378;Bom Progresso;RS;Sul;4305;Ijuí;do Entorno;430021;Três Passos;do Entorno;Centro Local;73593306.0;35111.31
4302402;Bom Retiro do Sul;RS;Sul;4308;Santa Cruz do Sul - Lajeado;do Entorno;430041;Lajeado;do Entorno;Capital Regional C;509724682.0;41461.26
4302451;Boqueirão do Leão;RS;Sul;4308;Santa Cruz do Sul - Lajeado;do Entorno;430041;Lajeado;do Entorno;Centro Local;199040090.0;31882.12
4302501;Bossoroca;RS;Sul;4305;Ijuí;do Entorno;430022;São Luiz Gonzaga;do Entorno;Centro Local;250550159.0;42538.23
4302584;Bozano;RS;Sul;4305;Ijuí;do Entorno;430018;Ijuí;do Entorno;Centro Local;119424690.0;55520.54
4302600;Braga;RS;Sul;4305;Ijuí;do Entorno;430021;Três Passos;do Entorno;Centro Local;109438700.0;33487.97
4302659;Brochier;RS;Sul;4301;Porto Alegre;do Entorno;430007;Montenegro;do Entorno;Centro Local;132265490.0;26634.21
4302709;Butiá;RS;Sul;4301;Porto Alegre;do Entorno;430006;Charqueadas - Triunfo - São Jerônimo;do Entorno;Centro Local;567080683.0;29714.98
4302808;Caçapava do Sul;RS;Sul;4303;Santa Maria;do Entorno;430012;São Gabriel - Caçapava do Sul;Polo;Centro de Zona A;1175802486.0;36161.85
4302907;Cacequi;RS;Sul;4303;Santa Maria;do Entorno;430011;Santa Maria;do Entorno;Centro Local;566822982.0;50804.25
4303004;Cachoeira do Sul;RS;Sul;4303;Santa Maria;do Entorno;430013;Cachoeira do Sul;Polo;Centro Sub-Regional B;3371237249.0;42103.62
4303103;Cachoeirinha;RS;Sul;4301;Porto Alegre;do Entorno;430001;Porto Alegre;do Entorno;Metrópole;7781824403.0;57110.95
4303202;Cacique Doble;RS;Sul;4306;Passo Fundo;do Entorno;430033;Lagoa Vermelha;do Entorno;Centro Local;154022394.0;33461.31
4303301;Caibaté;RS;Sul;4305;Ijuí;do Entorno;430022;São Luiz Gonzaga;do Entorno;Centro Local;180411933.0;38352.88
4303400;Caiçara;RS;Sul;4306;Passo Fundo;do Entorno;430029;Frederico Westphalen;do Entorno;Centro Local;159894473.0;33063.37
4303509;Camaquã;RS;Sul;4301;Porto Alegre;do Entorno;430005;Camaquã;Polo;Centro Sub-Regional B;3154677298.0;50718.28
4303558;Camargo;RS;Sul;4306;Passo Fundo;do Entorno;430030;Marau;do Entorno;Centro Local;612434517.0;205446.0
4303608;Cambará do Sul;RS;Sul;4307;Caxias do Sul;do Entorno;430036;Caxias do Sul;do Entorno;Centro Local;275332193.0;43284.42
4303673;Campestre da Serra;RS;Sul;4307;Caxias do Sul;do Entorno;430036;Caxias do Sul;do Entorno;Centro Local;236802103.0;73041.98
4303707;Campina das Missões;RS;Sul;4305;Ijuí;do Entorno;430019;Santa Rosa;do Entorno;Centro Local;203771408.0;34643.22
4303806;Campinas do Sul;RS;Sul;4306;Passo Fundo;do Entorno;430026;Erechim;do Entorno;Centro Local;294874639.0;55805.19
4303905;Campo Bom;RS;Sul;4301;Porto Alegre;do Entorno;430002;Novo Hamburgo - São Leopoldo;do Entorno;Metrópole;4528757407.0;72015.35
4304002;Campo Novo;RS;Sul;4305;Ijuí;do Entorno;430021;Três Passos;do Entorno;Centro Local;287302289.0;57749.2
4304101;Campos Borges;RS;Sul;4306;Passo Fundo;do Entorno;430025;Passo Fundo;do Entorno;Centro Local;105020137.0;29067.3
4304200;Candelária;RS;Sul;4308;Santa Cruz do Sul - Lajeado;do Entorno;430040;Santa Cruz do Sul;do Entorno;Centro de Zona B;1234676842.0;42713.51
4304309;Cândido Godói;RS;Sul;4305;Ijuí;do Entorno;430019;Santa Rosa;do Entorno;Centro Local;375021605.0;59583.99
4304358;Candiota;RS;Sul;4302;Pelotas;do Entorno;430010;Bagé;do Entorno;Centro Sub-Regional A;1699384339.0;158672.67
4304408;Canela;RS;Sul;4307;Caxias do Sul;do Entorno;430036;Caxias do Sul;do Entorno;Centro Sub-Regional B;1959718764.0;40038.38
4304507;Canguçu;RS;Sul;4302;Pelotas;do Entorno;430009;Pelotas;do Entorno;Centro de Zona A;1825527908.0;36745.73
4304606;Canoas;RS;Sul;4301;Porto Alegre;do Entorno;430001;Porto Alegre;do Entorno;Metrópole;29166696701.0;83895.04
4304614;Canudos do Vale;RS;Sul;4308;Santa Cruz do Sul - Lajeado;do Entorno;430041;Lajeado;do Entorno;Centro Local;66952744.0;40430.4
4304622;Capão Bonito do Sul;RS;Sul;4306;Passo Fundo;do Entorno;430033;Lagoa Vermelha;do Entorno;Centro Sub-Regional B;223070869.0;128719.49
4304630;Capão da Canoa;RS;Sul;4301;Porto Alegre;do Entorno;430003;Tramandaí - Osório;do Entorno;Centro Sub-Regional B;2588160821.0;40698.19
4304655;Capão do Cipó;RS;Sul;4303;Santa Maria;do Entorno;430014;Santiago;do Entorno;Centro Local;220125611.0;70575.7
4304663;Capão do Leão;RS;Sul;4302;Pelotas;do Entorno;430009;Pelotas;do Entorno;Capital Regional C;854021503.0;32243.04
4304671;Capivari do Sul;RS;Sul;4301;Porto Alegre;do Entorno;430001;Porto Alegre;do Entorno;Centro Local;399404821.0;100076.38
4304689;Capela de Santana;RS;Sul;4301;Porto Alegre;do Entorno;430002;Novo Hamburgo - São Leopoldo;do Entorno;Metrópole;315947179.0;28313.22
4304697;Capitão;RS;Sul;4308;Santa Cruz do Sul - Lajeado;do Entorno;430041;Lajeado;do Entorno;Centro Local;88568866.0;30321.42
4304705;Carazinho;RS;Sul;4306;Passo Fundo;do Entorno;430028;Carazinho;Polo;Centro Sub-Regional A;3744966585.0;60594.24
4304713;Caraá;RS;Sul;4301;Porto Alegre;do Entorno;430001;Porto Alegre;do Entorno;Centro Local;158174358.0;21392.26
4304804;Carlos Barbosa;RS;Sul;4307;Caxias do Sul;do Entorno;430037;Bento Gonçalves;do Entorno;Centro Sub-Regional A;3815080263.0;125413.55
4304853;Carlos Gomes;RS;Sul;4306;Passo Fundo;do Entorno;430026;Erechim;do Entorno;Centro Local;61763318.0;45281.03
4304903;Casca;RS;Sul;4306;Passo Fundo;do Entorno;430030;Marau;do Entorno;Centro de Zona B;875949222.0;92546.14
4304952;Caseiros;RS;Sul;4306;Passo Fundo;do Entorno;430033;Lagoa Vermelha;do Entorno;Centro Local;177158193.0;59052.73
4305009;Catuípe;RS;Sul;4305;Ijuí;do Entorno;430018;Ijuí;do Entorno;Centro Local;425026002.0;49000.0
4305108;Caxias do Sul;RS;Sul;4307;Caxias do Sul;Polo;430036;Caxias do Sul;Polo;Capital Regional B;37860601686.0;81683.97
4305116;Centenário;RS;Sul;4306;Passo Fundo;do Entorno;430026;Erechim;do Entorno;Centro Local;123347044.0;45215.19
4305124;Cerrito;RS;Sul;4302;Pelotas;do Entorno;430009;Pelotas;do Entorno;Centro Local;131165766.0;22583.64
4305132;Cerro Branco;RS;Sul;4303;Santa Maria;do Entorno;430013;Cachoeira do Sul;do Entorno;Centro Local;104220011.0;27411.89
4305157;Cerro Grande;RS;Sul;4306;Passo Fundo;do Entorno;430034;Palmeira das Missões;do Entorno;Centro Local;61938119.0;26035.36
4305173;Cerro Grande do Sul;RS;Sul;4301;Porto Alegre;do Entorno;430005;Camaquã;do Entorno;Centro Local;251120043.0;27361.09
4305207;Cerro Largo;RS;Sul;4305;Ijuí;do Entorno;430024;Cerro Largo;Polo;Centro Sub-Regional B;807006841.0;58884.12
4305306;Chapada;RS;Sul;4306;Passo Fundo;do Entorno;430028;Carazinho;do Entorno;Centro Local;603052913.0;63213.09
4305355;Charqueadas;RS;Sul;4301;Porto Alegre;do Entorno;430006;Charqueadas - Triunfo - São Jerônimo;Polo;Centro Sub-Regional B;1857420420.0;53050.97
4305371;Charrua;RS;Sul;4306;Passo Fundo;do Entorno;430032;Tapejara - Sananduva;do Entorno;Centro Local;125647296.0;45392.81
4305405;Chiapetta;RS;Sul;4305;Ijuí;do Entorno;430018;Ijuí;do Entorno;Centro de Zona B;265708116.0;67903.94
4305439;Chuí;RS;Sul;4302;Pelotas;do Entorno;430009;Pelotas;do Entorno;Centro Local;522359628.0;83417.38
4305447;Chuvisca;RS;Sul;4301;Porto Alegre;do Entorno;430005;Camaquã;do Entorno;Centro Local;163414982.0;35548.18
4305454;Cidreira;RS;Sul;4301;Porto Alegre;do Entorno;430003;Tramandaí - Osório;do Entorno;Centro Local;406916434.0;23836.71
4305504;Ciríaco;RS;Sul;4306;Passo Fundo;do Entorno;430030;Marau;do Entorno;Centro Local;233409517.0;56256.81
4305587;Colinas;RS;Sul;4308;Santa Cruz do Sul - Lajeado;do Entorno;430041;Lajeado;do Entorno;Centro Local;90397865.0;37308.24
4305603;Colorado;RS;Sul;4306;Passo Fundo;do Entorno;430028;Carazinho;do Entorno;Centro Local;198977308.0;61073.45
4305702;Condor;RS;Sul;4305;Ijuí;do Entorno;430018;Ijuí;do Entorno;Centro Local;470591921.0;73461.12
4305801;Constantina;RS;Sul;4306;Passo Fundo;do Entorno;430028;Carazinho;do Entorno;Centro de Zona B;471924803.0;45442.93
4305835;Coqueiro Baixo;RS;Sul;4308;Santa Cruz do Sul - Lajeado;do Entorno;430041;Lajeado;do Entorno;Centro Local;56010850.0;43419.26
4305850;Coqueiros do Sul;RS;Sul;4306;Passo Fundo;do Entorno;430028;Carazinho;do Entorno;Centro Local;139283039.0;62995.49
4305871;Coronel Barros;RS;Sul;4305;Ijuí;do Entorno;430018;Ijuí;do Entorno;Centro Local;143057556.0;50693.68
4305900;Coronel Bicaco;RS;Sul;4305;Ijuí;do Entorno;430018;Ijuí;do Entorno;Centro Local;397095211.0;64631.38
4305934;Coronel Pilar;RS;Sul;4307;Caxias do Sul;do Entorno;430037;Bento Gonçalves;do Entorno;Centro Local;58153052.0;36187.34
4305959;Cotiporã;RS;Sul;4307;Caxias do Sul;do Entorno;430037;Bento Gonçalves;do Entorno;Centro Local;205101892.0;53328.63
4305975;Coxilha;RS;Sul;4306;Passo Fundo;do Entorno;430025;Passo Fundo;do Entorno;Centro Local;349363704.0;130995.01
4306007;Crissiumal;RS;Sul;4305;Ijuí;do Entorno;430021;Três Passos;do Entorno;Centro Local;500660437.0;38853.05
4306056;Cristal;RS;Sul;4301;Porto Alegre;do Entorno;430005;Camaquã;do Entorno;Centro Local;300530225.0;41174.16
4306072;Cristal do Sul;RS;Sul;4306;Passo Fundo;do Entorno;430029;Frederico Westphalen;do Entorno;Centro Local;98786982.0;36696.5
4306106;Cruz Alta;RS;Sul;4306;Passo Fundo;do Entorno;430027;Cruz Alta;Polo;Centro Sub-Regional A;4399886112.0;74684.47
4306130;Cruzaltense;RS;Sul;4306;Passo Fundo;do Entorno;430026;Erechim;do Entorno;Centro Local;104945418.0;64186.8
4306205;Cruzeiro do Sul;RS;Sul;4308;Santa Cruz do Sul - Lajeado;do Entorno;430041;Lajeado;do Entorno;Capital Regional C;685746234.0;55774.4
4306304;David Canabarro;RS;Sul;4306;Passo Fundo;do Entorno;430030;Marau;do Entorno;Centro Local;206879586.0;47877.71
4306320;Derrubadas;RS;Sul;4305;Ijuí;do Entorno;430021;Três Passos;do Entorno;Centro Local;117581469.0;42741.36
4306353;Dezesseis de Novembro;RS;Sul;4305;Ijuí;do Entorno;430022;São Luiz Gonzaga;do Entorno;Centro Local;51411752.0;20507.28
4306379;Dilermando de Aguiar;RS;Sul;4303;Santa Maria;do Entorno;430011;Santa Maria;do Entorno;Centro Local;202939142.0;72323.29
4306403;Dois Irmãos;RS;Sul;4301;Porto Alegre;do Entorno;430002;Novo Hamburgo - São Leopoldo;do Entorno;Metrópole;2639523250.0;85952.76
4306429;Dois Irmãos das Missões;RS;Sul;4306;Passo Fundo;do Entorno;430034;Palmeira das Missões;do Entorno;Centro Local;125756576.0;60170.61
4306452;Dois Lajeados;RS;Sul;4307;Caxias do Sul;do Entorno;430038;Nova Prata - Guaporé;do Entorno;Centro Local;166002207.0;53600.97
4306502;Dom Feliciano;RS;Sul;4301;Porto Alegre;do Entorno;430005;Camaquã;do Entorno;Centro Local;418179091.0;32041.92
4306551;Dom Pedro de Alcântara;RS;Sul;4301;Porto Alegre;do Entorno;430008;Torres;do Entorno;Centro Local;83655809.0;32652.54
4306601;Dom Pedrito;RS;Sul;4302;Pelotas;do Entorno;430010;Bagé;do Entorno;Centro de Zona A;2288172309.0;61874.27
4306700;Dona Francisca;RS;Sul;4303;Santa Maria;do Entorno;430011;Santa Maria;do Entorno;Centro Local;112216054.0;36445.62
4306734;Doutor Maurício Cardoso;RS;Sul;4305;Ijuí;do Entorno;430023;Três de Maio;do Entorno;Centro Local;228266041.0;51066.23
4306759;Doutor Ricardo;RS;Sul;4308;Santa Cruz do Sul - Lajeado;do Entorno;430043;Encantado;do Entorno;Centro Local;89703861.0;47512.64
4306767;Eldorado do Sul;RS;Sul;4301;Porto Alegre;do Entorno;430001;Porto Alegre;do Entorno;Metrópole;2623491095.0;66318.44
4306809;Encantado;RS;Sul;4308;Santa Cruz do Sul - Lajeado;do Entorno;430043;Encantado;Polo;Centro Sub-Regional B;1411421633.0;61467.71
4306908;Encruzilhada do Sul;RS;Sul;4308;Santa Cruz do Sul - Lajeado;do Entorno;430040;Santa Cruz do Sul;do Entorno;Centro Local;1189528484.0;49940.32
4306924;Engenho Velho;RS;Sul;4306;Passo Fundo;do Entorno;430028;Carazinho;do Entorno;Centro Local;50748221.0;39157.58
4306932;Entre-Ijuís;RS;Sul;4305;Ijuí;do Entorno;430020;Santo Ângelo;do Entorno;Centro Sub-Regional A;478944287.0;52263.67
4306957;Entre Rios do Sul;RS;Sul;4306;Passo Fundo;do Entorno;430026;Erechim;do Entorno;Centro Local;209711318.0;78104.77
4306973;Erebango;RS;Sul;4306;Passo Fundo;do Entorno;430026;Erechim;do Entorno;Centro Local;152045966.0;49785.84
4307005;Erechim;RS;Sul;4306;Passo Fundo;do Entorno;430026;Erechim;Polo;Centro Sub-Regional A;8497105637.0;80385.09
4307054;Ernestina;RS;Sul;4306;Passo Fundo;do Entorno;430025;Passo Fundo;do Entorno;Centro Local;163434285.0;53867.6
4307104;Herval;RS;Sul;4302;Pelotas;do Entorno;430009;Pelotas;do Entorno;Centro Local;199382551.0;32205.23
4307203;Erval Grande;RS;Sul;4306;Passo Fundo;do Entorno;430026;Erechim;do Entorno;Centro Local;161671677.0;32793.44
4307302;Erval Seco;RS;Sul;4306;Passo Fundo;do Entorno;430029;Frederico Westphalen;do Entorno;Centro de Zona B;299811189.0;44174.33
4307401;Esmeralda;RS;Sul;4307;Caxias do Sul;do Entorno;430039;Vacaria;do Entorno;Centro Local;363781013.0;113859.47
4307450;Esperança do Sul;RS;Sul;4305;Ijuí;do Entorno;430021;Três Passos;do Entorno;Centro Local;101345983.0;31415.37
4307500;Espumoso;RS;Sul;4306;Passo Fundo;do Entorno;430025;Passo Fundo;do Entorno;Centro de Zona B;861537803.0;56780.98
4307559;Estação;RS;Sul;4306;Passo Fundo;do Entorno;430026;Erechim;do Entorno;Centro de Zona A;397872381.0;71277.75
4307609;Estância Velha;RS;Sul;4301;Porto Alegre;do Entorno;430002;Novo Hamburgo - São Leopoldo;do Entorno;Metrópole;2309196099.0;48184.54
4307708;Esteio;RS;Sul;4301;Porto Alegre;do Entorno;430001;Porto Alegre;do Entorno;Metrópole;3998587375.0;52518.32
4307807;Estrela;RS;Sul;4308;Santa Cruz do Sul - Lajeado;do Entorno;430041;Lajeado;do Entorno;Capital Regional C;2376913365.0;73856.18
4307815;Estrela Velha;RS;Sul;4308;Santa Cruz do Sul - Lajeado;do Entorno;430042;Sobradinho;do Entorno;Centro Local;145288697.0;47325.31
4307831;Eugênio de Castro;RS;Sul;4305;Ijuí;do Entorno;430020;Santo Ângelo;do Entorno;Centro Local;224861798.0;85401.37
4307864;Fagundes Varela;RS;Sul;4307;Caxias do Sul;do Entorno;430037;Bento Gonçalves;do Entorno;Centro Local;189848106.0;73986.01
4307906;Farroupilha;RS;Sul;4307;Caxias do Sul;do Entorno;430036;Caxias do Sul;do Entorno;Capital Regional B;4960620721.0;70577.65
4308003;Faxinal do Soturno;RS;Sul;4303;Santa Maria;do Entorno;430011;Santa Maria;do Entorno;Centro Local;298533378.0;44543.92
4308052;Faxinalzinho;RS;Sul;4306;Passo Fundo;do Entorno;430026;Erechim;do Entorno;Centro Local;113640030.0;45095.25
4308078;Fazenda Vilanova;RS;Sul;4308;Santa Cruz do Sul - Lajeado;do Entorno;430041;Lajeado;do Entorno;Capital Regional C;145765540.0;33970.06
4308102;Feliz;RS;Sul;4307;Caxias do Sul;do Entorno;430036;Caxias do Sul;do Entorno;Centro Local;676580784.0;49155.83
4308201;Flores da Cunha;RS;Sul;4307;Caxias do Sul;do Entorno;430036;Caxias do Sul;do Entorno;Centro de Zona A;3336287608.0;107998.43
4308250;Floriano Peixoto;RS;Sul;4306;Passo Fundo;do Entorno;430026;Erechim;do Entorno;Centro Local;77406347.0;46406.68
4308300;Fontoura Xavier;RS;Sul;4306;Passo Fundo;do Entorno;430031;Soledade;do Entorno;Centro Local;260495099.0;27276.97
4308409;Formigueiro;RS;Sul;4303;Santa Maria;do Entorno;430011;Santa Maria;do Entorno;Centro Local;263216073.0;41044.14
4308433;Forquetinha;RS;Sul;4308;Santa Cruz do Sul - Lajeado;do Entorno;430041;Lajeado;do Entorno;Capital Regional C;64512753.0;26958.94
4308458;Fortaleza dos Valos;RS;Sul;4306;Passo Fundo;do Entorno;430027;Cruz Alta;do Entorno;Centro Local;330897860.0;73910.62
4308508;Frederico Westphalen;RS;Sul;4306;Passo Fundo;do Entorno;430029;Frederico Westphalen;Polo;Centro Sub-Regional B;1792336004.0;54934.13
4308607;Garibaldi;RS;Sul;4307;Caxias do Sul;do Entorno;430037;Bento Gonçalves;do Entorno;Centro Sub-Regional A;3565441782.0;103842.78
4308656;Garruchos;RS;Sul;4305;Ijuí;do Entorno;430022;São Luiz Gonzaga;do Entorno;Centro Local;134739375.0;50126.26
4308706;Gaurama;RS;Sul;4306;Passo Fundo;do Entorno;430026;Erechim;do Entorno;Centro Local;349015734.0;61609.13
4308805;General Câmara;RS;Sul;4301;Porto Alegre;do Entorno;430006;Charqueadas - Triunfo - São Jerônimo;do Entorno;Centro Local;234057579.0;30748.5
4308854;Gentil;RS;Sul;4306;Passo Fundo;do Entorno;430030;Marau;do Entorno;Centro Local;152255931.0;87302.71
4308904;Getúlio Vargas;RS;Sul;4306;Passo Fundo;do Entorno;430026;Erechim;do Entorno;Centro de Zona A;879960498.0;53003.28
4309001;Giruá;RS;Sul;4305;Ijuí;do Entorno;430020;Santo Ângelo;do Entorno;Centro Local;1017467927.0;63540.12
4309050;Glorinha;RS;Sul;4301;Porto Alegre;do Entorno;430001;Porto Alegre;do Entorno;Metrópole;595368852.0;77744.69
4309100;Gramado;RS;Sul;4307;Caxias do Sul;do Entorno;430036;Caxias do Sul;do Entorno;Centro Sub-Regional B;3565829854.0;88848.11
4309126;Gramado dos Loureiros;RS;Sul;4306;Passo Fundo;do Entorno;430035;Nonoai;do Entorno;Centro Local;87589213.0;43490.18
4309159;Gramado Xavier;RS;Sul;4308;Santa Cruz do Sul - Lajeado;do Entorno;430040;Santa Cruz do Sul;do Entorno;Centro Local;124279775.0;37603.56
4309209;Gravataí;RS;Sul;4301;Porto Alegre;do Entorno;430001;Porto Alegre;do Entorno;Metrópole;15545558074.0;58646.11
4309258;Guabiju;RS;Sul;4307;Caxias do Sul;do Entorno;430038;Nova Prata - Guaporé;do Entorno;Centro Local;107683668.0;75994.12
4309308;Guaíba;RS;Sul;4301;Porto Alegre;do Entorno;430001;Porto Alegre;do Entorno;Metrópole;9001785047.0;96872.55
4309407;Guaporé;RS;Sul;4307;Caxias do Sul;do Entorno;430038;Nova Prata - Guaporé;Polo;Centro Sub-Regional B;1264537170.0;50045.0
4309506;Guarani das Missões;RS;Sul;4305;Ijuí;do Entorno;430020;Santo Ângelo;do Entorno;Centro Local;295742866.0;39884.41
4309555;Harmonia;RS;Sul;4301;Porto Alegre;do Entorno;430002;Novo Hamburgo - São Leopoldo;do Entorno;Centro Local;306940865.0;57073.42
4309571;Herveiras;RS;Sul;4308;Santa Cruz do Sul - Lajeado;do Entorno;430040;Santa Cruz do Sul;do Entorno;Centro Local;88439464.0;34492.77
4309605;Horizontina;RS;Sul;4305;Ijuí;do Entorno;430023;Três de Maio;do Entorno;Centro de Zona B;1828050073.0;96973.64
4309654;Hulha Negra;RS;Sul;4302;Pelotas;do Entorno;430010;Bagé;do Entorno;Centro Sub-Regional A;228859975.0;38296.52
4309704;Humaitá;RS;Sul;4305;Ijuí;do Entorno;430021;Três Passos;do Entorno;Centro Local;218021109.0;46575.76
4309753;Ibarama;RS;Sul;4308;Santa Cruz do Sul - Lajeado;do Entorno;430042;Sobradinho;do Entorno;Centro Local;105468908.0;28260.69
4309803;Ibiaçá;RS;Sul;4306;Passo Fundo;do Entorno;430032;Tapejara - Sananduva;do Entorno;Centro Local;298760648.0;65995.28
4309902;Ibiraiaras;RS;Sul;4306;Passo Fundo;do Entorno;430033;Lagoa Vermelha;do Entorno;Centro Local;380199360.0;56109.7
4309951;Ibirapuitã;RS;Sul;4306;Passo Fundo;do Entorno;430031;Soledade;do Entorno;Centro Local;188101758.0;50524.24
4310009;Ibirubá;RS;Sul;4306;Passo Fundo;do Entorno;430027;Cruz Alta;do Entorno;Centro de Zona A;1708041504.0;79138.28
4310108;Igrejinha;RS;Sul;4301;Porto Alegre;do Entorno;430004;Taquara - Parobé - Igrejinha;Polo;Centro Sub-Regional B;2656127263.0;79713.31
4310207;Ijuí;RS;Sul;4305;Ijuí;Polo;430018;Ijuí;Polo;Centro Sub-Regional A;6105244061.0;72012.79
4310306;Ilópolis;RS;Sul;4308;Santa Cruz do Sul - Lajeado;do Entorno;430043;Encantado;do Entorno;Centro Local;164900365.0;39668.12
4310330;Imbé;RS;Sul;4301;Porto Alegre;do Entorno;430003;Tramandaí - Osório;do Entorno;Centro Sub-Regional A;762866405.0;28439.7
4310363;Imigrante;RS;Sul;4308;Santa Cruz do Sul - Lajeado;do Entorno;430041;Lajeado;do Entorno;Centro Local;590476017.0;191712.99
4310405;Independência;RS;Sul;4305;Ijuí;do Entorno;430023;Três de Maio;do Entorno;Centro Local;443606056.0;69022.26
4310413;Inhacorá;RS;Sul;4305;Ijuí;do Entorno;430018;Ijuí;do Entorno;Centro Local;76395812.0;37932.38
4310439;Ipê;RS;Sul;4307;Caxias do Sul;do Entorno;430036;Caxias do Sul;do Entorno;Centro Local;392922433.0;72776.89
4310462;Ipiranga do Sul;RS;Sul;4306;Passo Fundo;do Entorno;430026;Erechim;do Entorno;Centro Local;122375560.0;71148.58
4310504;Iraí;RS;Sul;4306;Passo Fundo;do Entorno;430029;Frederico Westphalen;do Entorno;Centro Local;255785427.0;34186.77
4310538;Itaara;RS;Sul;4303;Santa Maria;do Entorno;430011;Santa Maria;do Entorno;Capital Regional C;304166514.0;54588.39
4310553;Itacurubi;RS;Sul;4303;Santa Maria;do Entorno;430014;Santiago;do Entorno;Centro Local;114341750.0;38177.55
4310579;Itapuca;RS;Sul;4306;Passo Fundo;do Entorno;430031;Soledade;do Entorno;Centro Local;93880969.0;48467.2
4310603;Itaqui;RS;Sul;4304;Uruguaiana;do Entorno;430017;São Borja;do Entorno;Centro de Zona A;2068939243.0;57843.3
4310652;Itati;RS;Sul;4301;Porto Alegre;do Entorno;430003;Tramandaí - Osório;do Entorno;Centro Local;103482518.0;39227.64
4310702;Itatiba do Sul;RS;Sul;4306;Passo Fundo;do Entorno;430026;Erechim;do Entorno;Centro Local;85113004.0;26531.49
4310751;Ivorá;RS;Sul;4303;Santa Maria;do Entorno;430011;Santa Maria;do Entorno;Centro Local;53952316.0;27969.06
4310801;Ivoti;RS;Sul;4301;Porto Alegre;do Entorno;430002;Novo Hamburgo - São Leopoldo;do Entorno;Metrópole;1538878471.0;66957.25
4310850;Jaboticaba;RS;Sul;4306;Passo Fundo;do Entorno;430029;Frederico Westphalen;do Entorno;Centro Local;106763479.0;28251.78
4310876;Jacuizinho;RS;Sul;4306;Passo Fundo;do Entorno;430027;Cruz Alta;do Entorno;Centro Local;125145633.0;61345.9
4310900;Jacutinga;RS;Sul;4306;Passo Fundo;do Entorno;430026;Erechim;do Entorno;Centro Local;188689161.0;56527.61
4311007;Jaguarão;RS;Sul;4302;Pelotas;do Entorno;430009;Pelotas;do Entorno;Centro Local;1034801744.0;38897.93
4311106;Jaguari;RS;Sul;4303;Santa Maria;do Entorno;430011;Santa Maria;do Entorno;Centro Local;328936711.0;31093.37
4311122;Jaquirana;RS;Sul;4307;Caxias do Sul;do Entorno;430039;Vacaria;do Entorno;Centro Local;101810110.0;27590.82
4311130;Jari;RS;Sul;4303;Santa Maria;do Entorno;430011;Santa Maria;do Entorno;Centro Local;211635216.0;63193.56
4311155;Jóia;RS;Sul;4305;Ijuí;do Entorno;430018;Ijuí;do Entorno;Centro Local;345893658.0;48147.78
4311205;Júlio de Castilhos;RS;Sul;4303;Santa Maria;do Entorno;430011;Santa Maria;do Entorno;Centro Local;1306881920.0;71704.26
4311239;Lagoa Bonita do Sul;RS;Sul;4308;Santa Cruz do Sul - Lajeado;do Entorno;430042;Sobradinho;do Entorno;Centro Local;84224157.0;37416.33
4311254;Lagoão;RS;Sul;4308;Santa Cruz do Sul - Lajeado;do Entorno;430042;Sobradinho;do Entorno;Centro Local;149770842.0;28041.72
4311270;Lagoa dos Três Cantos;RS;Sul;4306;Passo Fundo;do Entorno;430025;Passo Fundo;do Entorno;Centro Local;81864351.0;47102.62
4311304;Lagoa Vermelha;RS;Sul;4306;Passo Fundo;do Entorno;430033;Lagoa Vermelha;Polo;Centro Sub-Regional B;1608162616.0;58142.47
4311403;Lajeado;RS;Sul;4308;Santa Cruz do Sul - Lajeado;do Entorno;430041;Lajeado;Polo;Capital Regional C;6705226542.0;72137.22
4311429;Lajeado do Bugre;RS;Sul;4306;Passo Fundo;do Entorno;430034;Palmeira das Missões;do Entorno;Centro Local;65433099.0;25156.9
4311502;Lavras do Sul;RS;Sul;4303;Santa Maria;do Entorno;430012;São Gabriel - Caçapava do Sul;do Entorno;Centro Local;369844902.0;51675.97
4311601;Liberato Salzano;RS;Sul;4306;Passo Fundo;do Entorno;430029;Frederico Westphalen;do Entorno;Centro Local;152570985.0;31911.94
4311627;Lindolfo Collor;RS;Sul;4301;Porto Alegre;do Entorno;430002;Novo Hamburgo - São Leopoldo;do Entorno;Metrópole;353108597.0;56515.46
4311643;Linha Nova;RS;Sul;4301;Porto Alegre;do Entorno;430002;Novo Hamburgo - São Leopoldo;do Entorno;Centro Local;76154302.0;45249.14
4311700;Machadinho;RS;Sul;4306;Passo Fundo;do Entorno;430033;Lagoa Vermelha;do Entorno;Centro Local;260894592.0;45491.65
4311718;Maçambará;RS;Sul;4304;Uruguaiana;do Entorno;430017;São Borja;do Entorno;Centro Local;367963281.0;83155.54
4311734;Mampituba;RS;Sul;4301;Porto Alegre;do Entorno;430008;Torres;do Entorno;Centro Local;101220214.0;32328.4
4311759;Manoel Viana;RS;Sul;4304;Uruguaiana;do Entorno;430015;Uruguaiana;do Entorno;Centro Local;303342219.0;44602.59
4311775;Maquiné;RS;Sul;4301;Porto Alegre;do Entorno;430003;Tramandaí - Osório;do Entorno;Centro Local;228748225.0;30836.91
4311791;Maratá;RS;Sul;4301;Porto Alegre;do Entorno;430007;Montenegro;do Entorno;Centro Local;104146760.0;42164.68
4311809;Marau;RS;Sul;4306;Passo Fundo;do Entorno;430030;Marau;Polo;Centro Sub-Regional B;3738294771.0;82844.93
4311908;Marcelino Ramos;RS;Sul;4306;Passo Fundo;do Entorno;430026;Erechim;do Entorno;Centro Local;192535053.0;44568.3
4311981;Mariana Pimentel;RS;Sul;4301;Porto Alegre;do Entorno;430001;Porto Alegre;do Entorno;Centro Local;117787008.0;30078.4
4312005;Mariano Moro;RS;Sul;4306;Passo Fundo;do Entorno;430026;Erechim;do Entorno;Centro Local;71582525.0;38526.65
4312054;Marques de Souza;RS;Sul;4308;Santa Cruz do Sul - Lajeado;do Entorno;430041;Lajeado;do Entorno;Centro Local;137494749.0;34642.16
4312104;Mata;RS;Sul;4303;Santa Maria;do Entorno;430011;Santa Maria;do Entorno;Centro Local;174005675.0;37038.24
4312138;Mato Castelhano;RS;Sul;4306;Passo Fundo;do Entorno;430025;Passo Fundo;do Entorno;Centro Local;128502171.0;50333.79
4312153;Mato Leitão;RS;Sul;4308;Santa Cruz do Sul - Lajeado;do Entorno;430040;Santa Cruz do Sul;do Entorno;Centro Sub-Regional B;295044211.0;60721.18
4312179;Mato Queimado;RS;Sul;4305;Ijuí;do Entorno;430024;Cerro Largo;do Entorno;Centro Local;61648446.0;34344.54
4312203;Maximiliano de Almeida;RS;Sul;4306;Passo Fundo;do Entorno;430032;Tapejara - Sananduva;do Entorno;Centro Local;159588300.0;38096.99
4312252;Minas do Leão;RS;Sul;4301;Porto Alegre;do Entorno;430006;Charqueadas - Triunfo - São Jerônimo;do Entorno;Centro Local;291060534.0;38782.22
4312302;Miraguaí;RS;Sul;4305;Ijuí;do Entorno;430021;Três Passos;do Entorno;Centro Local;200597337.0;45312.25
4312351;Montauri;RS;Sul;4307;Caxias do Sul;do Entorno;430038;Nova Prata - Guaporé;do Entorno;Centro Local;73732732.0;49187.95
4312377;Monte Alegre dos Campos;RS;Sul;4307;Caxias do Sul;do Entorno;430039;Vacaria;do Entorno;Centro Local;117051122.0;36808.53
4312385;Monte Belo do Sul;RS;Sul;4307;Caxias do Sul;do Entorno;430037;Bento Gonçalves;do Entorno;Centro Sub-Regional A;126816218.0;49595.71
4312401;Montenegro;RS;Sul;4301;Porto Alegre;do Entorno;430007;Montenegro;Polo;Centro Sub-Regional B;5259436987.0;81767.31
4312427;Mormaço;RS;Sul;4306;Passo Fundo;do Entorno;430031;Soledade;do Entorno;Centro Local;102288927.0;37115.0
4312443;Morrinhos do Sul;RS;Sul;4301;Porto Alegre;do Entorno;430008;Torres;do Entorno;Centro Local;103248390.0;33620.45
4312450;Morro Redondo;RS;Sul;4302;Pelotas;do Entorno;430009;Pelotas;do Entorno;Centro Local;153226152.0;25343.39
4312476;Morro Reuter;RS;Sul;4301;Porto Alegre;do Entorno;430002;Novo Hamburgo - São Leopoldo;do Entorno;Metrópole;304040260.0;50429.63
4312500;Mostardas;RS;Sul;4301;Porto Alegre;do Entorno;430001;Porto Alegre;do Entorno;Centro Local;494341206.0;40888.44
4312609;Muçum;RS;Sul;4308;Santa Cruz do Sul - Lajeado;do Entorno;430043;Encantado;do Entorno;Centro Local;273362887.0;59413.8
4312617;Muitos Capões;RS;Sul;4307;Caxias do Sul;do Entorno;430039;Vacaria;do Entorno;Centro Local;950302141.0;330080.63
4312625;Muliterno;RS;Sul;4306;Passo Fundo;do Entorno;430030;Marau;do Entorno;Centro Local;71170277.0;41354.02
4312658;Não-Me-Toque;RS;Sul;4306;Passo Fundo;do Entorno;430028;Carazinho;do Entorno;Centro de Zona B;2951959557.0;164932.37
4312674;Nicolau Vergueiro;RS;Sul;4306;Passo Fundo;do Entorno;430025;Passo Fundo;do Entorno;Centro Local;101822964.0;52703.4
4312708;Nonoai;RS;Sul;4306;Passo Fundo;do Entorno;430035;Nonoai;Polo;Centro Local;539373949.0;39315.84
4312757;Nova Alvorada;RS;Sul;4306;Passo Fundo;do Entorno;430030;Marau;do Entorno;Centro Local;201942301.0;63845.18
4312807;Nova Araçá;RS;Sul;4307;Caxias do Sul;do Entorno;430038;Nova Prata - Guaporé;do Entorno;Centro Local;474774986.0;95836.69
4312906;Nova Bassano;RS;Sul;4307;Caxias do Sul;do Entorno;430038;Nova Prata - Guaporé;do Entorno;Centro Local;765058372.0;79288.88
4312955;Nova Boa Vista;RS;Sul;4306;Passo Fundo;do Entorno;430028;Carazinho;do Entorno;Centro Local;137786208.0;67476.11
4313003;Nova Bréscia;RS;Sul;4308;Santa Cruz do Sul - Lajeado;do Entorno;430043;Encantado;do Entorno;Centro Local;153973167.0;50582.51
4313011;Nova Candelária;RS;Sul;4305;Ijuí;do Entorno;430023;Três de Maio;do Entorno;Centro Local;225891713.0;73796.7
4313037;Nova Esperança do Sul;RS;Sul;4303;Santa Maria;do Entorno;430014;Santiago;do Entorno;Centro Local;197237834.0;40542.21
4313060;Nova Hartz;RS;Sul;4301;Porto Alegre;do Entorno;430002;Novo Hamburgo - São Leopoldo;do Entorno;Metrópole;1054362101.0;52487.16
4313086;Nova Pádua;RS;Sul;4307;Caxias do Sul;do Entorno;430036;Caxias do Sul;do Entorno;Centro Local;115883567.0;49459.48
4313102;Nova Palma;RS;Sul;4303;Santa Maria;do Entorno;430011;Santa Maria;do Entorno;Centro Local;306852216.0;54932.37
4313201;Nova Petrópolis;RS;Sul;4307;Caxias do Sul;do Entorno;430036;Caxias do Sul;do Entorno;Centro Local;1103618078.0;47365.58
4313300;Nova Prata;RS;Sul;4307;Caxias do Sul;do Entorno;430038;Nova Prata - Guaporé;Polo;Centro de Zona A;1559275729.0;60691.1
4313334;Nova Ramada;RS;Sul;4305;Ijuí;do Entorno;430018;Ijuí;do Entorno;Centro Local;204996501.0;94774.16
4313359;Nova Roma do Sul;RS;Sul;4307;Caxias do Sul;do Entorno;430036;Caxias do Sul;do Entorno;Centro Local;206673612.0;59628.86
4313375;Nova Santa Rita;RS;Sul;4301;Porto Alegre;do Entorno;430001;Porto Alegre;do Entorno;Metrópole;3229383162.0;111265.96
4313391;Novo Cabrais;RS;Sul;4303;Santa Maria;do Entorno;430013;Cachoeira do Sul;do Entorno;Centro Local;131684470.0;36907.08
4313409;Novo Hamburgo;RS;Sul;4301;Porto Alegre;do Entorno;430002;Novo Hamburgo - São Leopoldo;Polo;Metrópole;11936582053.0;52434.84
4313425;Novo Machado;RS;Sul;4305;Ijuí;do Entorno;430019;Santa Rosa;do Entorno;Centro Local;140898981.0;44058.47
4313441;Novo Tiradentes;RS;Sul;4306;Passo Fundo;do Entorno;430029;Frederico Westphalen;do Entorno;Centro Local;73352814.0;34181.18
4313466;Novo Xingu;RS;Sul;4306;Passo Fundo;do Entorno;430028;Carazinho;do Entorno;Centro Local;67740643.0;41154.7
4313490;Novo Barreiro;RS;Sul;4306;Passo Fundo;do Entorno;430034;Palmeira das Missões;do Entorno;Centro Local;120313354.0;28163.24
4313508;Osório;RS;Sul;4301;Porto Alegre;do Entorno;430003;Tramandaí - Osório;Polo;Centro Sub-Regional A;2141949769.0;45192.63
4313607;Paim Filho;RS;Sul;4306;Passo Fundo;do Entorno;430032;Tapejara - Sananduva;do Entorno;Centro Local;162820804.0;44841.86
4313656;Palmares do Sul;RS;Sul;4301;Porto Alegre;do Entorno;430001;Porto Alegre;do Entorno;Centro Local;739854785.0;57603.14
4313706;Palmeira das Missões;RS;Sul;4306;Passo Fundo;do Entorno;430034;Palmeira das Missões;Polo;Centro Sub-Regional B;1708324224.0;51430.76
4313805;Palmitinho;RS;Sul;4306;Passo Fundo;do Entorno;430029;Frederico Westphalen;do Entorno;Centro Local;265325492.0;33846.85
4313904;Panambi;RS;Sul;4305;Ijuí;do Entorno;430018;Ijuí;do Entorno;Centro de Zona A;4011216467.0;92180.09
4313953;Pantano Grande;RS;Sul;4308;Santa Cruz do Sul - Lajeado;do Entorno;430040;Santa Cruz do Sul;do Entorno;Centro Local;576614361.0;56464.39
4314001;Paraí;RS;Sul;4307;Caxias do Sul;do Entorno;430038;Nova Prata - Guaporé;do Entorno;Centro Local;488255924.0;67869.88
4314027;Paraíso do Sul;RS;Sul;4303;Santa Maria;do Entorno;430013;Cachoeira do Sul;do Entorno;Centro Local;230034251.0;35286.74
4314035;Pareci Novo;RS;Sul;4301;Porto Alegre;do Entorno;430007;Montenegro;do Entorno;Centro Local;159254017.0;36872.89
4314050;Parobé;RS;Sul;4301;Porto Alegre;do Entorno;430004;Taquara - Parobé - Igrejinha;Polo;Centro Sub-Regional B;1725746396.0;33154.28
4314068;Passa Sete;RS;Sul;4308;Santa Cruz do Sul - Lajeado;do Entorno;430042;Sobradinho;do Entorno;Centro Local;144618439.0;36308.92
4314076;Passo do Sobrado;RS;Sul;4308;Santa Cruz do Sul - Lajeado;do Entorno;430040;Santa Cruz do Sul;do Entorno;Centro Local;281871212.0;46783.6
4314100;Passo Fundo;RS;Sul;4306;Passo Fundo;Polo;430025;Passo Fundo;Polo;Capital Regional B;14069539725.0;68227.53
4314134;Paulo Bento;RS;Sul;4306;Passo Fundo;do Entorno;430026;Erechim;do Entorno;Centro Local;238557905.0;111267.68
4314159;Paverama;RS;Sul;4308;Santa Cruz do Sul - Lajeado;do Entorno;430041;Lajeado;do Entorno;Centro de Zona A;301261996.0;37761.59
4314175;Pedras Altas;RS;Sul;4302;Pelotas;do Entorno;430010;Bagé;do Entorno;Centro Local;172851793.0;83867.92
4314209;Pedro Osório;RS;Sul;4302;Pelotas;do Entorno;430009;Pelotas;do Entorno;Centro Local;242414966.0;32391.1
4314308;Pejuçara;RS;Sul;4305;Ijuí;do Entorno;430018;Ijuí;do Entorno;Centro Local;293083799.0;78260.03
4314407;Pelotas;RS;Sul;4302;Pelotas;Polo;430009;Pelotas;Polo;Capital Regional C;12480919075.0;38322.06
4314423;Picada Café;RS;Sul;4307;Caxias do Sul;do Entorno;430036;Caxias do Sul;do Entorno;Metrópole;393451853.0;73528.66
4314456;Pinhal;RS;Sul;4306;Passo Fundo;do Entorno;430029;Frederico Westphalen;do Entorno;Centro Local;154126687.0;52087.42
4314464;Pinhal da Serra;RS;Sul;4307;Caxias do Sul;do Entorno;430039;Vacaria;do Entorno;Centro Local;249015902.0;110772.2
4314472;Pinhal Grande;RS;Sul;4303;Santa Maria;do Entorno;430011;Santa Maria;do Entorno;Centro Local;500997765.0;131668.27
4314498;Pinheirinho do Vale;RS;Sul;4306;Passo Fundo;do Entorno;430029;Frederico Westphalen;do Entorno;Centro Local;140566168.0;30961.71
4314506;Pinheiro Machado;RS;Sul;4302;Pelotas;do Entorno;430010;Bagé;do Entorno;Centro Local;357895602.0;31915.07
4314548;Pinto Bandeira;RS;Sul;4307;Caxias do Sul;do Entorno;430037;Bento Gonçalves;do Entorno;Centro Local;93134270.0;34202.82
4314555;Pirapó;RS;Sul;4305;Ijuí;do Entorno;430022;São Luiz Gonzaga;do Entorno;Centro Local;72015695.0;31865.35
4314605;Piratini;RS;Sul;4302;Pelotas;do Entorno;430009;Pelotas;do Entorno;Centro Local;744360817.0;42525.18
4314704;Planalto;RS;Sul;4306;Passo Fundo;do Entorno;430035;Nonoai;do Entorno;Centro Local;325777528.0;31306.7
4314753;Poço das Antas;RS;Sul;4308;Santa Cruz do Sul - Lajeado;do Entorno;430041;Lajeado;do Entorno;Centro Local;100774015.0;46418.25
4314779;Pontão;RS;Sul;4306;Passo Fundo;do Entorno;430025;Passo Fundo;do Entorno;Centro Local;271978148.0;82517.64
4314787;Ponte Preta;RS;Sul;4306;Passo Fundo;do Entorno;430026;Erechim;do Entorno;Centro Local;78317469.0;49725.38
4314803;Portão;RS;Sul;4301;Porto Alegre;do Entorno;430002;Novo Hamburgo - São Leopoldo;do Entorno;Metrópole;1816676821.0;53320.33
4314902;Porto Alegre;RS;Sul;4301;Porto Alegre;Polo;430001;Porto Alegre;Polo;Metrópole;104743272125.0;78586.94
4315008;Porto Lucena;RS;Sul;4305;Ijuí;do Entorno;430019;Santa Rosa;do Entorno;Centro Local;128971832.0;29580.7
4315057;Porto Mauá;RS;Sul;4305;Ijuí;do Entorno;430019;Santa Rosa;do Entorno;Centro Local;79556903.0;37141.41
4315073;Porto Vera Cruz;RS;Sul;4305;Ijuí;do Entorno;430019;Santa Rosa;do Entorno;Centro Local;48373040.0;31008.36
4315107;Porto Xavier;RS;Sul;4305;Ijuí;do Entorno;430024;Cerro Largo;do Entorno;Centro Local;230081527.0;23151.69
4315131;Pouso Novo;RS;Sul;4308;Santa Cruz do Sul - Lajeado;do Entorno;430041;Lajeado;do Entorno;Centro Local;57903861.0;33297.22
4315149;Presidente Lucena;RS;Sul;4301;Porto Alegre;do Entorno;430002;Novo Hamburgo - São Leopoldo;do Entorno;Metrópole;371733887.0;120810.49
4315156;Progresso;RS;Sul;4308;Santa Cruz do Sul - Lajeado;do Entorno;430041;Lajeado;do Entorno;Centro Local;181523261.0;33993.12
4315172;Protásio Alves;RS;Sul;4307;Caxias do Sul;do Entorno;430038;Nova Prata - Guaporé;do Entorno;Centro Local;93358025.0;46102.73
4315206;Putinga;RS;Sul;4308;Santa Cruz do Sul - Lajeado;do Entorno;430043;Encantado;do Entorno;Centro Local;153757741.0;41034.89
4315305;Quaraí;RS;Sul;4304;Uruguaiana;do Entorno;430016;Santana do Livramento;do Entorno;Centro Local;720056580.0;30640.71
4315313;Quatro Irmãos;RS;Sul;4306;Passo Fundo;do Entorno;430026;Erechim;do Entorno;Centro Local;136522530.0;87965.55
4315321;Quevedos;RS;Sul;4303;Santa Maria;do Entorno;430011;Santa Maria;do Entorno;Centro Local;156253021.0;62326.69
4315354;Quinze de Novembro;RS;Sul;4306;Passo Fundo;do Entorno;430027;Cruz Alta;do Entorno;Centro Local;172890809.0;44217.6
4315404;Redentora;RS;Sul;4305;Ijuí;do Entorno;430021;Três Passos;do Entorno;Centro Local;207603983.0;21318.95
4315453;Relvado;RS;Sul;4308;Santa Cruz do Sul - Lajeado;do Entorno;430043;Encantado;do Entorno;Centro Local;75597034.0;42091.89
4315503;Restinga Sêca;RS;Sul;4303;Santa Maria;do Entorno;430011;Santa Maria;do Entorno;Centro Local;643230024.0;43057.1
4315552;Rio dos Índios;RS;Sul;4306;Passo Fundo;do Entorno;430035;Nonoai;do Entorno;Centro Local;116659938.0;41149.89
4315602;Rio Grande;RS;Sul;4302;Pelotas;do Entorno;430009;Pelotas;do Entorno;Centro Sub-Regional A;14106680075.0;73510.58
4315701;Rio Pardo;RS;Sul;4308;Santa Cruz do Sul - Lajeado;do Entorno;430040;Santa Cruz do Sul;do Entorno;Centro Local;1248018944.0;36013.71
4315750;Riozinho;RS;Sul;4301;Porto Alegre;do Entorno;430004;Taquara - Parobé - Igrejinha;do Entorno;Centro Local;165771634.0;37060.5
4315800;Roca Sales;RS;Sul;4308;Santa Cruz do Sul - Lajeado;do Entorno;430043;Encantado;do Entorno;Centro Local;626610876.0;60146.95
4315909;Rodeio Bonito;RS;Sul;4306;Passo Fundo;do Entorno;430029;Frederico Westphalen;do Entorno;Centro de Zona B;301149817.0;45258.46
4315958;Rolador;RS;Sul;4305;Ijuí;do Entorno;430022;São Luiz Gonzaga;do Entorno;Centro Local;91405286.0;39897.55
4316006;Rolante;RS;Sul;4301;Porto Alegre;do Entorno;430004;Taquara - Parobé - Igrejinha;do Entorno;Centro Local;951008499.0;44747.02
4316105;Ronda Alta;RS;Sul;4306;Passo Fundo;do Entorno;430025;Passo Fundo;do Entorno;Centro Local;402815630.0;41200.33
4316204;Rondinha;RS;Sul;4306;Passo Fundo;do Entorno;430028;Carazinho;do Entorno;Centro Local;227715902.0;45625.31
4316303;Roque Gonzales;RS;Sul;4305;Ijuí;do Entorno;430024;Cerro Largo;do Entorno;Centro Local;396753067.0;60333.5
4316402;Rosário do Sul;RS;Sul;4304;Uruguaiana;do Entorno;430016;Santana do Livramento;do Entorno;Centro de Zona A;1498312719.0;40903.98
4316428;Sagrada Família;RS;Sul;4306;Passo Fundo;do Entorno;430034;Palmeira das Missões;do Entorno;Centro Local;67102486.0;27057.45
4316436;Saldanha Marinho;RS;Sul;4306;Passo Fundo;do Entorno;430028;Carazinho;do Entorno;Centro Local;170088539.0;66053.8
4316451;Salto do Jacuí;RS;Sul;4306;Passo Fundo;do Entorno;430027;Cruz Alta;do Entorno;Centro de Zona B;594921188.0;58308.46
4316477;Salvador das Missões;RS;Sul;4305;Ijuí;do Entorno;430024;Cerro Largo;do Entorno;Centro Sub-Regional B;162260348.0;56399.15
4316501;Salvador do Sul;RS;Sul;4301;Porto Alegre;do Entorno;430007;Montenegro;do Entorno;Centro Local;395635911.0;57513.58
4316600;Sananduva;RS;Sul;4306;Passo Fundo;do Entorno;430032;Tapejara - Sananduva;Polo;Centro de Zona B;877957067.0;53537.23
4316709;Santa Bárbara do Sul;RS;Sul;4306;Passo Fundo;do Entorno;430027;Cruz Alta;do Entorno;Centro Local;875560860.0;107801.14
4316733;Santa Cecília do Sul;RS;Sul;4306;Passo Fundo;do Entorno;430032;Tapejara - Sananduva;do Entorno;Centro Local;91361099.0;54576.52
4316758;Santa Clara do Sul;RS;Sul;4308;Santa Cruz do Sul - Lajeado;do Entorno;430041;Lajeado;do Entorno;Capital Regional C;427743869.0;62108.88
4316808;Santa Cruz do Sul;RS;Sul;4308;Santa Cruz do Sul - Lajeado;do Entorno;430040;Santa Cruz do Sul;Polo;Capital Regional C;13396617903.0;100540.49
4316907;Santa Maria;RS;Sul;4303;Santa Maria;Polo;430011;Santa Maria;Polo;Capital Regional C;10932023988.0;40230.46
4316956;Santa Maria do Herval;RS;Sul;4301;Porto Alegre;do Entorno;430002;Novo Hamburgo - São Leopoldo;do Entorno;Centro Local;271501038.0;42823.51
4316972;Santa Margarida do Sul;RS;Sul;4303;Santa Maria;do Entorno;430012;São Gabriel - Caçapava do Sul;do Entorno;Centro Sub-Regional B;278310094.0;107207.28
4317004;Santana da Boa Vista;RS;Sul;4303;Santa Maria;do Entorno;430012;São Gabriel - Caçapava do Sul;do Entorno;Centro Local;237629272.0;33831.05
4317103;Sant'Ana do Livramento;RS;Sul;4304;Uruguaiana;do Entorno;430016;Santana do Livramento;Polo;Centro Sub-Regional B;3143614301.0;37237.35
4317202;Santa Rosa;RS;Sul;4305;Ijuí;do Entorno;430019;Santa Rosa;Polo;Centro Sub-Regional A;4530356238.0;58864.08
4317251;Santa Tereza;RS;Sul;4307;Caxias do Sul;do Entorno;430037;Bento Gonçalves;do Entorno;Centro Local;53741883.0;35708.89
4317301;Santa Vitória do Palmar;RS;Sul;4302;Pelotas;do Entorno;430009;Pelotas;do Entorno;Centro de Zona A;1990738865.0;64252.62
4317400;Santiago;RS;Sul;4303;Santa Maria;do Entorno;430014;Santiago;Polo;Centro Sub-Regional B;1861691263.0;38041.83
4317509;Santo Ângelo;RS;Sul;4305;Ijuí;do Entorno;430020;Santo Ângelo;Polo;Centro Sub-Regional A;3379818284.0;43941.11
4317558;Santo Antônio do Palma;RS;Sul;4306;Passo Fundo;do Entorno;430030;Marau;do Entorno;Centro Local;112424775.0;53766.03
4317608;Santo Antônio da Patrulha;RS;Sul;4301;Porto Alegre;do Entorno;430001;Porto Alegre;do Entorno;Centro Local;2178830731.0;50733.01
4317707;Santo Antônio das Missões;RS;Sul;4305;Ijuí;do Entorno;430022;São Luiz Gonzaga;do Entorno;Centro Local;433322536.0;42070.15
4317756;Santo Antônio do Planalto;RS;Sul;4306;Passo Fundo;do Entorno;430028;Carazinho;do Entorno;Centro Local;166647313.0;79773.73
4317806;Santo Augusto;RS;Sul;4305;Ijuí;do Entorno;430018;Ijuí;do Entorno;Centro de Zona B;728450437.0;52398.97
4317905;Santo Cristo;RS;Sul;4305;Ijuí;do Entorno;430019;Santa Rosa;do Entorno;Centro de Zona B;766616238.0;50040.22
4317954;Santo Expedito do Sul;RS;Sul;4306;Passo Fundo;do Entorno;430032;Tapejara - Sananduva;do Entorno;Centro Local;105537385.0;44928.64
4318002;São Borja;RS;Sul;4304;Uruguaiana;do Entorno;430017;São Borja;Polo;Centro Sub-Regional B;2550388196.0;42737.25
4318051;São Domingos do Sul;RS;Sul;4306;Passo Fundo;do Entorno;430030;Marau;do Entorno;Centro Local;130564498.0;47409.04
4318101;São Francisco de Assis;RS;Sul;4303;Santa Maria;do Entorno;430011;Santa Maria;do Entorno;Centro Local;592569470.0;33634.32
4318200;São Francisco de Paula;RS;Sul;4307;Caxias do Sul;do Entorno;430036;Caxias do Sul;do Entorno;Centro Local;1202081557.0;54907.12
4318309;São Gabriel;RS;Sul;4303;Santa Maria;do Entorno;430012;São Gabriel - Caçapava do Sul;Polo;Centro Sub-Regional B;2682926041.0;45872.18
4318408;São Jerônimo;RS;Sul;4301;Porto Alegre;do Entorno;430006;Charqueadas - Triunfo - São Jerônimo;Polo;Centro Sub-Regional B;712278282.0;33872.85
4318424;São João da Urtiga;RS;Sul;4306;Passo Fundo;do Entorno;430032;Tapejara - Sananduva;do Entorno;Centro Local;198261234.0;44443.23
4318432;São João do Polêsine;RS;Sul;4303;Santa Maria;do Entorno;430011;Santa Maria;do Entorno;Centro Local;117972869.0;44534.87
4318440;São Jorge;RS;Sul;4307;Caxias do Sul;do Entorno;430038;Nova Prata - Guaporé;do Entorno;Centro Local;113153705.0;38857.73
4318457;São José das Missões;RS;Sul;4306;Passo Fundo;do Entorno;430034;Palmeira das Missões;do Entorno;Centro Local;76281491.0;32295.3
4318465;São José do Herval;RS;Sul;4306;Passo Fundo;do Entorno;430031;Soledade;do Entorno;Centro Local;55693984.0;29281.8
4318481;São José do Hortêncio;RS;Sul;4301;Porto Alegre;do Entorno;430002;Novo Hamburgo - São Leopoldo;do Entorno;Metrópole;149146050.0;33538.58
4318499;São José do Inhacorá;RS;Sul;4305;Ijuí;do Entorno;430023;Três de Maio;do Entorno;Centro Local;214097053.0;88984.64
4318507;São José do Norte;RS;Sul;4302;Pelotas;do Entorno;430009;Pelotas;do Entorno;Centro Local;1273463684.0;50051.63
4318606;São José do Ouro;RS;Sul;4306;Passo Fundo;do Entorno;430033;Lagoa Vermelha;do Entorno;Centro de Zona B;426237689.0;62370.16
4318614;São José do Sul;RS;Sul;4301;Porto Alegre;do Entorno;430007;Montenegro;do Entorno;Centro Local;111513648.0;46854.47
4318622;São José dos Ausentes;RS;Sul;4307;Caxias do Sul;do Entorno;430039;Vacaria;do Entorno;Centro Local;177177208.0;42468.17
4318705;São Leopoldo;RS;Sul;4301;Porto Alegre;do Entorno;430002;Novo Hamburgo - São Leopoldo;Polo;Metrópole;11740912547.0;54003.8
4318804;São Lourenço do Sul;RS;Sul;4302;Pelotas;do Entorno;430009;Pelotas;do Entorno;Centro de Zona A;1719595707.0;40953.48
4318903;São Luiz Gonzaga;RS;Sul;4305;Ijuí;do Entorno;430022;São Luiz Gonzaga;Polo;Centro Sub-Regional B;1712989662.0;49291.83
4319000;São Marcos;RS;Sul;4307;Caxias do Sul;do Entorno;430036;Caxias do Sul;do Entorno;Centro Local;1488757457.0;70610.77
4319109;São Martinho;RS;Sul;4305;Ijuí;do Entorno;430021;Três Passos;do Entorno;Centro Local;304939015.0;55635.65
4319125;São Martinho da Serra;RS;Sul;4303;Santa Maria;do Entorno;430011;Santa Maria;do Entorno;Centro Local;211209833.0;73849.59
4319158;São Miguel das Missões;RS;Sul;4305;Ijuí;do Entorno;430020;Santo Ângelo;do Entorno;Centro Local;517182430.0;73296.83
4319208;São Nicolau;RS;Sul;4305;Ijuí;do Entorno;430022;São Luiz Gonzaga;do Entorno;Centro Local;178748939.0;34925.55
4319307;São Paulo das Missões;RS;Sul;4305;Ijuí;do Entorno;430024;Cerro Largo;do Entorno;Centro Local;214702705.0;36726.43
4319356;São Pedro da Serra;RS;Sul;4301;Porto Alegre;do Entorno;430007;Montenegro;do Entorno;Centro Local;122650888.0;34569.02
4319364;São Pedro das Missões;RS;Sul;4306;Passo Fundo;do Entorno;430034;Palmeira das Missões;do Entorno;Centro Local;72910985.0;41497.43
4319372;São Pedro do Butiá;RS;Sul;4305;Ijuí;do Entorno;430024;Cerro Largo;do Entorno;Centro Local;139485247.0;45434.93
4319406;São Pedro do Sul;RS;Sul;4303;Santa Maria;do Entorno;430011;Santa Maria;do Entorno;Centro de Zona B;505803240.0;32471.16
4319505;São Sebastião do Caí;RS;Sul;4301;Porto Alegre;do Entorno;430002;Novo Hamburgo - São Leopoldo;do Entorno;Metrópole;1123567771.0;45995.08
4319604;São Sepé;RS;Sul;4303;Santa Maria;do Entorno;430011;Santa Maria;do Entorno;Centro Local;1059509123.0;49932.09
4319703;São Valentim;RS;Sul;4306;Passo Fundo;do Entorno;430026;Erechim;do Entorno;Centro Local;124877898.0;38259.16
4319711;São Valentim do Sul;RS;Sul;4307;Caxias do Sul;do Entorno;430037;Bento Gonçalves;do Entorno;Centro Local;84856729.0;38448.9
4319737;São Valério do Sul;RS;Sul;4305;Ijuí;do Entorno;430018;Ijuí;do Entorno;Centro Local;67840614.0;26677.39
4319752;São Vendelino;RS;Sul;4301;Porto Alegre;do Entorno;430002;Novo Hamburgo - São Leopoldo;do Entorno;Centro Local;105310987.0;46784.09
4319802;São Vicente do Sul;RS;Sul;4303;Santa Maria;do Entorno;430011;Santa Maria;do Entorno;Centro Local;469885580.0;58032.06
4319901;Sapiranga;RS;Sul;4301;Porto Alegre;do Entorno;430002;Novo Hamburgo - São Leopoldo;do Entorno;Metrópole;4674054049.0;61786.88
4320008;Sapucaia do Sul;RS;Sul;4301;Porto Alegre;do Entorno;430001;Porto Alegre;do Entorno;Metrópole;4729407944.0;35799.83
4320107;Sarandi;RS;Sul;4306;Passo Fundo;do Entorno;430028;Carazinho;do Entorno;Centro Sub-Regional B;1427660579.0;62476.94
4320206;Seberi;RS;Sul;4306;Passo Fundo;do Entorno;430029;Frederico Westphalen;do Entorno;Centro Local;827495705.0;69246.5
4320230;Sede Nova;RS;Sul;4305;Ijuí;do Entorno;430021;Três Passos;do Entorno;Centro Local;122594738.0;45338.29
4320263;Segredo;RS;Sul;4308;Santa Cruz do Sul - Lajeado;do Entorno;430042;Sobradinho;do Entorno;Centro Local;181685939.0;30235.64
4320305;Selbach;RS;Sul;4306;Passo Fundo;do Entorno;430027;Cruz Alta;do Entorno;Centro Local;286809651.0;56160.1
4320321;Senador Salgado Filho;RS;Sul;4305;Ijuí;do Entorno;430019;Santa Rosa;do Entorno;Centro Local;93393407.0;34939.55
4320354;Sentinela do Sul;RS;Sul;4301;Porto Alegre;do Entorno;430005;Camaquã;do Entorno;Centro Local;179897373.0;33904.52
4320404;Serafina Corrêa;RS;Sul;4307;Caxias do Sul;do Entorno;430038;Nova Prata - Guaporé;do Entorno;Centro de Zona B;988516381.0;58281.73
4320453;Sério;RS;Sul;4308;Santa Cruz do Sul - Lajeado;do Entorno;430041;Lajeado;do Entorno;Centro Local;70328654.0;36233.21
4320503;Sertão;RS;Sul;4306;Passo Fundo;do Entorno;430025;Passo Fundo;do Entorno;Centro Local;389513968.0;70296.69
4320552;Sertão Santana;RS;Sul;4301;Porto Alegre;do Entorno;430001;Porto Alegre;do Entorno;Centro Local;344570747.0;58770.38
4320578;Sete de Setembro;RS;Sul;4305;Ijuí;do Entorno;430020;Santo Ângelo;do Entorno;Centro Local;77185838.0;42178.05
4320602;Severiano de Almeida;RS;Sul;4306;Passo Fundo;do Entorno;430026;Erechim;do Entorno;Centro Local;142412486.0;41812.24
4320651;Silveira Martins;RS;Sul;4303;Santa Maria;do Entorno;430011;Santa Maria;do Entorno;Centro Local;72204098.0;35603.6
4320677;Sinimbu;RS;Sul;4308;Santa Cruz do Sul - Lajeado;do Entorno;430040;Santa Cruz do Sul;do Entorno;Centro Local;248267158.0;29013.34
4320701;Sobradinho;RS;Sul;4308;Santa Cruz do Sul - Lajeado;do Entorno;430042;Sobradinho;Polo;Centro de Zona A;523240067.0;36780.55
4320800;Soledade;RS;Sul;4306;Passo Fundo;do Entorno;430031;Soledade;Polo;Centro Sub-Regional B;1312842494.0;43774.55
4320859;Tabaí;RS;Sul;4308;Santa Cruz do Sul - Lajeado;do Entorno;430041;Lajeado;do Entorno;Centro Local;176254446.0;39510.08
4320909;Tapejara;RS;Sul;4306;Passo Fundo;do Entorno;430032;Tapejara - Sananduva;Polo;Centro de Zona A;1870496881.0;76169.6
4321006;Tapera;RS;Sul;4306;Passo Fundo;do Entorno;430025;Passo Fundo;do Entorno;Centro Local;584149166.0;55150.03
4321105;Tapes;RS;Sul;4301;Porto Alegre;do Entorno;430005;Camaquã;do Entorno;Centro Local;634090285.0;43150.07
4321204;Taquara;RS;Sul;4301;Porto Alegre;do Entorno;430004;Taquara - Parobé - Igrejinha;Polo;Centro Sub-Regional B;1815774920.0;34105.46
4321303;Taquari;RS;Sul;4308;Santa Cruz do Sul - Lajeado;do Entorno;430041;Lajeado;do Entorno;Centro Local;1123745154.0;44596.6
4321329;Taquaruçu do Sul;RS;Sul;4306;Passo Fundo;do Entorno;430029;Frederico Westphalen;do Entorno;Centro Local;188337259.0;60383.86
4321352;Tavares;RS;Sul;4301;Porto Alegre;do Entorno;430001;Porto Alegre;do Entorno;Centro Local;135924272.0;26079.1
4321402;Tenente Portela;RS;Sul;4305;Ijuí;do Entorno;430021;Três Passos;do Entorno;Centro de Zona B;614913536.0;42416.61
4321436;Terra de Areia;RS;Sul;4301;Porto Alegre;do Entorno;430003;Tramandaí - Osório;do Entorno;Centro Sub-Regional B;342570174.0;33149.81
4321451;Teutônia;RS;Sul;4308;Santa Cruz do Sul - Lajeado;do Entorno;430041;Lajeado;do Entorno;Centro de Zona A;2003350793.0;61083.35
4321469;Tio Hugo;RS;Sul;4306;Passo Fundo;do Entorno;430025;Passo Fundo;do Entorno;Centro Local;173558886.0;53124.85
4321477;Tiradentes do Sul;RS;Sul;4305;Ijuí;do Entorno;430021;Três Passos;do Entorno;Centro Local;162975258.0;31775.25
4321493;Toropi;RS;Sul;4303;Santa Maria;do Entorno;430011;Santa Maria;do Entorno;Centro Local;82303849.0;32225.47
4321501;Torres;RS;Sul;4301;Porto Alegre;do Entorno;430008;Torres;Polo;Centro Sub-Regional B;1835529325.0;43963.72
4321600;Tramandaí;RS;Sul;4301;Porto Alegre;do Entorno;430003;Tramandaí - Osório;Polo;Centro Sub-Regional A;1579725122.0;29046.01
4321626;Travesseiro;RS;Sul;4308;Santa Cruz do Sul - Lajeado;do Entorno;430041;Lajeado;do Entorno;Centro Local;86077838.0;39999.0
4321634;Três Arroios;RS;Sul;4306;Passo Fundo;do Entorno;430026;Erechim;do Entorno;Centro Local;134290645.0;51829.66
4321667;Três Cachoeiras;RS;Sul;4301;Porto Alegre;do Entorno;430008;Torres;do Entorno;Centro Local;372783278.0;34006.87
4321709;Três Coroas;RS;Sul;4301;Porto Alegre;do Entorno;430004;Taquara - Parobé - Igrejinha;do Entorno;Centro Sub-Regional B;1046073454.0;43732.17
4321808;Três de Maio;RS;Sul;4305;Ijuí;do Entorno;430023;Três de Maio;Polo;Centro Sub-Regional B;1525082331.0;61208.96
4321832;Três Forquilhas;RS;Sul;4301;Porto Alegre;do Entorno;430008;Torres;do Entorno;Centro Local;79196797.0;28694.49
4321857;Três Palmeiras;RS;Sul;4306;Passo Fundo;do Entorno;430025;Passo Fundo;do Entorno;Centro Local;165900513.0;35178.23
4321907;Três Passos;RS;Sul;4305;Ijuí;do Entorno;430021;Três Passos;Polo;Centro Sub-Regional B;1228031658.0;48279.28
4321956;Trindade do Sul;RS;Sul;4306;Passo Fundo;do Entorno;430035;Nonoai;do Entorno;Centro Local;403530887.0;53405.36
4322004;Triunfo;RS;Sul;4301;Porto Alegre;do Entorno;430006;Charqueadas - Triunfo - São Jerônimo;Polo;Centro Sub-Regional B;7571335466.0;275341.31
4322103;Tucunduva;RS;Sul;4305;Ijuí;do Entorno;430019;Santa Rosa;do Entorno;Centro de Zona B;231162492.0;41711.02
4322152;Tunas;RS;Sul;4308;Santa Cruz do Sul - Lajeado;do Entorno;430042;Sobradinho;do Entorno;Centro Local;94250377.0;25604.56
4322186;Tupanci do Sul;RS;Sul;4306;Passo Fundo;do Entorno;430033;Lagoa Vermelha;do Entorno;Centro Local;79798196.0;58077.29
4322202;Tupanciretã;RS;Sul;4306;Passo Fundo;do Entorno;430027;Cruz Alta;do Entorno;Centro Local;1275253921.0;63746.76
4322251;Tupandi;RS;Sul;4301;Porto Alegre;do Entorno;430002;Novo Hamburgo - São Leopoldo;do Entorno;Centro Local;604244088.0;120151.94
4322301;Tuparendi;RS;Sul;4305;Ijuí;do Entorno;430019;Santa Rosa;do Entorno;Centro Local;375005554.0;44841.03
4322327;Turuçu;RS;Sul;4302;Pelotas;do Entorno;430009;Pelotas;do Entorno;Centro Local;161326001.0;47185.14
4322343;Ubiretama;RS;Sul;4305;Ijuí;do Entorno;430024;Cerro Largo;do Entorno;Centro Local;73526022.0;36873.63
4322350;União da Serra;RS;Sul;4307;Caxias do Sul;do Entorno;430038;Nova Prata - Guaporé;do Entorno;Centro Local;64312655.0;54968.08
4322376;Unistalda;RS;Sul;4303;Santa Maria;do Entorno;430014;Santiago;do Entorno;Centro Local;71038009.0;35608.02
4322400;Uruguaiana;RS;Sul;4304;Uruguaiana;Polo;430015;Uruguaiana;Polo;Centro Sub-Regional A;3915554297.0;33406.32
4322509;Vacaria;RS;Sul;4307;Caxias do Sul;do Entorno;430039;Vacaria;Polo;Centro Sub-Regional B;3701332670.0;57655.85
4322525;Vale Verde;RS;Sul;4308;Santa Cruz do Sul - Lajeado;do Entorno;430040;Santa Cruz do Sul;do Entorno;Centro Local;156860172.0;49796.88
4322533;Vale do Sol;RS;Sul;4308;Santa Cruz do Sul - Lajeado;do Entorno;430040;Santa Cruz do Sul;do Entorno;Centro Local;380488696.0;38425.44
4322541;Vale Real;RS;Sul;4307;Caxias do Sul;do Entorno;430036;Caxias do Sul;do Entorno;Capital Regional B;298091166.0;49206.2
4322558;Vanini;RS;Sul;4306;Passo Fundo;do Entorno;430030;Marau;do Entorno;Centro Local;81723911.0;40780.39
4322608;Venâncio Aires;RS;Sul;4308;Santa Cruz do Sul - Lajeado;do Entorno;430040;Santa Cruz do Sul;do Entorno;Centro Sub-Regional B;4683133717.0;68105.43
4322707;Vera Cruz;RS;Sul;4308;Santa Cruz do Sul - Lajeado;do Entorno;430040;Santa Cruz do Sul;do Entorno;Capital Regional C;1126736420.0;42177.75
4322806;Veranópolis;RS;Sul;4307;Caxias do Sul;do Entorno;430037;Bento Gonçalves;do Entorno;Centro Sub-Regional B;2395417386.0;99721.8
4322855;Vespasiano Corrêa;RS;Sul;4308;Santa Cruz do Sul - Lajeado;do Entorno;430043;Encantado;do Entorno;Centro Local;104348308.0;57397.31
4322905;Viadutos;RS;Sul;4306;Passo Fundo;do Entorno;430026;Erechim;do Entorno;Centro Local;191223343.0;40122.4
4323002;Viamão;RS;Sul;4301;Porto Alegre;do Entorno;430001;Porto Alegre;do Entorno;Metrópole;5545183665.0;24741.59
4323101;Vicente Dutra;RS;Sul;4306;Passo Fundo;do Entorno;430029;Frederico Westphalen;do Entorno;Centro Local;147863798.0;31696.42
4323200;Victor Graeff;RS;Sul;4306;Passo Fundo;do Entorno;430025;Passo Fundo;do Entorno;Centro Local;235753534.0;84803.43
4323309;Vila Flores;RS;Sul;4307;Caxias do Sul;do Entorno;430037;Bento Gonçalves;do Entorno;Centro Sub-Regional B;376708951.0;103321.16
4323358;Vila Lângaro;RS;Sul;4306;Passo Fundo;do Entorno;430032;Tapejara - Sananduva;do Entorno;Centro Local;155270798.0;74685.33
4323408;Vila Maria;RS;Sul;4306;Passo Fundo;do Entorno;430030;Marau;do Entorno;Centro Local;393599585.0;89190.93
4323457;Vila Nova do Sul;RS;Sul;4303;Santa Maria;do Entorno;430012;São Gabriel - Caçapava do Sul;do Entorno;Centro Local;217497780.0;56302.82
4323507;Vista Alegre;RS;Sul;4306;Passo Fundo;do Entorno;430029;Frederico Westphalen;do Entorno;Centro Local;137184989.0;51573.3
4323606;Vista Alegre do Prata;RS;Sul;4307;Caxias do Sul;do Entorno;430038;Nova Prata - Guaporé;do Entorno;Centro Local;76366871.0;48029.48
4323705;Vista Gaúcha;RS;Sul;4305;Ijuí;do Entorno;430021;Três Passos;do Entorno;Centro Local;94255711.0;33868.38
4323754;Vitória das Missões;RS;Sul;4305;Ijuí;do Entorno;430020;Santo Ângelo;do Entorno;Centro Local;89071444.0;27372.91
4323770;Westfália;RS;Sul;4308;Santa Cruz do Sul - Lajeado;do Entorno;430041;Lajeado;do Entorno;Centro de Zona A;234678220.0;75751.52
4323804;Xangri-lá;RS;Sul;4301;Porto Alegre;do Entorno;430003;Tramandaí - Osório;do Entorno;Centro Sub-Regional B;914703994.0;55561.2
5000203;Água Clara;MS;Centro-oeste;5001;Campo Grande;do Entorno;500002;Três Lagoas;do Entorno;Centro Local;1544633286.0;92266.49
5000252;Alcinópolis;MS;Centro-oeste;5001;Campo Grande;do Entorno;500004;Coxim;do Entorno;Centro Local;384368067.0;84718.55
5000609;Amambai;MS;Centro-oeste;5002;Dourados;do Entorno;500009;Amambai;Polo;Centro de Zona A;2426261174.0;61697.68
5000708;Anastácio;MS;Centro-oeste;5003;Corumbá;do Entorno;500012;Aquidauana - Anastácio;Polo;Centro Sub-Regional B;783841000.0;32505.64
5000807;Anaurilândia;MS;Centro-oeste;5002;Dourados;do Entorno;500007;Nova Andradina;do Entorno;Centro Local;623710209.0;81498.79
5000856;Angélica;MS;Centro-oeste;5002;Dourados;do Entorno;500007;Nova Andradina;do Entorno;Centro Local;1243471217.0;115898.15
5000906;Antônio João;MS;Centro-oeste;5002;Dourados;do Entorno;500008;Ponta Porã;do Entorno;Centro Local;851780994.0;91559.82
5001003;Aparecida do Taboado;MS;Centro-oeste;5001;Campo Grande;do Entorno;500003;Paranaíba - Chapadão do Sul - Cassilândia;do Entorno;Centro Local;2189221716.0;79107.53
5001102;Aquidauana;MS;Centro-oeste;5003;Corumbá;do Entorno;500012;Aquidauana - Anastácio;Polo;Centro Sub-Regional B;1437450670.0;30712.79
5001243;Aral Moreira;MS;Centro-oeste;5002;Dourados;do Entorno;500008;Ponta Porã;do Entorno;Centro Local;1348751703.0;125488.62
5001508;Bandeirantes;MS;Centro-oeste;5001;Campo Grande;do Entorno;500001;Campo Grande;do Entorno;Centro Local;1001346231.0;126114.13
5001904;Bataguassu;MS;Centro-oeste;5001;Campo Grande;do Entorno;500002;Três Lagoas;do Entorno;Centro de Zona B;1841917456.0;79975.57
5002001;Batayporã;MS;Centro-oeste;5002;Dourados;do Entorno;500007;Nova Andradina;do Entorno;Centro Local;784829390.0;73266.37
5002100;Bela Vista;MS;Centro-oeste;5003;Corumbá;do Entorno;500011;Jardim;do Entorno;Centro de Zona B;1176300428.0;54425.6
5002159;Bodoquena;MS;Centro-oeste;5003;Corumbá;do Entorno;500012;Aquidauana - Anastácio;do Entorno;Centro Local;386420183.0;45105.66
5002209;Bonito;MS;Centro-oeste;5003;Corumbá;do Entorno;500011;Jardim;do Entorno;Centro Local;1586576757.0;67060.18
5002308;Brasilândia;MS;Centro-oeste;5001;Campo Grande;do Entorno;500002;Três Lagoas;do Entorno;Centro Local;1159416526.0;100130.97
5002407;Caarapó;MS;Centro-oeste;5002;Dourados;do Entorno;500005;Dourados;do Entorno;Centro Local;2553085299.0;83401.45
5002605;Camapuã;MS;Centro-oeste;5001;Campo Grande;do Entorno;500001;Campo Grande;do Entorno;Centro Local;872276480.0;64218.25
5002704;Campo Grande;MS;Centro-oeste;5001;Campo Grande;Polo;500001;Campo Grande;Polo;Capital Regional A;42269767537.0;47065.77
5002803;Caracol;MS;Centro-oeste;5003;Corumbá;do Entorno;500011;Jardim;do Entorno;Centro Local;251147647.0;49870.46
5002902;Cassilândia;MS;Centro-oeste;5001;Campo Grande;do Entorno;500003;Paranaíba - Chapadão do Sul - Cassilândia;Polo;Centro de Zona B;1059973419.0;50503.78
5002951;Chapadão do Sul;MS;Centro-oeste;5001;Campo Grande;do Entorno;500003;Paranaíba - Chapadão do Sul - Cassilândia;Polo;Centro de Zona B;3329527327.0;107428.37
5003108;Corguinho;MS;Centro-oeste;5001;Campo Grande;do Entorno;500001;Campo Grande;do Entorno;Centro Local;172551440.0;36075.99
5003157;Coronel Sapucaia;MS;Centro-oeste;5002;Dourados;do Entorno;500009;Amambai;do Entorno;Centro Local;388241057.0;27170.62
5003207;Corumbá;MS;Centro-oeste;5003;Corumbá;Polo;500010;Corumbá;Polo;Centro Sub-Regional B;4187429397.0;43497.63
5003256;Costa Rica;MS;Centro-oeste;5001;Campo Grande;do Entorno;500004;Coxim;do Entorno;Centro Local;3341491280.0;128336.26
5003306;Coxim;MS;Centro-oeste;5001;Campo Grande;do Entorno;500004;Coxim;Polo;Centro Sub-Regional B;1400833097.0;43570.44
5003454;Deodápolis;MS;Centro-oeste;5002;Dourados;do Entorno;500005;Dourados;do Entorno;Centro Local;712633366.0;52157.9
5003488;Dois Irmãos do Buriti;MS;Centro-oeste;5001;Campo Grande;do Entorno;500001;Campo Grande;do Entorno;Centro Local;456776952.0;41151.08
5003504;Douradina;MS;Centro-oeste;5002;Dourados;do Entorno;500005;Dourados;do Entorno;Centro Local;259999126.0;46611.53
5003702;Dourados;MS;Centro-oeste;5002;Dourados;Polo;500005;Dourados;Polo;Capital Regional C;20257953123.0;83240.35
5003751;Eldorado;MS;Centro-oeste;5002;Dourados;do Entorno;500006;Naviraí - Mundo Novo;do Entorno;Centro Local;704591974.0;61882.31
5003801;Fátima do Sul;MS;Centro-oeste;5002;Dourados;do Entorno;500005;Dourados;do Entorno;Centro Local;769333268.0;37329.97
5003900;Figueirão;MS;Centro-oeste;5001;Campo Grande;do Entorno;500004;Coxim;do Entorno;Centro Local;186834917.0;52793.14
5004007;Glória de Dourados;MS;Centro-oeste;5002;Dourados;do Entorno;500005;Dourados;do Entorno;Centro Local;449930239.0;43080.26
5004106;Guia Lopes da Laguna;MS;Centro-oeste;5003;Corumbá;do Entorno;500011;Jardim;do Entorno;Centro Sub-Regional B;477599794.0;48048.27
5004304;Iguatemi;MS;Centro-oeste;5002;Dourados;do Entorno;500006;Naviraí - Mundo Novo;do Entorno;Centro Local;962593231.0;69712.72
5004403;Inocência;MS;Centro-oeste;5001;Campo Grande;do Entorno;500003;Paranaíba - Chapadão do Sul - Cassilândia;do Entorno;Centro Local;946306681.0;112601.94
5004502;Itaporã;MS;Centro-oeste;5002;Dourados;do Entorno;500005;Dourados;do Entorno;Centro Local;1525654290.0;63208.12
5004601;Itaquiraí;MS;Centro-oeste;5002;Dourados;do Entorno;500006;Naviraí - Mundo Novo;do Entorno;Centro Local;1546552505.0;79624.8
5004700;Ivinhema;MS;Centro-oeste;5002;Dourados;do Entorno;500007;Nova Andradina;do Entorno;Centro Local;2005468709.0;72084.71
5004809;Japorã;MS;Centro-oeste;5002;Dourados;do Entorno;500006;Naviraí - Mundo Novo;do Entorno;Centro Local;242175215.0;29722.04
5004908;Jaraguari;MS;Centro-oeste;5001;Campo Grande;do Entorno;500001;Campo Grande;do Entorno;Centro Local;717700528.0;100532.36
5005004;Jardim;MS;Centro-oeste;5003;Corumbá;do Entorno;500011;Jardim;Polo;Centro Sub-Regional B;1130237391.0;47130.54
5005103;Jateí;MS;Centro-oeste;5002;Dourados;do Entorno;500005;Dourados;do Entorno;Centro Local;729978052.0;203563.32
5005152;Juti;MS;Centro-oeste;5002;Dourados;do Entorno;500005;Dourados;do Entorno;Centro Local;517929686.0;76969.79
5005202;Ladário;MS;Centro-oeste;5003;Corumbá;do Entorno;500010;Corumbá;do Entorno;Centro Sub-Regional B;420685263.0;19546.76
5005251;Laguna Carapã;MS;Centro-oeste;5002;Dourados;do Entorno;500005;Dourados;do Entorno;Centro Local;1257650182.0;184975.76
5005400;Maracaju;MS;Centro-oeste;5002;Dourados;do Entorno;500005;Dourados;do Entorno;Centro Local;5921262311.0;131446.32
5005608;Miranda;MS;Centro-oeste;5003;Corumbá;do Entorno;500012;Aquidauana - Anastácio;do Entorno;Centro Local;782434815.0;30640.46
5005681;Mundo Novo;MS;Centro-oeste;5002;Dourados;do Entorno;500006;Naviraí - Mundo Novo;Polo;Centro de Zona A;1018195256.0;53050.34
5005707;Naviraí;MS;Centro-oeste;5002;Dourados;do Entorno;500006;Naviraí - Mundo Novo;Polo;Centro Sub-Regional B;3670206619.0;72739.3
5005806;Nioaque;MS;Centro-oeste;5003;Corumbá;do Entorno;500011;Jardim;do Entorno;Centro Local;618784393.0;46806.69
5006002;Nova Alvorada do Sul;MS;Centro-oeste;5001;Campo Grande;do Entorno;500001;Campo Grande;do Entorno;Centro Local;2592615070.0;118807.4
5006200;Nova Andradina;MS;Centro-oeste;5002;Dourados;do Entorno;500007;Nova Andradina;Polo;Centro Sub-Regional B;3568744549.0;73486.9
5006259;Novo Horizonte do Sul;MS;Centro-oeste;5002;Dourados;do Entorno;500007;Nova Andradina;do Entorno;Centro Local;450886303.0;95506.52
5006275;Paraíso das Águas;MS;Centro-oeste;5001;Campo Grande;do Entorno;500003;Paranaíba - Chapadão do Sul - Cassilândia;do Entorno;Centro Local;1389705720.0;252215.19
5006309;Paranaíba;MS;Centro-oeste;5001;Campo Grande;do Entorno;500003;Paranaíba - Chapadão do Sul - Cassilândia;do Entorno;Centro Sub-Regional B;2012106193.0;49127.28
5006358;Paranhos;MS;Centro-oeste;5002;Dourados;do Entorno;500009;Amambai;do Entorno;Centro Local;371182610.0;28727.08
5006408;Pedro Gomes;MS;Centro-oeste;5001;Campo Grande;do Entorno;500004;Coxim;do Entorno;Centro Local;460934465.0;66407.5
5006606;Ponta Porã;MS;Centro-oeste;5002;Dourados;do Entorno;500008;Ponta Porã;Polo;Centro Sub-Regional B;6069789697.0;65963.79
5006903;Porto Murtinho;MS;Centro-oeste;5003;Corumbá;do Entorno;500011;Jardim;do Entorno;Centro Local;571510637.0;44444.41
5007109;Ribas do Rio Pardo;MS;Centro-oeste;5001;Campo Grande;do Entorno;500001;Campo Grande;do Entorno;Centro Local;3353286399.0;144850.38
5007208;Rio Brilhante;MS;Centro-oeste;5002;Dourados;do Entorno;500005;Dourados;do Entorno;Centro de Zona A;3833911208.0;101963.01
5007307;Rio Negro;MS;Centro-oeste;5001;Campo Grande;do Entorno;500001;Campo Grande;do Entorno;Centro Local;170385672.0;35196.38
5007406;Rio Verde de Mato Grosso;MS;Centro-oeste;5001;Campo Grande;do Entorno;500004;Coxim;do Entorno;Centro Local;926596607.0;46755.3
5007505;Rochedo;MS;Centro-oeste;5001;Campo Grande;do Entorno;500001;Campo Grande;do Entorno;Centro Local;352336836.0;67770.12
5007554;Santa Rita do Pardo;MS;Centro-oeste;5001;Campo Grande;do Entorno;500002;Três Lagoas;do Entorno;Centro Local;642966615.0;91499.45
5007695;São Gabriel do Oeste;MS;Centro-oeste;5001;Campo Grande;do Entorno;500001;Campo Grande;do Entorno;Centro de Zona A;2883850034.0;97496.54
5007703;Sete Quedas;MS;Centro-oeste;5002;Dourados;do Entorno;500009;Amambai;do Entorno;Centro Local;493949383.0;44929.0
5007802;Selvíria;MS;Centro-oeste;5001;Campo Grande;do Entorno;500002;Três Lagoas;do Entorno;Centro Local;2691218217.0;330535.28
5007901;Sidrolândia;MS;Centro-oeste;5001;Campo Grande;do Entorno;500001;Campo Grande;do Entorno;Centro Local;4102346427.0;87065.38
5007935;Sonora;MS;Centro-oeste;5001;Campo Grande;do Entorno;500004;Coxim;do Entorno;Centro Local;1489092586.0;102582.85
5007950;Tacuru;MS;Centro-oeste;5002;Dourados;do Entorno;500009;Amambai;do Entorno;Centro Local;378151187.0;34988.08
5007976;Taquarussu;MS;Centro-oeste;5002;Dourados;do Entorno;500007;Nova Andradina;do Entorno;Centro Local;215369240.0;59412.2
5008008;Terenos;MS;Centro-oeste;5001;Campo Grande;do Entorno;500001;Campo Grande;do Entorno;Centro Local;1348544080.0;76396.11
5008305;Três Lagoas;MS;Centro-oeste;5001;Campo Grande;do Entorno;500002;Três Lagoas;Polo;Centro Sub-Regional A;14761815743.0;111703.31
5008404;Vicentina;MS;Centro-oeste;5002;Dourados;do Entorno;500005;Dourados;do Entorno;Centro Local;384733891.0;60721.89
5100102;Acorizal;MT;Centro-oeste;5101;Cuiabá;do Entorno;510001;Cuiabá;do Entorno;Centro Local;169373160.0;33780.05
5100201;Água Boa;MT;Centro-oeste;5104;Barra do Garças;do Entorno;510015;Água Boa;Polo;Centro Sub-Regional B;2479715078.0;84866.53
5100250;Alta Floresta;MT;Centro-oeste;5103;Sinop;do Entorno;510010;Alta Floresta;Polo;Centro Sub-Regional B;3034592885.0;51773.38
5100300;Alto Araguaia;MT;Centro-oeste;5105;Rondonópolis;do Entorno;510016;Rondonópolis;do Entorno;Centro de Zona A;2036608914.0;118455.7
5100359;Alto Boa Vista;MT;Centro-oeste;5104;Barra do Garças;do Entorno;510014;Confresa - Vila Rica;do Entorno;Centro Local;307732425.0;53846.44
5100409;Alto Garças;MT;Centro-oeste;5105;Rondonópolis;do Entorno;510016;Rondonópolis;do Entorno;Centro Local;1233308155.0;94491.89
5100508;Alto Paraguai;MT;Centro-oeste;5101;Cuiabá;do Entorno;510003;Diamantino;do Entorno;Centro Local;171250947.0;21382.31
5100607;Alto Taquari;MT;Centro-oeste;5105;Rondonópolis;do Entorno;510016;Rondonópolis;do Entorno;Centro Local;1194825900.0;109576.84
5100805;Apiacás;MT;Centro-oeste;5103;Sinop;do Entorno;510010;Alta Floresta;do Entorno;Centro Local;291453184.0;33929.36
5101001;Araguaiana;MT;Centro-oeste;5104;Barra do Garças;do Entorno;510013;Barra do Garças;do Entorno;Centro Local;169004880.0;44533.57
5101209;Araguainha;MT;Centro-oeste;5105;Rondonópolis;do Entorno;510016;Rondonópolis;do Entorno;Centro Local;31096863.0;30788.97
5101258;Araputanga;MT;Centro-oeste;5102;Cáceres;do Entorno;510006;Mirassol D'oeste;do Entorno;Centro de Zona B;864362159.0;58458.15
5101308;Arenápolis;MT;Centro-oeste;5101;Cuiabá;do Entorno;510003;Diamantino;do Entorno;Centro de Zona B;325466983.0;30774.11
5101407;Aripuanã;MT;Centro-oeste;5103;Sinop;do Entorno;510009;Juína;do Entorno;Centro Local;1451935796.0;58959.47
5101605;Barão de Melgaço;MT;Centro-oeste;5101;Cuiabá;do Entorno;510001;Cuiabá;do Entorno;Centro Local;143657129.0;19806.58
5101704;Barra do Bugres;MT;Centro-oeste;5101;Cuiabá;do Entorno;510002;Tangará da Serra;do Entorno;Centro de Zona A;1774197962.0;60340.71
5101803;Barra do Garças;MT;Centro-oeste;5104;Barra do Garças;Polo;510013;Barra do Garças;Polo;Centro Sub-Regional A;3537695616.0;51115.38
5101852;Bom Jesus do Araguaia;MT;Centro-oeste;5104;Barra do Garças;do Entorno;510014;Confresa - Vila Rica;do Entorno;Centro de Zona B;1001993682.0;137636.49
5101902;Brasnorte;MT;Centro-oeste;5101;Cuiabá;do Entorno;510002;Tangará da Serra;do Entorno;Centro Local;2668090616.0;156909.59
5102504;Cáceres;MT;Centro-oeste;5102;Cáceres;Polo;510004;Cáceres;Polo;Centro Sub-Regional B;2795729007.0;31174.15
5102603;Campinápolis;MT;Centro-oeste;5104;Barra do Garças;do Entorno;510015;Água Boa;do Entorno;Centro Local;614855730.0;40063.58
5102637;Campo Novo do Parecis;MT;Centro-oeste;5101;Cuiabá;do Entorno;510002;Tangará da Serra;do Entorno;Centro de Zona A;7917232816.0;172492.49
5102678;Campo Verde;MT;Centro-oeste;5101;Cuiabá;do Entorno;510001;Cuiabá;do Entorno;Centro de Zona A;5099105108.0;114368.18
5102686;Campos de Júlio;MT;Centro-oeste;5102;Cáceres;do Entorno;510005;Pontes e Lacerda - Comodoro;do Entorno;Centro Local;2905079082.0;329299.37
5102694;Canabrava do Norte;MT;Centro-oeste;5104;Barra do Garças;do Entorno;510014;Confresa - Vila Rica;do Entorno;Centro Local;299034729.0;66674.41
5102702;Canarana;MT;Centro-oeste;5104;Barra do Garças;do Entorno;510015;Água Boa;do Entorno;Centro de Zona B;3000653747.0;116043.54
5102793;Carlinda;MT;Centro-oeste;5103;Sinop;do Entorno;510010;Alta Floresta;do Entorno;Centro Local;423097807.0;40950.23
5102850;Castanheira;MT;Centro-oeste;5103;Sinop;do Entorno;510009;Juína;do Entorno;Centro Local;261557048.0;34846.4
5103007;Chapada dos Guimarães;MT;Centro-oeste;5101;Cuiabá;do Entorno;510001;Cuiabá;do Entorno;Centro Local;1817595686.0;95713.31
5103056;Cláudia;MT;Centro-oeste;5103;Sinop;do Entorno;510007;Sinop;do Entorno;Centro Local;1192573273.0;124317.03
5103106;Cocalinho;MT;Centro-oeste;5104;Barra do Garças;do Entorno;510015;Água Boa;do Entorno;Centro Local;363690468.0;58471.14
5103205;Colíder;MT;Centro-oeste;5103;Sinop;do Entorno;510007;Sinop;do Entorno;Centro de Zona A;1958222209.0;62423.4
5103254;Colniza;MT;Centro-oeste;5103;Sinop;do Entorno;510009;Juína;do Entorno;Centro Local;852175362.0;33073.64
5103304;Comodoro;MT;Centro-oeste;5102;Cáceres;do Entorno;510005;Pontes e Lacerda - Comodoro;Polo;Centro Local;1088026122.0;59657.1
5103353;Confresa;MT;Centro-oeste;5104;Barra do Garças;do Entorno;510014;Confresa - Vila Rica;Polo;Centro de Zona A;1967776070.0;56101.95
5103361;Conquista D'Oeste;MT;Centro-oeste;5102;Cáceres;do Entorno;510005;Pontes e Lacerda - Comodoro;do Entorno;Centro Local;179152247.0;47646.87
5103379;Cotriguaçu;MT;Centro-oeste;5103;Sinop;do Entorno;510009;Juína;do Entorno;Centro Local;327751370.0;29765.81
5103403;Cuiabá;MT;Centro-oeste;5101;Cuiabá;Polo;510001;Cuiabá;Polo;Capital Regional A;39050753124.0;59997.13
5103437;Curvelândia;MT;Centro-oeste;5102;Cáceres;do Entorno;510004;Cáceres;do Entorno;Centro Local;135779445.0;27693.14
5103452;Denise;MT;Centro-oeste;5101;Cuiabá;do Entorno;510002;Tangará da Serra;do Entorno;Centro Local;777253691.0;110814.61
5103502;Diamantino;MT;Centro-oeste;5101;Cuiabá;do Entorno;510003;Diamantino;Polo;Centro Sub-Regional B;5741877728.0;261696.26
5103601;Dom Aquino;MT;Centro-oeste;5105;Rondonópolis;do Entorno;510018;Jaciara;do Entorno;Centro Local;724833869.0;92077.47
5103700;Feliz Natal;MT;Centro-oeste;5103;Sinop;do Entorno;510007;Sinop;do Entorno;Centro Local;1151310745.0;109429.78
5103809;Figueirópolis D'Oeste;MT;Centro-oeste;5102;Cáceres;do Entorno;510006;Mirassol D'oeste;do Entorno;Centro Local;112556915.0;35317.51
5103858;Gaúcha do Norte;MT;Centro-oeste;5104;Barra do Garças;do Entorno;510015;Água Boa;do Entorno;Centro Local;1385921341.0;160370.44
5103908;General Carneiro;MT;Centro-oeste;5104;Barra do Garças;do Entorno;510013;Barra do Garças;do Entorno;Centro Local;506492689.0;83898.08
5103957;Glória D'Oeste;MT;Centro-oeste;5102;Cáceres;do Entorno;510006;Mirassol D'oeste;do Entorno;Centro Local;115168195.0;39644.82
5104104;Guarantã do Norte;MT;Centro-oeste;5103;Sinop;do Entorno;510011;Peixoto de Azevedo - Guarantã do Norte;Polo;Centro de Zona B;1286329067.0;41462.39
5104203;Guiratinga;MT;Centro-oeste;5105;Rondonópolis;do Entorno;510016;Rondonópolis;do Entorno;Centro Local;706015521.0;64382.23
5104500;Indiavaí;MT;Centro-oeste;5102;Cáceres;do Entorno;510006;Mirassol D'oeste;do Entorno;Centro Local;109660036.0;49552.66
5104526;Ipiranga do Norte;MT;Centro-oeste;5103;Sinop;do Entorno;510008;Sorriso;do Entorno;Centro Local;2175037191.0;278315.7
5104542;Itanhangá;MT;Centro-oeste;5103;Sinop;do Entorno;510008;Sorriso;do Entorno;Centro Local;856165704.0;113564.89
5104559;Itaúba;MT;Centro-oeste;5103;Sinop;do Entorno;510007;Sinop;do Entorno;Centro Local;666706687.0;132810.1
5104609;Itiquira;MT;Centro-oeste;5105;Rondonópolis;do Entorno;510016;Rondonópolis;do Entorno;Centro Local;2049318896.0;167482.75
5104807;Jaciara;MT;Centro-oeste;5105;Rondonópolis;do Entorno;510018;Jaciara;Polo;Centro de Zona A;1711568286.0;59909.98
5104906;Jangada;MT;Centro-oeste;5101;Cuiabá;do Entorno;510001;Cuiabá;do Entorno;Centro Local;210301005.0;28319.55
5105002;Jauru;MT;Centro-oeste;5102;Cáceres;do Entorno;510006;Mirassol D'oeste;do Entorno;Centro Local;371424149.0;44391.56
5105101;Juara;MT;Centro-oeste;5103;Sinop;do Entorno;510012;Juara;Polo;Centro de Zona A;1859025469.0;53258.05
5105150;Juína;MT;Centro-oeste;5103;Sinop;do Entorno;510009;Juína;Polo;Centro Sub-Regional B;1845535594.0;40234.92
5105176;Juruena;MT;Centro-oeste;5103;Sinop;do Entorno;510009;Juína;do Entorno;Centro Local;386050781.0;37799.94
5105200;Juscimeira;MT;Centro-oeste;5105;Rondonópolis;do Entorno;510018;Jaciara;do Entorno;Centro Local;555049279.0;48349.24
5105234;Lambari D'Oeste;MT;Centro-oeste;5102;Cáceres;do Entorno;510004;Cáceres;do Entorno;Centro Local;284218596.0;59335.82
5105259;Lucas do Rio Verde;MT;Centro-oeste;5103;Sinop;do Entorno;510008;Sorriso;do Entorno;Centro Sub-Regional B;8238966090.0;98319.36
5105309;Luciara;MT;Centro-oeste;5104;Barra do Garças;do Entorno;510014;Confresa - Vila Rica;do Entorno;Centro Local;95373982.0;38012.75
5105507;Vila Bela da Santíssima Trindade;MT;Centro-oeste;5102;Cáceres;do Entorno;510005;Pontes e Lacerda - Comodoro;do Entorno;Centro Local;946662625.0;56436.31
5105580;Marcelândia;MT;Centro-oeste;5103;Sinop;do Entorno;510007;Sinop;do Entorno;Centro Local;1029291947.0;90320.46
5105606;Matupá;MT;Centro-oeste;5103;Sinop;do Entorno;510011;Peixoto de Azevedo - Guarantã do Norte;do Entorno;Centro Local;1790693803.0;89129.15
5105622;Mirassol d'Oeste;MT;Centro-oeste;5102;Cáceres;do Entorno;510006;Mirassol D'oeste;Polo;Centro de Zona A;1163378799.0;43433.97
5105903;Nobres;MT;Centro-oeste;5101;Cuiabá;do Entorno;510001;Cuiabá;do Entorno;Centro Local;1492553257.0;96343.48
5106000;Nortelândia;MT;Centro-oeste;5101;Cuiabá;do Entorno;510003;Diamantino;do Entorno;Centro de Zona B;399398981.0;67058.26
5106109;Nossa Senhora do Livramento;MT;Centro-oeste;5101;Cuiabá;do Entorno;510001;Cuiabá;do Entorno;Centro Local;433626055.0;33510.51
5106158;Nova Bandeirantes;MT;Centro-oeste;5103;Sinop;do Entorno;510010;Alta Floresta;do Entorno;Centro Local;506046124.0;37113.76
5106174;Nova Nazaré;MT;Centro-oeste;5104;Barra do Garças;do Entorno;510015;Água Boa;do Entorno;Centro Local;183701698.0;43738.5
5106182;Nova Lacerda;MT;Centro-oeste;5102;Cáceres;do Entorno;510005;Pontes e Lacerda - Comodoro;do Entorno;Centro Local;486836952.0;72989.05
5106190;Nova Santa Helena;MT;Centro-oeste;5103;Sinop;do Entorno;510007;Sinop;do Entorno;Centro Local;483790870.0;114128.54
5106208;Nova Brasilândia;MT;Centro-oeste;5101;Cuiabá;do Entorno;510001;Cuiabá;do Entorno;Centro Local;216719961.0;55116.98
5106216;Nova Canaã do Norte;MT;Centro-oeste;5103;Sinop;do Entorno;510007;Sinop;do Entorno;Centro Local;1057941889.0;90368.32
5106224;Nova Mutum;MT;Centro-oeste;5103;Sinop;do Entorno;510008;Sorriso;do Entorno;Centro Sub-Regional B;7647129140.0;136949.61
5106232;Nova Olímpia;MT;Centro-oeste;5101;Cuiabá;do Entorno;510002;Tangará da Serra;do Entorno;Centro Local;771963918.0;47209.14
5106240;Nova Ubiratã;MT;Centro-oeste;5103;Sinop;do Entorno;510008;Sorriso;do Entorno;Centro Local;3184846567.0;276222.6
5106257;Nova Xavantina;MT;Centro-oeste;5104;Barra do Garças;do Entorno;510013;Barra do Garças;do Entorno;Centro de Zona B;1185191829.0;48683.17
5106265;Novo Mundo;MT;Centro-oeste;5103;Sinop;do Entorno;510011;Peixoto de Azevedo - Guarantã do Norte;do Entorno;Centro Local;626984284.0;96163.23
5106273;Novo Horizonte do Norte;MT;Centro-oeste;5103;Sinop;do Entorno;510012;Juara;do Entorno;Centro Local;132645925.0;39607.62
5106281;Novo São Joaquim;MT;Centro-oeste;5104;Barra do Garças;do Entorno;510013;Barra do Garças;do Entorno;Centro Local;930871638.0;134538.46
5106299;Paranaíta;MT;Centro-oeste;5103;Sinop;do Entorno;510010;Alta Floresta;do Entorno;Centro Local;833109069.0;71382.84
5106307;Paranatinga;MT;Centro-oeste;5105;Rondonópolis;do Entorno;510017;Primavera do Leste;do Entorno;Centro Local;2920746389.0;110538.03
5106315;Novo Santo Antônio;MT;Centro-oeste;5104;Barra do Garças;do Entorno;510014;Confresa - Vila Rica;do Entorno;Centro Local;71502683.0;35485.2
5106372;Pedra Preta;MT;Centro-oeste;5105;Rondonópolis;do Entorno;510016;Rondonópolis;do Entorno;Centro Local;1490775394.0;82518.29
5106422;Peixoto de Azevedo;MT;Centro-oeste;5103;Sinop;do Entorno;510011;Peixoto de Azevedo - Guarantã do Norte;Polo;Centro Local;1146389168.0;35042.77
5106455;Planalto da Serra;MT;Centro-oeste;5101;Cuiabá;do Entorno;510001;Cuiabá;do Entorno;Centro Local;296059771.0;93512.25
5106505;Poconé;MT;Centro-oeste;5101;Cuiabá;do Entorno;510001;Cuiabá;do Entorno;Centro Local;861874490.0;27609.14
5106653;Pontal do Araguaia;MT;Centro-oeste;5104;Barra do Garças;do Entorno;510013;Barra do Garças;do Entorno;Centro Sub-Regional A;244682231.0;35297.49
5106703;Ponte Branca;MT;Centro-oeste;5104;Barra do Garças;do Entorno;510013;Barra do Garças;do Entorno;Centro Local;49856433.0;24828.9
5106752;Pontes e Lacerda;MT;Centro-oeste;5102;Cáceres;do Entorno;510005;Pontes e Lacerda - Comodoro;Polo;Centro Sub-Regional B;2856804986.0;54919.55
5106778;Porto Alegre do Norte;MT;Centro-oeste;5104;Barra do Garças;do Entorno;510014;Confresa - Vila Rica;do Entorno;Centro Local;558329600.0;46040.21
5106802;Porto dos Gaúchos;MT;Centro-oeste;5103;Sinop;do Entorno;510012;Juara;do Entorno;Centro Local;1444695035.0;258304.14
5106828;Porto Esperidião;MT;Centro-oeste;5102;Cáceres;do Entorno;510006;Mirassol D'oeste;do Entorno;Centro Local;323734076.0;31726.19
5106851;Porto Estrela;MT;Centro-oeste;5101;Cuiabá;do Entorno;510002;Tangará da Serra;do Entorno;Centro Local;99846604.0;30969.79
5107008;Poxoréu;MT;Centro-oeste;5105;Rondonópolis;do Entorno;510017;Primavera do Leste;do Entorno;Centro Local;1242006768.0;53343.93
5107040;Primavera do Leste;MT;Centro-oeste;5105;Rondonópolis;do Entorno;510017;Primavera do Leste;Polo;Centro Sub-Regional B;8571209082.0;100664.85
5107065;Querência;MT;Centro-oeste;5104;Barra do Garças;do Entorno;510015;Água Boa;do Entorno;Centro Local;3771292384.0;140882.83
5107107;São José dos Quatro Marcos;MT;Centro-oeste;5102;Cáceres;do Entorno;510006;Mirassol D'oeste;do Entorno;Centro Local;550357836.0;30834.1
5107156;Reserva do Cabaçal;MT;Centro-oeste;5102;Cáceres;do Entorno;510006;Mirassol D'oeste;do Entorno;Centro Local;54023705.0;25458.86
5107180;Ribeirão Cascalheira;MT;Centro-oeste;5104;Barra do Garças;do Entorno;510015;Água Boa;do Entorno;Centro Local;814506222.0;80732.11
5107198;Ribeirãozinho;MT;Centro-oeste;5104;Barra do Garças;do Entorno;510013;Barra do Garças;do Entorno;Centro Local;192863566.0;74378.54
5107206;Rio Branco;MT;Centro-oeste;5102;Cáceres;do Entorno;510004;Cáceres;do Entorno;Centro Local;129894841.0;28642.74
5107248;Santa Carmem;MT;Centro-oeste;5103;Sinop;do Entorno;510007;Sinop;do Entorno;Centro Local;1133112545.0;210850.86
5107263;Santo Afonso;MT;Centro-oeste;5101;Cuiabá;do Entorno;510003;Diamantino;do Entorno;Centro Local;193731027.0;76907.91
5107297;São José do Povo;MT;Centro-oeste;5105;Rondonópolis;do Entorno;510016;Rondonópolis;do Entorno;Centro Local;70175759.0;24408.96
5107305;São José do Rio Claro;MT;Centro-oeste;5101;Cuiabá;do Entorno;510003;Diamantino;do Entorno;Centro Local;1683035797.0;112872.09
5107354;São José do Xingu;MT;Centro-oeste;5104;Barra do Garças;do Entorno;510014;Confresa - Vila Rica;do Entorno;Centro Local;843182106.0;141378.62
5107404;São Pedro da Cipa;MT;Centro-oeste;5105;Rondonópolis;do Entorno;510018;Jaciara;do Entorno;Centro de Zona A;81084751.0;19347.35
5107578;Rondolândia;MT;Centro-oeste;5103;Sinop;do Entorno;510009;Juína;do Entorno;Centro Local;135694082.0;38714.43
5107602;Rondonópolis;MT;Centro-oeste;5105;Rondonópolis;Polo;510016;Rondonópolis;Polo;Capital Regional C;16568249913.0;67650.08
5107701;Rosário Oeste;MT;Centro-oeste;5101;Cuiabá;do Entorno;510001;Cuiabá;do Entorno;Centro Local;650377244.0;42087.44
5107743;Santa Cruz do Xingu;MT;Centro-oeste;5104;Barra do Garças;do Entorno;510014;Confresa - Vila Rica;do Entorno;Centro Local;601239101.0;225944.8
5107750;Salto do Céu;MT;Centro-oeste;5102;Cáceres;do Entorno;510004;Cáceres;do Entorno;Centro Local;120131448.0;32653.29
5107768;Santa Rita do Trivelato;MT;Centro-oeste;5103;Sinop;do Entorno;510008;Sorriso;do Entorno;Centro Local;1341337475.0;409443.67
5107776;Santa Terezinha;MT;Centro-oeste;5104;Barra do Garças;do Entorno;510014;Confresa - Vila Rica;do Entorno;Centro Local;306137440.0;40302.45
5107792;Santo Antônio do Leste;MT;Centro-oeste;5105;Rondonópolis;do Entorno;510017;Primavera do Leste;do Entorno;Centro Local;1313632329.0;320476.29
5107800;Santo Antônio de Leverger;MT;Centro-oeste;5101;Cuiabá;do Entorno;510001;Cuiabá;do Entorno;Centro Local;743716874.0;48781.11
5107859;São Félix do Araguaia;MT;Centro-oeste;5104;Barra do Garças;do Entorno;510014;Confresa - Vila Rica;do Entorno;Centro de Zona B;2351792282.0;172659.3
5107875;Sapezal;MT;Centro-oeste;5101;Cuiabá;do Entorno;510002;Tangará da Serra;do Entorno;Centro de Zona A;6410246748.0;221470.66
5107883;Serra Nova Dourada;MT;Centro-oeste;5104;Barra do Garças;do Entorno;510014;Confresa - Vila Rica;do Entorno;Centro Local;160051610.0;88917.56
5107909;Sinop;MT;Centro-oeste;5103;Sinop;Polo;510007;Sinop;Polo;Capital Regional C;11736046947.0;59782.63
5107925;Sorriso;MT;Centro-oeste;5103;Sinop;do Entorno;510008;Sorriso;Polo;Centro Sub-Regional B;13748756925.0;124271.31
5107941;Tabaporã;MT;Centro-oeste;5103;Sinop;do Entorno;510012;Juara;do Entorno;Centro Local;1540339296.0;156889.32
5107958;Tangará da Serra;MT;Centro-oeste;5101;Cuiabá;do Entorno;510002;Tangará da Serra;Polo;Centro Sub-Regional A;5602199726.0;52635.43
5108006;Tapurah;MT;Centro-oeste;5103;Sinop;do Entorno;510008;Sorriso;do Entorno;Centro Local;2467467464.0;171709.64
5108055;Terra Nova do Norte;MT;Centro-oeste;5103;Sinop;do Entorno;510007;Sinop;do Entorno;Centro Local;571448179.0;53828.95
5108105;Tesouro;MT;Centro-oeste;5105;Rondonópolis;do Entorno;510016;Rondonópolis;do Entorno;Centro Local;326968260.0;108088.68
5108204;Torixoréu;MT;Centro-oeste;5104;Barra do Garças;do Entorno;510013;Barra do Garças;do Entorno;Centro Local;241589373.0;58018.58
5108303;União do Sul;MT;Centro-oeste;5103;Sinop;do Entorno;510007;Sinop;do Entorno;Centro Local;601637343.0;156758.04
5108352;Vale de São Domingos;MT;Centro-oeste;5102;Cáceres;do Entorno;510005;Pontes e Lacerda - Comodoro;do Entorno;Centro Local;81317584.0;28001.92
5108402;Várzea Grande;MT;Centro-oeste;5101;Cuiabá;do Entorno;510001;Cuiabá;do Entorno;Capital Regional A;13984217795.0;46601.94
5108501;Vera;MT;Centro-oeste;5103;Sinop;do Entorno;510008;Sorriso;do Entorno;Centro Local;1504304388.0;117523.78
5108600;Vila Rica;MT;Centro-oeste;5104;Barra do Garças;do Entorno;510014;Confresa - Vila Rica;Polo;Centro de Zona B;920620833.0;46290.27
5108808;Nova Guarita;MT;Centro-oeste;5103;Sinop;do Entorno;510007;Sinop;do Entorno;Centro Local;236922134.0;51617.02
5108857;Nova Marilândia;MT;Centro-oeste;5101;Cuiabá;do Entorno;510003;Diamantino;do Entorno;Centro Local;551799376.0;156361.4
5108907;Nova Maringá;MT;Centro-oeste;5101;Cuiabá;do Entorno;510003;Diamantino;do Entorno;Centro Local;1490869448.0;255023.85
5108956;Nova Monte Verde;MT;Centro-oeste;5103;Sinop;do Entorno;510010;Alta Floresta;do Entorno;Centro Local;441951196.0;53163.86
5200050;Abadia de Goiás;GO;Centro-oeste;5201;Goiânia;do Entorno;520001;Goiânia;do Entorno;Metrópole;477983256.0;24988.67
5200100;Abadiânia;GO;Centro-oeste;5201;Goiânia;do Entorno;520002;Anápolis;do Entorno;Centro Local;633024793.0;36735.42
5200134;Acreúna;GO;Centro-oeste;5204;São Luís de Montes Belos - Iporá;do Entorno;520015;Palmeiras de Goiás;do Entorno;Centro Local;1188179252.0;55089.91
5200159;Adelândia;GO;Centro-oeste;5201;Goiânia;do Entorno;520003;Inhumas - Itaberaí - Anicuns;do Entorno;Centro Local;59485587.0;25897.08
5200175;Água Fria de Goiás;GO;Centro-oeste;5206;Luziânia - Águas Lindas de Goiás;do Entorno;520022;Flores de Goiás;do Entorno;Centro Local;476287771.0;96142.06
5200209;Água Limpa;GO;Centro-oeste;5202;Itumbiara;do Entorno;520008;Caldas Novas-Morrinhos;do Entorno;Centro Local;74935310.0;40331.17
5200258;Águas Lindas de Goiás;GO;Centro-oeste;5206;Luziânia - Águas Lindas de Goiás;do Entorno;520020;Águas Lindas de Goiás;Polo;Metrópole Nacional;3062184834.0;13567.92
5200308;Alexânia;GO;Centro-oeste;5201;Goiânia;do Entorno;520002;Anápolis;do Entorno;Centro Local;1832280539.0;67842.14
5200506;Aloândia;GO;Centro-oeste;5202;Itumbiara;do Entorno;520007;Itumbiara;do Entorno;Centro Local;66408229.0;33658.5
5200555;Alto Horizonte;GO;Centro-oeste;5205;Porangatu - Uruaçu;do Entorno;520017;Uruaçu - Niquelândia;do Entorno;Centro Local;623005660.0;102603.04
5200605;Alto Paraíso de Goiás;GO;Centro-oeste;5206;Luziânia - Águas Lindas de Goiás;do Entorno;520022;Flores de Goiás;do Entorno;Centro Local;408321960.0;39619.83
5200803;Alvorada do Norte;GO;Centro-oeste;5206;Luziânia - Águas Lindas de Goiás;do Entorno;520021;Posse-Campos Belos;do Entorno;Centro de Zona B;223108934.0;26415.93
5200829;Amaralina;GO;Centro-oeste;5205;Porangatu - Uruaçu;do Entorno;520017;Uruaçu - Niquelândia;do Entorno;Centro Local;124600604.0;38127.48
5200852;Americano do Brasil;GO;Centro-oeste;5201;Goiânia;do Entorno;520003;Inhumas - Itaberaí - Anicuns;do Entorno;Centro Local;106098530.0;20174.66
5200902;Amorinópolis;GO;Centro-oeste;5204;São Luís de Montes Belos - Iporá;do Entorno;520014;Iporá;do Entorno;Centro Local;130844617.0;43513.34
5201108;Anápolis;GO;Centro-oeste;5201;Goiânia;do Entorno;520002;Anápolis;Polo;Capital Regional C;20432108565.0;51225.11
5201207;Anhanguera;GO;Centro-oeste;5201;Goiânia;do Entorno;520004;Catalão;do Entorno;Centro Local;26737509.0;28936.7
5201306;Anicuns;GO;Centro-oeste;5201;Goiânia;do Entorno;520003;Inhumas - Itaberaí - Anicuns;Polo;Centro Local;730524309.0;39481.4
5201405;Aparecida de Goiânia;GO;Centro-oeste;5201;Goiânia;do Entorno;520001;Goiânia;do Entorno;Metrópole;20888936559.0;39577.67
5201454;Aparecida do Rio Doce;GO;Centro-oeste;5203;Rio Verde;do Entorno;520010;Rio Verde;do Entorno;Centro Local;151337296.0;52059.61
5201504;Aporé;GO;Centro-oeste;5203;Rio Verde;do Entorno;520011;Jataí-Mineiros;do Entorno;Centro Local;518582383.0;119903.44
5201603;Araçu;GO;Centro-oeste;5201;Goiânia;do Entorno;520003;Inhumas - Itaberaí - Anicuns;do Entorno;Centro Local;87231852.0;22961.79
5201702;Aragarças;GO;Centro-oeste;5204;São Luís de Montes Belos - Iporá;do Entorno;520014;Iporá;do Entorno;Centro Sub-Regional A;360573464.0;19607.04
5201801;Aragoiânia;GO;Centro-oeste;5201;Goiânia;do Entorno;520001;Goiânia;do Entorno;Metrópole;237888678.0;20007.46
5202155;Araguapaz;GO;Centro-oeste;5201;Goiânia;do Entorno;520005;Goiás - Itapuranga;do Entorno;Centro Local;252817717.0;35344.29
5202353;Arenópolis;GO;Centro-oeste;5204;São Luís de Montes Belos - Iporá;do Entorno;520014;Iporá;do Entorno;Centro Local;268947159.0;91292.31
5202502;Aruanã;GO;Centro-oeste;5201;Goiânia;do Entorno;520005;Goiás - Itapuranga;do Entorno;Centro Local;379920608.0;45773.57
5202601;Aurilândia;GO;Centro-oeste;5204;São Luís de Montes Belos - Iporá;do Entorno;520013;São Luís de Montes Belos;do Entorno;Centro Local;111362652.0;33910.67
5202809;Avelinópolis;GO;Centro-oeste;5201;Goiânia;do Entorno;520003;Inhumas - Itaberaí - Anicuns;do Entorno;Centro Local;83608255.0;29152.11
5203104;Baliza;GO;Centro-oeste;5204;São Luís de Montes Belos - Iporá;do Entorno;520014;Iporá;do Entorno;Centro Local;175462198.0;52361.15
5203203;Barro Alto;GO;Centro-oeste;5205;Porangatu - Uruaçu;do Entorno;520018;Ceres - Rialma - Goianésia;do Entorno;Centro Sub-Regional B;1686186910.0;162586.72
5203302;Bela Vista de Goiás;GO;Centro-oeste;5201;Goiânia;do Entorno;520001;Goiânia;do Entorno;Centro Local;1983166350.0;57574.87
5203401;Bom Jardim de Goiás;GO;Centro-oeste;5204;São Luís de Montes Belos - Iporá;do Entorno;520014;Iporá;do Entorno;Centro Local;418165846.0;53432.9
5203500;Bom Jesus de Goiás;GO;Centro-oeste;5202;Itumbiara;do Entorno;520007;Itumbiara;do Entorno;Centro Local;1512295116.0;63122.76
5203559;Bonfinópolis;GO;Centro-oeste;5201;Goiânia;do Entorno;520001;Goiânia;do Entorno;Metrópole;158519717.0;15396.24
5203575;Bonópolis;GO;Centro-oeste;5205;Porangatu - Uruaçu;do Entorno;520016;Porangatu;do Entorno;Centro Local;282293776.0;85569.5
5203609;Brazabrantes;GO;Centro-oeste;5201;Goiânia;do Entorno;520001;Goiânia;do Entorno;Metrópole;106412044.0;26656.32
5203807;Britânia;GO;Centro-oeste;5201;Goiânia;do Entorno;520005;Goiás - Itapuranga;do Entorno;Centro Local;305496957.0;53643.01
5203906;Buriti Alegre;GO;Centro-oeste;5202;Itumbiara;do Entorno;520007;Itumbiara;do Entorno;Centro Local;561621016.0;53513.2
5203939;Buriti de Goiás;GO;Centro-oeste;5204;São Luís de Montes Belos - Iporá;do Entorno;520013;São Luís de Montes Belos;do Entorno;Centro Local;78971058.0;28905.95
5203962;Buritinópolis;GO;Centro-oeste;5206;Luziânia - Águas Lindas de Goiás;do Entorno;520021;Posse-Campos Belos;do Entorno;Centro Local;68010224.0;21624.87
5204003;Cabeceiras;GO;Centro-oeste;5206;Luziânia - Águas Lindas de Goiás;do Entorno;520020;Águas Lindas de Goiás;do Entorno;Centro Local;484327515.0;64064.49
5204102;Cachoeira Alta;GO;Centro-oeste;5203;Rio Verde;do Entorno;520010;Rio Verde;do Entorno;Centro Local;365149751.0;31716.3
5204201;Cachoeira de Goiás;GO;Centro-oeste;5204;São Luís de Montes Belos - Iporá;do Entorno;520013;São Luís de Montes Belos;do Entorno;Centro Local;45522396.0;32400.28
5204250;Cachoeira Dourada;GO;Centro-oeste;5202;Itumbiara;do Entorno;520007;Itumbiara;do Entorno;Centro Local;890575737.0;114440.47
5204300;Caçu;GO;Centro-oeste;5203;Rio Verde;do Entorno;520010;Rio Verde;do Entorno;Centro Local;1219984319.0;88571.53
5204409;Caiapônia;GO;Centro-oeste;5203;Rio Verde;do Entorno;520011;Jataí-Mineiros;do Entorno;Centro Local;1456337725.0;88193.41
5204508;Caldas Novas;GO;Centro-oeste;5202;Itumbiara;do Entorno;520008;Caldas Novas-Morrinhos;Polo;Centro Sub-Regional B;3782024337.0;38348.69
5204557;Caldazinha;GO;Centro-oeste;5201;Goiânia;do Entorno;520001;Goiânia;do Entorno;Metrópole;103501566.0;22964.63
5204607;Campestre de Goiás;GO;Centro-oeste;5204;São Luís de Montes Belos - Iporá;do Entorno;520015;Palmeiras de Goiás;do Entorno;Centro Local;78260089.0;20841.57
5204656;Campinaçu;GO;Centro-oeste;5205;Porangatu - Uruaçu;do Entorno;520016;Porangatu;do Entorno;Centro Local;135964665.0;36667.92
5204706;Campinorte;GO;Centro-oeste;5205;Porangatu - Uruaçu;do Entorno;520017;Uruaçu - Niquelândia;do Entorno;Centro Local;422671019.0;33786.65
5204805;Campo Alegre de Goiás;GO;Centro-oeste;5201;Goiânia;do Entorno;520004;Catalão;do Entorno;Centro Local;964884983.0;130003.37
5204854;Campo Limpo de Goiás;GO;Centro-oeste;5201;Goiânia;do Entorno;520002;Anápolis;do Entorno;Centro Local;237750969.0;29420.98
5204904;Campos Belos;GO;Centro-oeste;5206;Luziânia - Águas Lindas de Goiás;do Entorno;520021;Posse-Campos Belos;Polo;Centro de Zona B;404844061.0;22357.19
5204953;Campos Verdes;GO;Centro-oeste;5205;Porangatu - Uruaçu;do Entorno;520018;Ceres - Rialma - Goianésia;do Entorno;Centro Local;80964078.0;20215.75
5205000;Carmo do Rio Verde;GO;Centro-oeste;5205;Porangatu - Uruaçu;do Entorno;520018;Ceres - Rialma - Goianésia;do Entorno;Centro Local;543627158.0;55986.32
5205059;Castelândia;GO;Centro-oeste;5203;Rio Verde;do Entorno;520010;Rio Verde;do Entorno;Centro Local;140320937.0;47008.69
5205109;Catalão;GO;Centro-oeste;5201;Goiânia;do Entorno;520004;Catalão;Polo;Centro Sub-Regional B;10345992501.0;90415.66
5205208;Caturaí;GO;Centro-oeste;5201;Goiânia;do Entorno;520001;Goiânia;do Entorno;Centro Local;126676041.0;24435.96
5205307;Cavalcante;GO;Centro-oeste;5206;Luziânia - Águas Lindas de Goiás;do Entorno;520022;Flores de Goiás;do Entorno;Centro Local;373218617.0;38945.91
5205406;Ceres;GO;Centro-oeste;5205;Porangatu - Uruaçu;do Entorno;520018;Ceres - Rialma - Goianésia;Polo;Centro Sub-Regional B;986057140.0;44727.26
5205455;Cezarina;GO;Centro-oeste;5204;São Luís de Montes Belos - Iporá;do Entorno;520015;Palmeiras de Goiás;do Entorno;Centro Local;533170015.0;65904.82
5205471;Chapadão do Céu;GO;Centro-oeste;5203;Rio Verde;do Entorno;520011;Jataí-Mineiros;do Entorno;Centro Local;2486006102.0;193162.87
5205497;Cidade Ocidental;GO;Centro-oeste;5206;Luziânia - Águas Lindas de Goiás;do Entorno;520019;Luziânia;do Entorno;Metrópole Nacional;1351012615.0;14722.21
5205513;Cocalzinho de Goiás;GO;Centro-oeste;5206;Luziânia - Águas Lindas de Goiás;do Entorno;520020;Águas Lindas de Goiás;do Entorno;Centro Local;530183330.0;21193.77
5205521;Colinas do Sul;GO;Centro-oeste;5205;Porangatu - Uruaçu;do Entorno;520017;Uruaçu - Niquelândia;do Entorno;Centro Local;87396982.0;21686.6
5205703;Córrego do Ouro;GO;Centro-oeste;5204;São Luís de Montes Belos - Iporá;do Entorno;520013;São Luís de Montes Belos;do Entorno;Centro Local;87369887.0;35603.05
5205802;Corumbá de Goiás;GO;Centro-oeste;5201;Goiânia;do Entorno;520002;Anápolis;do Entorno;Centro Local;340461045.0;32234.52
5205901;Corumbaíba;GO;Centro-oeste;5202;Itumbiara;do Entorno;520008;Caldas Novas-Morrinhos;do Entorno;Centro Local;1081678378.0;118035.62
5206206;Cristalina;GO;Centro-oeste;5206;Luziânia - Águas Lindas de Goiás;do Entorno;520019;Luziânia;do Entorno;Centro Local;5707718214.0;91562.29
5206305;Cristianópolis;GO;Centro-oeste;5202;Itumbiara;do Entorno;520009;Piracanjuba;do Entorno;Centro Local;134732071.0;38450.93
5206404;Crixás;GO;Centro-oeste;5205;Porangatu - Uruaçu;do Entorno;520018;Ceres - Rialma - Goianésia;do Entorno;Centro de Zona B;611858852.0;35854.61
5206503;Cromínia;GO;Centro-oeste;5202;Itumbiara;do Entorno;520009;Piracanjuba;do Entorno;Centro Local;140959310.0;36301.65
5206602;Cumari;GO;Centro-oeste;5201;Goiânia;do Entorno;520004;Catalão;do Entorno;Centro Local;115381253.0;39419.63
5206701;Damianópolis;GO;Centro-oeste;5206;Luziânia - Águas Lindas de Goiás;do Entorno;520021;Posse-Campos Belos;do Entorno;Centro Local;59529127.0;15790.22
5206800;Damolândia;GO;Centro-oeste;5201;Goiânia;do Entorno;520003;Inhumas - Itaberaí - Anicuns;do Entorno;Centro Local;60603878.0;22248.12
5206909;Davinópolis;GO;Centro-oeste;5201;Goiânia;do Entorno;520004;Catalão;do Entorno;Centro Local;496504304.0;261043.27
5207105;Diorama;GO;Centro-oeste;5204;São Luís de Montes Belos - Iporá;do Entorno;520014;Iporá;do Entorno;Centro Local;121730795.0;59035.3
5207253;Doverlândia;GO;Centro-oeste;5203;Rio Verde;do Entorno;520011;Jataí-Mineiros;do Entorno;Centro Local;682107609.0;98060.32
5207352;Edealina;GO;Centro-oeste;5202;Itumbiara;do Entorno;520009;Piracanjuba;do Entorno;Centro Local;516262695.0;129033.42
5207402;Edéia;GO;Centro-oeste;5204;São Luís de Montes Belos - Iporá;do Entorno;520015;Palmeiras de Goiás;do Entorno;Centro Local;1196282559.0;101837.28
5207501;Estrela do Norte;GO;Centro-oeste;5205;Porangatu - Uruaçu;do Entorno;520016;Porangatu;do Entorno;Centro Local;113691244.0;35473.09
5207535;Faina;GO;Centro-oeste;5201;Goiânia;do Entorno;520005;Goiás - Itapuranga;do Entorno;Centro Local;211347189.0;29893.52
5207600;Fazenda Nova;GO;Centro-oeste;5204;São Luís de Montes Belos - Iporá;do Entorno;520013;São Luís de Montes Belos;do Entorno;Centro Local;248809058.0;42336.07
5207808;Firminópolis;GO;Centro-oeste;5204;São Luís de Montes Belos - Iporá;do Entorno;520015;Palmeiras de Goiás;do Entorno;Centro Local;351012722.0;33689.67
5207907;Flores de Goiás;GO;Centro-oeste;5206;Luziânia - Águas Lindas de Goiás;do Entorno;520022;Flores de Goiás;Polo;Centro Local;287568896.0;20923.23
5208004;Formosa;GO;Centro-oeste;5206;Luziânia - Águas Lindas de Goiás;do Entorno;520020;Águas Lindas de Goiás;do Entorno;Centro Sub-Regional B;3918238829.0;33806.77
5208103;Formoso;GO;Centro-oeste;5205;Porangatu - Uruaçu;do Entorno;520016;Porangatu;do Entorno;Centro Local;133519621.0;28652.28
5208152;Gameleira de Goiás;GO;Centro-oeste;5201;Goiânia;do Entorno;520002;Anápolis;do Entorno;Centro Local;244381602.0;70712.27
5208301;Divinópolis de Goiás;GO;Centro-oeste;5206;Luziânia - Águas Lindas de Goiás;do Entorno;520021;Posse-Campos Belos;do Entorno;Centro Local;113664844.0;25502.55
5208400;Goianápolis;GO;Centro-oeste;5201;Goiânia;do Entorno;520002;Anápolis;do Entorno;Centro Local;396359317.0;28378.27
5208509;Goiandira;GO;Centro-oeste;5201;Goiânia;do Entorno;520004;Catalão;do Entorno;Centro Sub-Regional B;210732246.0;42375.28
5208608;Goianésia;GO;Centro-oeste;5205;Porangatu - Uruaçu;do Entorno;520018;Ceres - Rialma - Goianésia;Polo;Centro Sub-Regional B;2691742145.0;36519.49
5208707;Goiânia;GO;Centro-oeste;5201;Goiânia;Polo;520001;Goiânia;Polo;Metrópole;75780845992.0;52722.02
5208806;Goianira;GO;Centro-oeste;5201;Goiânia;do Entorno;520001;Goiânia;do Entorno;Metrópole;1604686600.0;22313.35
5208905;Goiás;GO;Centro-oeste;5201;Goiânia;do Entorno;520005;Goiás - Itapuranga;Polo;Centro de Zona A;793947242.0;32983.56
5209101;Goiatuba;GO;Centro-oeste;5202;Itumbiara;do Entorno;520007;Itumbiara;do Entorno;Centro de Zona A;2725199918.0;76413.19
5209150;Gouvelândia;GO;Centro-oeste;5203;Rio Verde;do Entorno;520012;Quirinópolis;do Entorno;Centro Local;338160136.0;77029.64
5209200;Guapó;GO;Centro-oeste;5201;Goiânia;do Entorno;520001;Goiânia;do Entorno;Metrópole;497333981.0;25445.59
5209291;Guaraíta;GO;Centro-oeste;5201;Goiânia;do Entorno;520005;Goiás - Itapuranga;do Entorno;Centro Local;60565106.0;27680.58
5209408;Guarani de Goiás;GO;Centro-oeste;5206;Luziânia - Águas Lindas de Goiás;do Entorno;520021;Posse-Campos Belos;do Entorno;Centro Local;100115074.0;24507.97
5209457;Guarinos;GO;Centro-oeste;5205;Porangatu - Uruaçu;do Entorno;520018;Ceres - Rialma - Goianésia;do Entorno;Centro Local;73546692.0;34033.64
5209606;Heitoraí;GO;Centro-oeste;5201;Goiânia;do Entorno;520003;Inhumas - Itaberaí - Anicuns;do Entorno;Centro Local;96556956.0;28788.6
5209705;Hidrolândia;GO;Centro-oeste;5201;Goiânia;do Entorno;520001;Goiânia;do Entorno;Metrópole;1528148591.0;55084.3
5209804;Hidrolina;GO;Centro-oeste;5205;Porangatu - Uruaçu;do Entorno;520017;Uruaçu - Niquelândia;do Entorno;Centro Local;110996861.0;31310.82
5209903;Iaciara;GO;Centro-oeste;5206;Luziânia - Águas Lindas de Goiás;do Entorno;520021;Posse-Campos Belos;do Entorno;Centro Local;265592202.0;25093.75
5209937;Inaciolândia;GO;Centro-oeste;5203;Rio Verde;do Entorno;520012;Quirinópolis;do Entorno;Centro Local;373360719.0;62707.54
5209952;Indiara;GO;Centro-oeste;5204;São Luís de Montes Belos - Iporá;do Entorno;520015;Palmeiras de Goiás;do Entorno;Centro Local;754046791.0;44197.1
5210000;Inhumas;GO;Centro-oeste;5201;Goiânia;do Entorno;520003;Inhumas - Itaberaí - Anicuns;Polo;Centro Sub-Regional B;1880643106.0;36024.89
5210109;Ipameri;GO;Centro-oeste;5201;Goiânia;do Entorno;520004;Catalão;do Entorno;Centro Local;2797965496.0;109517.99
5210158;Ipiranga de Goiás;GO;Centro-oeste;5205;Porangatu - Uruaçu;do Entorno;520018;Ceres - Rialma - Goianésia;do Entorno;Centro Local;95822200.0;32827.06
5210208;Iporá;GO;Centro-oeste;5204;São Luís de Montes Belos - Iporá;do Entorno;520014;Iporá;Polo;Centro de Zona A;1227630812.0;34402.84
5210307;Israelândia;GO;Centro-oeste;5204;São Luís de Montes Belos - Iporá;do Entorno;520014;Iporá;do Entorno;Centro Local;90979919.0;35539.03
5210406;Itaberaí;GO;Centro-oeste;5201;Goiânia;do Entorno;520003;Inhumas - Itaberaí - Anicuns;Polo;Centro Local;2305609003.0;51540.42
5210562;Itaguari;GO;Centro-oeste;5201;Goiânia;do Entorno;520003;Inhumas - Itaberaí - Anicuns;do Entorno;Centro Local;126630316.0;25514.87
5210604;Itaguaru;GO;Centro-oeste;5201;Goiânia;do Entorno;520003;Inhumas - Itaberaí - Anicuns;do Entorno;Centro Local;119889318.0;24447.25
5210802;Itajá;GO;Centro-oeste;5203;Rio Verde;do Entorno;520010;Rio Verde;do Entorno;Centro Local;188305516.0;42992.13
5210901;Itapaci;GO;Centro-oeste;5205;Porangatu - Uruaçu;do Entorno;520018;Ceres - Rialma - Goianésia;do Entorno;Centro de Zona B;599908340.0;28449.2
5211008;Itapirapuã;GO;Centro-oeste;5201;Goiânia;do Entorno;520005;Goiás - Itapuranga;do Entorno;Centro Local;300250649.0;37498.52
5211206;Itapuranga;GO;Centro-oeste;5201;Goiânia;do Entorno;520005;Goiás - Itapuranga;Polo;Centro de Zona B;734912624.0;28143.55
5211305;Itarumã;GO;Centro-oeste;5203;Rio Verde;do Entorno;520010;Rio Verde;do Entorno;Centro Local;412359244.0;67588.8
5211404;Itauçu;GO;Centro-oeste;5201;Goiânia;do Entorno;520003;Inhumas - Itaberaí - Anicuns;do Entorno;Centro Local;359650707.0;46490.53
5211503;Itumbiara;GO;Centro-oeste;5202;Itumbiara;Polo;520007;Itumbiara;Polo;Centro Sub-Regional A;6555376192.0;60714.79
5211602;Ivolândia;GO;Centro-oeste;5204;São Luís de Montes Belos - Iporá;do Entorno;520013;São Luís de Montes Belos;do Entorno;Centro Local;145721780.0;54111.32
5211701;Jandaia;GO;Centro-oeste;5204;São Luís de Montes Belos - Iporá;do Entorno;520015;Palmeiras de Goiás;do Entorno;Centro Local;446722520.0;71224.89
5211800;Jaraguá;GO;Centro-oeste;5201;Goiânia;do Entorno;520002;Anápolis;do Entorno;Centro Sub-Regional B;1205295699.0;26652.27
5211909;Jataí;GO;Centro-oeste;5203;Rio Verde;do Entorno;520011;Jataí-Mineiros;Polo;Centro Sub-Regional B;10026116752.0;94828.45
5212006;Jaupaci;GO;Centro-oeste;5204;São Luís de Montes Belos - Iporá;do Entorno;520014;Iporá;do Entorno;Centro Local;112607354.0;38511.41
5212055;Jesúpolis;GO;Centro-oeste;5201;Goiânia;do Entorno;520002;Anápolis;do Entorno;Centro Local;51231518.0;24131.66
5212105;Joviânia;GO;Centro-oeste;5202;Itumbiara;do Entorno;520007;Itumbiara;do Entorno;Centro Local;423165114.0;59109.53
5212204;Jussara;GO;Centro-oeste;5201;Goiânia;do Entorno;520005;Goiás - Itapuranga;do Entorno;Centro de Zona B;884366458.0;45074.74
5212253;Lagoa Santa;GO;Centro-oeste;5203;Rio Verde;do Entorno;520010;Rio Verde;do Entorno;Centro Local;67251224.0;48382.18
5212303;Leopoldo de Bulhões;GO;Centro-oeste;5201;Goiânia;do Entorno;520002;Anápolis;do Entorno;Centro Local;452341998.0;51725.79
5212501;Luziânia;GO;Centro-oeste;5206;Luziânia - Águas Lindas de Goiás;do Entorno;520019;Luziânia;Polo;Metrópole Nacional;6264671451.0;29956.01
5212600;Mairipotaba;GO;Centro-oeste;5202;Itumbiara;do Entorno;520009;Piracanjuba;do Entorno;Centro Local;101347894.0;39573.56
5212709;Mambaí;GO;Centro-oeste;5206;Luziânia - Águas Lindas de Goiás;do Entorno;520021;Posse-Campos Belos;do Entorno;Centro Local;139649963.0;17189.8
5212808;Mara Rosa;GO;Centro-oeste;5205;Porangatu - Uruaçu;do Entorno;520017;Uruaçu - Niquelândia;do Entorno;Centro de Zona B;411527717.0;38460.53
5212907;Marzagão;GO;Centro-oeste;5202;Itumbiara;do Entorno;520008;Caldas Novas-Morrinhos;do Entorno;Centro Local;76281110.0;27658.13
5212956;Matrinchã;GO;Centro-oeste;5201;Goiânia;do Entorno;520005;Goiás - Itapuranga;do Entorno;Centro Local;225034902.0;55674.15
5213004;Maurilândia;GO;Centro-oeste;5203;Rio Verde;do Entorno;520010;Rio Verde;do Entorno;Centro Local;327507996.0;31784.55
5213053;Mimoso de Goiás;GO;Centro-oeste;5206;Luziânia - Águas Lindas de Goiás;do Entorno;520020;Águas Lindas de Goiás;do Entorno;Centro Local;179168053.0;68541.72
5213087;Minaçu;GO;Centro-oeste;5205;Porangatu - Uruaçu;do Entorno;520016;Porangatu;do Entorno;Centro de Zona B;1286496521.0;47516.03
5213103;Mineiros;GO;Centro-oeste;5203;Rio Verde;do Entorno;520011;Jataí-Mineiros;Polo;Centro Sub-Regional A;4536324835.0;64729.74
5213400;Moiporá;GO;Centro-oeste;5204;São Luís de Montes Belos - Iporá;do Entorno;520013;São Luís de Montes Belos;do Entorno;Centro Local;73136307.0;43404.34
5213509;Monte Alegre de Goiás;GO;Centro-oeste;5206;Luziânia - Águas Lindas de Goiás;do Entorno;520021;Posse-Campos Belos;do Entorno;Centro Local;141790415.0;21188.05
5213707;Montes Claros de Goiás;GO;Centro-oeste;5204;São Luís de Montes Belos - Iporá;do Entorno;520014;Iporá;do Entorno;Centro Local;818049454.0;93427.3
5213756;Montividiu;GO;Centro-oeste;5203;Rio Verde;do Entorno;520010;Rio Verde;do Entorno;Centro Local;1619838607.0;129369.75
5213772;Montividiu do Norte;GO;Centro-oeste;5205;Porangatu - Uruaçu;do Entorno;520016;Porangatu;do Entorno;Centro Local;124015250.0;32816.95
5213806;Morrinhos;GO;Centro-oeste;5202;Itumbiara;do Entorno;520008;Caldas Novas-Morrinhos;Polo;Centro Sub-Regional B;2524023048.0;49152.36
5213855;Morro Agudo de Goiás;GO;Centro-oeste;5205;Porangatu - Uruaçu;do Entorno;520018;Ceres - Rialma - Goianésia;do Entorno;Centro Local;68988212.0;28089.66
5213905;Mossâmedes;GO;Centro-oeste;5201;Goiânia;do Entorno;520005;Goiás - Itapuranga;do Entorno;Centro Local;170963243.0;36734.69
5214002;Mozarlândia;GO;Centro-oeste;5201;Goiânia;do Entorno;520005;Goiás - Itapuranga;do Entorno;Centro Local;1366985928.0;92677.01
5214051;Mundo Novo;GO;Centro-oeste;5205;Porangatu - Uruaçu;do Entorno;520016;Porangatu;do Entorno;Centro Local;319879696.0;51685.2
5214101;Mutunópolis;GO;Centro-oeste;5205;Porangatu - Uruaçu;do Entorno;520016;Porangatu;do Entorno;Centro Local;105710908.0;29660.75
5214408;Nazário;GO;Centro-oeste;5204;São Luís de Montes Belos - Iporá;do Entorno;520015;Palmeiras de Goiás;do Entorno;Centro Local;313258311.0;38253.55
5214507;Nerópolis;GO;Centro-oeste;5201;Goiânia;do Entorno;520001;Goiânia;do Entorno;Metrópole;1548491902.0;48493.42
5214606;Niquelândia;GO;Centro-oeste;5205;Porangatu - Uruaçu;do Entorno;520017;Uruaçu - Niquelândia;Polo;Centro de Zona B;1516123426.0;43362.41
5214705;Nova América;GO;Centro-oeste;5205;Porangatu - Uruaçu;do Entorno;520018;Ceres - Rialma - Goianésia;do Entorno;Centro Local;60720586.0;25982.28
5214804;Nova Aurora;GO;Centro-oeste;5201;Goiânia;do Entorno;520004;Catalão;do Entorno;Centro Local;71369034.0;33969.08
5214838;Nova Crixás;GO;Centro-oeste;5201;Goiânia;do Entorno;520005;Goiás - Itapuranga;do Entorno;Centro Local;932185498.0;72741.75
5214861;Nova Glória;GO;Centro-oeste;5205;Porangatu - Uruaçu;do Entorno;520018;Ceres - Rialma - Goianésia;do Entorno;Centro Local;196167995.0;23606.26
5214879;Nova Iguaçu de Goiás;GO;Centro-oeste;5205;Porangatu - Uruaçu;do Entorno;520017;Uruaçu - Niquelândia;do Entorno;Centro Local;72974500.0;24244.02
5214903;Nova Roma;GO;Centro-oeste;5206;Luziânia - Águas Lindas de Goiás;do Entorno;520021;Posse-Campos Belos;do Entorno;Centro Local;80909862.0;26303.6
5215009;Nova Veneza;GO;Centro-oeste;5201;Goiânia;do Entorno;520001;Goiânia;do Entorno;Metrópole;261700994.0;27602.68
5215207;Novo Brasil;GO;Centro-oeste;5201;Goiânia;do Entorno;520005;Goiás - Itapuranga;do Entorno;Centro Local;105687062.0;29965.14
5215231;Novo Gama;GO;Centro-oeste;5206;Luziânia - Águas Lindas de Goiás;do Entorno;520019;Luziânia;do Entorno;Metrópole Nacional;1349983116.0;13005.12
5215256;Novo Planalto;GO;Centro-oeste;5205;Porangatu - Uruaçu;do Entorno;520016;Porangatu;do Entorno;Centro Local;190861982.0;51362.21
5215306;Orizona;GO;Centro-oeste;5201;Goiânia;do Entorno;520006;Pires do Rio;do Entorno;Centro Local;1147584372.0;69978.92
5215405;Ouro Verde de Goiás;GO;Centro-oeste;5201;Goiânia;do Entorno;520002;Anápolis;do Entorno;Centro Local;217325705.0;53568.08
5215504;Ouvidor;GO;Centro-oeste;5201;Goiânia;do Entorno;520004;Catalão;do Entorno;Centro Sub-Regional B;486717154.0;67599.6
5215603;Padre Bernardo;GO;Centro-oeste;5206;Luziânia - Águas Lindas de Goiás;do Entorno;520020;Águas Lindas de Goiás;do Entorno;Metrópole Nacional;1036140690.0;29631.96
5215652;Palestina de Goiás;GO;Centro-oeste;5204;São Luís de Montes Belos - Iporá;do Entorno;520014;Iporá;do Entorno;Centro Local;259527745.0;82863.26
5215702;Palmeiras de Goiás;GO;Centro-oeste;5204;São Luís de Montes Belos - Iporá;do Entorno;520015;Palmeiras de Goiás;Polo;Centro Local;2083486395.0;65399.16
5215801;Palmelo;GO;Centro-oeste;5201;Goiânia;do Entorno;520006;Pires do Rio;do Entorno;Centro de Zona A;58940540.0;26091.43
5215900;Palminópolis;GO;Centro-oeste;5204;São Luís de Montes Belos - Iporá;do Entorno;520015;Palmeiras de Goiás;do Entorno;Centro Local;233772067.0;60704.25
5216007;Panamá;GO;Centro-oeste;5202;Itumbiara;do Entorno;520007;Itumbiara;do Entorno;Centro Local;207977155.0;84715.75
5216304;Paranaiguara;GO;Centro-oeste;5203;Rio Verde;do Entorno;520012;Quirinópolis;do Entorno;Centro Local;317829996.0;41781.25
5216403;Paraúna;GO;Centro-oeste;5204;São Luís de Montes Belos - Iporá;do Entorno;520015;Palmeiras de Goiás;do Entorno;Centro Local;1824836047.0;171201.43
5216452;Perolândia;GO;Centro-oeste;5203;Rio Verde;do Entorno;520011;Jataí-Mineiros;do Entorno;Centro Local;790810676.0;266805.22
5216809;Petrolina de Goiás;GO;Centro-oeste;5201;Goiânia;do Entorno;520002;Anápolis;do Entorno;Centro Local;244842867.0;25576.4
5216908;Pilar de Goiás;GO;Centro-oeste;5205;Porangatu - Uruaçu;do Entorno;520018;Ceres - Rialma - Goianésia;do Entorno;Centro Local;121146635.0;52038.93
5217104;Piracanjuba;GO;Centro-oeste;5202;Itumbiara;do Entorno;520009;Piracanjuba;Polo;Centro Local;1311747478.0;52716.61
5217203;Piranhas;GO;Centro-oeste;5204;São Luís de Montes Belos - Iporá;do Entorno;520014;Iporá;do Entorno;Centro Local;953112485.0;81379.14
5217302;Pirenópolis;GO;Centro-oeste;5201;Goiânia;do Entorno;520002;Anápolis;do Entorno;Centro Local;830089050.0;31101.13
5217401;Pires do Rio;GO;Centro-oeste;5201;Goiânia;do Entorno;520006;Pires do Rio;Polo;Centro de Zona A;1928361815.0;59566.98
5217609;Planaltina;GO;Centro-oeste;5206;Luziânia - Águas Lindas de Goiás;do Entorno;520020;Águas Lindas de Goiás;do Entorno;Metrópole Nacional;1939904035.0;18469.82
5217708;Pontalina;GO;Centro-oeste;5202;Itumbiara;do Entorno;520009;Piracanjuba;do Entorno;Centro Local;840051957.0;45881.91
5218003;Porangatu;GO;Centro-oeste;5205;Porangatu - Uruaçu;do Entorno;520016;Porangatu;Polo;Centro de Zona A;2072827411.0;46772.74
5218052;Porteirão;GO;Centro-oeste;5203;Rio Verde;do Entorno;520010;Rio Verde;do Entorno;Centro Local;388338529.0;95414.87
5218102;Portelândia;GO;Centro-oeste;5203;Rio Verde;do Entorno;520011;Jataí-Mineiros;do Entorno;Centro Local;305583932.0;93165.83
5218300;Posse;GO;Centro-oeste;5206;Luziânia - Águas Lindas de Goiás;do Entorno;520021;Posse-Campos Belos;Polo;Centro de Zona A;938125116.0;26869.6
5218391;Professor Jamil;GO;Centro-oeste;5202;Itumbiara;do Entorno;520009;Piracanjuba;do Entorno;Centro Local;86823042.0;23793.65
5218508;Quirinópolis;GO;Centro-oeste;5203;Rio Verde;do Entorno;520012;Quirinópolis;Polo;Centro de Zona A;3123504061.0;64472.6
5218607;Rialma;GO;Centro-oeste;5205;Porangatu - Uruaçu;do Entorno;520018;Ceres - Rialma - Goianésia;Polo;Centro Sub-Regional B;410814324.0;33770.19
5218706;Rianápolis;GO;Centro-oeste;5205;Porangatu - Uruaçu;do Entorno;520018;Ceres - Rialma - Goianésia;do Entorno;Centro Local;125402078.0;31508.06
5218789;Rio Quente;GO;Centro-oeste;5202;Itumbiara;do Entorno;520008;Caldas Novas-Morrinhos;do Entorno;Centro Sub-Regional B;579153561.0;149884.46
5218805;Rio Verde;GO;Centro-oeste;5203;Rio Verde;Polo;520010;Rio Verde;Polo;Centro Sub-Regional A;22310032201.0;98849.92
5218904;Rubiataba;GO;Centro-oeste;5205;Porangatu - Uruaçu;do Entorno;520018;Ceres - Rialma - Goianésia;do Entorno;Centro Local;767419393.0;38782.06
5219001;Sanclerlândia;GO;Centro-oeste;5204;São Luís de Montes Belos - Iporá;do Entorno;520013;São Luís de Montes Belos;do Entorno;Centro Local;279278064.0;35271.29
5219100;Santa Bárbara de Goiás;GO;Centro-oeste;5204;São Luís de Montes Belos - Iporá;do Entorno;520015;Palmeiras de Goiás;do Entorno;Centro Local;183431007.0;29831.03
5219209;Santa Cruz de Goiás;GO;Centro-oeste;5201;Goiânia;do Entorno;520006;Pires do Rio;do Entorno;Centro Local;293229492.0;97678.05
5219258;Santa Fé de Goiás;GO;Centro-oeste;5201;Goiânia;do Entorno;520005;Goiás - Itapuranga;do Entorno;Centro Local;350881007.0;70870.73
5219308;Santa Helena de Goiás;GO;Centro-oeste;5203;Rio Verde;do Entorno;520010;Rio Verde;do Entorno;Centro Local;1995751751.0;51848.48
5219357;Santa Isabel;GO;Centro-oeste;5205;Porangatu - Uruaçu;do Entorno;520018;Ceres - Rialma - Goianésia;do Entorno;Centro Local;147693638.0;41744.95
5219407;Santa Rita do Araguaia;GO;Centro-oeste;5203;Rio Verde;do Entorno;520011;Jataí-Mineiros;do Entorno;Centro de Zona A;216188957.0;36493.75
5219456;Santa Rita do Novo Destino;GO;Centro-oeste;5205;Porangatu - Uruaçu;do Entorno;520018;Ceres - Rialma - Goianésia;do Entorno;Centro Sub-Regional B;179620410.0;66798.22
5219506;Santa Rosa de Goiás;GO;Centro-oeste;5201;Goiânia;do Entorno;520002;Anápolis;do Entorno;Centro Local;100776701.0;35736.42
5219605;Santa Tereza de Goiás;GO;Centro-oeste;5205;Porangatu - Uruaçu;do Entorno;520016;Porangatu;do Entorno;Centro Local;105474001.0;32029.76
5219704;Santa Terezinha de Goiás;GO;Centro-oeste;5205;Porangatu - Uruaçu;do Entorno;520018;Ceres - Rialma - Goianésia;do Entorno;Centro de Zona B;259907338.0;24415.91
5219712;Santo Antônio da Barra;GO;Centro-oeste;5203;Rio Verde;do Entorno;520010;Rio Verde;do Entorno;Centro Local;329277361.0;77168.35
5219738;Santo Antônio de Goiás;GO;Centro-oeste;5201;Goiânia;do Entorno;520001;Goiânia;do Entorno;Metrópole;200105898.0;27092.59
5219753;Santo Antônio do Descoberto;GO;Centro-oeste;5206;Luziânia - Águas Lindas de Goiás;do Entorno;520019;Luziânia;do Entorno;Metrópole Nacional;972898933.0;13488.69
5219803;São Domingos;GO;Centro-oeste;5206;Luziânia - Águas Lindas de Goiás;do Entorno;520021;Posse-Campos Belos;do Entorno;Centro Local;276813387.0;28505.14
5219902;São Francisco de Goiás;GO;Centro-oeste;5201;Goiânia;do Entorno;520002;Anápolis;do Entorno;Centro Local;173868772.0;27260.7
5220009;São João d'Aliança;GO;Centro-oeste;5206;Luziânia - Águas Lindas de Goiás;do Entorno;520022;Flores de Goiás;do Entorno;Centro Local;597270189.0;42537.58
5220058;São João da Paraúna;GO;Centro-oeste;5204;São Luís de Montes Belos - Iporá;do Entorno;520015;Palmeiras de Goiás;do Entorno;Centro Local;148706508.0;83825.54
5220108;São Luís de Montes Belos;GO;Centro-oeste;5204;São Luís de Montes Belos - Iporá;do Entorno;520013;São Luís de Montes Belos;Polo;Centro de Zona A;2008425161.0;59329.59
5220157;São Luiz do Norte;GO;Centro-oeste;5205;Porangatu - Uruaçu;do Entorno;520017;Uruaçu - Niquelândia;do Entorno;Centro Local;221722563.0;45838.86
5220207;São Miguel do Araguaia;GO;Centro-oeste;5205;Porangatu - Uruaçu;do Entorno;520016;Porangatu;do Entorno;Centro Local;880801580.0;40219.25
5220264;São Miguel do Passa Quatro;GO;Centro-oeste;5201;Goiânia;do Entorno;520002;Anápolis;do Entorno;Centro Local;337469253.0;75597.95
5220280;São Patrício;GO;Centro-oeste;5205;Porangatu - Uruaçu;do Entorno;520018;Ceres - Rialma - Goianésia;do Entorno;Centro Local;66123930.0;30855.78
5220405;São Simão;GO;Centro-oeste;5203;Rio Verde;do Entorno;520012;Quirinópolis;do Entorno;Centro Local;2537275047.0;149076.09
5220454;Senador Canedo;GO;Centro-oeste;5201;Goiânia;do Entorno;520001;Goiânia;do Entorno;Metrópole;5495055229.0;35307.32
5220504;Serranópolis;GO;Centro-oeste;5203;Rio Verde;do Entorno;520011;Jataí-Mineiros;do Entorno;Centro Local;819679537.0;102115.3
5220603;Silvânia;GO;Centro-oeste;5201;Goiânia;do Entorno;520002;Anápolis;do Entorno;Centro de Zona B;1594191158.0;71665.15
5220686;Simolândia;GO;Centro-oeste;5206;Luziânia - Águas Lindas de Goiás;do Entorno;520021;Posse-Campos Belos;do Entorno;Centro de Zona B;233338966.0;40637.23
5220702;Sítio d'Abadia;GO;Centro-oeste;5206;Luziânia - Águas Lindas de Goiás;do Entorno;520021;Posse-Campos Belos;do Entorno;Centro Local;104247756.0;35615.91
5221007;Taquaral de Goiás;GO;Centro-oeste;5201;Goiânia;do Entorno;520003;Inhumas - Itaberaí - Anicuns;do Entorno;Centro Local;97089853.0;24115.71
5221080;Teresina de Goiás;GO;Centro-oeste;5206;Luziânia - Águas Lindas de Goiás;do Entorno;520022;Flores de Goiás;do Entorno;Centro Local;47498504.0;17585.53
5221197;Terezópolis de Goiás;GO;Centro-oeste;5201;Goiânia;do Entorno;520001;Goiânia;do Entorno;Centro Local;258448263.0;32533.77
5221304;Três Ranchos;GO;Centro-oeste;5201;Goiânia;do Entorno;520004;Catalão;do Entorno;Centro Sub-Regional B;96755905.0;33124.24
5221403;Trindade;GO;Centro-oeste;5201;Goiânia;do Entorno;520001;Goiânia;do Entorno;Metrópole;3631624099.0;25497.43
5221452;Trombas;GO;Centro-oeste;5205;Porangatu - Uruaçu;do Entorno;520016;Porangatu;do Entorno;Centro Local;82138118.0;26326.32
5221502;Turvânia;GO;Centro-oeste;5204;São Luís de Montes Belos - Iporá;do Entorno;520015;Palmeiras de Goiás;do Entorno;Centro Local;359273563.0;80194.99
5221551;Turvelândia;GO;Centro-oeste;5203;Rio Verde;do Entorno;520010;Rio Verde;do Entorno;Centro Local;757325604.0;151920.88
5221577;Uirapuru;GO;Centro-oeste;5205;Porangatu - Uruaçu;do Entorno;520018;Ceres - Rialma - Goianésia;do Entorno;Centro Local;86672408.0;30976.56
5221601;Uruaçu;GO;Centro-oeste;5205;Porangatu - Uruaçu;do Entorno;520017;Uruaçu - Niquelândia;Polo;Centro Sub-Regional B;1637351708.0;38484.27
5221700;Uruana;GO;Centro-oeste;5205;Porangatu - Uruaçu;do Entorno;520018;Ceres - Rialma - Goianésia;do Entorno;Centro Local;405663867.0;29547.95
5221809;Urutaí;GO;Centro-oeste;5201;Goiânia;do Entorno;520006;Pires do Rio;do Entorno;Centro de Zona A;152304129.0;42866.35
5221858;Valparaíso de Goiás;GO;Centro-oeste;5206;Luziânia - Águas Lindas de Goiás;do Entorno;520019;Luziânia;do Entorno;Metrópole Nacional;3621839692.0;18212.92
5221908;Varjão;GO;Centro-oeste;5201;Goiânia;do Entorno;520001;Goiânia;do Entorno;Centro Local;122375692.0;32932.1
5222005;Vianópolis;GO;Centro-oeste;5201;Goiânia;do Entorno;520002;Anápolis;do Entorno;Centro Local;914943447.0;61175.68
5222054;Vicentinópolis;GO;Centro-oeste;5202;Itumbiara;do Entorno;520009;Piracanjuba;do Entorno;Centro Local;677599603.0;77280.98
5222203;Vila Boa;GO;Centro-oeste;5206;Luziânia - Águas Lindas de Goiás;do Entorno;520022;Flores de Goiás;do Entorno;Centro Local;201846438.0;47887.65
5222302;Vila Propício;GO;Centro-oeste;5205;Porangatu - Uruaçu;do Entorno;520018;Ceres - Rialma - Goianésia;do Entorno;Centro Local;444209156.0;76390.22
5300108;Brasília;DF;Centro-oeste;5301;Distrito Federal;do Entorno;530001;Distrito Federal;Polo;Metrópole Nacional;365669107906.0;129790.44
